Locus,Len,sci_name,kew_id,family,genus,species,infraspecies,Duplicates,Ini_sci_name
6188742.0,516,Barleria trispinosa,46256-1,Acanthaceae,Barleria,trispinosa,,False,Barleria trispinosa
6188831.0,532,Ruellia prostrata,54453-1,Acanthaceae,Ruellia,prostrata,,True,Ruellia prostrata
6259881.0,445,Ruellia patula,54401-1,Acanthaceae,Ruellia,patula,,True,Ruellia patula
6757273.0,505,Barleria delamerei,45937-1,Acanthaceae,Barleria,delamerei,,False,Barleria spinisepala
9934128.0,547,Barleria eranthemoides,45961-1,Acanthaceae,Barleria,eranthemoides,,False,Barleria eranthemoides
15080642.0,363,Justicia scheidweileri,279154-2,Acanthaceae,Justicia,scheidweileri,,False,Justicia scheidweileri
6188841.0,386,Blepharis maderaspatensis,46553-1,Acanthaceae,Blepharis,maderaspatensis,,False,Blepharis maderaspatensis
10507198.0,354,Aphelandra squarrosa,315544-2,Acanthaceae,Aphelandra,squarrosa,,False,Aphelandra squarrosa
8099233.0,271,Crabbea velutina,46982-1,Acanthaceae,Crabbea,velutina,,False,Crabbea velutina
6757334.0,440,Dyschoriste radicans,48190-1,Acanthaceae,Dyschoriste,radicans,,False,Dyschoriste radicans
6757304.0,362,Barleria trispinosa,46256-1,Acanthaceae,Barleria,trispinosa,,False,Barleria trispinosa
6259841.0,506,Ruellia patula,54401-1,Acanthaceae,Ruellia,patula,,True,Ruellia patula
6259145.0,525,Thunbergia tsavoensis,77092208-1,Acanthaceae,Thunbergia,tsavoensis,,False,Thunbergia tsavoensis
6188840.0,386,Blepharis maderaspatensis,46553-1,Acanthaceae,Blepharis,maderaspatensis,,False,Blepharis maderaspatensis
6259207.0,384,Crossandra massaica,47022-1,Acanthaceae,Crossandra,massaica,,False,Crossandra massaica
8099266.0,274,Hypoestes forskaolii,941349-1,Acanthaceae,Hypoestes,forskaolii,,False,Hypoestes forskaolii
15057532.0,363,Justicia chrysostephana,77175719-1,Acanthaceae,Justicia,chrysostephana,,False,Jacobinia chrysostephana
15080565.0,358,Acanthus mollis,44892-1,Acanthaceae,Acanthus,mollis,,False,Acanthus mollis
10507197.0,354,Aphelandra squarrosa,315544-2,Acanthaceae,Aphelandra,squarrosa,,False,Aphelandra squarrosa
6757333.0,455,Dyschoriste radicans,48190-1,Acanthaceae,Dyschoriste,radicans,,False,Dyschoriste radicans
15057646,492,Dyschoriste linearis,48146-1,Acanthaceae,Dyschoriste,linearis,,False,Dyschoriste linearis
8155434.0,478,Barleria angustiloba,45846-1,Acanthaceae,Barleria,angustiloba,,False,Barleria angustiloba
6757391,347,Justicia odora,51237-1,Acanthaceae,Justicia,odora,,False,Justicia odora
6757387.0,533,Barleria gracilispina,77109564-1,Acanthaceae,Barleria,gracilispina,,False,Barleria gracilispina
6259191,384,Crossandra massaica,47022-1,Acanthaceae,Crossandra,massaica,,False,Crossandra massaica
9934123,352,Justicia calyculata,50432-1,Acanthaceae,Justicia,calyculata,,False,Justicia calyculata
6188829,532,Ruellia prostrata,54453-1,Acanthaceae,Ruellia,prostrata,,True,Ruellia prostrata
6188710,530,Barleria delamerei,45937-1,Acanthaceae,Barleria,delamerei,,False,Barleria spinisepala
15057507,359,Anisacanthus quadrifidus,13942-2,Acanthaceae,Anisacanthus,quadrifidus,,False,Anisacanthus quadrifidus
9934129,247,Justicia diclipteroides,50627-1,Acanthaceae,Justicia,diclipteroides,,False,Justicia diclipteroides
5895556.0,509,Avicennia germinans,861125-1,Acanthaceae,Avicennia,germinans,,False,Avicennia germinans
6688477.0,482,Avicennia marina,861130-1,Acanthaceae,Avicennia,marina,,False,Avicennia marina
15057645.0,513,Elytraria caroliniensis,90431-2,Acanthaceae,Elytraria,caroliniensis,,False,Elytraria caroliniensis
7088102.0,488,Barleria volkensii,46275-1,Acanthaceae,Barleria,volkensii,,False,Barleria volkensii
15057470.0,346,Yeatesia platystegia,946962-1,Acanthaceae,Yeatesia,platystegia,,False,Yeatesia platystegia
6259866.0,330,Justicia odora,51237-1,Acanthaceae,Justicia,odora,,False,Justicia odora
9597785.0,249,Justicia striata,51668-1,Acanthaceae,Justicia,striata,,False,Justicia striata
7088237,485,Barleria volkensii,46275-1,Acanthaceae,Barleria,volkensii,,False,Barleria volkensii
8155433,321,Hypoestes forskaolii,941349-1,Acanthaceae,Hypoestes,forskaolii,,False,Hypoestes forskaolii
6188753,371,Meiosperma debile,77254330-1,Acanthaceae,Meiosperma,debile,,False,Justicia debilis
9597787.0,250,Justicia striata,51668-1,Acanthaceae,Justicia,striata,,False,Justicia striata
5300575.0,603,Barleria prionitis,46147-1,Acanthaceae,Barleria,prionitis,,False,Barleria prionitis
6188754.0,371,Meiosperma debile,77254330-1,Acanthaceae,Meiosperma,debile,,False,Justicia debilis
6688470.0,411,Avicennia marina,861130-1,Acanthaceae,Avicennia,marina,,False,Avicennia marina
6757385.0,519,Barleria gracilispina,77109564-1,Acanthaceae,Barleria,gracilispina,,False,Barleria gracilispina
6143977.0,554,Barleria strigosa,46236-1,Acanthaceae,Barleria,strigosa,,False,Barleria strigosa
6757363.0,500,Thunbergia alata,56177-1,Acanthaceae,Thunbergia,alata,,False,Thunbergia alata
6259118.0,412,Blepharis edulis,46503-1,Acanthaceae,Blepharis,edulis,,False,Blepharis edulis
6259077.0,536,Barleria submollis,46240-1,Acanthaceae,Barleria,submollis,,False,Barleria submollis
15080643.0,364,Aphelandra crispata,16163-2,Acanthaceae,Aphelandra,crispata,,False,Aphelandra crispata
15080662.0,356,Pachystachys lutea,52814-1,Acanthaceae,Pachystachys,lutea,,False,Pachystachys lutea
15080660,429,Eranthemum pulchellum,48879-1,Acanthaceae,Eranthemum,pulchellum,,True,Eranthemum pulchellum
6757362,447,Thunbergia alata,56177-1,Acanthaceae,Thunbergia,alata,,False,Thunbergia alata
9748940,594,Justicia sprucei,941066-1,Acanthaceae,Justicia,sprucei,,False,Justicia sprucei
6259144.0,514,Thunbergia tsavoensis,77092208-1,Acanthaceae,Thunbergia,tsavoensis,,False,Thunbergia tsavoensis
6143943.0,374,Justicia gendarussa,50766-1,Acanthaceae,Justicia,gendarussa,,True,Justicia gendarussa
6259078.0,536,Barleria submollis,46240-1,Acanthaceae,Barleria,submollis,,False,Barleria submollis
9934109.0,354,Justicia calyculata,50432-1,Acanthaceae,Justicia,calyculata,,False,Justicia calyculata
6259119.0,412,Blepharis edulis,46503-1,Acanthaceae,Blepharis,edulis,,False,Blepharis edulis
15080713,383,Acanthus montanus,44894-1,Acanthaceae,Acanthus,montanus,,False,Acanthus montanus
15080862.0,348,Chamaeranthemum beyrichii,46892-1,Acanthaceae,Chamaeranthemum,beyrichii,,False,Chamaeranthemum beyrichii
15080587.0,479,Ruellia yurimaguensis,224330-2,Acanthaceae,Ruellia,yurimaguensis,,False,Ruellia yurimaguensis
9077795.0,354,Graptophyllum pictum,49186-1,Acanthaceae,Graptophyllum,pictum,,False,Graptophyllum pictum
8155038.0,318,Asystasia mysorensis,45766-1,Acanthaceae,Asystasia,mysorensis,,False,Asystasia mysorensis
8155037.0,330,Asystasia mysorensis,45766-1,Acanthaceae,Asystasia,mysorensis,,False,Asystasia mysorensis
6143964.0,581,Barleria prionitis,46147-1,Acanthaceae,Barleria,prionitis,,False,Barleria prionitis
15080945,509,Avicennia germinans,861125-1,Acanthaceae,Avicennia,germinans,,False,Avicennia germinans
6259236.0,560,Barleria eranthemoides,45961-1,Acanthaceae,Barleria,eranthemoides,,False,Barleria eranthemoides
6259117.0,238,Justicia diclipteroides,50627-1,Acanthaceae,Justicia,diclipteroides,,False,Justicia diclipteroides
8099234.0,287,Crabbea velutina,46982-1,Acanthaceae,Crabbea,velutina,,False,Crabbea velutina
15080616.0,353,Dianthera pectoralis,47290-1,Acanthaceae,Dianthera,pectoralis,,False,Dianthera pectoralis
15080703,521,Thunbergia erecta,56259-1,Acanthaceae,Thunbergia,erecta,,True,Thunbergia erecta
4934384,481,Camptostylus mannii,365027-1,Achariaceae,Camptostylus,mannii,,False,Oncoba mannii
3818505.0,624,Ryparosa javanica,147626-3,Achariaceae,Ryparosa,javanica,,False,Ryparosa javanica
4934411.0,481,Camptostylus mannii,365027-1,Achariaceae,Camptostylus,mannii,,False,Oncoba mannii
3851974.0,625,Ryparosa javanica,147626-3,Achariaceae,Ryparosa,javanica,,False,Ryparosa javanica
4934237,484,Caloncoba glauca,365014-1,Achariaceae,Caloncoba,glauca,,False,Oncoba glauca
4934193,481,Scottellia klaineana,112094-1,Achariaceae,Scottellia,klaineana,,False,Scottellia klaineana
4934529.0,493,Caloncoba glauca,365014-1,Achariaceae,Caloncoba,glauca,,False,Oncoba glauca
8297752,631,Pangium edule,111972-1,Achariaceae,Pangium,edule,,False,Pangium edule
4934088.0,551,Dasylepis blackii,365284-1,Achariaceae,Dasylepis,blackii,,False,Dasylepis blackii
8335920.0,610,Ryparosa kostermansii,365876-1,Achariaceae,Ryparosa,kostermansii,,False,Ryparosa kostermansii
4934543.0,499,Scottellia klaineana,112094-1,Achariaceae,Scottellia,klaineana,,False,Scottellia klaineana
4934197.0,493,Dasylepis blackii,365284-1,Achariaceae,Dasylepis,blackii,,False,Dasylepis blackii
6143966.0,347,Acorus calamus,84009-1,Acoraceae,Acorus,calamus,,False,Acorus calamus
9077863.0,506,Saurauia conferta,829312-1,Actinidiaceae,Saurauia,conferta,,False,Saurauia conferta
4302524.0,463,Actinidia polygama,60472666-2,Actinidiaceae,Actinidia,polygama,,False,Actinidia polygama
4301695,428,Actinidia arguta var. arguta,77227572-1,Actinidiaceae,Actinidia,arguta,arguta,False,Actinidia arguta var. arguta
4617401.0,457,Actinidia arguta var. arguta,77227572-1,Actinidiaceae,Actinidia,arguta,arguta,False,Actinidia arguta var. arguta
4302074,453,Actinidia polygama,60472666-2,Actinidiaceae,Actinidia,polygama,,False,Actinidia polygama
9077805.0,508,Saurauia fimbriata,56951-1,Actinidiaceae,Saurauia,fimbriata,,False,Saurauia cf. fimbriata
4301885,457,Actinidia arguta var. hypoleuca,77249880-1,Actinidiaceae,Actinidia,arguta,hypoleuca,False,Actinidia arguta var. hypoleuca
9077837,508,Saurauia conferta,829312-1,Actinidiaceae,Saurauia,conferta,,False,Saurauia conferta
4301933.0,438,Actinidia rufa,828407-1,Actinidiaceae,Actinidia,rufa,,False,Actinidia rufa
9077857.0,506,Saurauia congestiflora,56936-1,Actinidiaceae,Saurauia,congestiflora,,False,Saurauia congestiflora
4303056,455,Actinidia arguta var. hypoleuca,77249880-1,Actinidiaceae,Actinidia,arguta,hypoleuca,False,Actinidia arguta var. hypoleuca
4618544,437,Actinidia rufa,828407-1,Actinidiaceae,Actinidia,rufa,,False,Actinidia rufa
9048247.0,506,Saurauia fimbriata,56951-1,Actinidiaceae,Saurauia,fimbriata,,False,Saurauia fimbriata
4617973.0,439,Actinidia kolomikta,828402-1,Actinidiaceae,Actinidia,kolomikta,,False,Actinidia kolomikta
4300958.0,439,Actinidia kolomikta,828402-1,Actinidiaceae,Actinidia,kolomikta,,False,Actinidia kolomikta
9048252,506,Saurauia poolei,56997-1,Actinidiaceae,Saurauia,poolei,,False,Saurauia poolei
15080649.0,450,Mesembryanthemum cordifolium,322566-2,Aizoaceae,Mesembryanthemum,cordifolium,,False,Mesembryanthemum cordifolium
8155403.0,349,Tetragonia acanthocarpa,364723-1,Aizoaceae,Tetragonia,acanthocarpa,,False,Tetragonia acanthocarpa
15057465.0,244,Chasmatophyllum musculinum,360880-1,Aizoaceae,Chasmatophyllum,musculinum,,False,Chasmatophyllum musculinum
6259136.0,244,Delosperma nakurense,361530-1,Aizoaceae,Delosperma,nakurense,,False,Delosperma nakurense
8155402.0,361,Tetragonia acanthocarpa,364723-1,Aizoaceae,Tetragonia,acanthocarpa,,False,Tetragonia acanthocarpa
6757320.0,224,Delosperma nakurense,361530-1,Aizoaceae,Delosperma,nakurense,,False,Delosperma nakurense
15080937.0,244,Delosperma cooperi,361479-1,Aizoaceae,Delosperma,cooperi,,False,Delosperma cooperi
7088158.0,335,Zaleya pentandra,58128-1,Aizoaceae,Zaleya,pentandra,,False,Zaleya pentandra
15080712.0,442,Aquarius uruguayensis,77182561-1,Alismataceae,Aquarius,uruguayensis,,False,Echinodorus osiris
3922625.0,318,Alisma gramineum,77097302-1,Alismataceae,Alisma,gramineum,,False,Alisma gramineum
3922629.0,317,Alisma plantago-aquatica,30019518-2,Alismataceae,Alisma,plantago-aquatica,,False,Alisma plantagoaquatica
9748943.0,310,Helanthium tenellum,118649-2,Alismataceae,Helanthium,tenellum,,False,Helanthium tenellum
3922634.0,318,Alisma plantago-aquatica,30019518-2,Alismataceae,Alisma,plantago-aquatica,,False,Alisma plantagoaquatica
6730797.0,451,Liquidambar styraciflua,430718-1,Altingiaceae,Liquidambar,styraciflua,,False,Liquidambar styraciflua
9813347.0,362,Halogeton glomeratus,60448682-2,Amaranthaceae,Halogeton,glomeratus,,False,Halogeton glomeratus
3923121.0,209,Chenopodium album,55993-2,Amaranthaceae,Chenopodium,album,,True,Chenopodium album
3923134.0,204,Chenopodium album,55993-2,Amaranthaceae,Chenopodium,album,,True,Chenopodium album
6188734.0,550,Achyranthes aspera,2468-2,Amaranthaceae,Achyranthes,aspera,,False,Achyranthes aspera
8155051.0,236,Amaranthus graecizans,10641-2,Amaranthaceae,Amaranthus,graecizans,,True,Amaranthus graecizans
8948998.0,217,Atriplex vestita var. vestita,77228270-1,Amaranthaceae,Atriplex,vestita,vestita,False,Atriplex capensis
3926056.0,424,Suaeda acuminata,167396-1,Amaranthaceae,Suaeda,acuminata,,False,Suaeda acuminata
9813296.0,426,Suaeda calceoliformis,1173159-2,Amaranthaceae,Suaeda,calceoliformis,,False,Suaeda calceoliformis
9813218.0,395,Suaeda maritima,1071140-2,Amaranthaceae,Suaeda,maritima,,True,Suaeda maritima
9813018.0,396,Suaeda maritima,1071140-2,Amaranthaceae,Suaeda,maritima,,True,Suaeda maritima
6188874.0,475,Gomphrena celosioides,60397-1,Amaranthaceae,Gomphrena,celosioides,,False,Gomphrena celosioides
8155052.0,236,Amaranthus graecizans,10641-2,Amaranthaceae,Amaranthus,graecizans,,True,Amaranthus graecizans
8949054.0,217,Atriplex tatarica,164195-1,Amaranthaceae,Atriplex,tatarica,,False,Atriplex tatarica
8155439.0,204,Atriplex semibaccata,164141-1,Amaranthaceae,Atriplex,semibaccata,,False,Atriplex semibaccata
8948991.0,217,Atriplex sphaeromorpha,164166-1,Amaranthaceae,Atriplex,sphaeromorpha,,False,Atriplex sphaeromorpha
8949007.0,217,Atriplex fominii,163806-1,Amaranthaceae,Atriplex,fominii,,False,Atriplex fominii
8949002.0,217,Atriplex lasiantha,163911-1,Amaranthaceae,Atriplex,lasiantha,,False,Atriplex lasiantha
9813214.0,500,Alternanthera pungens,327342-2,Amaranthaceae,Alternanthera,pungens,,False,Alternanthera pungens
8949034.0,217,Atriplex pamirica,164034-1,Amaranthaceae,Atriplex,pamirica,,False,Atriplex pamirica
8949059.0,217,Atriplex griffithii,163837-1,Amaranthaceae,Atriplex,griffithii,,False,Atriplex griffithii
3926054.0,424,Suaeda acuminata,167396-1,Amaranthaceae,Suaeda,acuminata,,False,Suaeda acuminata
6188735.0,548,Achyranthes aspera,2468-2,Amaranthaceae,Achyranthes,aspera,,False,Achyranthes aspera
9813364.0,297,Salsola tragus,307757-2,Amaranthaceae,Salsola,tragus,,False,Salsola tragus
8949039.0,217,Atriplex nummularia,306691-2,Amaranthaceae,Atriplex,nummularia,,False,Atriplex nummularia
8949023.0,217,Atriplex glauca subsp. ifniensis,971785-1,Amaranthaceae,Atriplex,glauca,ifniensis,False,Atriplex glauca var. ifniensis
8949065.0,217,Atriplex griffithii,163837-1,Amaranthaceae,Atriplex,griffithii,,False,Atriplex griffithii
9813114.0,424,Suaeda calceoliformis,1173159-2,Amaranthaceae,Suaeda,calceoliformis,,False,Suaeda calceoliformis
3922742.0,269,Amaranthus spinosus,10711-2,Amaranthaceae,Amaranthus,spinosus,,False,Amaranthus spinosus
3926059.0,376,Suaeda glauca,167465-1,Amaranthaceae,Suaeda,glauca,,False,Suaeda glauca
9813153.0,547,Alternanthera pungens,327342-2,Amaranthaceae,Alternanthera,pungens,,False,Alternanthera pungens
8949022.0,217,Atriplex sibirica,164152-1,Amaranthaceae,Atriplex,sibirica,,False,Atriplex sibirica
8948988.0,217,Atriplex paradoxa,60475807-2,Amaranthaceae,Atriplex,paradoxa,,False,Atriplex paradoxa
3922756.0,268,Amaranthus tricolor,327386-2,Amaranthaceae,Amaranthus,tricolor,,False,Amaranthus tricolor
8949066.0,217,Atriplex moneta,163979-1,Amaranthaceae,Atriplex,moneta,,False,Atriplex moneta
8949062.0,217,Atriplex dimorphostegia,163766-1,Amaranthaceae,Atriplex,dimorphostegia,,False,Atriplex dimorphostegia
3922744.0,269,Amaranthus spinosus,10711-2,Amaranthaceae,Amaranthus,spinosus,,False,Amaranthus spinosus
8949048.0,217,Atriplex maximowicziana,163957-1,Amaranthaceae,Atriplex,maximowicziana,,False,Atriplex maximowicziana
8155386.0,272,Amaranthus hybridus,59730-1,Amaranthaceae,Amaranthus,hybridus,,True,Amaranthus hybridus
8948997.0,217,Atriplex tatarica,164195-1,Amaranthaceae,Atriplex,tatarica,,False,Atriplex tatarica
8949024.0,217,Atriplex aellenii,77134364-1,Amaranthaceae,Atriplex,aellenii,,False,Atriplex aellenii
8948995.0,217,Atriplex muelleri,163988-1,Amaranthaceae,Atriplex,muelleri,,False,Atriplex muelleri
8948994.0,217,Atriplex laciniata,163905-1,Amaranthaceae,Atriplex,laciniata,,False,Atriplex laciniata
8155408.0,272,Amaranthus hybridus,59730-1,Amaranthaceae,Amaranthus,hybridus,,True,Amaranthus hybridus
6259161.0,222,Chenopodium opulifolium,60447126-2,Amaranthaceae,Chenopodium,opulifolium,,False,Chenopodium opulifolium
8949000.0,217,Atriplex altaica,1017290-1,Amaranthaceae,Atriplex,altaica,,False,Atriplex altaica
3922727.0,269,Amaranthus sp.,327388-2,Amaranthaceae,Amaranthus,,,True,Amaranthus albus
8949031.0,217,Atriplex sp.,77228297-1,Amaranthaceae,Atriplex,,tatarica,True,Atriplex pruinosa
8949003.0,217,Chenopodium harae,77150114-1,Amaranthaceae,Chenopodium,harae,,False,Atriplex pallida
8949027.0,217,Atriplex sphaeromorpha,164166-1,Amaranthaceae,Atriplex,sphaeromorpha,,False,Atriplex sphaeromorpha
8949040.0,217,Atriplex pamirica,164034-1,Amaranthaceae,Atriplex,pamirica,,False,Atriplex pamirica
3922738.0,270,Amaranthus retroflexus,10698-2,Amaranthaceae,Amaranthus,retroflexus,,False,Amaranthus retroflexus
8948990.0,217,Atriplex dimorphostegia,163766-1,Amaranthaceae,Atriplex,dimorphostegia,,False,Atriplex dimorphostegia
8949018.0,217,Atriplex centralasiatica,163705-1,Amaranthaceae,Atriplex,centralasiatica,,False,Atriplex centralasiatica
3923142.0,208,Oxybasis glauca,77121014-1,Amaranthaceae,Oxybasis,glauca,,False,Chenopodium glaucum
8949032.0,217,Atriplex amboensis,163632-1,Amaranthaceae,Atriplex,amboensis,,False,Atriplex amboensis
8949017.0,217,Atriplex brenanii,77124921-1,Amaranthaceae,Atriplex,brenanii,,False,Atriplex brenanii
3922754.0,268,Amaranthus tricolor,327386-2,Amaranthaceae,Amaranthus,tricolor,,False,Amaranthus tricolor
3926061.0,236,Suaeda glauca,167465-1,Amaranthaceae,Suaeda,glauca,,False,Suaeda glauca
8948987.0,217,Atriplex turcomanica,60466450-2,Amaranthaceae,Atriplex,turcomanica,,False,Atriplex turcomanica
8949015.0,217,Atriplex canescens,1175090-2,Amaranthaceae,Atriplex,canescens,,False,Atriplex canescens
8949013.0,217,Atriplex flabellum,163797-1,Amaranthaceae,Atriplex,flabellum,,False,Atriplex flabellum
8949046.0,217,Atriplex recurva,164101-1,Amaranthaceae,Atriplex,recurva,,False,Atriplex recurva
3923144.0,201,Oxybasis glauca,77121014-1,Amaranthaceae,Oxybasis,glauca,,False,Chenopodium glaucum
3922734.0,268,Amaranthus retroflexus,10698-2,Amaranthaceae,Amaranthus,retroflexus,,False,Amaranthus retroflexus
8155013.0,208,Dysphania ambrosioides,1198060-2,Amaranthaceae,Dysphania,ambrosioides,,False,Chenopodium ambrosioides
8948992.0,217,Atriplex turcomanica,60466450-2,Amaranthaceae,Atriplex,turcomanica,,False,Atriplex leucoclada
8949016.0,217,Atriplex lasiantha,163911-1,Amaranthaceae,Atriplex,lasiantha,,False,Atriplex lasiantha
8949004.0,217,Atriplex sibirica,164152-1,Amaranthaceae,Atriplex,sibirica,,False,Atriplex sibirica
8948985.0,217,Atriplex flabellum,163797-1,Amaranthaceae,Atriplex,flabellum,,False,Atriplex flabellum
6757400.0,517,Psilotrichum patulum,77297771-1,Amaranthaceae,Psilotrichum,patulum,,False,Psilotrichum elliotii
6143895.0,557,Ouret lanata,61673-1,Amaranthaceae,Ouret,lanata,,False,Aerva lanata
8949052.0,217,Atriplex pratovii,20012663-1,Amaranthaceae,Atriplex,pratovii,,False,Atriplex pratovii
8949021.0,217,Atriplex amboensis,163632-1,Amaranthaceae,Atriplex,amboensis,,False,Atriplex amboensis
8949071.0,217,Atriplex moneta,163979-1,Amaranthaceae,Atriplex,moneta,,False,Atriplex moneta
8155424.0,489,Alternanthera sessilis,1069792-2,Amaranthaceae,Alternanthera,sessilis,,False,Alternanthera sessilis
6259212.0,222,Chenopodium opulifolium,60447126-2,Amaranthaceae,Chenopodium,opulifolium,,False,Chenopodium opulifolium
8155067.0,288,Celosia trigyna,327365-2,Amaranthaceae,Celosia,trigyna,,False,Celosia trigyna
8949001.0,217,Atriplex tatarica var. tatarica,77228297-1,Amaranthaceae,Atriplex,tatarica,tatarica,False,Atriplex olivieri
8949005.0,217,Atriplex centralasiatica,163705-1,Amaranthaceae,Atriplex,centralasiatica,,False,Atriplex centralasiatica
8949033.0,217,Atriplex glauca,163821-1,Amaranthaceae,Atriplex,glauca,,True,Atriplex glauca
8949055.0,217,Chenopodium harae,77150114-1,Amaranthaceae,Chenopodium,harae,,False,Atriplex pallida
3926058.0,381,Suaeda corniculata,167442-1,Amaranthaceae,Suaeda,corniculata,,False,Suaeda corniculata
9813113.0,301,Salsola tragus,307757-2,Amaranthaceae,Salsola,tragus,,False,Salsola tragus
3232976.0,217,Chenopodiastrum simplex,77121011-1,Amaranthaceae,Chenopodiastrum,simplex,,False,Chenopodium simplex
3926057.0,319,Suaeda corniculata,167442-1,Amaranthaceae,Suaeda,corniculata,,False,Suaeda corniculata
8949037.0,217,Atriplex aellenii,77134364-1,Amaranthaceae,Atriplex,aellenii,,False,Atriplex aellenii
8155068.0,288,Celosia trigyna,327365-2,Amaranthaceae,Celosia,trigyna,,False,Celosia trigyna
9813215.0,347,Halogeton glomeratus,60448682-2,Amaranthaceae,Halogeton,glomeratus,,False,Halogeton glomeratus
8949008.0,217,Atriplex glauca,163821-1,Amaranthaceae,Atriplex,glauca,,True,Atriplex glauca
8949014.0,217,Atriplex halimus,163845-1,Amaranthaceae,Atriplex,halimus,,True,Atriplex halimus
3232395.0,217,Chenopodiastrum simplex,77121011-1,Amaranthaceae,Chenopodiastrum,simplex,,False,Chenopodium simplex
8949057.0,217,Atriplex ornata,164027-1,Amaranthaceae,Atriplex,ornata,,False,Atriplex ornata
8949030.0,217,Atriplex centralasiatica var. megalotheca,876071-1,Amaranthaceae,Atriplex,centralasiatica,megalotheca,False,Atriplex megalotheca
3232361.0,217,Atriplex patula,26419-2,Amaranthaceae,Atriplex,patula,,False,Atriplex patula
15057667.0,478,Froelichia gracilis,1034070-2,Amaranthaceae,Froelichia,gracilis,,False,Froelichia gracilis
8949038.0,217,Atriplex stocksii,164178-1,Amaranthaceae,Atriplex,stocksii,,False,Atriplex stocksii
8949056.0,217,Atriplex holocarpa,163863-1,Amaranthaceae,Atriplex,holocarpa,,False,Atriplex holocarpa
3923140.0,204,Blitum virgatum,164548-1,Amaranthaceae,Blitum,virgatum,,False,Chenopodium foliosum
6188875.0,475,Gomphrena celosioides,60397-1,Amaranthaceae,Gomphrena,celosioides,,False,Gomphrena celosioides
8949026.0,217,Atriplex halimus,163845-1,Amaranthaceae,Atriplex,halimus,,True,Atriplex halimus
3922729.0,269,Amaranthus sp.,327388-2,Amaranthaceae,Amaranthus,,,True,Amaranthus albus
3604321.0,380,Deeringia amaranthoides,60226-1,Amaranthaceae,Deeringia,amaranthoides,,False,Deeringia amaranthoides
15080775.0,636,Zephyranthes robusta,270986-2,Amaryllidaceae,Zephyranthes,robusta,,False,Habranthus robustus
6259847.0,648,Crinum macowanii,63973-1,Amaryllidaceae,Crinum,macowanii,,False,Crinum macowanii
6807851.0,594,Pancratium maritimum,66466-1,Amaryllidaceae,Pancratium,maritimum,,False,Pancratium linosae
15080831.0,576,Eucrosia bicolor,276932-2,Amaryllidaceae,Eucrosia,bicolor,,False,Eucrosia bicolor
5060349.0,464,Clivia nobilis,63634-1,Amaryllidaceae,Clivia,nobilis,,False,Clivia nobilis
5060348.0,458,Clivia miniata,994513-1,Amaryllidaceae,Clivia,miniata,,False,Clivia miniata
5060351.0,464,Clivia nobilis,63634-1,Amaryllidaceae,Clivia,nobilis,,False,Clivia nobilis
6259865.0,611,Crinum macowanii,63973-1,Amaryllidaceae,Crinum,macowanii,,False,Crinum macowanii
6917944.0,621,Pancratium maritimum,66466-1,Amaryllidaceae,Pancratium,maritimum,,False,Pancratium maritimum
5060342.0,492,Gethyllis lanuginosa,64544-1,Amaryllidaceae,Gethyllis,lanuginosa,,False,Gethyllis lanuginosa
5060344.0,450,Clivia miniata,994513-1,Amaryllidaceae,Clivia,miniata,,False,Clivia miniata
5060341.0,492,Gethyllis lanuginosa,64544-1,Amaryllidaceae,Gethyllis,lanuginosa,,False,Gethyllis lanuginosa
15057518.0,631,Zephyranthes formosissima,77353849-1,Amaryllidaceae,Zephyranthes,formosissima,,False,Sprekelia formosissimus
15080624.0,644,Crinum asiaticum,63796-1,Amaryllidaceae,Crinum,asiaticum,,False,Crinum asiaticum
5911560.0,646,Allium tricoccum,8906-2,Amaryllidaceae,Allium,tricoccum,,True,Allium tricoccum
15080675.0,636,Hippeastrum striatum,122839-2,Amaryllidaceae,Hippeastrum,striatum,,False,Hippeastrum striatum
5911630.0,579,Allium tricoccum,8906-2,Amaryllidaceae,Allium,tricoccum,,True,Allium tricoccum
5060340.0,492,Gethyllis setosa,64557-1,Amaryllidaceae,Gethyllis,setosa,,False,Gethyllis setosa
15080631.0,632,Zephyranthes simpsonii,271013-2,Amaryllidaceae,Zephyranthes,simpsonii,,False,Zephyranthes simpsonii
15080659.0,590,Urceolina bonplandii,261569-2,Amaryllidaceae,Urceolina,bonplandii,,False,Eucharis bonplandii
5060345.0,463,Clivia gardenii,63632-1,Amaryllidaceae,Clivia,gardenii,,False,Clivia gardenii
5060347.0,459,Clivia robusta,77062273-1,Amaryllidaceae,Clivia,robusta,,False,Clivia robusta
5060352.0,540,Clivia mirabilis,20006731-1,Amaryllidaceae,Clivia,mirabilis,,False,Clivia mirabilis
6143894.0,647,Allium cepa,527795-1,Amaryllidaceae,Allium,cepa,,False,Allium cepa
5060343.0,464,Clivia gardenii,63632-1,Amaryllidaceae,Clivia,gardenii,,False,Clivia gardenii
15080656.0,644,Crinum americanum,319172-2,Amaryllidaceae,Crinum,americanum,,False,Crinum americanum
15080619.0,641,Pancratium canariense,66407-1,Amaryllidaceae,Pancratium,canariense,,False,Pancratium canariense
15057541.0,213,Nothoscordum bivalve,170498-2,Amaryllidaceae,Nothoscordum,bivalve,,False,Nothoscordum bivalve
15080550.0,639,Narcissus tazetta,66240-1,Amaryllidaceae,Narcissus,tazetta,,False,Narcissus tazetta
15080725.0,639,Agapanthus africanus,527258-1,Amaryllidaceae,Agapanthus,africanus,,False,Agapanthus africanus
15080772.0,580,Hymenocallis harrisiana,65248-1,Amaryllidaceae,Hymenocallis,harrisiana,,False,Hymenocallis harrisiana
15080860.0,648,Pachycormus discolor,70199-1,Anacardiaceae,Pachycormus,discolor,,False,Pachycormus discolor
8268287.0,569,Koordersiodendron pinnatum,69737-1,Anacardiaceae,Koordersiodendron,pinnatum,,False,Koordersiodendron pinnatum
4301135.0,494,Rhus chinensis,70452-1,Anacardiaceae,Rhus,chinensis,,False,Rhus javanica var. chinensis
4303046.0,485,Rhus chinensis,70452-1,Anacardiaceae,Rhus,chinensis,,False,Rhus javanica var. chinensis
4302770.0,619,Toxicodendron succedaneum,71802-1,Anacardiaceae,Toxicodendron,succedaneum,,False,Toxicodendron succedaneum
4302722.0,620,Toxicodendron orientale subsp. orientale,77224475-1,Anacardiaceae,Toxicodendron,orientale,orientale,False,Toxicodendron orientale subsp. orientale
4301509.0,594,Toxicodendron trichocarpum,71811-1,Anacardiaceae,Toxicodendron,trichocarpum,,False,Toxicodendron trichocarpum
4303104.0,621,Toxicodendron trichocarpum,71811-1,Anacardiaceae,Toxicodendron,trichocarpum,,False,Toxicodendron trichocarpum
4302966.0,614,Toxicodendron succedaneum,71802-1,Anacardiaceae,Toxicodendron,succedaneum,,False,Toxicodendron succedaneum
8268282.0,650,Mangifera altissima,69877-1,Anacardiaceae,Mangifera,altissima,,False,Mangifera mucronulata
8297669.0,607,Parishia insignis,70202-1,Anacardiaceae,Parishia,insignis,,False,Parishia insignis
4301408.0,604,Toxicodendron orientale subsp. orientale,77224475-1,Anacardiaceae,Toxicodendron,orientale,orientale,False,Toxicodendron orientale subsp. orientale
4302830.0,620,Toxicodendron sylvestre,71795-1,Anacardiaceae,Toxicodendron,sylvestre,,False,Toxicodendron sylvestre
8335943.0,601,Swintonia foxworthyi,71525-1,Anacardiaceae,Swintonia,foxworthyi,,False,Swintonia foxworthyi
15080923.0,564,Rhus integrifolia,30247297-2,Anacardiaceae,Rhus,integrifolia,,False,Rhus integrifolia
4934119.0,607,Trichoscypha bijuga,71845-1,Anacardiaceae,Trichoscypha,bijuga,,False,Trichoscypha preussii
3580528.0,539,Trichoscypha arborea,71840-1,Anacardiaceae,Trichoscypha,arborea,,False,Trichoscypha arborea
5895560.0,634,Comocladia dodonaea,69456-1,Anacardiaceae,Comocladia,dodonaea,,False,Comocladia dodonaea
5911529.0,585,Rhus typhina,70939-1,Anacardiaceae,Rhus,typhina,,False,Rhus typhina
12197053.0,313,Mangifera indica,69913-1,Anacardiaceae,Mangifera,indica,,False,Mangifera indica
3851973.0,622,Euroschinus falcatus,69590-1,Anacardiaceae,Euroschinus,falcatus,,False,Euroschinus falcata
11887147.0,432,Lithraea brasiliensis,69837-1,Anacardiaceae,Lithraea,brasiliensis,,False,Lithraea brasiliensis
4301778.0,614,Toxicodendron sylvestre,71795-1,Anacardiaceae,Toxicodendron,sylvestre,,False,Toxicodendron sylvestre
6143877.0,381,Mangifera indica,69913-1,Anacardiaceae,Mangifera,indica,,False,Mangifera indica
5895440.0,645,Metopium toxiferum,70067-1,Anacardiaceae,Metopium,toxiferum,,False,Metopium toxiferum
8297681.0,316,Buchanania nitida,69317-1,Anacardiaceae,Buchanania,nitida,,False,Buchanania nitida
8267540.0,629,Parishia insignis,70202-1,Anacardiaceae,Parishia,insignis,,False,Parishia insignis
8296600.0,296,Buchanania arborescens,69275-1,Anacardiaceae,Buchanania,arborescens,,True,Buchanania arborescens
3232624.0,640,Toxicodendron radicans,255769-2,Anacardiaceae,Toxicodendron,radicans,,False,Toxicodendron radicans
11887151.0,359,Schinus lentiscifolia,71033-1,Anacardiaceae,Schinus,lentiscifolia,,False,Schinus lentiscifolia
8301093.0,479,Rhus taitensis,70896-1,Anacardiaceae,Rhus,taitensis,,False,Rhus taitensis
5895567.0,542,Spondias mombin,71480-1,Anacardiaceae,Spondias,mombin,,False,Spondias mombin
3580474.0,491,Trichoscypha acuminata,71836-1,Anacardiaceae,Trichoscypha,acuminata,,False,Trichoscypha acuminata
15080909.0,648,Pistacia lentiscus,70253-1,Anacardiaceae,Pistacia,lentiscus,,False,Pistacia lentiscus
4934353.0,629,Trichoscypha sp.,1945-1,Anacardiaceae,Trichoscypha,,,False,Trichoscypha sp. 4
4934135.0,600,Trichoscypha sp.,1945-1,Anacardiaceae,Trichoscypha,,,False,Trichoscypha sp.
15080880.0,585,Sorindeia madagascariensis,71392-1,Anacardiaceae,Sorindeia,madagascariensis,,False,Sorindeia madagascariensis
5895541.0,499,Schinus terebinthifolia,71069-1,Anacardiaceae,Schinus,terebinthifolia,,False,Schinus terebinthifolia
8297637.0,313,Buchanania arborescens,69275-1,Anacardiaceae,Buchanania,arborescens,,True,Buchanania arborescens
3818379.0,641,Euroschinus falcatus,69590-1,Anacardiaceae,Euroschinus,falcatus,,False,Euroschinus falcata
5298600.0,362,Buchanania lanzan,69300-1,Anacardiaceae,Buchanania,lanzan,,False,Buchanania lanzan
6541761.0,634,Toxicodendron radicans,255769-2,Anacardiaceae,Toxicodendron,radicans,,False,Toxicodendron radicans
8335992.0,644,Melanochyla fulvinervis,70030-1,Anacardiaceae,Melanochyla,fulvinervis,,False,Melanochyla fulvinervis
8297688.0,323,Buchanania macrocarpa,69306-1,Anacardiaceae,Buchanania,macrocarpa,,True,Buchanania macrocarpa
8335978.0,633,Gluta wallichii,69648-1,Anacardiaceae,Gluta,wallichii,,False,Gluta wallichii
4934023.0,632,Pseudospondias microcarpa,70341-1,Anacardiaceae,Pseudospondias,microcarpa,,False,Pseudospondias microcarpa
15080896.0,442,Ancistrocladus robertsoniorum,903511-1,Ancistrocladaceae,Ancistrocladus,robertsoniorum,,False,Ancistrocladus robertsoniorum
8267581.0,464,Ancistrocladus tectorius,71950-1,Ancistrocladaceae,Ancistrocladus,tectorius,,False,Ancistrocladus tectorius
3580561.0,464,Anisophyllea purpurascens,719494-1,Anisophylleaceae,Anisophyllea,purpurascens,,False,Anisophyllea purpurascens
3580563.0,463,Anisophyllea polyneura,932053-1,Anisophylleaceae,Anisophyllea,polyneura,,False,Anisophyllea polyneura
3580560.0,464,Anisophyllea purpurascens,719494-1,Anisophylleaceae,Anisophyllea,purpurascens,,False,Anisophyllea purpurascens
3580645.0,354,Anisophyllea sp.,33554-1,Anisophylleaceae,Anisophyllea,,,False,Anisophyllea sp. 1
3580648.0,463,Anisophyllea polyneura,932053-1,Anisophylleaceae,Anisophyllea,polyneura,,False,Anisophyllea polyneura
4934445.0,486,Anisophyllea sororia,719499-1,Anisophylleaceae,Anisophyllea,sororia,,False,Anisophyllea sororia
15080895.0,380,Tridimeris hahniana,75200-1,Annonaceae,Tridimeris,hahniana,,False,Tridimeris hahniana
5895478.0,271,Annona montana,72257-1,Annonaceae,Annona,montana,,False,Annona montana
8297648.0,380,Popowia hirta,74832-1,Annonaceae,Popowia,hirta,,False,Popowia hirta
10578447.0,380,Monoon longifolium,77123022-1,Annonaceae,Monoon,longifolium,,False,Polyalthia longifolia
4934538.0,459,Uvariodendron connivens,76019-1,Annonaceae,Uvariodendron,connivens,,False,Uvariodendron connivens
6511575.0,469,Asimina triloba,72521-1,Annonaceae,Asimina,triloba,,False,Asimina triloba
10507209.0,413,Artabotrys hexapetalus,72395-1,Annonaceae,Artabotrys,hexapetalus,,False,Artabotrys hexapetalous
4934260.0,404,Annickia chlorantha,948442-1,Annonaceae,Annickia,chlorantha,,False,Annickia chlorantha
4934041.0,470,Xylopia acutiflora,76055-1,Annonaceae,Xylopia,acutiflora,,False,Xylopia acutiflora
4934483.0,363,Piptostigma oyemense,74476-1,Annonaceae,Piptostigma,oyemense,,False,Piptostigma oyemense
3580491.0,382,Greenwayodendron suaveolens,73282-1,Annonaceae,Greenwayodendron,suaveolens,,False,Greenwayodendron suaveolens
5895612.0,431,Oxandra lanceolata,74293-1,Annonaceae,Oxandra,lanceolata,,False,Oxandra lanceolata
3580621.0,433,Xylopia sp.,332070-2,Annonaceae,Xylopia,,,False,Xylopia sp.
5895435.0,362,Guatteria blainii,114177-2,Annonaceae,Guatteria,blainii,,False,Guatteria blainii
4934360.0,448,Duguetia sp.,331577-2,Annonaceae,Duguetia,,,False,Pachypodanthium sp.
6288709.0,379,Greenwayodendron suaveolens,73282-1,Annonaceae,Greenwayodendron,suaveolens,,False,Polyalthia suaveolens
8267509.0,380,Popowia hirta,74832-1,Annonaceae,Popowia,hirta,,False,Popowia hirta
8301141.0,381,Maasia glauca,60448919-2,Annonaceae,Maasia,glauca,,False,Polyalthia glauca
4934435.0,459,Uvariodendron sp.,2160-1,Annonaceae,Uvariodendron,,,False,Uvariodendron sp.
4934377.0,460,Isolona sp.,2055-1,Annonaceae,Isolona,,,False,Isolona sp.
10578451.0,410,Annona squamosa,72319-1,Annonaceae,Annona,squamosa,,True,Annona squamosa
4934196.0,490,Xylopia sp.,332070-2,Annonaceae,Xylopia,,,False,Xylopia sp. 1
8267531.0,397,Drepananthus carinatus,72833-1,Annonaceae,Drepananthus,carinatus,,False,Cyathocalyx carinatus
8335934.0,428,Xylopia caudata,76090-1,Annonaceae,Xylopia,caudata,,False,Xylopia caudata
8261186.0,406,Polyalthia cauliflora,74518-1,Annonaceae,Polyalthia,cauliflora,,False,Polyalthia cauliflora
5895640.0,271,Annona montana,72257-1,Annonaceae,Annona,montana,,False,Annona montana
9748873.0,524,Xylopia aromatica,76067-1,Annonaceae,Xylopia,aromatica,,True,Xylopia aromatica
8301128.0,380,Orophea creaghii,1020126-1,Annonaceae,Orophea,creaghii,,False,Orophea creaghii
10578454.0,410,Annona squamosa,72319-1,Annonaceae,Annona,squamosa,,True,Annona squamosa
4934454.0,438,Isolona thonneri,73760-1,Annonaceae,Isolona,thonneri,,False,Isolona thonneri
10507210.0,413,Artabotrys hexapetalus,72395-1,Annonaceae,Artabotrys,hexapetalus,,False,Artabotrys hexapetalous
4934099.0,491,Xylopia aethiopica,76056-1,Annonaceae,Xylopia,aethiopica,,False,Xylopia aethiopica
4934064.0,393,Piptostigma oyemense,74476-1,Annonaceae,Piptostigma,oyemense,,False,Piptostigma oyemense
5895565.0,461,Guatteria blainii,114177-2,Annonaceae,Guatteria,blainii,,False,Guatteria blainii
4934227.0,460,Duguetia sp.,331577-2,Annonaceae,Duguetia,,,False,Pachypodanthium sp.
4934426.0,427,Polyceratocarpus parviflorus,74767-1,Annonaceae,Polyceratocarpus,parviflorus,,False,Polyceratocarpus parviflorus
4934428.0,461,Xylopia acutiflora,76055-1,Annonaceae,Xylopia,acutiflora,,False,Xylopia acutiflora
4934199.0,464,Isolona sp.,2055-1,Annonaceae,Isolona,,,False,Isolona sp.
8261197.0,405,Xylopia malayana,76187-1,Annonaceae,Xylopia,malayana,,False,Xylopia malayana
12197063.0,282,Oxandra macrophylla,178625-2,Annonaceae,Oxandra,macrophylla,,False,Oxandra macrophylla
8301123.0,396,Cananga odorata,72580-1,Annonaceae,Cananga,odorata,,False,Cananga odorata
8261216.0,334,Maasia sumatrana,60448923-2,Annonaceae,Maasia,sumatrana,,False,Polyalthia sumatrana
18052682.0,319,Oxandra xylopioides,178642-2,Annonaceae,Oxandra,xylopioides,,False,Oxandra xylopioides
8261205.0,402,Maasia glauca,60448919-2,Annonaceae,Maasia,glauca,,False,Polyalthia glauca
4934344.0,329,Uvariopsis korupensis,1015339-1,Annonaceae,Uvariopsis,korupensis,,False,Uvariopsis korupensis
3852081.0,380,Polyalthia submontana,77123055-1,Annonaceae,Polyalthia,submontana,,False,Haplostichanthus submontanus
10578450.0,380,Monoon longifolium,77123022-1,Annonaceae,Monoon,longifolium,,False,Polyalthia longifolia
3818524.0,473,Goniothalamus australis,930688-1,Annonaceae,Goniothalamus,australis,,False,Goniothalamus australis
3851989.0,405,Pseuduvaria froggattii,943250-1,Annonaceae,Pseuduvaria,froggattii,,False,Pseuduvaria frogattii
3818335.0,381,Pseuduvaria froggattii,943250-1,Annonaceae,Pseuduvaria,froggattii,,False,Pseuduvaria frogattii
12197062.0,393,Oxandra polyantha,178636-2,Annonaceae,Oxandra,polyantha,,False,Oxandra polyantha
3604324.0,380,Mitrephora diversifolia,73992-1,Annonaceae,Mitrephora,diversifolia,,False,Mitrephora zippeliana
3852006.0,380,Huberantha nitidissima,77146164-1,Annonaceae,Huberantha,nitidissima,,False,Polyalthia nitidissima
12197061.0,409,Oxandra polyantha,178636-2,Annonaceae,Oxandra,polyantha,,False,Oxandra polyantha
8297741.0,380,Alphonsea javanica,71989-1,Annonaceae,Alphonsea,javanica,,False,Alphonsea javanica
8336036.0,402,Cananga odorata,72580-1,Annonaceae,Cananga,odorata,,False,Cananga odorata
8267521.0,385,Popowia fusca,74818-1,Annonaceae,Popowia,fusca,,False,Popowia fusca
4933972.0,444,Isolona campanulata,73732-1,Annonaceae,Isolona,campanulata,,False,Isolona campanulata
8301117.0,380,Monoon lateriflorum,74161-1,Annonaceae,Monoon,lateriflorum,,False,Polyalthia lateriflora
6288652.0,420,Isolona thonneri,73760-1,Annonaceae,Isolona,thonneri,,False,Isolona thonneri
8335925.0,380,Monocarpia euneura,74116-1,Annonaceae,Monocarpia,euneura,,False,Monocarpia euneura
4934183.0,460,Isolona campanulata,73732-1,Annonaceae,Isolona,campanulata,,False,Isolona campanulata
6288606.0,246,Monodora myristica,74141-1,Annonaceae,Monodora,myristica,,True,Monodora myristica
3580489.0,380,Annickia chlorantha,948442-1,Annonaceae,Annickia,chlorantha,,False,Annickia chlorantha
6288543.0,423,Anonidium mannii,72347-1,Annonaceae,Anonidium,mannii,,False,Anonidium mannii
8261230.0,410,Popowia tomentosa,74905-1,Annonaceae,Popowia,tomentosa,,False,Popowia tomentosa
15080833.0,381,Sapranthus microcarpus,227634-2,Annonaceae,Sapranthus,microcarpus,,False,Sapranthus microcarpus
6632208.0,468,Asimina triloba,72521-1,Annonaceae,Asimina,triloba,,False,Asimina triloba
4934031.0,469,Uvariopsis bakeriana,76033-1,Annonaceae,Uvariopsis,bakeriana,,False,Uvariopsis bakeriana
3818523.0,468,Goniothalamus australis,930688-1,Annonaceae,Goniothalamus,australis,,False,Goniothalamus australis
5895575.0,277,Annona glabra,72208-1,Annonaceae,Annona,glabra,,True,Annona glabra
3818553.0,380,Meiogyne sp.,2068-1,Annonaceae,Meiogyne,,,False,Meiogyne sp.
4934336.0,426,Polyceratocarpus parviflorus,74767-1,Annonaceae,Polyceratocarpus,parviflorus,,False,Polyceratocarpus parviflorus
8335940.0,428,Xylopia caudata,76090-1,Annonaceae,Xylopia,caudata,,False,Xylopia caudata
8297663.0,397,Drepananthus carinatus,72833-1,Annonaceae,Drepananthus,carinatus,,False,Cyathocalyx carinatus
8297635.0,378,Pseuduvaria reticulata,74964-1,Annonaceae,Pseuduvaria,reticulata,,False,Pseuduvaria reticulata
3818334.0,380,Huberantha nitidissima,77146164-1,Annonaceae,Huberantha,nitidissima,,False,Polyalthia nitidissima
8261260.0,289,Maasia sumatrana,60448923-2,Annonaceae,Maasia,sumatrana,,False,Polyalthia sumatrana
8301126.0,288,Orophea hexandra,74233-1,Annonaceae,Orophea,hexandra,,False,Orophea hexandra
8301116.0,368,Orophea hexandra,74233-1,Annonaceae,Orophea,hexandra,,False,Orophea hexandra
4933998.0,400,Uvariastrum zenkeri,76013-1,Annonaceae,Uvariastrum,zenkeri,,False,Uvariastrum pynaertii
8296633.0,380,Polyalthia cauliflora,74518-1,Annonaceae,Polyalthia,cauliflora,,False,Polyalthia cauliflora
4934562.0,467,Xylopia aethiopica,76056-1,Annonaceae,Xylopia,aethiopica,,False,Xylopia aethiopica
5911655.0,266,Cryptotaenia canadensis,840843-1,Apiaceae,Cryptotaenia,canadensis,,False,Cryptotaenia canadensis
3925192.0,403,Pleurospermum uralense,847309-1,Apiaceae,Pleurospermum,uralense,,False,Pleurospermum uralense
3924434.0,222,Osmorhiza aristata,1054406-2,Apiaceae,Osmorhiza,aristata,,False,Osmorhiza aristata
5211199.0,275,Angelica sylvestris,837777-1,Apiaceae,Angelica,sylvestris,,False,Angelica sylvestris
3925032.0,266,Peucedanum wawrae,77205557-1,Apiaceae,Peucedanum,wawrae,,False,Peucedanum wawrea
3925185.0,302,Hymenidium giraldii,1018552-1,Apiaceae,Hymenidium,giraldii,,False,Pleurospermum giraldii
3925189.0,402,Pleurospermum uralense,847309-1,Apiaceae,Pleurospermum,uralense,,False,Pleurospermum uralense
3232606.0,266,Sium suave,849061-1,Apiaceae,Sium,suave,,False,Sium suave
3232420.0,227,Cryptotaenia canadensis,840843-1,Apiaceae,Cryptotaenia,canadensis,,False,Cryptotaenia canadensis
3924464.0,229,Osmorhiza occidentalis,845564-1,Apiaceae,Osmorhiza,occidentalis,,False,Osmorhiza occidentalis
3232534.0,267,Osmorhiza claytonii,845544-1,Apiaceae,Osmorhiza,claytonii,,False,Osmorhiza claytonii
3852112.0,376,Mackinlaya sp.,3041-1,Apiaceae,Mackinlaya,,,False,Mackinlaya sp.
15057496.0,259,Chaerophyllum tainturieri,1115327-2,Apiaceae,Chaerophyllum,tainturieri,,False,Chaerophyllum tainturieri
3925182.0,400,Hymenidium davidii,1018530-1,Apiaceae,Hymenidium,davidii,,False,Pleurospermum franchetianum
3924993.0,264,Peucedanum ampliatum,928555-1,Apiaceae,Peucedanum,ampliatum,,False,Peucedanum ampliatum
6574534.0,485,Sanicula marilandica,284602-2,Apiaceae,Sanicula,marilandica,,False,Sanicula marilandica
3924995.0,255,Kitagawia baicalensis,942883-1,Apiaceae,Kitagawia,baicalensis,,False,Peucedanum caespitosum
6574549.0,268,Osmorhiza longistylis,845559-1,Apiaceae,Osmorhiza,longistylis,,False,Osmorhiza longistylis
6730795.0,491,Sanicula canadensis,284601-2,Apiaceae,Sanicula,canadensis,,False,Sanicula canadensis
3818557.0,381,Mackinlaya confusa,90979-1,Apiaceae,Mackinlaya,confusa,,False,Mackinlaya confusa
15057677.0,258,Bifora americana,838706-1,Apiaceae,Bifora,americana,,False,Bifora americana
3924446.0,223,Osmorhiza claytonii,845544-1,Apiaceae,Osmorhiza,claytonii,,False,Osmorhiza claytonii
5211198.0,400,Bupleurum falcatum,839147-1,Apiaceae,Bupleurum,falcatum,,False,Bupleurum falcatum
3925186.0,302,Hymenidium giraldii,1018552-1,Apiaceae,Hymenidium,giraldii,,False,Pleurospermum giraldii
6541687.0,266,Thaspium barbinode,30056939-2,Apiaceae,Thaspium,barbinode,,False,Thaspium barbinoide
15057561.0,266,Limnosciadium pinnatum,140296-2,Apiaceae,Limnosciadium,pinnatum,,False,Limnosciadium pumilum
15080544.0,513,Eryngium sp.,841973-1,Apiaceae,Eryngium,,,True,Eryngium armatum
3925017.0,271,Pseudopeucedanum ledebourielloides,77335984-1,Apiaceae,Pseudopeucedanum,ledebourielloides,,False,Peucedanum ledebourielloides
6574533.0,475,Sanicula canadensis,284601-2,Apiaceae,Sanicula,canadensis,,False,Sanicula canadensis
6143878.0,340,Coriandrum sativum,840760-1,Apiaceae,Coriandrum,sativum,,False,Coriandrum sativum
6511619.0,268,Osmorhiza longistylis,845559-1,Apiaceae,Osmorhiza,longistylis,,False,Osmorhiza longistylis
5911518.0,267,Daucus carota,841063-1,Apiaceae,Daucus,carota,,False,Daucus carota
10285463.0,406,Eryngium foetidum,841793-1,Apiaceae,Eryngium,foetidum,,True,Eryngium foetidum
6143936.0,268,Cuminum cyminum,840882-1,Apiaceae,Cuminum,cyminum,,False,Cuminum cyminum
3232426.0,268,Daucus carota,841063-1,Apiaceae,Daucus,carota,,False,Daucus carota
3924454.0,222,Osmorhiza glabrata,845554-1,Apiaceae,Osmorhiza,glabrata,,False,Osmorhiza glabrata
5211201.0,269,Pimpinella saxifraga,847025-1,Apiaceae,Pimpinella,saxifraga,,False,Pimpinella saxifraga
3924438.0,222,Osmorhiza berteroi,845536-1,Apiaceae,Osmorhiza,berteroi,,False,Osmorhiza berteroi
3925024.0,286,Peucedanum medicum var. gracile,949259-1,Apiaceae,Peucedanum,medicum,gracile,False,Peucedanum medicum var gracile
3924452.0,222,Osmorhiza glabrata,845554-1,Apiaceae,Osmorhiza,glabrata,,False,Osmorhiza glabrata
3925181.0,342,Hymenidium cristatum,1018528-1,Apiaceae,Hymenidium,cristatum,,False,Pleurospermum cristatum
3925028.0,264,Kitagawia terebinthacea,942884-1,Apiaceae,Kitagawia,terebinthacea,,False,Peucedanum terebinthaceum
3924462.0,222,Osmorhiza occidentalis,845564-1,Apiaceae,Osmorhiza,occidentalis,,False,Osmorhiza occidentalis
3924440.0,222,Osmorhiza berteroi,845536-1,Apiaceae,Osmorhiza,berteroi,,False,Osmorhiza berteroi
3604323.0,472,Centella asiatica,1197718-2,Apiaceae,Centella,asiatica,,False,Centella asiatica
3924448.0,222,Osmorhiza depauperata,845548-1,Apiaceae,Osmorhiza,depauperata,,False,Osmorhiza depauperata
3925022.0,286,Peucedanum medicum,846227-1,Apiaceae,Peucedanum,medicum,,False,Peucedanum medicum
3925019.0,271,Pseudopeucedanum ledebourielloides,77335984-1,Apiaceae,Pseudopeucedanum,ledebourielloides,,False,Peucedanum ledebourielloides
3925026.0,272,Kitagawia terebinthacea,942884-1,Apiaceae,Kitagawia,terebinthacea,,False,Peucedanum terebinthaceum
6541715.0,272,Thaspium trifoliatum,288371-2,Apiaceae,Thaspium,trifoliatum,,False,Thaspium trifoliatum
6143941.0,472,Centella asiatica,1197718-2,Apiaceae,Centella,asiatica,,False,Centella asiatica
6541723.0,269,Thaspium barbinode,30056939-2,Apiaceae,Thaspium,barbinode,,False,Thaspium barbinoide
3924450.0,222,Osmorhiza depauperata,845548-1,Apiaceae,Osmorhiza,depauperata,,False,Osmorhiza depauperata
3924444.0,222,Osmorhiza brachypoda,845540-1,Apiaceae,Osmorhiza,brachypoda,,False,Osmorhiza brachypoda
3925015.0,284,Peucedanum japonicum,846161-1,Apiaceae,Peucedanum,japonicum,,False,Peucedanum japonicum
3924997.0,234,Kitagawia baicalensis,942883-1,Apiaceae,Kitagawia,baicalensis,,False,Peucedanum caespitosum
10507240.0,511,Carissa spinarum,77756-1,Apocynaceae,Carissa,spinarum,,False,Carissa opaca
6785982.0,335,Ceropegia aristolochioides,95454-1,Apocynaceae,Ceropegia,aristolochioides,,False,Ceropegia aristolochioides
6288655.0,543,Tabernaemontana crassa,82072-1,Apocynaceae,Tabernaemontana,crassa,,False,Tabernaemontana crassa
6259177.0,535,Carissa spinarum,77756-1,Apocynaceae,Carissa,spinarum,,True,Carissa spinarum
10507227.0,280,Tabernaemontana divaricata,82097-1,Apocynaceae,Tabernaemontana,divaricata,,False,Tabernaemontana coronaria
4934175.0,535,Pleiocarpa rostrata,81145-1,Apocynaceae,Pleiocarpa,rostrata,,False,Pleiocarpa rostrata
15057654.0,475,Asclepias tuberosa,94704-1,Apocynaceae,Asclepias,tuberosa,,False,Asclepias tuberosum
10507216.0,381,Acokanthera oblongifolia,77164695-1,Apocynaceae,Acokanthera,oblongifolia,,False,Acokanthera spectabilis
10507237.0,203,Carissa macrocarpa,77727-1,Apocynaceae,Carissa,macrocarpa,,False,Carissa grandiflora
6785976.0,525,Cynanchum gerrardi,962431-1,Apocynaceae,Cynanchum,gerrardi,,False,Cynanchum gerrardii
6730839.0,382,Odontostephana carolinensis,172554-2,Apocynaceae,Odontostephana,carolinensis,,False,Matelea carolinensis
4934060.0,564,Rauvolfia vomitoria,81673-1,Apocynaceae,Rauvolfia,vomitoria,,False,Rauvolfia vomitoria
8296601.0,417,Hoya sussuela,98706-1,Apocynaceae,Hoya,sussuela,,False,Hoya sussuela
6259211.0,460,Gomphocarpus stenophyllus,97703-1,Apocynaceae,Gomphocarpus,stenophyllus,,False,Gomphocarpus stenophyllus
4301597.0,604,Cerbera manghas,77906-1,Apocynaceae,Cerbera,manghas,,False,Cerbera manghas
15080934.0,436,Allamanda cathartica,319065-2,Apocynaceae,Allamanda,cathartica,,True,Allamanda cathartica
4302974.0,363,Trachelospermum asiaticum,82528-1,Apocynaceae,Trachelospermum,asiaticum,,False,Trachelospermum gracilipes var. liukiuense
4934374.0,468,Alstonia boonei,76511-1,Apocynaceae,Alstonia,boonei,,False,Alstonia boonei
6785977.0,525,Cynanchum gerrardi,962431-1,Apocynaceae,Cynanchum,gerrardi,,False,Cynanchum gerrardii
3852056.0,620,Tabernaemontana pandacaqui,82269-1,Apocynaceae,Tabernaemontana,pandacaqui,,False,Tabernaemontana pandacaqui
10507221.0,538,Tabernaemontana dichotoma,60466169-2,Apocynaceae,Tabernaemontana,dichotoma,,True,Tabernaemontana dichotoma
8155389.0,393,Edithcolea grandis,97342-1,Apocynaceae,Edithcolea,grandis,,False,Edithcolea grandis
12896083.0,498,Carissa bispinosa,77685-1,Apocynaceae,Carissa,bispinosa,,False,Carissa bispinosa
8852382.0,376,Decalepis salicifolia,20003287-1,Apocynaceae,Decalepis,salicifolia,,False,Decalepis salicifolia
5911523.0,460,Asclepias syriaca,319076-2,Apocynaceae,Asclepias,syriaca,,False,Asclepias syriaca
6143935.0,354,Nerium oleander,80460-1,Apocynaceae,Nerium,oleander,,False,Nerium indicum
6574548.0,461,Asclepias quadrifolia,94581-1,Apocynaceae,Asclepias,quadrifolia,,False,Asclepias quadrifolia
5895436.0,445,Plumeria obtusa,81256-1,Apocynaceae,Plumeria,obtusa,,False,Plumeria obtusa
5911303.0,292,Apocynum androsaemifolium,16503-2,Apocynaceae,Apocynum,androsaemifolium,,False,Apocynum androsaemifolium
8852377.0,376,Decalepis hamiltonii,96807-1,Apocynaceae,Decalepis,hamiltonii,,False,Decalepis hamiltonii
8261388.0,368,Kibatalia maingayi,79461-1,Apocynaceae,Kibatalia,maingayi,,False,Kibatalia maingayi
4617418.0,474,Marsdenia tomentosa,99328-1,Apocynaceae,Marsdenia,tomentosa,,False,Marsdenia tomentosa
4301565.0,352,Trachelospermum asiaticum,82528-1,Apocynaceae,Trachelospermum,asiaticum,,False,Trachelospermum gracilipes var. liukiuense
6785980.0,335,Ceropegia aristolochioides,95454-1,Apocynaceae,Ceropegia,aristolochioides,,False,Ceropegia aristolochioides
6288708.0,474,Pleiocarpa pycnantha,81144-1,Apocynaceae,Pleiocarpa,pycnantha,,False,Pleiocarpa pycnantha
10507228.0,324,Tabernaemontana divaricata,82097-1,Apocynaceae,Tabernaemontana,divaricata,,False,Tabernaemontana coronaria
8852376.0,376,Decalepis hamiltonii,96807-1,Apocynaceae,Decalepis,hamiltonii,,False,Decalepis hamiltonii
3232421.0,320,Vincetoxicum rossicum,60456000-2,Apocynaceae,Vincetoxicum,rossicum,,False,Cynanchum rossicum
4302910.0,338,Anodendron affine,77061-1,Apocynaceae,Anodendron,affine,,False,Anodendron affine
8155388.0,395,Edithcolea grandis,97342-1,Apocynaceae,Edithcolea,grandis,,False,Edithcolea grandis
8852373.0,376,Decalepis arayalpathra,998076-1,Apocynaceae,Decalepis,arayalpathra,,False,Decalepis arayalpathra
6259184.0,460,Ceropegia racemosa,95737-1,Apocynaceae,Ceropegia,racemosa,,False,Ceropegia racemosa
4934159.0,566,Rauvolfia vomitoria,81673-1,Apocynaceae,Rauvolfia,vomitoria,,False,Rauvolfia vomitoria
4934371.0,504,Hunteria umbellata,79368-1,Apocynaceae,Hunteria,umbellata,,False,Hunteria umbellata
8852375.0,376,Decalepis arayalpathra,998076-1,Apocynaceae,Decalepis,arayalpathra,,False,Decalepis arayalpathra
4934430.0,559,Tabernaemontana brachyantha,82027-1,Apocynaceae,Tabernaemontana,brachyantha,,True,Tabernaemontana brachyantha
3852051.0,374,Wrightia laevis,82858-1,Apocynaceae,Wrightia,laevis,,False,Wrightia laevis
6785988.0,419,Caralluma arachnoidea,95205-1,Apocynaceae,Caralluma,arachnoidea,,False,Caralluma arachnoidea
8852381.0,376,Decalepis salicifolia,20003287-1,Apocynaceae,Decalepis,salicifolia,,False,Decalepis salicifolia
8852386.0,376,Hemidesmus indicus,60443873-2,Apocynaceae,Hemidesmus,indicus,,False,Hemidesmus indicus
9567964.0,442,Tabernaemontana flavicans,82121-1,Apocynaceae,Tabernaemontana,flavicans,,False,Tabernaemontana flavicans
15080889.0,255,Mandevilla hirsuta,151979-2,Apocynaceae,Mandevilla,hirsuta,,False,Mandevilla hirsuta
5895668.0,355,Pinochia corymbosa,77084115-1,Apocynaceae,Pinochia,corymbosa,,False,Pinochia corymbosa
6143887.0,588,Rauvolfia tetraphylla,81663-1,Apocynaceae,Rauvolfia,tetraphylla,,False,Rauvolfia tetraphylla
4934173.0,561,Rauvolfia mannii,81579-1,Apocynaceae,Rauvolfia,mannii,,False,Rauvolfia mannii
6073046.0,378,Holarrhena pubescens,79318-1,Apocynaceae,Holarrhena,pubescens,,True,Holarrhena antidysenterica
4934028.0,561,Rauvolfia mannii,81579-1,Apocynaceae,Rauvolfia,mannii,,False,Rauvolfia mannii
6143931.0,348,Vincetoxicum indicum,77164260-1,Apocynaceae,Vincetoxicum,indicum,,False,Tylophora indica
5895657.0,361,Pinochia corymbosa,77084115-1,Apocynaceae,Pinochia,corymbosa,,False,Pinochia corymbosa
4302306.0,471,Marsdenia tomentosa,99328-1,Apocynaceae,Marsdenia,tomentosa,,False,Marsdenia tomentosa
5182571.0,341,Trachelospermum jasminoides,82553-1,Apocynaceae,Trachelospermum,jasminoides,,False,Trachelospermum jasminoides
10507222.0,550,Tabernaemontana dichotoma,60466169-2,Apocynaceae,Tabernaemontana,dichotoma,,True,Tabernaemontana dichotoma
10578519.0,215,Nerium oleander,80460-1,Apocynaceae,Nerium,oleander,,False,Nerium oleander
10507215.0,381,Acokanthera oblongifolia,77164695-1,Apocynaceae,Acokanthera,oblongifolia,,False,Acokanthera spectabilis
5303906.0,632,Rauvolfia serpentina,81648-1,Apocynaceae,Rauvolfia,serpentina,,False,Rauvolfia serpentina
6785990.0,419,Caralluma arachnoidea,95205-1,Apocynaceae,Caralluma,arachnoidea,,False,Caralluma arachnoidea
6541792.0,293,Apocynum androsaemifolium,16503-2,Apocynaceae,Apocynum,androsaemifolium,,False,Apocynum androsaemifolium
4934004.0,531,Pleiocarpa rostrata,81145-1,Apocynaceae,Pleiocarpa,rostrata,,False,Pleiocarpa rostrata
9754175.0,444,Tabernaemontana flavicans,82121-1,Apocynaceae,Tabernaemontana,flavicans,,False,Tabernaemontana flavicans
10507234.0,229,Carissa macrocarpa,77727-1,Apocynaceae,Carissa,macrocarpa,,False,Carissa grandiflora
8297615.0,420,Tabernaemontana sphaerocarpa,82336-1,Apocynaceae,Tabernaemontana,sphaerocarpa,,False,Tabernaemontana sphaerocarpa
3232360.0,461,Asclepias syriaca,319076-2,Apocynaceae,Asclepias,syriaca,,False,Asclepias syriaca
6143902.0,468,Calotropis gigantea,95173-1,Apocynaceae,Calotropis,gigantea,,False,Calotropis gigantea
6757314.0,419,Cynanchum viminale,77120427-1,Apocynaceae,Cynanchum,viminale,,False,Cynanchum viminale
8297608.0,419,Tabernaemontana sphaerocarpa,82336-1,Apocynaceae,Tabernaemontana,sphaerocarpa,,False,Tabernaemontana sphaerocarpa
4933987.0,499,Alstonia boonei,76511-1,Apocynaceae,Alstonia,boonei,,False,Alstonia boonei
4302231.0,338,Anodendron affine,77061-1,Apocynaceae,Anodendron,affine,,False,Anodendron affine
6757324.0,456,Kanahia laniflora,98887-1,Apocynaceae,Kanahia,laniflora,,False,Kanahia laniflora
8852387.0,376,Hemidesmus indicus,60443873-2,Apocynaceae,Hemidesmus,indicus,,False,Hemidesmus indicus
15080881.0,519,Cynanchum arenarium,96030-1,Apocynaceae,Cynanchum,arenarium,,False,Cynanchum arenarium
15080855.0,342,Dischidia chinensis,96908-1,Apocynaceae,Dischidia,chinensis,,False,Dischidia chinensis
15057659.0,505,Chthamalia biflora,95859-1,Apocynaceae,Chthamalia,biflora,,False,Matelea biflora
6757313.0,377,Cynanchum viminale,77120427-1,Apocynaceae,Cynanchum,viminale,,False,Cynanchum viminale
15080629.0,344,Pachypodium lamerei,80705-1,Apocynaceae,Pachypodium,lamerei,,False,Pachypodium lamerei
6288550.0,388,Funtumia africana,79098-1,Apocynaceae,Funtumia,africana,,False,Funtumia africana
4619032.0,504,Ochrosia nakaiana,80530-1,Apocynaceae,Ochrosia,nakaiana,,False,Ochrosia nakaiana
8336019.0,546,Rauvolfia sumatrana,81660-1,Apocynaceae,Rauvolfia,sumatrana,,False,Rauvolfia sumatrana
8296635.0,559,Cerbera floribunda,77893-1,Apocynaceae,Cerbera,floribunda,,False,Cerbera floribunda
4618244.0,507,Ochrosia nakaiana,80530-1,Apocynaceae,Ochrosia,nakaiana,,False,Ochrosia nakaiana
6143874.0,358,Ichnocarpus frutescens,79384-1,Apocynaceae,Ichnocarpus,frutescens,,False,Ichnocarpus frutescens
3232359.0,444,Asclepias incarnata,94351-1,Apocynaceae,Asclepias,incarnata,,False,Asclepias incarnata
4934098.0,486,Voacanga psilocalyx,82755-1,Apocynaceae,Voacanga,psilocalyx,,False,Voacanga psilocalyx
8297723.0,471,Alstonia scholaris,60445977-2,Apocynaceae,Alstonia,scholaris,,False,Alstonia scholaris
6541806.0,449,Asclepias exaltata,94266-1,Apocynaceae,Asclepias,exaltata,,False,Asclepias exaltata
6288587.0,466,Voacanga chalotiana,82727-1,Apocynaceae,Voacanga,chalotiana,,False,Voacanga chalotiana
5895464.0,546,Plumeria alba,81171-1,Apocynaceae,Plumeria,alba,,False,Plumeria alba
15080763.0,353,Hoya macgillivrayi,98549-1,Apocynaceae,Hoya,macgillivrayi,,False,Hoya macgillivrayi
6541674.0,462,Asclepias exaltata,94266-1,Apocynaceae,Asclepias,exaltata,,False,Asclepias exaltata
4934129.0,589,Tabernaemontana crassa,82072-1,Apocynaceae,Tabernaemontana,crassa,,False,Tabernaemontana crassa
8261409.0,505,Dyera polyphylla,78326-1,Apocynaceae,Dyera,polyphylla,,False,Dyera polyphylla
6288560.0,474,Pleiocarpa pycnantha,81144-1,Apocynaceae,Pleiocarpa,pycnantha,,False,Pleiocarpa pycnantha
13507300.0,399,Cynanchum annularium,77158550-1,Apocynaceae,Cynanchum,annularium,,False,Holostemma ada-kodien
8297727.0,598,Cerbera manghas,77906-1,Apocynaceae,Cerbera,manghas,,False,Cerbera manghas
6143961.0,468,Calotropis procera,1004515-2,Apocynaceae,Calotropis,procera,,False,Calotropis procera
6143918.0,553,Carissa carandas,77691-1,Apocynaceae,Carissa,carandas,,True,Carissa carandas
8336006.0,529,Kopsia flavida,79496-1,Apocynaceae,Kopsia,flavida,,False,Kopsia flavida
6143907.0,505,Catharanthus roseus,77880-1,Apocynaceae,Catharanthus,roseus,,False,Catharanthus roseus
4301986.0,447,Ilex goshiensis,83336-1,Aquifoliaceae,Ilex,goshiensis,,False,Ilex goshiensis
4303117.0,429,Ilex latifolia,83430-1,Aquifoliaceae,Ilex,latifolia,,False,Ilex latifolia
14517567.0,432,Ilex goshiensis,83336-1,Aquifoliaceae,Ilex,goshiensis,,False,Ilex goshiensis
4287800.0,482,Ilex chinensis,83149-1,Aquifoliaceae,Ilex,chinensis,,False,Ilex chinensis
4618279.0,381,Ilex macropoda,83482-1,Aquifoliaceae,Ilex,macropoda,,False,Ilex macropoda
4617900.0,387,Ilex macropoda,83482-1,Aquifoliaceae,Ilex,macropoda,,False,Ilex macropoda
6632257.0,508,Ilex verticillata,83852-1,Aquifoliaceae,Ilex,verticillata,,False,Ilex verticillata
4619184.0,487,Ilex crenata var. crenata,77231698-1,Aquifoliaceae,Ilex,crenata,crenata,False,Ilex crenata var. crenata
4300877.0,441,Ilex geniculata,83322-1,Aquifoliaceae,Ilex,geniculata,,False,Ilex geniculata
4618837.0,429,Ilex matanoana,83500-1,Aquifoliaceae,Ilex,matanoana,,False,Ilex matanoana
4302948.0,490,Ilex sugerokii var. sugerokii,77231650-1,Aquifoliaceae,Ilex,sugerokii,sugerokii,False,Ilex sugerokii var. sugerokii
4287799.0,435,Ilex sp.,60441751-2,Aquifoliaceae,Ilex,,,True,Ilex rotunda
4302345.0,486,Ilex crenata var. crenata,77231698-1,Aquifoliaceae,Ilex,crenata,crenata,False,Ilex crenata var. crenata
4617386.0,422,Ilex latifolia,83430-1,Aquifoliaceae,Ilex,latifolia,,False,Ilex latifolia
4302804.0,482,Ilex chinensis,83149-1,Aquifoliaceae,Ilex,chinensis,,False,Ilex chinensis
4617473.0,464,Ilex micrococca,83520-1,Aquifoliaceae,Ilex,micrococca,,False,Ilex micrococca
4618356.0,488,Ilex crenata var. radicans,77252387-1,Aquifoliaceae,Ilex,crenata,radicans,False,Ilex crenata var. radicans
5895715.0,418,Ilex obcordata,83575-1,Aquifoliaceae,Ilex,obcordata,,False,Ilex obcordata
4302502.0,483,Ilex crenata var. radicans,77252387-1,Aquifoliaceae,Ilex,crenata,radicans,False,Ilex crenata var. radicans
3923748.0,484,Ilex pentagona,1004696-1,Aquifoliaceae,Ilex,pentagona,,False,Ilex pentagona
4618483.0,424,Ilex matanoana,83500-1,Aquifoliaceae,Ilex,matanoana,,False,Ilex matanoana
5895571.0,397,Ilex nitida,30179833-2,Aquifoliaceae,Ilex,nitida,,False,Ilex nitida
5911539.0,507,Ilex verticillata,83852-1,Aquifoliaceae,Ilex,verticillata,,False,Ilex verticillata
4302626.0,425,Ilex nipponica,83565-1,Aquifoliaceae,Ilex,nipponica,,False,Ilex nipponica
4302893.0,469,Ilex micrococca,83520-1,Aquifoliaceae,Ilex,micrococca,,False,Ilex micrococca
4301172.0,429,Ilex leucoclada,83443-1,Aquifoliaceae,Ilex,leucoclada,,False,Ilex leucoclada
3923737.0,405,Ilex cornuta,83182-1,Aquifoliaceae,Ilex,cornuta,,False,Ilex cornuta
4617992.0,430,Ilex leucoclada,83443-1,Aquifoliaceae,Ilex,leucoclada,,False,Ilex leucoclada
4301954.0,430,Ilex warburgii,83871-1,Aquifoliaceae,Ilex,warburgii,,False,Ilex warburgii
6541753.0,429,Ilex opaca,30066096-2,Aquifoliaceae,Ilex,opaca,,False,Ilex opaca
5911508.0,505,Ilex mucronata,1170537-2,Aquifoliaceae,Ilex,mucronata,,False,Ilex mucronata
5182557.0,378,Ilex aquifolium,83051-1,Aquifoliaceae,Ilex,aquifolium,,True,Ilex aquifolium
3923746.0,484,Ilex pentagona,1004696-1,Aquifoliaceae,Ilex,pentagona,,False,Ilex pentagona
4302790.0,428,Ilex buergeri,83107-1,Aquifoliaceae,Ilex,buergeri,,False,Ilex buergeri
4303005.0,429,Ilex warburgii,83871-1,Aquifoliaceae,Ilex,warburgii,,False,Ilex warburgii
14517346.0,427,Ilex buergeri,83107-1,Aquifoliaceae,Ilex,buergeri,,False,Ilex buergeri
14517519.0,429,Ilex sp.,60441751-2,Aquifoliaceae,Ilex,,,True,Ilex rotunda
5895768.0,460,Ilex macfadyenii,127913-2,Aquifoliaceae,Ilex,macfadyenii,,False,Ilex macfadyenii
5911357.0,480,Ilex mucronata,1170537-2,Aquifoliaceae,Ilex,mucronata,,False,Ilex mucronata
4303036.0,429,Ilex liukiuensis,83452-1,Aquifoliaceae,Ilex,liukiuensis,,False,Ilex liukiuensis
5895755.0,300,Ilex guianensis,127855-2,Aquifoliaceae,Ilex,guianensis,,False,Ilex guianensis
4618859.0,429,Ilex mertensii,83512-1,Aquifoliaceae,Ilex,mertensii,,False,Ilex mertensii var. beecheyi
4301571.0,419,Ilex maximowicziana,83504-1,Aquifoliaceae,Ilex,maximowicziana,,False,Ilex maximowicziana var. kanehirae
3923735.0,405,Ilex cornuta,83182-1,Aquifoliaceae,Ilex,cornuta,,False,Ilex cornuta
4302712.0,441,Ilex sugerokii var. brevipedunculata,77250533-1,Aquifoliaceae,Ilex,sugerokii,brevipedunculata,False,Ilex sugerokii var. brevipedunculata
4618915.0,429,Ilex mertensii,83512-1,Aquifoliaceae,Ilex,mertensii,,False,Ilex mertensii var. beecheyi
5895680.0,417,Ilex nitida,30179833-2,Aquifoliaceae,Ilex,nitida,,False,Ilex nitida
6575329.0,428,Ilex opaca,30066096-2,Aquifoliaceae,Ilex,opaca,,False,Ilex opaca
5182579.0,248,Anthurium andraeanum,84549-1,Araceae,Anthurium,andraeanum,,False,Anthurium andraeanum
6511607.0,334,Symplocarpus foetidus,1149384-2,Araceae,Symplocarpus,foetidus,,False,Symplocarpus foetidus
5182570.0,427,Spathiphyllum wallisii,89011-1,Araceae,Spathiphyllum,wallisii,,False,Spathiphyllum wallisii
3922843.0,311,Arisaema heterophyllum,85667-1,Araceae,Arisaema,heterophyllum,,False,Arisaema heterophyllum
15080957.0,437,Amydrium sp.,2687-1,Araceae,Amydrium,,,False,Amydrium sp.
15080666.0,555,Spathicarpa hastifolia,88939-1,Araceae,Spathicarpa,hastifolia,,False,Spathicarpa hastifolia
15080797.0,333,Orontium aquaticum,87585-1,Araceae,Orontium,aquaticum,,False,Orontium aquaticum
3922845.0,552,Arisaema heterophyllum,85667-1,Araceae,Arisaema,heterophyllum,,False,Arisaema heterophyllum
15080696.0,565,Zamioculcas zamiifolia,89402-1,Araceae,Zamioculcas,zamiifolia,,False,Zamioculcas zamiifolia
15080734.0,292,Anthurium lilacinum,15404-2,Araceae,Anthurium,lilacinum,,True,Anthurium lilacinum
15057581.0,598,Remusatia vivipara,88433-1,Araceae,Remusatia,vivipara,,False,Remusatia vivipara
5895652.0,361,Philodendron giganteum,87774-1,Araceae,Philodendron,giganteum,,False,Philodendron giganteum
15080940.0,559,Lagenandra ovata,87402-1,Araceae,Lagenandra,ovata,,False,Lagenandra ovata
15080814.0,401,Carlephyton glaucophyllum,86534-1,Araceae,Carlephyton,glaucophyllum,,False,Carlephyton glaucophyllum
15080723.0,354,Pistia stratiotes,317684-2,Araceae,Pistia,stratiotes,,False,Pistia stratiotes
15080773.0,611,Aglaonema commutatum,84050-1,Araceae,Aglaonema,commutatum,,False,Aglaonema commutatum
15080770.0,547,Peltandra virginica,87608-1,Araceae,Peltandra,virginica,,False,Peltandra virginica
3922846.0,529,Arisaema decipiens,85623-1,Araceae,Arisaema,decipiens,,False,Arisaema rhizomatum
15080600.0,349,Monstera sp.,330206-2,Araceae,Monstera,,,False,Monstera sp.
15080552.0,406,Anchomanes difformis,84497-1,Araceae,Anchomanes,difformis,,False,Anchomanes difformis
9748897.0,307,Anthurium clavigerum,84666-1,Araceae,Anthurium,clavigerum,,False,Anthurium clavigerum
3922842.0,519,Arisaema flavum,85646-1,Araceae,Arisaema,flavum,,False,Arisaema flavum
6511600.0,334,Symplocarpus foetidus,1149384-2,Araceae,Symplocarpus,foetidus,,False,Symplocarpus foetidus
5182568.0,396,Monstera deliciosa,87478-1,Araceae,Monstera,deliciosa,,False,Monstera deliciosa
5182569.0,399,Dieffenbachia seguine,86911-1,Araceae,Dieffenbachia,seguine,,False,Dieffenbachia seguine
3232655.0,282,Wolffia columbiana,526266-1,Araceae,Wolffia,columbiana,,False,Wolffia columbiana
15080637.0,414,Spathiphyllum phryniifolium,88999-1,Araceae,Spathiphyllum,phryniifolium,,False,Spathiphyllum phryniifolium
15080683.0,472,Rhodospatha badilloi,219633-2,Araceae,Rhodospatha,badilloi,,False,Rhodospatha badilloi
15080576.0,304,Gonatopus boivinii,87071-1,Araceae,Gonatopus,boivinii,,False,Gonatopus boivinii
15080778.0,558,Stenospermation marantifolium,89045-1,Araceae,Stenospermation,marantifolium,,False,Stenospermation marantifolium
3232498.0,492,Lemna minor,526194-1,Araceae,Lemna,minor,,False,Lemna minor
5911662.0,487,Aralia racemosa,89765-1,Araliaceae,Aralia,racemosa,,False,Aralia racemosa
9048283.0,480,Heptapleurum setulosum,77213699-1,Araliaceae,Heptapleurum,setulosum,,False,Schefflera setulosa
4302171.0,450,Eleutherococcus spinosus,90439-1,Araliaceae,Eleutherococcus,spinosus,,False,Eleutherococcus spinosus var. spinosus
14517371.0,458,Kalopanax septemlobus subsp. septemlobus,77169535-1,Araliaceae,Kalopanax,septemlobus,septemlobus,False,Kalopanax septemlobus subsp. septemlobus
4301011.0,430,Chengiopanax sciadophylloides,969701-1,Araliaceae,Chengiopanax,sciadophylloides,,False,Chengiopanax sciadophylloides
4302028.0,451,Kalopanax septemlobus subsp. septemlobus,77169535-1,Araliaceae,Kalopanax,septemlobus,septemlobus,False,Kalopanax septemlobus subsp. septemlobus
6541788.0,473,Aralia racemosa,89765-1,Araliaceae,Aralia,racemosa,,False,Aralia racemosa
4617989.0,490,Aralia elata,89629-1,Araliaceae,Aralia,elata,,False,Aralia elata
15061755.0,472,Polyscias floccosa,91761-1,Araliaceae,Polyscias,floccosa,,False,Polyscias floccosa
4617565.0,434,Chengiopanax sciadophylloides,969701-1,Araliaceae,Chengiopanax,sciadophylloides,,False,Chengiopanax sciadophylloides
4302646.0,435,Gamblea innovans,1015341-1,Araliaceae,Gamblea,innovans,,False,Gamblea innovans
4302252.0,462,Heptapleurum heptaphyllum,77196882-1,Araliaceae,Heptapleurum,heptaphyllum,,False,Schefflera heptaphylla
4619161.0,454,Eleutherococcus spinosus,90439-1,Araliaceae,Eleutherococcus,spinosus,,False,Eleutherococcus spinosus var. spinosus
10578487.0,316,Heptapleurum arboricola,90845-1,Araliaceae,Heptapleurum,arboricola,,False,Schefflera arboricola
4302964.0,462,Heptapleurum heptaphyllum,77196882-1,Araliaceae,Heptapleurum,heptaphyllum,,False,Schefflera heptaphylla
4618645.0,438,Fatsia oligocarpella,90498-1,Araliaceae,Fatsia,oligocarpella,,False,Fatsia oligocarpella
4619077.0,436,Gamblea innovans,1015341-1,Araliaceae,Gamblea,innovans,,False,Gamblea innovans
3604348.0,478,Polyscias elegans,107794-3,Araliaceae,Polyscias,elegans,,False,Polyscias elegans
4617706.0,462,Eleutherococcus divaricatus,90417-1,Araliaceae,Eleutherococcus,divaricatus,,False,Eleutherococcus divaricatus
14517323.0,462,Eleutherococcus japonicus,90421-1,Araliaceae,Eleutherococcus,japonicus,,False,Eleutherococcus spinosus var. japonicus
4302518.0,466,Aralia elata,89629-1,Araliaceae,Aralia,elata,,False,Aralia elata
5911459.0,500,Aralia nudicaulis,89729-1,Araliaceae,Aralia,nudicaulis,,True,Aralia nudicaulis
3818486.0,463,Polyscias australiana,91730-1,Araliaceae,Polyscias,australiana,,False,Polyscias australiana
4618417.0,478,Fatsia oligocarpella,90498-1,Araliaceae,Fatsia,oligocarpella,,False,Fatsia oligocarpella
4303049.0,463,Dendropanax trifidus,90313-1,Araliaceae,Dendropanax,trifidus,,False,Dendropanax trifidus
9048279.0,446,Heptapleurum setulosum,77213699-1,Araliaceae,Heptapleurum,setulosum,,False,Schefflera setulosa
5182562.0,303,Hedera hibernica,77176743-1,Araliaceae,Hedera,hibernica,,False,Hedera hibernica
15061736.0,475,Polyscias boivinii,91739-1,Araliaceae,Polyscias,boivinii,,False,Polyscias boivinii
10564236.0,277,Heptapleurum actinophyllum,77213393-1,Araliaceae,Heptapleurum,actinophyllum,,False,Schefflera actionophylla
14517522.0,458,Dendropanax trifidus,90313-1,Araliaceae,Dendropanax,trifidus,,False,Dendropanax trifidus
6541708.0,482,Panax quinquefolius,300467-2,Araliaceae,Panax,quinquefolius,,False,Panax quinquefolius
14517534.0,464,Hedera rhombea,60453330-2,Araliaceae,Hedera,rhombea,,False,Hedera rhombea
6541804.0,471,Panax quinquefolius,300467-2,Araliaceae,Panax,quinquefolius,,False,Panax quinquefolius
4618683.0,463,Hedera rhombea,60453330-2,Araliaceae,Hedera,rhombea,,False,Hedera rhombea
5182561.0,382,Hedera helix,90723-1,Araliaceae,Hedera,helix,,True,Hedera helix
5911479.0,500,Aralia nudicaulis,89729-1,Araliaceae,Aralia,nudicaulis,,True,Aralia nudicaulis
10564237.0,421,Heptapleurum actinophyllum,77213393-1,Araliaceae,Heptapleurum,actinophyllum,,False,Schefflera actionophylla
9077870.0,472,Polyscias spectabilis,77107190-1,Araliaceae,Polyscias,spectabilis,,False,Gastonia spectabilis
10578486.0,316,Heptapleurum arboricola,90845-1,Araliaceae,Heptapleurum,arboricola,,False,Schefflera arboricola
15080859.0,482,Hedera nepalensis,90752-1,Araliaceae,Hedera,nepalensis,,False,Hedera nepalensis
4301738.0,458,Aralia elata var. elata,77167615-1,Araliaceae,Aralia,elata,elata,False,Aralia elata f. canescens
3818485.0,478,Polyscias elegans,107794-3,Araliaceae,Polyscias,elegans,,False,Polyscias elegans
4618401.0,463,Eleutherococcus divaricatus,90417-1,Araliaceae,Eleutherococcus,divaricatus,,False,Eleutherococcus divaricatus
5895610.0,453,Dendropanax laurifolius,90260-1,Araliaceae,Dendropanax,laurifolius,,False,Dendropanax laurifolius
4617585.0,463,Eleutherococcus senticosus,90431-1,Araliaceae,Eleutherococcus,senticosus,,False,Eleutherococcus senticosus
8301160.0,389,Polyscias nodosa,91792-1,Araliaceae,Polyscias,nodosa,,False,Polyscias nodosa
4301647.0,458,Aralia elata var. elata,77167615-1,Araliaceae,Aralia,elata,elata,False,Aralia elata f. canescens
5911595.0,479,Panax trifolius,281988-2,Araliaceae,Panax,trifolius,,False,Panax trifolius
4302783.0,471,Eleutherococcus japonicus,90421-1,Araliaceae,Eleutherococcus,japonicus,,False,Eleutherococcus spinosus var. japonicus
9077840.0,427,Polyscias spectabilis,77107190-1,Araliaceae,Polyscias,spectabilis,,False,Gastonia spectabilis
15080724.0,644,Chamaedorea ernesti-augusti,54867-2,Arecaceae,Chamaedorea,ernesti-augusti,,False,Chamaedorea ernesti-angusti
4618101.0,648,Livistona boninensis,668019-1,Arecaceae,Livistona,boninensis,,False,Livistona boninensis
3818339.0,355,Archontophoenix alexandrae,664083-1,Arecaceae,Archontophoenix,alexandrae,,False,Archontophoenix alexandrae
15080898.0,646,Hyophorbe lagenicaulis,667453-1,Arecaceae,Hyophorbe,lagenicaulis,,False,Hyophorbe lagenicaulis
4618511.0,639,Arenga ryukyuensis,77080352-1,Arecaceae,Arenga,ryukyuensis,,False,Arenga ryukyuensis
5895524.0,483,Aiphanes minima,7917-2,Arecaceae,Aiphanes,minima,,False,Aiphanes acanthophylla
8155425.0,629,Phoenix reclinata,668943-1,Arecaceae,Phoenix,reclinata,,False,Phoenix reclinata
4618457.0,339,Clinostigma savoryanum,666008-1,Arecaceae,Clinostigma,savoryanum,,False,Clinostigma savoryanum
5895472.0,614,Calyptronoma rivalis,43534-2,Arecaceae,Calyptronoma,rivalis,,False,Calyptronoma rivalis
4618392.0,637,Arenga ryukyuensis,77080352-1,Arecaceae,Arenga,ryukyuensis,,False,Arenga ryukyuensis
3818340.0,646,Licuala ramsayi var. ramsayi,77170281-1,Arecaceae,Licuala,ramsayi,ramsayi,False,Licuala ramsayi var. ramsayi
5895592.0,625,Acrocomia aculeata,663914-1,Arecaceae,Acrocomia,aculeata,,False,Acrocomia aculeata
5895508.0,478,Gaussia attenuata,107805-2,Arecaceae,Gaussia,attenuata,,False,Gaussia attenuata
4617749.0,648,Livistona boninensis,668019-1,Arecaceae,Livistona,boninensis,,False,Livistona boninensis
15080897.0,646,Hyophorbe lagenicaulis,667453-1,Arecaceae,Hyophorbe,lagenicaulis,,False,Hyophorbe lagenicaulis
4617606.0,338,Clinostigma savoryanum,666008-1,Arecaceae,Clinostigma,savoryanum,,False,Clinostigma savoryanum
15057503.0,506,Butia capitata,38705-2,Arecaceae,Butia,capitata,,False,Butia capitata
6143934.0,540,Cocos nucifera,666160-1,Arecaceae,Cocos,nucifera,,False,Cocos nucifera
3818550.0,645,Ptychosperma elegans,669378-1,Arecaceae,Ptychosperma,elegans,,False,Ptychosperma elegans
15080836.0,463,Butia capitata,38705-2,Arecaceae,Butia,capitata,,False,Butia capitata
10285480.0,433,Syagrus amara,670002-1,Arecaceae,Syagrus,amara,,False,Syagrus amara
8268253.0,355,Areca macrocalyx,664171-1,Arecaceae,Areca,macrocalyx,,False,Areca macrocalyx
10285445.0,246,Geonoma pinnatifrons,667206-1,Arecaceae,Geonoma,pinnatifrons,,False,Geonoma pinnatifrons
15080813.0,485,Saruma henryi,93806-1,Aristolochiaceae,Saruma,henryi,,False,Saruma henryi
18052679.0,272,Aristolochia pilosa,93231-1,Aristolochiaceae,Aristolochia,pilosa,,False,Aristolochia pilosa
6574535.0,257,Aristolochia serpentaria,93333-1,Aristolochiaceae,Aristolochia,serpentaria,,False,Aristolochia serpentaria
6574544.0,257,Aristolochia serpentaria,93333-1,Aristolochiaceae,Aristolochia,serpentaria,,False,Aristolochia serpentaria
15061729.0,222,Aristolochia albida,92723-1,Aristolochiaceae,Aristolochia,albida,,False,Aristolochia albida
15080653.0,259,Aristolochia gigantea,60460287-2,Aristolochiaceae,Aristolochia,gigantea,,True,Aristolochia gigantea
15080844.0,228,Aristolochia goldieana,92971-1,Aristolochiaceae,Aristolochia,goldieana,,False,Pararistolochia goldieana
8267523.0,244,Thottea sp.,3169-1,Aristolochiaceae,Thottea,,,False,Thottea sp. nov.
9754177.0,274,Aristolochia sp.,330834-2,Aristolochiaceae,Aristolochia,,,False,Aristolochia sp. nov
15080563.0,251,Aristolochia arborea,92742-1,Aristolochiaceae,Aristolochia,arborea,,False,Aristolochia arborea
5182559.0,364,Convallaria majalis,533487-1,Asparagaceae,Convallaria,majalis,,False,Convallaria majalis
15080826.0,626,Asparagus horridus,531139-1,Asparagaceae,Asparagus,horridus,,True,Asparagus horridus
6785972.0,371,Chlorophytum subpetiolatum,970983-1,Asparagaceae,Chlorophytum,subpetiolatum,,False,Chlorophytum subpetiolatum
5911334.0,620,Maianthemum canadense,538030-1,Asparagaceae,Maianthemum,canadense,,False,Maianthemum canadense
10564220.0,625,Dracaena reflexa var. angustifolia,77189099-1,Asparagaceae,Dracaena,reflexa,angustifolia,True,Dracaena marginata
3923005.0,623,Rohdea wattii,77065524-1,Asparagaceae,Rohdea,wattii,,False,Campylandra wattii
3924265.0,607,Maianthemum tatsienense,943011-1,Asparagaceae,Maianthemum,tatsienense,,False,Maianthemum tatsienense
3232516.0,586,Maianthemum racemosum,538037-1,Asparagaceae,Maianthemum,racemosum,,False,Maianthemum racemosum
3924245.0,599,Maianthemum henryi,943004-1,Asparagaceae,Maianthemum,henryi,,False,Maianthemum henryi
15080652.0,626,Reineckea carnea,540365-1,Asparagaceae,Reineckea,carnea,,False,Reineckea carnea
9598467.0,624,Dracaena conspicua,77183470-1,Asparagaceae,Dracaena,conspicua,,False,Sansevieria conspicua
3925195.0,565,Polygonatum cirrhifolium,540106-1,Asparagaceae,Polygonatum,cirrhifolium,,False,Polygonatum cirrhifolium
15080871.0,620,Yucca necopina,270389-2,Asparagaceae,Yucca,necopina,,False,Yucca necopina
15080737.0,631,Hyacinthoides hispanica,536678-1,Asparagaceae,Hyacinthoides,hispanica,,False,Hyacinthoides hispanica
3852060.0,591,Cordyline cannifolia,533554-1,Asparagaceae,Cordyline,cannifolia,,True,Cordyline cannifolia
6785973.0,371,Chlorophytum subpetiolatum,970983-1,Asparagaceae,Chlorophytum,subpetiolatum,,False,Chlorophytum subpetiolatum
4934506.0,647,Dracaena bicolor,534122-1,Asparagaceae,Dracaena,bicolor,,False,Dracaena bicolor
5911320.0,620,Maianthemum canadense,538030-1,Asparagaceae,Maianthemum,canadense,,False,Maianthemum canadense
8301154.0,498,Dracaena angustifolia,534103-1,Asparagaceae,Dracaena,angustifolia,,False,Pleomele angustifolia
4486087.0,547,Maianthemum dilatatum,149429-2,Asparagaceae,Maianthemum,dilatatum,,False,Maianthemum dilatatum
3924257.0,586,Maianthemum purpureum,943009-1,Asparagaceae,Maianthemum,purpureum,,False,Maianthemum purpureum
8268245.0,625,Dracaena angustifolia,534103-1,Asparagaceae,Dracaena,angustifolia,,False,Pleomele angustifolia
8155034.0,587,Albuca virens subsp. virens,77168967-1,Asparagaceae,Albuca,virens,virens,True,Ornithogalum tenuifolium
6574520.0,600,Polygonatum biflorum,540091-1,Asparagaceae,Polygonatum,biflorum,,False,Polygonatum biflorum
6574542.0,586,Maianthemum racemosum,538037-1,Asparagaceae,Maianthemum,racemosum,,False,Maianthemum racemosum
5911413.0,602,Polygonatum pubescens,540213-1,Asparagaceae,Polygonatum,pubescens,,False,Polygonatum pubescens
4486160.0,547,Maianthemum trifolium,538040-1,Asparagaceae,Maianthemum,trifolium,,False,Maianthemum trifolium
3925207.0,592,Polygonatum cirrhifolium,540106-1,Asparagaceae,Polygonatum,cirrhifolium,,False,Polygonatum cirrhifolium
4486142.0,547,Maianthemum stellatum,538039-1,Asparagaceae,Maianthemum,stellatum,,False,Maianthemum stellatum
3924261.0,607,Maianthemum purpureum,943009-1,Asparagaceae,Maianthemum,purpureum,,False,Maianthemum purpureum
6632232.0,601,Polygonatum biflorum,540091-1,Asparagaceae,Polygonatum,biflorum,,False,Polygonatum biflorum
3926266.0,630,Tupistra pingbianensis,994605-1,Asparagaceae,Tupistra,pingbianensis,,False,Tupistra pingbianensis
15080551.0,626,Maianthemum stellatum,538039-1,Asparagaceae,Maianthemum,stellatum,,False,Maianthemum stellatum
10564218.0,625,Dracaena reflexa var. angustifolia,77189099-1,Asparagaceae,Dracaena,reflexa,angustifolia,True,Dracaena marginata
15057651.0,626,Aspidistra elatior,531586-1,Asparagaceae,Aspidistra,elatior,,False,Aspidistra elatior
15080930.0,626,Aspidistra locii,77061446-1,Asparagaceae,Aspidistra,locii,,False,Aspidistra locii
3925208.0,566,Polygonatum griffithii,540136-1,Asparagaceae,Polygonatum,griffithii,,False,Polygonatum griffithii
4934085.0,590,Dracaena laxissima,534260-1,Asparagaceae,Dracaena,laxissima,,False,Dracaena laxissima
3925214.0,592,Polygonatum verticillatum,540250-1,Asparagaceae,Polygonatum,verticillatum,,False,Polygonatum verticillatum
3925216.0,592,Polygonatum verticillatum,540250-1,Asparagaceae,Polygonatum,verticillatum,,False,Polygonatum verticillatum
6757302.0,551,Asparagus falcatus,531097-1,Asparagaceae,Asparagus,falcatus,,True,Asparagus falcatus
15080750.0,631,Albuca bracteata,77097737-1,Asparagaceae,Albuca,bracteata,,False,Albuca bracteata
15057621.0,626,Dasylirion leiophyllum,76809-2,Asparagaceae,Dasylirion,leiophyllum,,False,Dasylirion leiophyllum
6757301.0,358,Asparagus falcatus,531097-1,Asparagaceae,Asparagus,falcatus,,True,Asparagus falcatus
4934282.0,646,Dracaena laxissima,534260-1,Asparagaceae,Dracaena,laxissima,,False,Dracaena laxissima
3924231.0,607,Maianthemum atropurpureum,942999-1,Asparagaceae,Maianthemum,atropurpureum,,False,Maianthemum atropurpureum
3924229.0,607,Maianthemum atropurpureum,942999-1,Asparagaceae,Maianthemum,atropurpureum,,False,Maianthemum atropurpureum
4486120.0,547,Maianthemum bifolium,30042358-2,Asparagaceae,Maianthemum,bifolium,,False,Maianthemum bifolium
3924267.0,607,Maianthemum tatsienense,943011-1,Asparagaceae,Maianthemum,tatsienense,,False,Maianthemum tatsiense
15057513.0,585,Beschorneria rigida,31843-2,Asparagaceae,Beschorneria,rigida,,False,Beschorneria rigida
3925213.0,561,Polygonatum humile,540146-1,Asparagaceae,Polygonatum,humile,,False,Polygonatum humile
3925194.0,547,Polygonatum acuminatifolium,540075-1,Asparagaceae,Polygonatum,acuminatifolium,,False,Polygonatum acuminatifolium
15080731.0,211,Chlorophytum orchidastrum,533000-1,Asparagaceae,Chlorophytum,orchidastrum,,False,Chlorophytum orchidastrum
4486091.0,547,Maianthemum trifolium,538040-1,Asparagaceae,Maianthemum,trifolium,,False,Maianthemum trifolium
3926267.0,633,Tupistra pingbianensis,994605-1,Asparagaceae,Tupistra,pingbianensis,,False,Tupistra pingbianensis
3926262.0,626,Tupistra muricata,70029826-1,Asparagaceae,Tupistra,muricata,,False,Tupistra longispica
5182560.0,381,Ruscus aculeatus,540443-1,Asparagaceae,Ruscus,aculeatus,,False,Ruscus aculeatus
3925209.0,592,Polygonatum griffithii,540136-1,Asparagaceae,Polygonatum,griffithii,,False,Polygonatum griffithii
9598466.0,624,Dracaena conspicua,77183470-1,Asparagaceae,Dracaena,conspicua,,False,Sansevieria conspicua
3924270.0,587,Maianthemum tubiferum,943012-1,Asparagaceae,Maianthemum,tubiferum,,False,Maianthemum tubiferium
15080777.0,626,Ruscus aculeatus,540443-1,Asparagaceae,Ruscus,aculeatus,,False,Ruscus aculeatus
8155391.0,572,Dipcadi viride,534009-1,Asparagaceae,Dipcadi,viride,,False,Dipcadi viride
3232554.0,603,Polygonatum pubescens,540213-1,Asparagaceae,Polygonatum,pubescens,,False,Polygonatum pubescens
3924253.0,607,Maianthemum japonicum,943006-1,Asparagaceae,Maianthemum,japonicum,,False,Maianthemum japonicum
15057681.0,626,Nolina texana,538758-1,Asparagaceae,Nolina,texana,,False,Nolina texana
3926256.0,623,Tupistra grandistigma,543171-1,Asparagaceae,Tupistra,grandistigma,,False,Tupistra grandistigma
4934533.0,647,Dracaena bicolor,534122-1,Asparagaceae,Dracaena,bicolor,,False,Dracaena bicolor
6757312.0,241,Dracaena perrotii,77183039-1,Asparagaceae,Dracaena,perrotii,,False,Sansevieria robusta
3924241.0,621,Maianthemum gongshanensis,962223-1,Asparagaceae,Maianthemum,gongshanensis,,False,Maianthemum gongshanense
3926260.0,626,Tupistra muricata,70029826-1,Asparagaceae,Tupistra,muricata,,False,Tupistra longispica
15080759.0,631,Veltheimia bracteata,543446-1,Asparagaceae,Veltheimia,bracteata,,False,Veltheimia bracteata
15057694.0,621,Beaucarnea hookeri,531723-1,Asparagaceae,Beaucarnea,hookeri,,False,Calibanus hookeri
15080606.0,372,Echeandia texensis,318846-2,Asparagaceae,Echeandia,texensis,,False,Echeandia texensis
3925212.0,561,Polygonatum humile,540146-1,Asparagaceae,Polygonatum,humile,,False,Polygonatum humile
3924251.0,618,Maianthemum japonicum,943006-1,Asparagaceae,Maianthemum,japonicum,,False,Maianthemum japonicum
15159487.0,597,Asparagus gonoclados,531124-1,Asparagaceae,Asparagus,gonoclados,,False,Asparagus gonoclados
3924237.0,607,Maianthemum bifolium,30042358-2,Asparagaceae,Maianthemum,bifolium,,False,Maianthemum bifolium
15057611.0,628,Hemiphylacus hintoniorum,986716-1,Asparagaceae,Hemiphylacus,hintoniorum,,False,Hemiphylacus hintoniorum
6757399.0,342,Chlorophytum gallabatense,532859-1,Asparagaceae,Chlorophytum,gallabatense,,False,Chlorophytum gallabatense
3924247.0,608,Maianthemum henryi,943004-1,Asparagaceae,Maianthemum,henryi,,False,Maianthemum henryi
3926258.0,623,Tupistra grandistigma,543171-1,Asparagaceae,Tupistra,grandistigma,,False,Tupistra grandistigma
15080916.0,577,Manfreda variegata,152327-2,Asparagaceae,Manfreda,variegata,,False,Manfreda variegata
5182573.0,364,Dracaena trifasciata,77164235-1,Asparagaceae,Dracaena,trifasciata,,False,Sansevieria trifasciata
3923007.0,623,Rohdea wattii,77065524-1,Asparagaceae,Rohdea,wattii,,False,Campylandra wattii
3881733.0,603,Haworthia outeniquensis,1014777-1,Asphodelaceae,Haworthia,outeniquensis,,False,Haworthia outeniquensis
3881729.0,593,Haworthia mucronata var. rycroftiana,77190078-1,Asphodelaceae,Haworthia,mucronata,rycroftiana,False,Haworthia mucronata var. rycroftiana
3881690.0,645,Haworthia decipiens,536036-1,Asphodelaceae,Haworthia,decipiens,,False,Haworthia decipiens
3881676.0,639,Haworthia blackburniae,536009-1,Asphodelaceae,Haworthia,blackburniae,,True,Haworthia blackburniae
8155407.0,582,Bulbine abyssinica,532119-1,Asphodelaceae,Bulbine,abyssinica,,False,Bulbine abyssinica
3881693.0,613,Haworthia emelyae,536048-1,Asphodelaceae,Haworthia,emelyae,,False,Haworthia emelyae
3881658.0,521,Aloe komaggasensis,905633-1,Asphodelaceae,Aloe,komaggasensis,,False,Aloe striata subsp. komaggasensis
3881704.0,647,Haworthia herbacea var. herbacea,77169468-1,Asphodelaceae,Haworthia,herbacea,herbacea,False,Haworthia herbacea var. paynei
3881688.0,629,Haworthia cymbiformis,536035-1,Asphodelaceae,Haworthia,cymbiformis,,False,Haworthia cymbiformis
15080877.0,638,Bulbine frutescens,532169-1,Asphodelaceae,Bulbine,frutescens,,False,Bulbine frutescens
3881707.0,642,Haworthiopsis koelmaniorum var. mcmurtryi,77155656-1,Asphodelaceae,Haworthiopsis,koelmaniorum,mcmurtryi,False,Haworthia koelmaniorum var. mcmurtryi
3881659.0,612,Aloiampelos striatula,77125510-1,Asphodelaceae,Aloiampelos,striatula,,False,Aloe striatula
3881750.0,605,Haworthia vlokii,1014786-1,Asphodelaceae,Haworthia,vlokii,,False,Haworthia vlokii
3898161.0,648,Gasteria ellaphieae,958587-1,Asphodelaceae,Gasteria,ellaphieae,,False,Gasteria ellaphieae
3881691.0,392,Haworthia decipiens var. virella,70028219-1,Asphodelaceae,Haworthia,decipiens,virella,False,Haworthia decipiens var. virella
3898149.0,613,Aloe pearsonii,529752-1,Asphodelaceae,Aloe,pearsonii,,False,Aloe pearsonii
8099244.0,551,Trachyandra saltii,542429-1,Asphodelaceae,Trachyandra,saltii,,False,Trachyandra saltii
3881742.0,545,Haworthia mirabilis var. triebneriana,1014771-1,Asphodelaceae,Haworthia,mirabilis,triebneriana,False,Haworthia mirabilis var. triebneriana
8155406.0,545,Bulbine abyssinica,532119-1,Asphodelaceae,Bulbine,abyssinica,,False,Bulbine abyssinica
15080935.0,647,Geitonoplesium cymosum,535911-1,Asphodelaceae,Geitonoplesium,cymosum,,False,Geitonoplesium cymosum
3881634.0,580,Aloidendron barberae,77125489-1,Asphodelaceae,Aloidendron,barberae,,False,Aloe barberae
6757310.0,519,Aloe nyeriensis,529711-1,Asphodelaceae,Aloe,nyeriensis,,False,Aloe nyeriensis
3881687.0,563,Haworthia cymbiformis var. ramosa,1014743-1,Asphodelaceae,Haworthia,cymbiformis,ramosa,False,Haworthia cymbiformis var. ramosa
3881725.0,600,Haworthia monticola var. asema,1014772-1,Asphodelaceae,Haworthia,monticola,asema,False,Haworthia monticola var. asema
3881734.0,629,Haworthia pulchella var. globifera,1014779-1,Asphodelaceae,Haworthia,pulchella,globifera,False,Haworthia pulchella var. globifera
3881695.0,551,Haworthiopsis fasciata,77138009-1,Asphodelaceae,Haworthiopsis,fasciata,,False,Haworthia fasciata
3881655.0,609,Aloe reynoldsii,529839-1,Asphodelaceae,Aloe,reynoldsii,,False,Aloe reynoldsii
3881751.0,636,Haworthia wittebergensis,536252-1,Asphodelaceae,Haworthia,wittebergensis,,False,Haworthia wittebergensis
3898153.0,629,Gasteria acinacifolia,535734-1,Asphodelaceae,Gasteria,acinacifolia,,False,Gasteria acinacifolia
3881744.0,596,Haworthia semiviva,536200-1,Asphodelaceae,Haworthia,semiviva,,False,Haworthia semiviva
3881731.0,643,Haworthia retusa var. nigra,77119873-1,Asphodelaceae,Haworthia,retusa,nigra,False,Haworthia mutica var. nigra
3898159.0,650,Gasteria doreeniae,77066445-1,Asphodelaceae,Gasteria,doreeniae,,False,Gasteria doreeniae
3881717.0,594,Haworthia maculata,536115-1,Asphodelaceae,Haworthia,maculata,,False,Haworthia maculata
3881720.0,646,Haworthia marumiana var. archeri,1014762-1,Asphodelaceae,Haworthia,marumiana,archeri,False,Haworthia marumiana var. archeri
3881739.0,642,Haworthia reticulata,536184-1,Asphodelaceae,Haworthia,reticulata,,False,Haworthia reticulata
15080832.0,637,Haworthia emelyae,536048-1,Asphodelaceae,Haworthia,emelyae,,False,Haworthia emelyae
15080824.0,634,Xanthorrhoea macronema,130776-3,Asphodelaceae,Xanthorrhoea,macronema,,False,Xanthorrhoea macronema
3881697.0,642,Haworthia floribunda,536056-1,Asphodelaceae,Haworthia,floribunda,,False,Haworthia floribunda
3881718.0,641,Haworthia pygmaea var. dekenahii,77119869-1,Asphodelaceae,Haworthia,pygmaea,dekenahii,False,Haworthia magnifica var. dekenahii
3881679.0,646,Haworthia bolusii var. pringlei,70028217-1,Asphodelaceae,Haworthia,bolusii,pringlei,False,Haworthia decipiens var. pringlei
6757309.0,384,Aloe nyeriensis,529711-1,Asphodelaceae,Aloe,nyeriensis,,False,Aloe nyeriensis
3898147.0,644,Aloiampelos ciliaris,77125496-1,Asphodelaceae,Aloiampelos,ciliaris,,False,Aloe ciliaris
3881689.0,642,Haworthia cymbiformis var. setulifera,1014745-1,Asphodelaceae,Haworthia,cymbiformis,setulifera,False,Haworthia cymbiformis var. setulifera
3881721.0,598,Haworthia emelyae var. emelyae,77172494-1,Asphodelaceae,Haworthia,emelyae,emelyae,False,Haworthia marxii
3881657.0,647,Aloe striata,529928-1,Asphodelaceae,Aloe,striata,,False,Aloe striata
3881706.0,627,Haworthiopsis koelmaniorum var. mcmurtryi,77155656-1,Asphodelaceae,Haworthiopsis,koelmaniorum,mcmurtryi,False,Haworthia koelmaniorum var. mcmurtryi
3881728.0,551,Haworthia mucronata var. morrisiae,77189510-1,Asphodelaceae,Haworthia,mucronata,morrisiae,False,Haworthia mucronata var. morrisiae
3881660.0,627,Aloe succotrina,60462554-2,Asphodelaceae,Aloe,succotrina,,False,Aloe succotrina
15057669.0,342,Chaetopappa asteroides,192393-1,Asteraceae,Chaetopappa,asteroides,,False,Chaetopappa asteroides
12540914,535,Matricaria chamomilla,154715-2,Asteraceae,Matricaria,chamomilla,,False,Matricaria recutita
9813284.0,464,Centaurea solstitialis,191626-1,Asteraceae,Centaurea,solstitialis,,False,Centaurea solstitialis
9813396.0,485,Centaurea melitensis,190991-1,Asteraceae,Centaurea,melitensis,,False,Centaurea melitensis
9748924,482,Lepidaploa paraensis,978133-1,Asteraceae,Lepidaploa,paraensis,,False,Lepidaploa paraensis
6259091.0,357,Kleinia abyssinica,227346-1,Asteraceae,Kleinia,abyssinica,,False,Kleinia abyssinica
3232502.0,446,Leucanthemum vulgare,30296198-2,Asteraceae,Leucanthemum,vulgare,,False,Leucanthemum vulgare
9813137,463,Centaurea virgata,191889-1,Asteraceae,Centaurea,virgata,,True,Centaurea virgata
3924007,504,Ligularia tongolensis,230880-1,Asteraceae,Ligularia,tongolensis,,False,Ligularia tongolensis
5911434.0,418,Lactuca biennis,134512-2,Asteraceae,Lactuca,biennis,,False,Lactuca biennis
15080604,467,Argyranthemum lidii,178755-1,Asteraceae,Argyranthemum,lidii,,False,Argyranthemum lidii
15057575.0,259,Heterotheca canescens,121434-2,Asteraceae,Heterotheca,canescens,,False,Heterotheca canescens
9813387,499,Crupina intermedia,200609-1,Asteraceae,Crupina,intermedia,,False,Crupina intermedia
9813350,356,Jacobaea vulgaris,226649-1,Asteraceae,Jacobaea,vulgaris,,True,Senecio jacobaea
9598508.0,457,Sphaeranthus ukambensis,250586-1,Asteraceae,Sphaeranthus,ukambensis,,False,Sphaeranthus ukambensis
9813044.0,470,Carduus nutans,188890-1,Asteraceae,Carduus,nutans,,True,Carduus nutans
9813331,470,Centaurea iberica,190695-1,Asteraceae,Centaurea,iberica,,False,Centaurea iberica
6188791,303,Kleinia squarrosa,227437-1,Asteraceae,Kleinia,squarrosa,,False,Kleinia squarrosa
6757282.0,427,Aspilia pluriseta,180457-1,Asteraceae,Aspilia,pluriseta,,False,Aspilia pluriseta
3232950,308,Erigeron philadelphicus,204312-1,Asteraceae,Erigeron,philadelphicus,,True,Erigeron philadelphicus
12002068.0,422,Dicoma incana,201336-1,Asteraceae,Dicoma,incana,,False,Dicoma incana
6757355,437,Ageratum conyzoides,7086-2,Asteraceae,Ageratum,conyzoides,,True,Ageratum conyzoides
9813287,470,Carduus nutans,188890-1,Asteraceae,Carduus,nutans,,True,Carduus nutans
12002103.0,281,Gymnanthemum secundifolium,1010980-1,Asteraceae,Gymnanthemum,secundifolium,,False,Gymnanthemum secundifolium
3232366.0,424,Bidens frondosa,315743-2,Asteraceae,Bidens,frondosa,,True,Bidens frondosa
12002084.0,471,Brachylaena ramiflora,186104-1,Asteraceae,Brachylaena,ramiflora,,False,Brachylaena ramiflora
9813333.0,469,Centaurea phrygia,191259-1,Asteraceae,Centaurea,phrygia,,False,Centaurea phrygia
6259101.0,485,Orbivestus cinerascens,1010909-1,Asteraceae,Orbivestus,cinerascens,,False,Vernonia cierascens
12002106.0,491,Helichrysum cordifolium,212612-1,Asteraceae,Helichrysum,cordifolium,,False,Helichrysum cordifolium
5911372.0,302,Solidago nemoralis,249731-1,Asteraceae,Solidago,nemoralis,,False,Solidago nemoralis
6757366.0,381,Lipotriche scandens,77136374-1,Asteraceae,Lipotriche,scandens,,False,Melanthera scandens
5911313.0,479,Anaphalis margaritacea,30173179-2,Asteraceae,Anaphalis,margaritacea,,False,Anaphalis margaritacea
9813259.0,463,Carlina vulgaris,189321-1,Asteraceae,Carlina,vulgaris,,False,Carlina vulgaris
9812970.0,360,Senecio flaccidus,30064271-2,Asteraceae,Senecio,flaccidus,,True,Senecio flaccidus
12002122.0,404,Distephanus sp.,8653-1,Asteraceae,Distephanus,,,False,Distephanus sp.
6259235.0,362,Solanecio angulatus,943128-1,Asteraceae,Solanecio,angulatus,,False,Solanecio angulatus
5911410.0,286,Symphyotrichum ontarionis,981869-1,Asteraceae,Symphyotrichum,ontarionis,,False,Symphyotrichum ontarionis
5211295.0,490,Taraxacum reichlingii,254564-1,Asteraceae,Taraxacum,reichlingii,,False,Taraxacum reichlingii
6188864.0,483,Sonchus asper,1003017-2,Asteraceae,Sonchus,asper,,False,Sonchus asper
3925971.0,487,Sinosenecio ligularioides,249313-1,Asteraceae,Sinosenecio,ligularioides,,False,Sinosenecio ligularioides
6575331.0,306,Symphyotrichum lateriflorum,247115-2,Asteraceae,Symphyotrichum,lateriflorum,,False,Symphyotrichum lateriflorum
15057600.0,449,Acourtia wrightii,3512-2,Asteraceae,Acourtia,wrightii,,False,Acourtia wrightii
9812827.0,491,Centaurea melitensis,190991-1,Asteraceae,Centaurea,melitensis,,False,Centaurea melitensis
12002067.0,479,Gymnanthemum coloratum,943539-1,Asteraceae,Gymnanthemum,coloratum,,False,Gymnanthemum coloratum
3924005.0,510,Ligularia tongolensis,230880-1,Asteraceae,Ligularia,tongolensis,,False,Ligularia tongolensis
3925988.0,536,Sinosenecio subcoriaceus,905289-1,Asteraceae,Sinosenecio,subcoriaceus,,False,Sinosenecio subcoriaceus
12002072.0,401,Distephanus rochonioides,943535-1,Asteraceae,Distephanus,rochonioides,,False,Distephanus rochonioides
5911319.0,458,Bidens frondosa,315743-2,Asteraceae,Bidens,frondosa,,True,Bidens frondosa
9748944.0,466,Ichthyothere terminalis,127605-2,Asteraceae,Ichthyothere,terminalis,,False,Ichthyothere terminalis
3926102.0,479,Syncalathium kawaguchii,251997-1,Asteraceae,Syncalathium,kawaguchii,,False,Syncalathium kawaguchii
9813329.0,470,Centaurea iberica,190695-1,Asteraceae,Centaurea,iberica,,False,Centaurea iberica
7088072.0,276,Pseudognaphalium luteoalbum,909623-1,Asteraceae,Pseudognaphalium,luteoalbum,,False,Helichrysum luteoalbum
9813194.0,359,Senecio vulgaris,248251-1,Asteraceae,Senecio,vulgaris,,False,Senecio vulgaris
12002085.0,499,Vernonia sp.,325949-2,Asteraceae,Vernonia,,,False,Vernonia sp.
6541684.0,471,Nabalus trifoliolatus,166885-2,Asteraceae,Nabalus,trifoliolatus,,False,Prenanthes trifoliolata
6259120.0,278,Pseudognaphalium luteoalbum,909623-1,Asteraceae,Pseudognaphalium,luteoalbum,,False,Helichrysum luteoalbum
18514735.0,496,Synedrella nodiflora,252024-1,Asteraceae,Synedrella,nodiflora,,False,Synedrella nodiflora
3232951.0,442,Pilosella caespitosa,238026-1,Asteraceae,Pilosella,caespitosa,,False,Hieracium caespitosum
5895626.0,480,Koanophyllon polyodon,133596-2,Asteraceae,Koanophyllon,polyodon,,False,Koanophyllon polyodon
9813360.0,483,Carlina vulgaris,189321-1,Asteraceae,Carlina,vulgaris,,False,Carlina vulgaris
5911476.0,292,Erigeron strigosus,94159-2,Asteraceae,Erigeron,strigosus,,True,Erigeron strigosus
9813385.0,496,Crupina crupinastrum,200608-1,Asteraceae,Crupina,crupinastrum,,False,Crupina crupinastrum
15057556.0,495,Hymenopappus sp.,125678-2,Asteraceae,Hymenopappus,,,True,Hymenopappus tenuifolius
18514730.0,489,Lasianthaea fruticosa,135748-2,Asteraceae,Lasianthaea,fruticosa,,False,Lasianthaea fruticosa
15057620.0,482,Chrysactinia mexicana,57524-2,Asteraceae,Chrysactinia,mexicana,,False,Chrysactinia mexicana
9813353.0,354,Jacobaea vulgaris,226649-1,Asteraceae,Jacobaea,vulgaris,,True,Senecio jacobaea
5911532.0,510,Pilosella piloselloides,238245-1,Asteraceae,Pilosella,piloselloides,,True,Hieracium piloselloides
3925935.0,487,Sinosenecio dryas,914586-1,Asteraceae,Sinosenecio,dryas,,False,Sinosenecio dryas
3925938.0,519,Sinosenecio euosmus,249305-1,Asteraceae,Sinosenecio,euosmus,,False,Sinosenecio euosmus
6259885.0,477,Helichrysum glumaceum,212805-1,Asteraceae,Helichrysum,glumaceum,,False,Helichrysum glumaceum
9813132.0,471,Centaurea solstitialis,191626-1,Asteraceae,Centaurea,solstitialis,,False,Centaurea solstitialis
3925969.0,487,Sinosenecio ligularioides,249313-1,Asteraceae,Sinosenecio,ligularioides,,False,Sinosenecio ligularioides
3232482.0,514,Pilosella piloselloides,238245-1,Asteraceae,Pilosella,piloselloides,,True,Hieracium piloselloides
12002064.0,401,Gymnanthemum appendiculatum,1010955-1,Asteraceae,Gymnanthemum,appendiculatum,,False,Gymnanthemum appendiculatum
12002120.0,436,Brachylaena ramiflora,186104-1,Asteraceae,Brachylaena,ramiflora,,False,Brachylaena ramiflora
6259089.0,498,Gutenbergia boranensis,908819-1,Asteraceae,Gutenbergia,boranensis,,False,Gutenbergia boranensis
6259210.0,276,Psiadia punctulata,239938-1,Asteraceae,Psiadia,punctulata,,False,Psiadia punctulata
6575301.0,296,Solidago caesia,240139-2,Asteraceae,Solidago,caesia,,False,Solidago caesia
6575338.0,473,Nabalus albus,234055-1,Asteraceae,Nabalus,albus,,True,Prenanthes alba
6730804.0,299,Symphyotrichum puniceum,247116-2,Asteraceae,Symphyotrichum,puniceum,,False,Symphyotrichum puniceum
3232459.0,463,Gaillardia pulchella,329185-2,Asteraceae,Gaillardia,pulchella,,False,Gaillardia pulchella
9812875.0,479,Crupina crupinastrum,200608-1,Asteraceae,Crupina,crupinastrum,,False,Crupina crupinastrum
3925933.0,493,Sinosenecio denticulatus,1014370-1,Asteraceae,Sinosenecio,denticulatus,,False,Sinosenecio denticulatus
4617707.0,472,Pertya glabrescens,237233-1,Asteraceae,Pertya,glabrescens,,False,Pertya glabrescens
9812788.0,463,Centaurea diffusa,190370-1,Asteraceae,Centaurea,diffusa,,False,Centaurea diffusa
12002135.0,413,Distephanus sp.,8653-1,Asteraceae,Distephanus,,,False,Distephanus sp.
9813325.0,479,Crupina vulgaris,200616-1,Asteraceae,Crupina,vulgaris,,False,Crupina vulgaris
6188763.0,501,Aspilia mossambicensis,180441-1,Asteraceae,Aspilia,mossambicensis,,False,Aspilia mossambicensis
8099264.0,326,Volutaria boranensis,963115-1,Asteraceae,Volutaria,boranensis,,False,Volutaria bonarensis
5911526.0,466,Lactuca biennis,134512-2,Asteraceae,Lactuca,biennis,,False,Lactuca biennis
9812980.0,299,Senecio flaccidus,30064271-2,Asteraceae,Senecio,flaccidus,,True,Senecio flaccidus
3232481.0,460,Pilosella officinarum,77133566-1,Asteraceae,Pilosella,officinarum,,False,Hieracium pilosella
9813321.0,479,Crupina vulgaris,200616-1,Asteraceae,Crupina,vulgaris,,False,Crupina vulgaris
15080571.0,470,Berlandiera subacaulis,184673-1,Asteraceae,Berlandiera,subacaulis,,False,Berlandiera subacaulis
15080869.0,455,Plagius flosculosus,238672-1,Asteraceae,Plagius,flosculosus,,False,Plagius flosculosus
15057639.0,265,Coreopsis lanceolata,319152-2,Asteraceae,Coreopsis,lanceolata,,False,Coreopsis lanceolata
9813083.0,358,Senecio madagascariensis,246209-1,Asteraceae,Senecio,madagascariensis,,True,Senecio madagascariensis
5895616.0,462,Critonia portoricensis,69563-2,Asteraceae,Critonia,portoricensis,,False,Critonia portoricensis
3925930.0,489,Sinosenecio cyclaminifolius,249301-1,Asteraceae,Sinosenecio,cyclaminifolius,,False,Sinosenecio cyclaminifolius
3232452.0,278,Euthamia graminifolia,1004467-1,Asteraceae,Euthamia,graminifolia,,False,Euthamia graminifolia
3232615.0,437,Symphyotrichum ciliolatum,247112-2,Asteraceae,Symphyotrichum,ciliolatum,,False,Symphyotrichum ciliolatum
6757331.0,258,Eschenbachia stricta,205047-1,Asteraceae,Eschenbachia,stricta,,True,Conyza stricta
6786018.0,362,Solanecio angulatus,943128-1,Asteraceae,Solanecio,angulatus,,False,Solanecio angulatus
3925965.0,504,Sinosenecio latouchei,249312-1,Asteraceae,Sinosenecio,latouchei,,False,Sinosenecio latouchei
9812963.0,488,Bidens pilosa,32564-2,Asteraceae,Bidens,pilosa,,False,Bidens pilosa
9748929.0,206,Riencourtia pedunculosa,1006000-1,Asteraceae,Riencourtia,pedunculosa,,False,Riencourtia pedunculosa
3232618.0,308,Symphyotrichum  parisinum,77319399-1,Asteraceae,Symphyotrichum,parisinum,,False,Symphyotrichum X amethystinum
6259871.0,533,Emilia discifolia,943091-1,Asteraceae,Emilia,discifolia,,False,Emilia discifolia
12002074.0,445,Vernonia kenteocephala,258621-1,Asteraceae,Vernonia,kenteocephala,,False,Vernonia kenteocephala
15057569.0,510,Jefea brevifolia,963283-1,Asteraceae,Jefea,brevifolia,,False,Jefea brevifolia
9813269.0,489,Bidens pilosa,32564-2,Asteraceae,Bidens,pilosa,,False,Bidens pilosa
3925952.0,514,Sinosenecio guangxiensis,905284-1,Asteraceae,Sinosenecio,guangxiensis,,False,Sinosenecio guangxiensis
3929732.0,487,Soroseris trichocarpa,974879-1,Asteraceae,Soroseris,trichocarpa,,False,Soroseris gillii
9813354.0,342,Senecio viscosus,248231-1,Asteraceae,Senecio,viscosus,,True,Senecio viscosus
15057468.0,463,Achillea millefolium,2294-2,Asteraceae,Achillea,millefolium,,False,Achillea millefolium
6757345.0,465,Vernonia galamensis,258402-1,Asteraceae,Vernonia,galamensis,,False,Vernonia galamensis
6632220.0,436,Youngia japonica,1124129-2,Asteraceae,Youngia,japonica,,False,Youngia japonica
3925972.0,502,Sinosenecio oldhamianus,249314-1,Asteraceae,Sinosenecio,oldhamianus,,False,Sinosenecio oldhamianus
3925968.0,505,Sinosenecio latouchei,249312-1,Asteraceae,Sinosenecio,latouchei,,False,Sinosenecio latouchei
3232496.0,471,Lactuca serriola,228255-1,Asteraceae,Lactuca,serriola,,False,Lactuca serriola
6574530.0,489,Hieracium venosum,224594-1,Asteraceae,Hieracium,venosum,,False,Hieracium venosum
3925949.0,501,Sinosenecio globigerus,249306-1,Asteraceae,Sinosenecio,globigerus,,False,Sinosenecio globigerus
5911401.0,506,Pilosella aurantiaca,238000-1,Asteraceae,Pilosella,aurantiaca,,False,Hieracium aurantiacum
3926041.0,474,Soroseris glomerata,250414-1,Asteraceae,Soroseris,glomerata,,False,Soroseris glomerata
9934131.0,299,Erigeron bonariensis,93603-2,Asteraceae,Erigeron,bonariensis,,False,Conyza bonariensis
9813394.0,497,Centaurea diluta,190371-1,Asteraceae,Centaurea,diluta,,False,Centaurea diluta
23548380.0,470,Dolomiaea costus,77210782-1,Asteraceae,Dolomiaea,costus,,False,Saussurea costus
5911586.0,440,Arctium minus,178406-1,Asteraceae,Arctium,minus,,False,Arctium minus
12002134.0,395,Distephanus rochonioides,943535-1,Asteraceae,Distephanus,rochonioides,,False,Distephanus rochonioides
9597819.0,255,Galinsoga parviflora,208554-1,Asteraceae,Galinsoga,parviflora,,False,Galinsoga parviflora
15057642.0,282,Baccharis salicina,183706-1,Asteraceae,Baccharis,salicina,,False,Baccharis salicina
6259142.0,303,Kleinia squarrosa,227437-1,Asteraceae,Kleinia,squarrosa,,False,Kleinia squarrosa
3925997.0,502,Sinosenecio yilingii,77105681-1,Asteraceae,Sinosenecio,yilingii,,False,Sinosenecio yilingii
6259123.0,478,Helichrysum glumaceum,212805-1,Asteraceae,Helichrysum,glumaceum,,False,Helichrysum glumaceum
6541644.0,293,Erigeron annuus,203539-1,Asteraceae,Erigeron,annuus,,False,Erigeron annuus
15080711.0,470,Cheirolophus falcisectus,192732-1,Asteraceae,Cheirolophus,falcisectus,,False,Cheirolophus falcisectus
12002107.0,424,Gymnanthemum chapelieri,1010960-1,Asteraceae,Gymnanthemum,chapelieri,,False,Gymnanthemum chapelieri
6632214.0,302,Erigeron annuus,203539-1,Asteraceae,Erigeron,annuus,,False,Erigeron annuus
15080570.0,510,Pericallis webbii,237124-1,Asteraceae,Pericallis,webbii,,False,Pericallis webbii
9748883.0,537,Monogereion carajensis,163777-2,Asteraceae,Monogereion,carajensis,,False,Monogereion carajensis
3923982.0,510,Ligularia cymbulifera,230727-1,Asteraceae,Ligularia,cymbulifera,,False,Ligularia cymbulifera
15057519,500,Lindheimera texana,325176-2,Asteraceae,Lindheimera,texana,,False,Lindheimera texana
6757360.0,219,Sphaeranthus suaveolens,250579-1,Asteraceae,Sphaeranthus,suaveolens,,False,Sphaeranthus suaveolens
5211203.0,465,Artemisia vulgaris,20812-2,Asteraceae,Artemisia,vulgaris,,False,Artemisia vulgaris
6541677.0,459,Helianthus divaricatus,329245-2,Asteraceae,Helianthus,divaricatus,,True,Helianthus divaricatus
6511577.0,302,Erigeron philadelphicus,204312-1,Asteraceae,Erigeron,philadelphicus,,True,Erigeron philadelphicus
6575305.0,312,Symphyotrichum divaricatum,981800-1,Asteraceae,Symphyotrichum,divaricatum,,False,Symphyotrichum divaricatum
8155022.0,454,Erlangea calycina,204937-1,Asteraceae,Erlangea,calycina,,False,Erlangea calycina
3923999.0,504,Ligularia subspicata,230864-1,Asteraceae,Ligularia,subspicata,,False,Ligularia subspicata
15057668.0,447,Psilostrophe tagetina,212099-2,Asteraceae,Psilostrophe,tagetina,,False,Psilostrophe tagetina
6259092.0,357,Kleinia abyssinica,227346-1,Asteraceae,Kleinia,abyssinica,,False,Kleinia abyssinica
8155008.0,441,Baccharoides lasiopus,962412-1,Asteraceae,Baccharoides,lasiopus,,False,Vernonia lasiopus
12002090.0,378,Cloiselia carbonaria,196385-1,Asteraceae,Cloiselia,carbonaria,,False,Dicoma carbonaria
3925931.0,495,Sinosenecio denticulatus,1014370-1,Asteraceae,Sinosenecio,denticulatus,,False,Sinosenecio denticulatus
12002126.0,480,Distephanus trinervis,201864-1,Asteraceae,Distephanus,trinervis,,False,Distephanus trinervis
15057693.0,319,Symphyotrichum sp.,30073935-2,Asteraceae,Symphyotrichum,,,False,Symphyotrichum sp.
6511621.0,348,Packera aurea,1016222-2,Asteraceae,Packera,aurea,,False,Packera aurea
3926039,487,Soroseris hookeriana subsp. erysimoides,3230648-4,Asteraceae,Soroseris,hookeriana,erysimoides,False,Soroseris erysimoides
6575290,312,Symphyotrichum divaricatum,981800-1,Asteraceae,Symphyotrichum,divaricatum,,False,Symphyotrichum divaricatum
6259229,415,Schkuhria pinnata,242907-1,Asteraceae,Schkuhria,pinnata,,False,Schkuhria pinnata
3923995,499,Ligularia nelumbifolia,230804-1,Asteraceae,Ligularia,nelumbifolia,,False,Ligularia nelumbifolia
4617666,475,Pertya scandens,237247-1,Asteraceae,Pertya,scandens,,False,Pertya scandens
12002109,469,Bechium rhodolepis,1010891-1,Asteraceae,Bechium,rhodolepis,,False,Bechium rhodolepis
6259230,490,Schkuhria pinnata,242907-1,Asteraceae,Schkuhria,pinnata,,False,Schkuhria pinnata
3232560,473,Nabalus altissimus,234056-1,Asteraceae,Nabalus,altissimus,,True,Prenanthes altissima
12002075.0,471,Brachylaena merana,186097-1,Asteraceae,Brachylaena,merana,,False,Brachylaena merana
5211293.0,490,Taraxacum reichlingii,254564-1,Asteraceae,Taraxacum,reichlingii,,False,Taraxacum reichlingii
3924008.0,504,Ligularia vellerea,230889-1,Asteraceae,Ligularia,vellerea,,False,Ligularia vellerea
3232519,460,Matricaria discoidea,154716-2,Asteraceae,Matricaria,discoidea,,False,Matricaria discoidea
3925984.0,503,Sinosenecio sichuanicus,77112432-1,Asteraceae,Sinosenecio,sichuanicus,,False,Sinosenecio sichuanicus
5211183.0,486,Crepis capillaris,199753-1,Asteraceae,Crepis,capillaris,,False,Crepis capillaris
9813440.0,505,Centaurea sulphurea,191723-1,Asteraceae,Centaurea,sulphurea,,True,Centaurea sulphurea
3925940.0,519,Sinosenecio euosmus,249305-1,Asteraceae,Sinosenecio,euosmus,,False,Sinosenecio euosmus
12002138.0,480,Distephanus poissonii,77161444-1,Asteraceae,Distephanus,poissonii,,False,Distephanus poissonii
9812975.0,463,Centaurea virgata,191889-1,Asteraceae,Centaurea,virgata,,True,Centaurea virgata
6757265.0,276,Psiadia punctulata,239938-1,Asteraceae,Psiadia,punctulata,,False,Psiadia punctulata
3925959.0,505,Sinosenecio jiuhuashanicus,905286-1,Asteraceae,Sinosenecio,jiuhuashanicus,,False,Sinosenecio jiuhuashanicus
3925985.0,536,Sinosenecio subcoriaceus,905289-1,Asteraceae,Sinosenecio,subcoriaceus,,False,Sinosenecio subcoriaceus
12002065.0,422,Dicoma incana,201336-1,Asteraceae,Dicoma,incana,,False,Dicoma incana
3926043.0,487,Soroseris hookeriana subsp. hirsuta,77192776-1,Asteraceae,Soroseris,hookeriana,hirsuta,False,Soroseris hirsuta
9813382,463,Centaurea diffusa,190370-1,Asteraceae,Centaurea,diffusa,,False,Centaurea diffusa
3925995,488,Sinosenecio villiferus,249322-1,Asteraceae,Sinosenecio,villiferus,,False,Sinosenecio villiferus
6541718,462,Eutrochium purpureum,60437842-2,Asteraceae,Eutrochium,purpureum,,False,Eutrochium purpureum
15057579,438,Arnoglossum plantagineum,20123-2,Asteraceae,Arnoglossum,plantagineum,,False,Arnoglossum plantagineum
9813336,470,Centaurea phrygia,191259-1,Asteraceae,Centaurea,phrygia,,False,Centaurea phrygia
6188807,470,Tagetes minuta,252132-1,Asteraceae,Tagetes,minuta,,False,Tagetes minuta
5895649,274,Mikania fragilis,160907-2,Asteraceae,Mikania,fragilis,,False,Mikania fragilis
9597764,309,Gamochaeta purpurea,107379-2,Asteraceae,Gamochaeta,purpurea,,False,Gamochaeta purpurea
5911524,282,Symphyotrichum lateriflorum,247115-2,Asteraceae,Symphyotrichum,lateriflorum,,False,Symphyotrichum lateriflorum
5911384,276,Euthamia graminifolia,1004467-1,Asteraceae,Euthamia,graminifolia,,False,Euthamia graminifolia
3925989,317,Sinosenecio subrosulatus,249319-1,Asteraceae,Sinosenecio,subrosulatus,,False,Sinosenecio subrosulatus
9813098,480,Centaurea stoebe,191689-1,Asteraceae,Centaurea,stoebe,,True,Centaurea stoebe
6575328,300,Solidago bicolor,328803-2,Asteraceae,Solidago,bicolor,,False,Solidago bicolor
3925927,503,Sinosenecio chienii,249299-1,Asteraceae,Sinosenecio,chienii,,False,Sinosenecio chienii
8155427,392,Acmella caulirhiza,174533-1,Asteraceae,Acmella,caulirhiza,,False,Acmella caulirhiza
9748884,537,Monogereion carajensis,163777-2,Asteraceae,Monogereion,carajensis,,False,Monogereion carajensis
3923987,520,Ligularia hookeri,230757-1,Asteraceae,Ligularia,hookeri,,False,Ligularia hookeri
9597766,301,Gamochaeta purpurea,107379-2,Asteraceae,Gamochaeta,purpurea,,False,Gamochaeta purpurea
3925982,492,Sinosenecio septilobus,249318-1,Asteraceae,Sinosenecio,septilobus,,False,Sinosenecio septilobus
12540763,492,Chamaemelum nobile,192489-1,Asteraceae,Chamaemelum,nobile,,False,Chamaemelum nobile
5211229,272,Bellis perennis,184409-1,Asteraceae,Bellis,perennis,,False,Bellis perennis
6541710,326,Erechtites hieraciifolius,1152557-2,Asteraceae,Erechtites,hieraciifolius,,False,Erechtites hieracifolia
9813393,492,Centaurea calcitrapa,330052-2,Asteraceae,Centaurea,calcitrapa,,True,Centaurea calcitrapa
6188808.0,470,Tagetes minuta,252132-1,Asteraceae,Tagetes,minuta,,False,Tagetes minuta
9813391.0,494,Centaurea calcitrapa,330052-2,Asteraceae,Centaurea,calcitrapa,,True,Centaurea calcitrapa
9597820.0,255,Galinsoga parviflora,208554-1,Asteraceae,Galinsoga,parviflora,,False,Galinsoga parviflora
3923984.0,467,Ligularia dictyoneura,230730-1,Asteraceae,Ligularia,dictyoneura,,False,Ligularia dictyoneura
3232343.0,459,Ambrosia artemisiifolia,176058-1,Asteraceae,Ambrosia,artemisiifolia,,False,Ambrosia artemisiifolia
9813157.0,359,Senecio harveyanus,245439-1,Asteraceae,Senecio,harveyanus,,False,Senecio harveianus
6188746.0,507,Osteospermum vaillantii,235919-1,Asteraceae,Osteospermum,vaillantii,,False,Osteospermum vaillantii
9748889.0,436,Parapiqueria cavalcantei,183016-2,Asteraceae,Parapiqueria,cavalcantei,,False,Parapiqueria cavalcantei
5911474.0,462,Bidens cernua,184796-1,Asteraceae,Bidens,cernua,,False,Bidens cernua
9813355.0,331,Senecio viscosus,248231-1,Asteraceae,Senecio,viscosus,,True,Senecio viscosus
15057485.0,568,Pseudognaphalium sp.,290947-2,Asteraceae,Pseudognaphalium,,,False,Pseudognaphalium sp.
3232365.0,417,Bidens cernua,184796-1,Asteraceae,Bidens,cernua,,False,Bidens cernua
12002097.0,365,Cloiselia carbonaria,196385-1,Asteraceae,Cloiselia,carbonaria,,False,Dicoma carbonaria
3926099.0,490,Syncalathium disciforme,251996-1,Asteraceae,Syncalathium,disciforme,,False,Syncalathium disciforme
15057555.0,455,Trixis californica,256685-1,Asteraceae,Trixis,californica,,False,Trixis californica
5911634.0,312,Symphyotrichum ontarionis,981869-1,Asteraceae,Symphyotrichum,ontarionis,,False,Symphyotrichum ontarionis
5911325.0,443,Leucanthemum vulgare,30296198-2,Asteraceae,Leucanthemum,vulgare,,False,Leucanthemum vulgare
6632212.0,433,Youngia japonica,1124129-2,Asteraceae,Youngia,japonica,,False,Youngia japonica
5911708.0,261,Solidago flexicaulis,240229-2,Asteraceae,Solidago,flexicaulis,,False,Solidago flexicaulis
3925993.0,488,Sinosenecio villiferus,249322-1,Asteraceae,Sinosenecio,villiferus,,False,Sinosenecio villiferus
6143985.0,460,Anacyclus pyrethrum,941366-1,Asteraceae,Anacyclus,pyrethrum,,False,Anacyclus pyrethrum
6730867.0,483,Elephantopus carolinianus,202920-1,Asteraceae,Elephantopus,carolinianus,,True,Elephantopus carolinianus
3923986.0,505,Ligularia dictyoneura,230730-1,Asteraceae,Ligularia,dictyoneura,,False,Ligularia dictyoneura
4619044.0,481,Pertya glabrescens,237233-1,Asteraceae,Pertya,glabrescens,,False,Pertya glabrescens
12002096.0,461,Gladiopappus vernonioides,209003-1,Asteraceae,Gladiopappus,vernonioides,,False,Gladiopappus vernonioides
12002136.0,404,Distephanus bara,77122349-1,Asteraceae,Distephanus,bara,,False,Distephanus bara
6757405.0,327,Solanecio cydoniifolius,943126-1,Asteraceae,Solanecio,cydoniifolius,,False,Solanecio cydoniifolius
8099259.0,432,Hoffmannanthus abbotianus,77140772-1,Asteraceae,Hoffmannanthus,abbotianus,,False,Vernonia brachycalyx
3925961.0,505,Sinosenecio jiuhuashanicus,905286-1,Asteraceae,Sinosenecio,jiuhuashanicus,,False,Sinosenecio jiuhuashanicus
3232407.0,361,Erigeron canadensis,203653-1,Asteraceae,Erigeron,canadensis,,False,Conyza canadensis
5211230.0,338,Senecio vulgaris,248251-1,Asteraceae,Senecio,vulgaris,,False,Senecio vulgaris
9813188.0,463,Centaurea stoebe,191689-1,Asteraceae,Centaurea,stoebe,,True,Centaurea stoebe
3926097.0,488,Syncalathium chrysocephala,1002806-1,Asteraceae,Syncalathium,chrysocephala,,False,Syncalathium chrysocephalum
15080944.0,432,Liatris gracilis var. gholsonii,60458123-2,Asteraceae,Liatris,gracilis,gholsonii,False,Liatris gholsonii
5211202.0,472,Eupatorium cannabinum,205581-1,Asteraceae,Eupatorium,cannabinum,,False,Eupatorium cannabinum
8099268.0,326,Senecio hadiensis,245411-1,Asteraceae,Senecio,hadiensis,,False,Senecio hadiensis
3232389.0,463,Centaurea jacea,190753-1,Asteraceae,Centaurea,jacea,,False,Centaurea jacea
3925973,509,Sinosenecio oldhamianus,249314-1,Asteraceae,Sinosenecio,oldhamianus,,False,Sinosenecio oldhamianus
6730782,301,Solidago rugosa,249846-1,Asteraceae,Solidago,rugosa,,False,Solidago rugosa
5211191,477,Pentanema salicinum,77178422-1,Asteraceae,Pentanema,salicinum,,True,Inula salicina
6541700,438,Helianthus divaricatus,329245-2,Asteraceae,Helianthus,divaricatus,,True,Helianthus divaricatus
5911486,424,Nabalus albus,234055-1,Asteraceae,Nabalus,albus,,True,Prenanthes alba
15057512,344,Solidago sp.,60436299-2,Asteraceae,Solidago,,,False,Solidago sp.
9813099,362,Senecio inaequidens,245637-1,Asteraceae,Senecio,inaequidens,,False,Senecio inaequidens
6575309,465,Lactuca floridana,1106567-2,Asteraceae,Lactuca,floridana,,False,Lactuca floridana
6188812,357,Kleinia petraea,943132-1,Asteraceae,Kleinia,petraea,,False,Notonia petraea
5911543,470,Arctium minus,178406-1,Asteraceae,Arctium,minus,,False,Arctium minus
15057613,347,Chaetopappa asteroides,192393-1,Asteraceae,Chaetopappa,asteroides,,False,Chaetopappa asteroides
5911353,306,Eurybia macrophylla,1032470-2,Asteraceae,Eurybia,macrophylla,,False,Eurybia macrophylla
3925955,483,Sinosenecio homogyniphyllus,249309-1,Asteraceae,Sinosenecio,homogyniphyllus,,False,Sinosenecio homogyniphyllus
9813176,497,Centaurea diluta,190371-1,Asteraceae,Centaurea,diluta,,False,Centaurea diluta
9813366,504,Ageratum conyzoides,7086-2,Asteraceae,Ageratum,conyzoides,,True,Ageratum conyzoides
15057547,488,Calyptocarpus vialis,188166-1,Asteraceae,Calyptocarpus,vialis,,False,Calyptocarpus vialis
9748930,324,Riencourtia pedunculosa,1006000-1,Asteraceae,Riencourtia,pedunculosa,,False,Riencourtia pedunculosa
3925983,503,Sinosenecio sichuanicus,77112432-1,Asteraceae,Sinosenecio,sichuanicus,,False,Sinosenecio sichuanicus
6575339,502,Rudbeckia laciniata,241716-1,Asteraceae,Rudbeckia,laciniata,,False,Rudbeckia laciniata
6259204,278,Baccharis pedunculata,28074-2,Asteraceae,Baccharis,pedunculata,,True,Conyza peduculata
6757367,273,Lipotriche scandens,77136374-1,Asteraceae,Lipotriche,scandens,,False,Melanthera scandens
12002098,493,Syncephalum sp.,11221-1,Asteraceae,Syncephalum,,,False,Syncephalum sp.
3232582,479,Rudbeckia triloba,241776-1,Asteraceae,Rudbeckia,triloba,,False,Rudbeckia triloba
4617916,326,Dendrocacalia crepidifolia,201194-1,Asteraceae,Dendrocacalia,crepidifolia,,False,Dendrocacalia crepidifolia
4617930,457,Pertya scandens,237247-1,Asteraceae,Pertya,scandens,,False,Pertya scandens
6757359,213,Sphaeranthus suaveolens,250579-1,Asteraceae,Sphaeranthus,suaveolens,,False,Sphaeranthus suaveolens
3926104,480,Syncalathium kawaguchii,251997-1,Asteraceae,Syncalathium,kawaguchii,,False,Syncalathium kawaguchii
9748925,553,Lepidaploa paraensis,978133-1,Asteraceae,Lepidaploa,paraensis,,False,Lepidaploa paraensis
8099262,414,Gutenbergia rueppellii,210797-1,Asteraceae,Gutenbergia,rueppellii,,False,Gutenbergia rueppellii
9748874,539,Wedelia attenuata,963979-1,Asteraceae,Wedelia,attenuata,,False,Aspilia attenuata
15057580,347,Packera millelobata,180000-2,Asteraceae,Packera,millelobata,,False,Packera millelobata
6541697,444,Polymnia canadensis,239188-1,Asteraceae,Polymnia,canadensis,,False,Polymnia canadensis
8155017,428,Xanthium strumarium,260893-1,Asteraceae,Xanthium,strumarium,,False,Xanthium strumarium
6259088,498,Gutenbergia boranensis,908819-1,Asteraceae,Gutenbergia,boranensis,,False,Gutenbergia boranensis
3923990,505,Ligularia kanaitzensis,230765-1,Asteraceae,Ligularia,kanaitzensis,,False,Ligularia kanaitzensis
3925946,495,Sinosenecio globigerus,249306-1,Asteraceae,Sinosenecio,globigerus,,False,Sinosenecio globigerus
12002076,406,Distephanus malacophytus,943529-1,Asteraceae,Distephanus,malacophytus,,False,Distephanus malacophytus
12002083,507,Blumea sp.,331408-2,Asteraceae,Blumea,,,True,Blumea sp.
6188811,357,Kleinia petraea,943132-1,Asteraceae,Kleinia,petraea,,False,Notonia petraea
15057460,296,Solidago sp.,60436299-2,Asteraceae,Solidago,,,False,Solidago sp.
3232617,305,Symphyotrichum puniceum,247116-2,Asteraceae,Symphyotrichum,puniceum,,False,Symphyotrichum puniceum
15057662,439,Vernonia sp.,325949-2,Asteraceae,Vernonia,,,False,Vernonia sp.
12002124,407,Distephanus ibityensis,77161443-1,Asteraceae,Distephanus,ibityensis,,False,Distephanus ibityensis
9748932,497,Cavalcantia percymosa,50367-2,Asteraceae,Cavalcantia,percymosa,,False,Cavalcantia percymosa
15080710,268,Coreopsis integrifolia,198057-1,Asteraceae,Coreopsis,integrifolia,,False,Coreopsis integrifolia
15057498,468,Gaillardia pulchella,329185-2,Asteraceae,Gaillardia,pulchella,,False,Gaillardia pulchella
3232400,471,Cirsium arvense,195034-1,Asteraceae,Cirsium,arvense,,False,Cirsium arvense
12002137,403,Distephanus malacophytus,943529-1,Asteraceae,Distephanus,malacophytus,,False,Distephanus malacophytus
3924011,504,Ligularia virgaurea,230891-1,Asteraceae,Ligularia,virgaurea,,False,Ligularia virgaurea
5211221,455,Pulicaria dysenterica,60445945-2,Asteraceae,Pulicaria,dysenterica,,False,Pulicaria dysenterica
15080816,446,Helianthus winteri,77136843-1,Asteraceae,Helianthus,winteri,,False,Helianthus winteri
5911691,450,Taraxacum sect. Taraxacum,254151-1,Asteraceae,Taraxacum,sect. Taraxacum,,False,Taraxacum officinale
6259203,278,Baccharis pedunculata,28074-2,Asteraceae,Baccharis,pedunculata,,True,Conyza peduculata
6757344,455,Vernonia galamensis,258402-1,Asteraceae,Vernonia,galamensis,,False,Vernonia galamensis
5211299,483,Taraxacum rivulare,254601-1,Asteraceae,Taraxacum,rivulare,,False,Taraxacum rivulare
9813418,358,Volutaria crupinoides,260094-1,Asteraceae,Volutaria,crupinoides,,False,Volutaria crupinoides
12002071,503,Pseudoconyza viscosa,211317-2,Asteraceae,Pseudoconyza,viscosa,,False,Laggera aurita
3924001,505,Ligularia subspicata,230864-1,Asteraceae,Ligularia,subspicata,,False,Ligularia subspicata
12002082.0,481,Stenocline sp.,11134-1,Asteraceae,Stenocline,,,False,Stenocline sp.
6259839,533,Emilia discifolia,943091-1,Asteraceae,Emilia,discifolia,,False,Emilia discifolia
3923980.0,510,Ligularia cymbulifera,230727-1,Asteraceae,Ligularia,cymbulifera,,False,Ligularia cymbulifera
15057511.0,455,Trixis inula,256729-1,Asteraceae,Trixis,inula,,False,Trixis inula
5911470.0,307,Symphyotrichum lanceolatum,981841-1,Asteraceae,Symphyotrichum,lanceolatum,,False,Symphyotrichum lanceolatum
3925923.0,495,Sinosenecio albonervius,77113928-1,Asteraceae,Sinosenecio,albonervius,,False,Sinosenecio albonervius
4619064.0,467,Crepidiastrum ameristophyllum,199607-1,Asteraceae,Crepidiastrum,ameristophyllum,,False,Crepidiastrum ameristophyllum
15057650.0,439,Vernonia baldwinii,257916-1,Asteraceae,Vernonia,baldwinii,,False,Vernonia baldwinii
15057635.0,491,Arnoglossum ovatum,20122-2,Asteraceae,Arnoglossum,ovatum,,False,Arnoglossum ovatum
6730807.0,301,Solidago rugosa,249846-1,Asteraceae,Solidago,rugosa,,False,Solidago rugosa
6757402.0,344,Solanecio cydoniifolius,943126-1,Asteraceae,Solanecio,cydoniifolius,,False,Solanecio cydoniifolius
3232336.0,463,Achillea millefolium,2294-2,Asteraceae,Achillea,millefolium,,False,Achillea millefolium
5911712.0,307,Symphyotrichum ciliolatum,247112-2,Asteraceae,Symphyotrichum,ciliolatum,,False,Symphyotrichum ciliolatum
12002112.0,488,Bechium rhodolepis,1010891-1,Asteraceae,Bechium,rhodolepis,,False,Bechium rhodolepis
8099267.0,309,Senecio hadiensis,245411-1,Asteraceae,Senecio,hadiensis,,False,Senecio hadiensis
5911394.0,277,Doellingeria umbellata,30058707-2,Asteraceae,Doellingeria,umbellata,,False,Doellingeria umbellata
3232357.0,465,Artemisia vulgaris,20812-2,Asteraceae,Artemisia,vulgaris,,False,Artemisia vulgaris
3926106.0,479,Syncalathium roseum,251999-1,Asteraceae,Syncalathium,roseum,,False,Syncalathium roseum
15057481.0,288,Bigelowia nuttallii,32775-2,Asteraceae,Bigelowia,nuttallii,,False,Bigelowia nuttallii
3925992.0,477,Sinosenecio sungpanensis,249320-1,Asteraceae,Sinosenecio,sungpanensis,,False,Sinosenecio sungpanensis
15057563.0,476,Diaperia verna,60437968-2,Asteraceae,Diaperia,verna,,False,Diaperia verna
5211302.0,483,Taraxacum rivulare,254601-1,Asteraceae,Taraxacum,rivulare,,False,Taraxacum rivulare
6541750.0,462,Polymnia canadensis,239188-1,Asteraceae,Polymnia,canadensis,,False,Polymnia canadensis
12002088.0,397,Distephanus swinglei,943538-1,Asteraceae,Distephanus,swinglei,,False,Distephanus swinglei
6188765.0,501,Aspilia mossambicensis,180441-1,Asteraceae,Aspilia,mossambicensis,,False,Aspilia mossambicensis
3925928.0,488,Sinosenecio cyclaminifolius,249301-1,Asteraceae,Sinosenecio,cyclaminifolius,,False,Sinosenecio cyclaminifolius
9812832.0,533,Centaurea sulphurea,191723-1,Asteraceae,Centaurea,sulphurea,,True,Centaurea sulphurea
15057551.0,477,Farfugium japonicum,207632-1,Asteraceae,Farfugium,japonicum,,False,Farfugium japonicum
6259103.0,485,Orbivestus cinerascens,1010909-1,Asteraceae,Orbivestus,cinerascens,,False,Vernonia cierascens
3925980.0,495,Sinosenecio septilobus,249318-1,Asteraceae,Sinosenecio,septilobus,,False,Sinosenecio septilobus
12002131.0,398,Gymnanthemum appendiculatum,1010955-1,Asteraceae,Gymnanthemum,appendiculatum,,False,Gymnanthemum appendiculatum
12002132.0,479,Gymnanthemum coloratum,943539-1,Asteraceae,Gymnanthemum,coloratum,,False,Gymnanthemum coloratum
3232983.0,469,Cirsium vulgare,196191-1,Asteraceae,Cirsium,vulgare,,False,Cirsium vulgare
15057486.0,441,Thelesperma megapotamicum,255473-1,Asteraceae,Thelesperma,megapotamicum,,False,Thelesperma megapotamicum
8155047.0,367,Acanthospermum hispidum,173718-1,Asteraceae,Acanthospermum,hispidum,,False,Acanthospermum hispidum
3232608.0,287,Solidago gigantea,249575-1,Asteraceae,Solidago,gigantea,,False,Solidago gigantea
6188745.0,507,Osteospermum vaillantii,235919-1,Asteraceae,Osteospermum,vaillantii,,False,Osteospermum vaillantii
15057629.0,488,Dysodiopsis tagetoides,86492-2,Asteraceae,Dysodiopsis,tagetoides,,False,Dysodiopsis tagetoides
3925990.0,319,Sinosenecio subrosulatus,249319-1,Asteraceae,Sinosenecio,subrosulatus,,False,Sinosenecio subrosulatus
12002080.0,345,Crassocephalum sp.,8421-1,Asteraceae,Crassocephalum,,,False,Crassocephalum sp.
15057695.0,483,Wedelia acapulcensis,30439090-2,Asteraceae,Wedelia,acapulcensis,,False,Wedelia acapulcensis
15057567.0,430,Melampodium leucanthum,232106-1,Asteraceae,Melampodium,leucanthum,,False,Melampodium leucanthum
6574528.0,470,Cirsium discolor,195272-1,Asteraceae,Cirsium,discolor,,True,Cirsium discolor
3926038.0,487,Soroseris hookeriana subsp. erysimoides,3230648-4,Asteraceae,Soroseris,hookeriana,erysimoides,False,Soroseris erysimoides
12002108.0,435,Apodocephala pauciflora,178185-1,Asteraceae,Apodocephala,pauciflora,,False,Apodocephala pauciflora
5211247.0,267,Bellis perennis,184409-1,Asteraceae,Bellis,perennis,,False,Bellis perennis
15057678.0,460,Baileya multiradiata,310721-2,Asteraceae,Baileya,multiradiata,,False,Baileya multiradiata
5911380.0,461,Eutrochium maculatum,60437839-2,Asteraceae,Eutrochium,maculatum,,False,Eutrochium maculatum
15057566.0,492,Zinnia acerosa,261316-1,Asteraceae,Zinnia,acerosa,,False,Zinnia acerosa
15080919.0,440,Sonchus acaulis,250006-1,Asteraceae,Sonchus,acaulis,,False,Sonchus acaulis
15057606.0,552,Pyrrhopappus pauciflorus,241020-1,Asteraceae,Pyrrhopappus,pauciflorus,,False,Pyrrhopappus pauciflora
6574498.0,478,Verbesina occidentalis,257536-1,Asteraceae,Verbesina,occidentalis,,False,Verbesina occidentalis
12002116.0,451,Apodocephala rubens,77341182-1,Asteraceae,Apodocephala,rubens,,False,Lowryanthus rubens
3924010.0,498,Ligularia vellerea,230889-1,Asteraceae,Ligularia,vellerea,,False,Ligularia vellerea
6575272.0,502,Rudbeckia laciniata,241716-1,Asteraceae,Rudbeckia,laciniata,,False,Rudbeckia laciniata
15057685.0,438,Melampodium leucanthum,232106-1,Asteraceae,Melampodium,leucanthum,,False,Melampodium leucanthum
5911455.0,479,Anaphalis margaritacea,30173179-2,Asteraceae,Anaphalis,margaritacea,,False,Anaphalis margaritacea
6730820.0,483,Elephantopus carolinianus,202920-1,Asteraceae,Elephantopus,carolinianus,,True,Elephantopus carolinianus
6757283.0,463,Aspilia pluriseta,180457-1,Asteraceae,Aspilia,pluriseta,,False,Aspilia pluriseta
8099258.0,430,Hoffmannanthus abbotianus,77140772-1,Asteraceae,Hoffmannanthus,abbotianus,,False,Vernonia brachycalyx
15057648.0,478,Hymenothrix pedata,77158879-1,Asteraceae,Hymenothrix,pedata,,False,Hymenothrix pedata
6541793.0,305,Erechtites hieraciifolius,1152557-2,Asteraceae,Erechtites,hieraciifolius,,False,Erechtites hieracifolia
6574516.0,483,Hieracium venosum,224594-1,Asteraceae,Hieracium,venosum,,False,Hieracium venosum
3925937.0,488,Sinosenecio dryas,914586-1,Asteraceae,Sinosenecio,dryas,,False,Sinosenecio dryas
12002093.0,486,Gladiopappus vernonioides,209003-1,Asteraceae,Gladiopappus,vernonioides,,False,Gladiopappus vernonioides
6188865.0,483,Sonchus asper,1003017-2,Asteraceae,Sonchus,asper,,False,Sonchus asper
15057672.0,464,Tagetes lemmonii,252119-1,Asteraceae,Tagetes,lemmonii,,False,Tagetes lemmonii
8155021.0,415,Erlangea calycina,204937-1,Asteraceae,Erlangea,calycina,,False,Erlangea calycina
15080856.0,468,Ageratina glabrata,6907-2,Asteraceae,Ageratina,glabrata,,False,Ageratina modesta
12002110.0,474,Gerbera emirnensis,208872-1,Asteraceae,Gerbera,emirnensis,,False,Gerbera emirnensis
6575284.0,296,Solidago caesia,240139-2,Asteraceae,Solidago,caesia,,False,Solidago caesia
5911551.0,468,Pilosella aurantiaca,238000-1,Asteraceae,Pilosella,aurantiaca,,False,Hieracium aurantiacum
12002118.0,276,Psiadia glutinosa,239911-1,Asteraceae,Psiadia,glutinosa,,False,Psiadia glutinosa
13478098.0,446,Pluchea lanceolata,77124381-1,Asteraceae,Pluchea,lanceolata,,False,Pluchea lanceolata
3232967.0,436,Inula helenium,225914-1,Asteraceae,Inula,helenium,,True,Inula helenium
8155404.0,446,Bidens whytei,185320-1,Asteraceae,Bidens,whytei,,False,Bidens whytei
8155048.0,439,Acanthospermum hispidum,173718-1,Asteraceae,Acanthospermum,hispidum,,False,Acanthospermum hispidum
6541604.0,293,Erigeron strigosus,94159-2,Asteraceae,Erigeron,strigosus,,True,Erigeron strigosus
3925963.0,505,Tephroseris koreana,77117488-1,Asteraceae,Tephroseris,koreana,,False,Sinosenecio koreanus
6541620.0,468,Lapsana communis,228732-1,Asteraceae,Lapsana,communis,,False,Lapsana communis
3925926.0,498,Sinosenecio chienii,249299-1,Asteraceae,Sinosenecio,chienii,,False,Sinosenecio chienii
12002079.0,480,Distephanus trinervis,201864-1,Asteraceae,Distephanus,trinervis,,False,Distephanus trinervis
12002111.0,487,Galinsoga sp.,8998-1,Asteraceae,Galinsoga,,,False,Galinsoga sp.
17045197.0,505,Tagetes verticillata,252181-1,Asteraceae,Tagetes,verticillata,,False,Tagetes caracasana
3232975.0,441,Tussilago farfara,256904-1,Asteraceae,Tussilago,farfara,,False,Tussilago farfara
12002066.0,482,Cyanthillium cinereum,962413-1,Asteraceae,Cyanthillium,cinereum,,False,Cyanthillium cinereum
15057599.0,477,Sidneya tenuifolia,77115790-1,Asteraceae,Sidneya,tenuifolia,,False,Sidneya tenuifolia
12002089.0,462,Gymnanthemum pectorale,1010977-1,Asteraceae,Gymnanthemum,pectorale,,False,Gymnanthemum pectorale
12002144.0,471,Brachylaena perrieri,186102-1,Asteraceae,Brachylaena,perrieri,,False,Brachylaena perrieri
3925975.0,495,Sinosenecio palmatisectus,905288-1,Asteraceae,Sinosenecio,palmatisectus,,False,Sinosenecio palmatisectus
15057466.0,491,Lygodesmia texana,147821-2,Asteraceae,Lygodesmia,texana,,False,Lygodesmia texana
12002070.0,471,Brachylaena perrieri,186102-1,Asteraceae,Brachylaena,perrieri,,False,Brachylaena perrieri
15080931.0,382,Senecio cedrorum,244401-1,Asteraceae,Senecio,cedrorum,,False,Senecio cedrorum
12002100.0,427,Oliganthes triflora,235036-1,Asteraceae,Oliganthes,triflora,,False,Oliganthes triflora
12002073.0,400,Distephanus glutinosus,943525-1,Asteraceae,Distephanus,glutinosus,,False,Distephanus glutinosus
12002119.0,421,Gymnanthemum secundifolium,1010980-1,Asteraceae,Gymnanthemum,secundifolium,,False,Gymnanthemum secundifolium
12002127.0,406,Distephanus glutinosus,943525-1,Asteraceae,Distephanus,glutinosus,,False,Distephanus glutinosus
8099263.0,291,Volutaria boranensis,963115-1,Asteraceae,Volutaria,boranensis,,False,Volutaria bonarensis
15057482.0,448,Thymophylla pentachaeta,253209-2,Asteraceae,Thymophylla,pentachaeta,,False,Thymophylla pentachaeta
10285479.0,278,Dendrophorbium lucidum,963543-1,Asteraceae,Dendrophorbium,lucidum,,False,Senecio lucidus
15057596.0,474,Palafoxia hookeriana,236364-1,Asteraceae,Palafoxia,hookeriana,,False,Palafoxia hookeriana
3925976.0,495,Sinosenecio palmatisectus,905288-1,Asteraceae,Sinosenecio,palmatisectus,,False,Sinosenecio palmatisectus
12002102.0,516,Crassocephalum montuosum,199510-1,Asteraceae,Crassocephalum,montuosum,,False,Crassocephalum montuosum
3232409.0,302,Coreopsis pubescens,65900-2,Asteraceae,Coreopsis,pubescens,,False,Coreopsis pubescens
6541775.0,307,Eurybia macrophylla,1032470-2,Asteraceae,Eurybia,macrophylla,,False,Eurybia macrophylla
3923993.0,504,Ligularia lankongensis,230776-1,Asteraceae,Ligularia,lankongensis,,False,Ligularia lankongensis
3924013.0,504,Ligularia virgaurea,230891-1,Asteraceae,Ligularia,virgaurea,,False,Ligularia virgaurea
10285453.0,394,Centratherum punctatum,51409-2,Asteraceae,Centratherum,punctatum,,False,Centratherum punctatum
6541797.0,492,Antennaria plantaginifolia,30130130-2,Asteraceae,Antennaria,plantaginifolia,,False,Antennaria plantaginifolia
3925958.0,482,Sinosenecio homogyniphyllus,249309-1,Asteraceae,Sinosenecio,homogyniphyllus,,False,Sinosenecio homogyniphyllus
3925962.0,505,Tephroseris koreana,77117488-1,Asteraceae,Tephroseris,koreana,,False,Sinosenecio koreanus
3926096.0,479,Syncalathium chrysocephala,1002806-1,Asteraceae,Syncalathium,chrysocephala,,False,Syncalathium chrysocephalum
4618509.0,326,Dendrocacalia crepidifolia,201194-1,Asteraceae,Dendrocacalia,crepidifolia,,False,Dendrocacalia crepidifolia
17648052.0,285,Erigeron caespitosus,203643-1,Asteraceae,Erigeron,caespitosus,,False,Erigeron caespitosus
3923997.0,504,Ligularia pleurocaulis,230826-1,Asteraceae,Ligularia,pleurocaulis,,False,Ligularia pleurocaulis
8155016.0,402,Xanthium strumarium,260893-1,Asteraceae,Xanthium,strumarium,,False,Xanthium strumarium
5211259.0,449,Lapsana communis,228732-1,Asteraceae,Lapsana,communis,,False,Lapsana communis
6574556.0,438,Verbesina occidentalis,257536-1,Asteraceae,Verbesina,occidentalis,,False,Verbesina occidentalis
3926101.0,490,Syncalathium disciforme,251996-1,Asteraceae,Syncalathium,disciforme,,False,Syncalathium disciforme
6541805.0,433,Ageratina altissima,6815-2,Asteraceae,Ageratina,altissima,,False,Ageratina altissima
9813435.0,527,Crupina intermedia,200609-1,Asteraceae,Crupina,intermedia,,False,Crupina intermedia
12002105.0,276,Blumea sp.,331408-2,Asteraceae,Blumea,,,True,Blumea sp.
12002104.0,529,Hubertia sp.,9418-1,Asteraceae,Hubertia,,,False,Hubertia sp.
9813489.0,394,Volutaria crupinoides,260094-1,Asteraceae,Volutaria,crupinoides,,False,Volutaria crupinoides
15057514.0,471,Berlandiera lyrata,184670-1,Asteraceae,Berlandiera,lyrata,,False,Berlandiera lyrata
5911425.0,277,Doellingeria umbellata,30058707-2,Asteraceae,Doellingeria,umbellata,,False,Doellingeria umbellata
15057525.0,443,Thymophylla acerosa,286086-2,Asteraceae,Thymophylla,acerosa,,False,Thymophylla acerosa
12002123.0,406,Distephanus subluteus,943537-1,Asteraceae,Distephanus,subluteus,,False,Distephanus subluteus
22196549.0,467,Agoseris glauca,7222-2,Asteraceae,Agoseris,glauca,,False,Agoseris glauca
6541776.0,478,Antennaria plantaginifolia,30130130-2,Asteraceae,Antennaria,plantaginifolia,,False,Antennaria plantaginifolia
5211184.0,463,Achillea ptarmica,2336-2,Asteraceae,Achillea,ptarmica,,False,Achillea ptarmica
12002081.0,402,Distephanus garnierianus,943523-1,Asteraceae,Distephanus,garnierianus,,False,Distephanus garnierianus
12002087.0,401,Distephanus poissonii,77161444-1,Asteraceae,Distephanus,poissonii,,False,Distephanus poissonii
12002092.0,375,Othonna sp.,10329-1,Asteraceae,Othonna,,,False,Othonna sp.
12002099.0,470,Jalantzia caudata,77341023-1,Asteraceae,Jalantzia,caudata,,False,Vernoniopsis caudata
9748931.0,330,Cavalcantia percymosa,50367-2,Asteraceae,Cavalcantia,percymosa,,False,Cavalcantia percymosa
6541734.0,307,Symphyotrichum cordifolium,981790-1,Asteraceae,Symphyotrichum,cordifolium,,False,Symphyotrichum cordifolium
12002094.0,382,Othonna sp.,10329-1,Asteraceae,Othonna,,,False,Othonna sp.
3232449.0,486,Ageratina altissima,6815-2,Asteraceae,Ageratina,altissima,,True,Eupatorium rugosum
4618941.0,467,Crepidiastrum ameristophyllum,199607-1,Asteraceae,Crepidiastrum,ameristophyllum,,False,Crepidiastrum ameristophyllum
3232536.0,348,Packera paupercula,180009-2,Asteraceae,Packera,paupercula,,False,Packera paupercula
3232625.0,477,Tragopogon dubius,255993-1,Asteraceae,Tragopogon,dubius,,False,Tragopogon dubius
8155009.0,428,Baccharoides lasiopus,962412-1,Asteraceae,Baccharoides,lasiopus,,False,Vernonia lasiopus
3232581.0,501,Rudbeckia hirta,223740-2,Asteraceae,Rudbeckia,hirta,,False,Rudbeckia hirta
15057586.0,296,Solidago juliae,285366-2,Asteraceae,Solidago,juliae,,False,Solidago juliae
12002139.0,479,Gymnanthemum pectorale,1010977-1,Asteraceae,Gymnanthemum,pectorale,,False,Gymnanthemum pectorale
15057665.0,447,Tetraneuris scaposa,251784-2,Asteraceae,Tetraneuris,scaposa,,False,Tetraneuris scaposa
15057539.0,355,Xanthisma gracile,1187520-2,Asteraceae,Xanthisma,gracile,,False,Xanthisma gracile
3926040.0,487,Soroseris glomerata,250414-1,Asteraceae,Soroseris,glomerata,,False,Soroseris glomerata
3232349.0,487,Antennaria neglecta,14759-2,Asteraceae,Antennaria,neglecta,,False,Antennaria neglecta
3232480.0,459,Pilosella caespitosa,238026-1,Asteraceae,Pilosella,caespitosa,,False,Hieracium caespitosum
3232460.0,413,Galinsoga quadriradiata,208557-1,Asteraceae,Galinsoga,quadriradiata,,False,Galinsoga quadriradiata
5911449.0,231,Solidago flexicaulis,240229-2,Asteraceae,Solidago,flexicaulis,,False,Solidago flexicaulis
12002133.0,403,Distephanus garnierianus,943523-1,Asteraceae,Distephanus,garnierianus,,False,Distephanus garnierianus
8155405.0,446,Bidens whytei,185320-1,Asteraceae,Bidens,whytei,,False,Bidens whytei
6541770.0,460,Lactuca canadensis,227915-1,Asteraceae,Lactuca,canadensis,,False,Lactuca canadensis
15057506.0,426,Tetragonotheca texana,255361-1,Asteraceae,Tetragonotheca,texana,,False,Tetragonotheca texana
6511617.0,348,Packera aurea,1016222-2,Asteraceae,Packera,aurea,,False,Packera aurea
3232610.0,440,Sonchus oleraceus,250268-1,Asteraceae,Sonchus,oleraceus,,False,Sonchus oleraceus
3925953.0,514,Sinosenecio guangxiensis,905284-1,Asteraceae,Sinosenecio,guangxiensis,,False,Sinosenecio guangxiensis
3232616.0,308,Symphyotrichum cordifolium,981790-1,Asteraceae,Symphyotrichum,cordifolium,,False,Symphyotrichum cordifolium
3925921.0,495,Sinosenecio albonervius,77113928-1,Asteraceae,Sinosenecio,albonervius,,False,Sinosenecio albonervius
6757330.0,272,Eschenbachia stricta,205047-1,Asteraceae,Eschenbachia,stricta,,True,Conyza stricta
12002095.0,274,Psiadia sp.,10721-1,Asteraceae,Psiadia,,,False,Psiadiella sp.
12540918.0,504,Cynara cardunculus subsp. cardunculus,77180272-1,Asteraceae,Cynara,cardunculus,cardunculus,True,Cynara cardunculus var. scolymus
5911312.0,276,Symphyotrichum urophyllum,981915-1,Asteraceae,Symphyotrichum,urophyllum,,False,Symphyotrichum urophyllum
9813089.0,363,Senecio harveyanus,245439-1,Asteraceae,Senecio,harveyanus,,False,Senecio harveianus
3232401.0,469,Cirsium vulgare,196191-1,Asteraceae,Cirsium,vulgare,,False,Cirsium vulgare
3232489.0,436,Inula helenium,225914-1,Asteraceae,Inula,helenium,,True,Inula helenium
15057590.0,485,Vigethia mexicana,265134-2,Asteraceae,Vigethia,mexicana,,False,Vigethia mexicana
5911500.0,461,Eutrochium maculatum,60437839-2,Asteraceae,Eutrochium,maculatum,,False,Eutrochium maculatum
3232398.0,467,Cichorium intybus,194533-1,Asteraceae,Cichorium,intybus,,False,Cichorium intybus
3852042.0,308,Daphnandra repandula,98013-3,Atherospermataceae,Daphnandra,repandula,,False,Daphnandra repandula
3818420.0,396,Doryphora aromatica,581867-1,Atherospermataceae,Doryphora,aromatica,,False,Doryphora aromatica
3818518.0,376,Doryphora aromatica,581867-1,Atherospermataceae,Doryphora,aromatica,,False,Doryphora aromatica
3818421.0,362,Daphnandra repandula,98013-3,Atherospermataceae,Daphnandra,repandula,,False,Daphnandra repandula
3852102.0,445,Austrobaileya scandens,554303-1,Austrobaileyaceae,Austrobaileya,scandens,,False,Austrobaileya scandens
3818411,529,Balanops australiana,103171-1,Balanopaceae,Balanops,australiana,,False,Balanops australiana
6575324.0,320,Impatiens capensis,30008241-2,Balsaminaceae,Impatiens,capensis,,True,Impatiens capensis
6575312.0,320,Impatiens capensis,30008241-2,Balsaminaceae,Impatiens,capensis,,True,Impatiens capensis
3922854.0,306,Begonia baviensis,104260-1,Begoniaceae,Begonia,baviensis,,False,Begonia baviensis
3922850.0,358,Begonia baviensis,104260-1,Begoniaceae,Begonia,baviensis,,False,Begonia baviensis
15080574.0,449,Begonia glandulosa,273165-2,Begoniaceae,Begonia,glandulosa,,False,Begonia glandulosa
3922909.0,358,Begonia hekouensis,1007004-1,Begoniaceae,Begonia,hekouensis,,False,Begonia hekouensis
15057610.0,373,Begonia venosa,30995-2,Begoniaceae,Begonia,venosa,,False,Begonia venosa
3922979.0,361,Begonia umbraculifolia,932646-1,Begoniaceae,Begonia,umbraculifolia,,False,Begonia umbraculifolia
15057578.0,450,Begonia dichroa,30505-2,Begoniaceae,Begonia,dichroa,,False,Begonia lunaris
3922928.0,355,Begonia longistyla,77070264-1,Begoniaceae,Begonia,longistyla,,False,Begonia longistyla
3922890.0,308,Begonia daxinensis,994620-1,Begoniaceae,Begonia,daxinensis,,False,Begonia daxinensis
15057595.0,398,Begonia sanguinea,105655-1,Begoniaceae,Begonia,sanguinea,,False,Begonia sanguinea
3922951.0,358,Begonia megalophyllaria,984320-1,Begoniaceae,Begonia,megalophyllaria,,False,Begonia megalophyllaria
3922997.0,304,Begonia wangii,106003-1,Begoniaceae,Begonia,wangii,,False,Begonia wangii
3922981.0,308,Begonia umbraculifolia,932646-1,Begoniaceae,Begonia,umbraculifolia,,False,Begonia umbraculifolia
15057472.0,398,Begonia glabra,104759-1,Begoniaceae,Begonia,glabra,,False,Begonia glabra
3922930.0,355,Begonia longistyla,77070264-1,Begoniaceae,Begonia,longistyla,,False,Begonia longistyla
3922860.0,355,Begonia biflora,994619-1,Begoniaceae,Begonia,biflora,,False,Begonia biflora
15057626.0,374,Begonia sericoneura,105718-1,Begoniaceae,Begonia,sericoneura,,False,Begonia sericoneura
3922868.0,360,Begonia crystallina,77070260-1,Begoniaceae,Begonia,crystallina,,False,Begonia crystallina
3922926.0,353,Begonia longicarpa,1014342-1,Begoniaceae,Begonia,longicarpa,,False,Begonia longicarpa
3922897.0,362,Begonia filiformis,104670-1,Begoniaceae,Begonia,filiformis,,False,Begonia filiformis
3922922.0,308,Begonia lanternaria,105007-1,Begoniaceae,Begonia,lanternaria,,False,Begonia lanternaria
3922992.0,304,Begonia wangii,106003-1,Begoniaceae,Begonia,wangii,,False,Begonia wangii
3922942.0,360,Begonia luzhaiensis,1008794-1,Begoniaceae,Begonia,luzhaiensis,,False,Begonia luzhaiensis
15057568.0,398,Begonia sikkimensis,105735-1,Begoniaceae,Begonia,sikkimensis,,False,Begonia sikkimensis
15057523.0,375,Begonia lanceolata,104995-1,Begoniaceae,Begonia,lanceolata,,False,Begonia lanceolata
15057502.0,398,Begonia peltata,105392-1,Begoniaceae,Begonia,peltata,,True,Begonia peltata
3922991.0,359,Begonia villifolia,105985-1,Begoniaceae,Begonia,villifolia,,False,Begonia villifolia
3922960.0,368,Begonia ornithophylla,20011628-1,Begoniaceae,Begonia,ornithophylla,,False,Begonia ornithophylla
15057630.0,414,Begonia vittariifolia,105996-1,Begoniaceae,Begonia,vittariifolia,,False,Begonia vittariifolia
3922880.0,358,Begonia daweishanensis,982170-1,Begoniaceae,Begonia,daweishanensis,,False,Begonia daweishanensis
15057684.0,450,Begonia maculata,105130-1,Begoniaceae,Begonia,maculata,,False,Begonia maculata
3922949.0,358,Begonia megalophyllaria,984320-1,Begoniaceae,Begonia,megalophyllaria,,False,Begonia megalophyllaria
3922970.0,359,Begonia villifolia,105985-1,Begoniaceae,Begonia,villifolia,,False,Begonia purpureofolia
3922914.0,358,Begonia hekouensis,1007004-1,Begoniaceae,Begonia,hekouensis,,False,Begonia hekouensis
3922858.0,355,Begonia biflora,994619-1,Begoniaceae,Begonia,biflora,,False,Begonia biflora
3922882.0,359,Begonia daweishanensis,982170-1,Begoniaceae,Begonia,daweishanensis,,False,Begonia daweishanensis
15057542.0,397,Begonia epipsila,30526-2,Begoniaceae,Begonia,epipsila,,False,Begonia epipsila
15057638.0,421,Begonia sykakiengii,77174035-1,Begoniaceae,Begonia,sykakiengii,,False,Begonia sykakiengii
3922888.0,308,Begonia daxinensis,994620-1,Begoniaceae,Begonia,daxinensis,,False,Begonia daxinensis
3922962.0,344,Begonia platycarpa,77070267-1,Begoniaceae,Begonia,platycarpa,,False,Begonia platycarpa
3922865.0,348,Begonia cirrosa,907538-1,Begoniaceae,Begonia,cirrosa,,False,Begonia cirrosa
3922954.0,307,Begonia mengtzeana,20011626-1,Begoniaceae,Begonia,mengtzeana,,False,Begonia mengtzeana
3922870.0,308,Begonia crystallina,77070260-1,Begoniaceae,Begonia,crystallina,,False,Begonia crystallina
3922964.0,360,Begonia platycarpa,77070267-1,Begoniaceae,Begonia,platycarpa,,False,Begonia platycarpa
3922920.0,308,Begonia lanternaria,105007-1,Begoniaceae,Begonia,lanternaria,,False,Begonia lanternaria
3922944.0,360,Begonia masoniana,105166-1,Begoniaceae,Begonia,masoniana,,False,Begonia masoniana
3922998.0,308,Begonia zhengyiana,20008286-1,Begoniaceae,Begonia,zhengyiana,,False,Begonia zhengyiana
3922924.0,358,Begonia longicarpa,1014342-1,Begoniaceae,Begonia,longicarpa,,False,Begonia longicarpa
3922955.0,358,Begonia mengtzeana,20011626-1,Begoniaceae,Begonia,mengtzeana,,False,Begonia mengtzeana
3922892.0,342,Begonia fangii,77065676-1,Begoniaceae,Begonia,fangii,,False,Begonia fangii
3922899.0,351,Begonia filiformis,104670-1,Begoniaceae,Begonia,filiformis,,False,Begonia filiformis
15057627.0,398,Begonia reniformis,105558-1,Begoniaceae,Begonia,reniformis,,True,Begonia reniformis
15057618.0,406,Begonia thiemei,30943-2,Begoniaceae,Begonia,thiemei,,False,Begonia thiemei
9759192.0,389,Begonia rufa,105633-1,Begoniaceae,Begonia,rufa,,False,Begonia rufa
3925918.0,561,Podophyllum hexandrum,327192-2,Berberidaceae,Podophyllum,hexandrum,,False,Sinopodophyllum hexandrum
3925920.0,561,Podophyllum hexandrum,327192-2,Berberidaceae,Podophyllum,hexandrum,,False,Sinopodophyllum hexandrum
5182556.0,327,Nandina domestica,107544-1,Berberidaceae,Nandina,domestica,,False,Nandina domestica
11887132.0,574,Berberis laurina,106830-1,Berberidaceae,Berberis,laurina,,False,Berberis laurina
5211189.0,540,Berberis vulgaris,328527-2,Berberidaceae,Berberis,vulgaris,,False,Berberis vulgaris
4618441.0,519,Berberis thunbergii,107136-1,Berberidaceae,Berberis,thunbergii,,False,Berberis thunbergii
4619170.0,521,Berberis amurensis,106405-1,Berberidaceae,Berberis,amurensis,,False,Berberis amurensis
6632230.0,360,Podophyllum peltatum,107599-1,Berberidaceae,Podophyllum,peltatum,,False,Podophyllum peltatum
4618969.0,520,Berberis thunbergii,107136-1,Berberidaceae,Berberis,thunbergii,,False,Berberis thunbergii
14517429.0,453,Nandina domestica,107544-1,Berberidaceae,Nandina,domestica,,False,Nandina domestica
15080884.0,541,Berberis aquifolium,31334-2,Berberidaceae,Berberis,aquifolium,,False,Berberis aquifolium
15057524.0,541,Berberis trifoliolata,107152-1,Berberidaceae,Berberis,trifoliolata,,False,Berberis trifoliolata
4618203.0,513,Berberis sp.,77228492-1,Berberidaceae,Berberis,,vulgaris,True,Berberis sieboldii
4618554.0,539,Berberis amurensis,106405-1,Berberidaceae,Berberis,amurensis,,False,Berberis amurensis
6541617.0,646,Podophyllum peltatum,107599-1,Berberidaceae,Podophyllum,peltatum,,False,Podophyllum peltatum
4301143.0,508,Corylus sieboldiana var. sieboldiana,77168000-1,Betulaceae,Corylus,sieboldiana,sieboldiana,False,Corylus sieboldiana var. sieboldiana
4618114.0,494,Alnus hirsuta,77176842-1,Betulaceae,Alnus,hirsuta,,False,Alnus hirsuta
4618263.0,415,Betula grossa,295101-1,Betulaceae,Betula,grossa,,False,Betula grossa
4301288.0,415,Betula grossa,295101-1,Betulaceae,Betula,grossa,,False,Betula grossa
5911633.0,496,Corylus cornuta,108018-1,Betulaceae,Corylus,cornuta,,True,Corylus cornuta
4301328.0,481,Alnus hirsuta,77176842-1,Betulaceae,Alnus,hirsuta,,False,Alnus hirsuta
4618178.0,455,Carpinus tschonoskii,295285-1,Betulaceae,Carpinus,tschonoskii,,False,Carpinus tschonoskii
4618688.0,420,Ostrya japonica,295667-1,Betulaceae,Ostrya,japonica,,False,Ostrya japonica
4617510.0,414,Betula costata,295064-1,Betulaceae,Betula,costata,,False,Betula costata
4618284.0,414,Betula costata,295064-1,Betulaceae,Betula,costata,,False,Betula costata
3929671.0,408,Alnus rubra,294986-1,Betulaceae,Alnus,rubra,,True,Alnus rubra
4617619.0,416,Betula ermanii var. ermanii,77167714-1,Betulaceae,Betula,ermanii,ermanii,False,Betula ermanii var. ermanii
5911704.0,432,Betula papyrifera,32197-2,Betulaceae,Betula,papyrifera,,False,Betula papyrifera
5911429.0,525,Alnus incana,30106706-2,Betulaceae,Alnus,incana,,False,Alnus incana
4618183.0,416,Betula davurica var. davurica,77171968-1,Betulaceae,Betula,davurica,davurica,False,Betula davurica var. davurica
4300883.0,415,Betula ermanii var. ermanii,77167714-1,Betulaceae,Betula,ermanii,ermanii,False,Betula ermanii var. ermanii
3924479.0,393,Ostryopsis intermedia,77105679-1,Betulaceae,Ostryopsis,intermedia,,False,Ostryopsis intermedia
4303137.0,482,Alnus sieboldiana,294993-1,Betulaceae,Alnus,sieboldiana,,False,Alnus sieboldiana
4618137.0,414,Betula globispica,295094-1,Betulaceae,Betula,globispica,,False,Betula globispica
4303101.0,449,Alnus pendula,294976-1,Betulaceae,Alnus,pendula,,False,Alnus pendula
5911346.0,433,Betula alleghaniensis,32106-2,Betulaceae,Betula,alleghaniensis,,False,Betula alleghaniensis
4301071.0,480,Alnus japonica,294936-1,Betulaceae,Alnus,japonica,,True,Alnus japonica
3922653.0,400,Alnus mandschurica,107681-1,Betulaceae,Alnus,mandschurica,,False,Alnus mandschurica
5911493.0,504,Corylus cornuta,108018-1,Betulaceae,Corylus,cornuta,,True,Corylus cornuta
6632217.0,434,Betula pendula subsp. mandshurica,77128716-1,Betulaceae,Betula,pendula,mandshurica,False,Betula platyphylla
4617621.0,415,Betula corylifolia,295063-1,Betulaceae,Betula,corylifolia,,True,Betula corylifolia
4301012.0,416,Betula maximowicziana,295137-1,Betulaceae,Betula,maximowicziana,,False,Betula maximowicziana
4302202.0,503,Alnus matsumurae,107682-1,Betulaceae,Alnus,matsumurae,,False,Alnus matsumurae
3924472.0,393,Ostryopsis davidiana,295677-1,Betulaceae,Ostryopsis,davidiana,,False,Ostryopsis davidiana
4301385.0,495,Carpinus laxiflora,295265-1,Betulaceae,Carpinus,laxiflora,,False,Carpinus laxiflora
4301242.0,475,Carpinus tschonoskii,295285-1,Betulaceae,Carpinus,tschonoskii,,False,Carpinus tschonoskii
4617441.0,508,Corylus sieboldiana var. sieboldiana,77168000-1,Betulaceae,Corylus,sieboldiana,sieboldiana,False,Corylus sieboldiana var. sieboldiana
3922645.0,419,Alnus japonica,294936-1,Betulaceae,Alnus,japonica,,True,Alnus japonica
5911351.0,432,Betula alleghaniensis,32106-2,Betulaceae,Betula,alleghaniensis,,False,Betula alleghaniensis
4300954.0,415,Betula corylifolia,295063-1,Betulaceae,Betula,corylifolia,,True,Betula corylifolia
5911664.0,504,Corylus americana,295439-1,Betulaceae,Corylus,americana,,False,Corylus americana
4617582.0,496,Alnus matsumurae,107682-1,Betulaceae,Alnus,matsumurae,,False,Alnus matsumurae
4618224.0,432,Carpinus cordata var. cordata,77167825-1,Betulaceae,Carpinus,cordata,cordata,False,Carpinus cordata var. cordata
4617831.0,496,Alnus trabeculosa,107701-1,Betulaceae,Alnus,trabeculosa,,False,Alnus trabeculosa
4303198.0,472,Carpinus laxiflora,295265-1,Betulaceae,Carpinus,laxiflora,,False,Carpinus laxiflora
4301668.0,464,Ostrya japonica,295667-1,Betulaceae,Ostrya,japonica,,False,Ostrya japonica
4301245.0,481,Carpinus cordata var. cordata,77167825-1,Betulaceae,Carpinus,cordata,cordata,False,Carpinus cordata var. cordata
3924470.0,393,Ostryopsis davidiana,295677-1,Betulaceae,Ostryopsis,davidiana,,False,Ostryopsis davidiana
4301395.0,482,Alnus pendula,294976-1,Betulaceae,Alnus,pendula,,False,Alnus pendula
4619164.0,415,Betula davurica var. davurica,77171968-1,Betulaceae,Betula,davurica,davurica,False,Betula davurica var. davurica
4618427.0,484,Alnus sieboldiana,294993-1,Betulaceae,Alnus,sieboldiana,,False,Alnus sieboldiana
4302509.0,406,Betula pendula subsp. mandshurica,77128716-1,Betulaceae,Betula,pendula,mandshurica,False,Betula platyphylla var. japonica
4618487.0,480,Alnus firma,294920-1,Betulaceae,Alnus,firma,,False,Alnus firma var. hirtella
3924477.0,393,Ostryopsis intermedia,77105679-1,Betulaceae,Ostryopsis,intermedia,,False,Ostryopsis intermedia
5911477.0,512,Ostrya virginiana,295672-1,Betulaceae,Ostrya,virginiana,,False,Ostrya virginiana
6541736.0,513,Ostrya virginiana,295672-1,Betulaceae,Ostrya,virginiana,,False,Ostrya virginiana
12540778.0,440,Betula pendula,295174-1,Betulaceae,Betula,pendula,,False,Betula pendula
4617705.0,415,Betula fruticosa,295088-1,Betulaceae,Betula,fruticosa,,False,Betula ovalifolia
5911695.0,432,Betula papyrifera,32197-2,Betulaceae,Betula,papyrifera,,False,Betula papyrifera
5911507.0,490,Carpinus caroliniana,295249-1,Betulaceae,Carpinus,caroliniana,,False,Carpinus caroliniana
5911605.0,480,Corylus americana,295439-1,Betulaceae,Corylus,americana,,False,Corylus americana
4301504.0,414,Betula maximowicziana,295137-1,Betulaceae,Betula,maximowicziana,,False,Betula maximowicziana
4301853.0,482,Alnus trabeculosa,107701-1,Betulaceae,Alnus,trabeculosa,,False,Alnus trabeculosa
4618847.0,503,Alnus serrulatoides,107696-1,Betulaceae,Alnus,serrulatoides,,False,Alnus serrulatoides
4618602.0,503,Alnus serrulatoides,107696-1,Betulaceae,Alnus,serrulatoides,,False,Alnus serrulatoides
6632234.0,490,Carpinus caroliniana,295249-1,Betulaceae,Carpinus,caroliniana,,False,Carpinus caroliniana
5911484.0,551,Alnus incana,30106706-2,Betulaceae,Alnus,incana,,False,Alnus incana
3924483.0,393,Ostryopsis nobilis,108055-1,Betulaceae,Ostryopsis,nobilis,,False,Ostryopsis nobilis
3924481.0,393,Ostryopsis nobilis,108055-1,Betulaceae,Ostryopsis,nobilis,,False,Ostryopsis nobilis
3922638.0,408,Alnus cremastogyne,294905-1,Betulaceae,Alnus,cremastogyne,,False,Alnus cremastogyne
4301457.0,492,Alnus fauriei,294915-1,Betulaceae,Alnus,fauriei,,False,Alnus fauriei
4618590.0,508,Corylus heterophylla var. heterophylla,77168002-1,Betulaceae,Corylus,heterophylla,heterophylla,False,Corylus heterophylla var. thunbergii
4618875.0,508,Corylus heterophylla var. heterophylla,77168002-1,Betulaceae,Corylus,heterophylla,heterophylla,False,Corylus heterophylla var. thunbergii
3922635.0,408,Alnus cremastogyne,294905-1,Betulaceae,Alnus,cremastogyne,,False,Alnus cremastogyne
3852073,397,Tecomanthe sp.,4265-1,Bignoniaceae,Tecomanthe,,,False,Tecomanthe sp.
6288607.0,387,Fernandoa adolfi-friderici,109616-1,Bignoniaceae,Fernandoa,adolfi-friderici,,False,Fernandoa adolfi-friderici
10578440.0,285,Kigelia africana subsp. africana,77171515-1,Bignoniaceae,Kigelia,africana,africana,False,Kigelia pinnata
10578441.0,285,Kigelia africana subsp. africana,77171515-1,Bignoniaceae,Kigelia,africana,africana,False,Kigelia pinnata
10578436.0,393,Jacaranda mimosifolia,130936-2,Bignoniaceae,Jacaranda,mimosifolia,,False,Jacaranda mimosifolia
10563008.0,416,Tecoma stans,111284-1,Bignoniaceae,Tecoma,stans,,False,Tecoma stans
5895642.0,352,Crescentia linearifolia,109345-1,Bignoniaceae,Crescentia,linearifolia,,False,Crescentia linearifolia
12896081.0,335,Crescentia portoricensis,69423-2,Bignoniaceae,Crescentia,portoricensis,,False,Crescentia portoricensis
5895731.0,439,Tabebuia sp.,248724-2,Bignoniaceae,Tabebuia,,,True,Tabebuia rigida
9754179.0,602,Amphilophium mansoanum,77141958-1,Bignoniaceae,Amphilophium,mansoanum,,False,Amphilophium mansoanum
5895658.0,360,Dolichandra unguis-cati,77100466-1,Bignoniaceae,Dolichandra,unguis-cati,,False,Dolichandra unguis-cata
5895726,429,Tabebuia schumanniana,248798-2,Bignoniaceae,Tabebuia,schumanniana,,False,Tabebuia schumanniana
3852066.0,413,Pandorea jasminoides,110206-1,Bignoniaceae,Pandorea,jasminoides,,False,Pandorea jasminoides
10578435.0,393,Jacaranda mimosifolia,130936-2,Bignoniaceae,Jacaranda,mimosifolia,,False,Jacaranda mimosifolia
6143968,421,Tecomella undulata,111345-1,Bignoniaceae,Tecomella,undulata,,False,Tecomella undulata
5895744,371,Tabebuia haemantha,110925-1,Bignoniaceae,Tabebuia,haemantha,,False,Tabebuia haemantha
5895451.0,441,Tabebuia schumanniana,248798-2,Bignoniaceae,Tabebuia,schumanniana,,False,Tabebuia schumanniana
5895661.0,360,Dolichandra unguis-cati,77100466-1,Bignoniaceae,Dolichandra,unguis-cati,,False,Dolichandra unguis-cata
10563010.0,416,Tecoma stans,111284-1,Bignoniaceae,Tecoma,stans,,False,Tecoma stans
15080870,409,Oroxylum indicum,110175-1,Bignoniaceae,Oroxylum,indicum,,False,Oroxylum indicum
15057550.0,376,Phyllarthron bernierianum,110341-1,Bignoniaceae,Phyllarthron,bernierianum,,False,Phyllarthron bernierianum
6143969.0,387,Stereospermum chelonoides,110773-1,Bignoniaceae,Stereospermum,chelonoides,,False,Stereospermum suaveolens
3818484.0,380,Pandorea pandorana,110212-1,Bignoniaceae,Pandorea,pandorana,,False,Pandorea pandorana
3852075.0,397,Tecomanthe sp.,4265-1,Bignoniaceae,Tecomanthe,,,False,Tecomanthe sp.
5300577,390,Tabebuia rosea,111027-1,Bignoniaceae,Tabebuia,rosea,,False,Tabebuia rosea
5895725.0,438,Tabebuia karsoana,77100712-1,Bignoniaceae,Tabebuia,karsoana,,False,Tabebuia karsoana
5895521.0,393,Amphitecna latifolia,108218-1,Bignoniaceae,Amphitecna,latifolia,,False,Amphitecna latifolia
5895591,369,Crescentia cujete,319161-2,Bignoniaceae,Crescentia,cujete,,False,Crescentia cujete
5895579.0,445,Tabebuia sp.,248724-2,Bignoniaceae,Tabebuia,,,True,Tabebuia rigida
17045199.0,587,Bixa orellana,33335-2,Bixaceae,Bixa,orellana,,False,Bixa orellana
4302428.0,338,Ehretia acuminata,115963-1,Boraginaceae,Ehretia,acuminata,,False,Ehretia acuminata var. obovata
6143970.0,363,Cordia dichotoma,114098-1,Boraginaceae,Cordia,dichotoma,,True,Cordia dichotoma
3818534.0,385,Cordia dichotoma,114098-1,Boraginaceae,Cordia,dichotoma,,True,Cordia dichotoma
4302590.0,335,Ehretia acuminata,115963-1,Boraginaceae,Ehretia,acuminata,,False,Ehretia acuminata var. obovata
5895475.0,402,Bourreria succulenta,1088317-2,Boraginaceae,Bourreria,succulenta,,False,Bourreria succulenta
15080879.0,402,Paracaryum rugulosum,120093-1,Boraginaceae,Paracaryum,rugulosum,,False,Paracaryum rugulosum
5895487.0,251,Cordia rickseckeri,65525-2,Boraginaceae,Cordia,rickseckeri,,False,Cordia rickseckeri
6188848.0,356,Cordia monoica,114369-1,Boraginaceae,Cordia,monoica,,False,Cordia monoica
9813142.0,356,Echium vulgare,115950-1,Boraginaceae,Echium,vulgare,,False,Echium vulgare
5211240.0,305,Pulmonaria obscura,120400-1,Boraginaceae,Pulmonaria,obscura,,False,Pulmonaria obscura
8155454.0,275,Euploca strigosa,60430587-2,Boraginaceae,Euploca,strigosa,,False,Heliotropium strigosum
6511572.0,376,Andersonglossum virginianum,60469982-2,Boraginaceae,Andersonglossum,virginianum,,False,Cynoglossum virginianum
6259106.0,341,Heliotropium zeylanicum,117336-1,Boraginaceae,Heliotropium,zeylanicum,,True,Heliotropium zeylanicum
6188780.0,288,Euploca strigosa,60430587-2,Boraginaceae,Euploca,strigosa,,False,Heliotropium strigosum
5895522.0,362,Cordia collococca,114058-1,Boraginaceae,Cordia,collococca,,True,Cordia collococca
17045192.0,309,Varronia curassavica,262640-2,Boraginaceae,Varronia,curassavica,,False,Cordia curassavica
9813202.0,352,Echium vulgare,115950-1,Boraginaceae,Echium,vulgare,,False,Echium vulgare
15080875.0,418,Oreocarya crassipes,60458708-2,Boraginaceae,Oreocarya,crassipes,,False,Cryptantha crassipes
15080758.0,306,Echium angustifolium,115553-1,Boraginaceae,Echium,angustifolium,,True,Echium angustifolium
5895759.0,322,Bourreria succulenta,1088317-2,Boraginaceae,Bourreria,succulenta,,False,Bourreria succulenta
6259107.0,340,Heliotropium zeylanicum,117336-1,Boraginaceae,Heliotropium,zeylanicum,,True,Heliotropium zeylanicum
15080634.0,347,Trachystemon orientalis,121212-1,Boraginaceae,Trachystemon,orientalis,,False,Trachystemon orientalis
9598534.0,356,Echiochilon lithospermoides,115491-1,Boraginaceae,Echiochilon,lithospermoides,,False,Echiochilon lithospermoides
3232530.0,371,Myosotis laxa,119082-1,Boraginaceae,Myosotis,laxa,,False,Myosotis laxa
15057488.0,344,Lithospermum sp.,325901-2,Boraginaceae,Lithospermum,,,False,Lithospermum sp.
5895530.0,402,Bourreria virgata,113709-1,Boraginaceae,Bourreria,virgata,,False,Bourreria virgata
6143910.0,384,Heliotropium indicum,116938-1,Boraginaceae,Heliotropium,indicum,,False,Heliotropium indicum
6757276.0,376,Heliotropium steudneri,117247-1,Boraginaceae,Heliotropium,steudneri,,False,Heliotropium steudneri
9813413.0,400,Echium italicum,115713-1,Boraginaceae,Echium,italicum,,True,Echium italicum
6757274.0,357,Heliotropium steudneri,117247-1,Boraginaceae,Heliotropium,steudneri,,False,Heliotropium steudneri
9598533.0,356,Echiochilon lithospermoides,115491-1,Boraginaceae,Echiochilon,lithospermoides,,False,Echiochilon lithospermoides
5895631.0,402,Bourreria virgata,113709-1,Boraginaceae,Bourreria,virgata,,False,Bourreria virgata
15080717.0,362,Cordia boissieri,113994-1,Boraginaceae,Cordia,boissieri,,False,Cordia boissieri
6188849.0,356,Cordia monoica,114369-1,Boraginaceae,Cordia,monoica,,False,Cordia monoica
5895737.0,307,Rochefortia spinosa,221589-2,Boraginaceae,Rochefortia,spinosa,,False,Rochefortia spinosa
9813149.0,399,Echium plantagineum,115835-1,Boraginaceae,Echium,plantagineum,,True,Echium plantagineum
5895527.0,424,Heliotropium filiflorum,77210150-1,Boraginaceae,Heliotropium,filiflorum,,False,Tournefortia filiflora
5911567.0,346,Hackelia virginiana,116847-2,Boraginaceae,Hackelia,virginiana,,False,Hackelia virginiana
9812917.0,333,Echium plantagineum,115835-1,Boraginaceae,Echium,plantagineum,,True,Echium plantagineum
6511573.0,380,Andersonglossum virginianum,60469982-2,Boraginaceae,Andersonglossum,virginianum,,False,Cynoglossum virginianum
5911661.0,264,Cardamine concatenata,45150-2,Brassicaceae,Cardamine,concatenata,,False,Cardamine concatenata
15080728.0,369,Nasturtium gambelii,1158563-2,Brassicaceae,Nasturtium,gambelii,,False,Nasturtium gambelii
15080547.0,376,Parolinia glabriuscula,50425851-2,Brassicaceae,Parolinia,glabriuscula,,False,Parolinia glabriuscula
7088179.0,380,Erucastrum arabicum,283465-1,Brassicaceae,Erucastrum,arabicum,,False,Erucastrum arabicum
6541574.0,366,Barbarea vulgaris,29455-2,Brassicaceae,Barbarea,vulgaris,,False,Barbarea vulgaris
7088225.0,340,Erucastrum arabicum,283465-1,Brassicaceae,Erucastrum,arabicum,,False,Erucastrum arabicum
6541595.0,365,Borodinia laevigata,77130735-1,Brassicaceae,Borodinia,laevigata,,True,Arabis laevigata
3925484.0,328,Pugionium cornutum,288314-1,Brassicaceae,Pugionium,cornutum,,False,Pugionium cornutum
15057540.0,374,Erysimum capitatum,1171827-2,Brassicaceae,Erysimum,capitatum,,False,Erysimum capitatum
5911606.0,264,Cardamine concatenata,45150-2,Brassicaceae,Cardamine,concatenata,,False,Cardamine concatenata
3232363.0,375,Barbarea vulgaris,29455-2,Brassicaceae,Barbarea,vulgaris,,False,Barbarea vulgaris
3232500.0,321,Lepidium campestre,286087-1,Brassicaceae,Lepidium,campestre,,False,Lepidium campestre
6511614.0,365,Borodinia laevigata,77130735-1,Brassicaceae,Borodinia,laevigata,,True,Arabis laevigata
3923011.0,332,Cardamine impatiens,280391-1,Brassicaceae,Cardamine,impatiens,,False,Cardamine impatiens
6632187.0,363,Alliaria petiolata,1176324-2,Brassicaceae,Alliaria,petiolata,,False,Alliaria petiolata
3923935.0,202,Lepidium apetalum,286042-1,Brassicaceae,Lepidium,apetalum,,False,Lepidium apetalum
6541642.0,325,Cardamine parviflora,280557-1,Brassicaceae,Cardamine,parviflora,,True,Cardamine parviflora
15080735.0,331,Diplotaxis muralis,96869-3,Brassicaceae,Diplotaxis,muralis,,False,Diplotaxis muralis
15080566.0,272,Orychophragmus violaceus,1075897-2,Brassicaceae,Orychophragmus,violaceus,,False,Orychophragmus violaceus
3925485.0,328,Pugionium cornutum,288314-1,Brassicaceae,Pugionium,cornutum,,False,Pugionium cornutum
3925492.0,328,Pugionium dolabratum,288317-1,Brassicaceae,Pugionium,dolabratum,,False,Pugionium dolabratum
3923937.0,296,Lepidium perfoliatum,286336-1,Brassicaceae,Lepidium,perfoliatum,,False,Lepidium perfoliatum
6541641.0,325,Cardamine parviflora,280557-1,Brassicaceae,Cardamine,parviflora,,True,Cardamine parviflora
3923009.0,274,Cardamine impatiens,280391-1,Brassicaceae,Cardamine,impatiens,,False,Cardamine impatiens
3232948.0,323,Lepidium campestre,286087-1,Brassicaceae,Lepidium,campestre,,False,Lepidium campestre
6632224.0,256,Cardamine angustata,45088-2,Brassicaceae,Cardamine,angustata,,False,Cardamine angustata
3232604.0,353,Sisymbrium officinale,289589-1,Brassicaceae,Sisymbrium,officinale,,False,Sisymbrium officinale
3923940.0,208,Lepidium ruderale,30265500-2,Brassicaceae,Lepidium,ruderale,,True,Lepidium ruderale
3923921.0,209,Lepidium apetalum,286042-1,Brassicaceae,Lepidium,apetalum,,False,Lepidium apetalum
3925490.0,328,Pugionium dolabratum,288317-1,Brassicaceae,Pugionium,dolabratum,,False,Pugionium dolabratum
3232622.0,284,Thlaspi arvense,290477-1,Brassicaceae,Thlaspi,arvense,,False,Thlaspi arvense
3232971.0,339,Alliaria petiolata,1176324-2,Brassicaceae,Alliaria,petiolata,,False,Alliaria petiolata
3923292.0,200,Draba lanceolata,282740-1,Brassicaceae,Draba,lanceolata,,True,Draba lanceolata
15080938.0,385,Matthiola maderensis,286925-1,Brassicaceae,Matthiola,maderensis,,False,Matthiola maderensis
3232578.0,374,Nasturtium officinale,287534-1,Brassicaceae,Nasturtium,officinale,,False,Rorippa nasturtium-aquaticum
5211258.0,315,Arabidopsis arenosa,277940-1,Brassicaceae,Arabidopsis,arenosa,,False,Cardaminopsis arenosa
3923018.0,307,Cardamine tangutorum,280688-1,Brassicaceae,Cardamine,tangutorum,,False,Cardamine tangutorum
15057592.0,376,Physaria recurvata,1051306-2,Brassicaceae,Physaria,recurvata,,False,Physaria recurvata
3232447.0,374,Erysimum cheiranthoides,307231-2,Brassicaceae,Erysimum,cheiranthoides,,False,Erysimum cheiranthoides
3923939.0,296,Lepidium perfoliatum,286336-1,Brassicaceae,Lepidium,perfoliatum,,False,Lepidium perfoliatum
3923942.0,210,Lepidium ruderale,30265500-2,Brassicaceae,Lepidium,ruderale,,True,Lepidium ruderale
3923014.0,307,Cardamine macrophylla,280460-1,Brassicaceae,Cardamine,macrophylla,,True,Cardamine macrophylla
3232603.0,267,Mutarda arvensis,77313885-1,Brassicaceae,Mutarda,arvensis,,True,Sinapis arvensis
6632181.0,338,Cardamine hirsuta,280380-1,Brassicaceae,Cardamine,hirsuta,,False,Cardamine hirsuta
3232478.0,401,Hesperis matronalis,285087-1,Brassicaceae,Hesperis,matronalis,,False,Hesperis matronalis
3232371.0,372,Capsella bursa-pastoris,30092589-2,Brassicaceae,Capsella,bursa-pastoris,,False,Capsella bursa-pastoris
3232352.0,356,Turritis glabra,290916-1,Brassicaceae,Turritis,glabra,,False,Arabis glabra
3923551.0,365,Hedinia tibetica,284575-1,Brassicaceae,Hedinia,tibetica,,False,Hedinia tibetica
3232372.0,265,Cardamine diphylla,280276-1,Brassicaceae,Cardamine,diphylla,,False,Cardamine diphylla
3232577.0,374,Nasturtium microphyllum,287496-1,Brassicaceae,Nasturtium,microphyllum,,False,Rorippa microphylla
3232501.0,270,Lepidium densiflorum,286137-1,Brassicaceae,Lepidium,densiflorum,,False,Lepidium densiflorum
6807848.0,350,Brassica villosa,279567-1,Brassicaceae,Brassica,villosa,,False,Brassica villosa
5211245.0,368,Erysimum  cheiri,283703-1,Brassicaceae,Erysimum,cheiri,,False,Erysimum cheiri
15080781.0,369,Cardamine sp.,60436526-2,Brassicaceae,Cardamine,,,False,Cardamine sp.
15057687.0,361,Hesperidanthus linearifolius,120826-2,Brassicaceae,Hesperidanthus,linearifolius,,False,Hesperidanthus linearifolius
6632252.0,256,Cardamine angustata,45088-2,Brassicaceae,Cardamine,angustata,,False,Cardamine angustata
8155423.0,213,Lepidium bonariense,286068-1,Brassicaceae,Lepidium,bonariense,,True,Lepidium bonariense
6143916.0,334, Brassarda juncea,77354001-1,Brassicaceae,Brassarda,juncea,,False,Brassica juncea
3923296.0,379,Draba nemorosa,83715-2,Brassicaceae,Draba,nemorosa,,True,Draba nemorosa
15080746.0,628,Aechmea weilbachii,121867-1,Bromeliaceae,Aechmea,weilbachii,,False,Aechmea weilbachii
15080679,615,Portea petropolitana var. extensa,208488-2,Bromeliaceae,Portea,petropolitana,extensa,False,Portea petropolitana var. extensa
15080738,621,Billbergia nutans,122153-1,Bromeliaceae,Billbergia,nutans,,False,Billbergia nutans
15080829,602,Puya coerulea,124410-1,Bromeliaceae,Puya,coerulea,,False,Puya coerulea
15080960.0,623,Cryptanthus bromelioides,71639-2,Bromeliaceae,Cryptanthus,bromelioides,,False,Cryptanthus bromelioides
15080620.0,623,Neoglaziovia variegata,168562-2,Bromeliaceae,Neoglaziovia,variegata,,False,Neoglaziovia variegata
15057597.0,570,Acanthostachys strobilacea,121533-1,Bromeliaceae,Acanthostachys,strobilacea,,False,Acanthostachys strobilacea
15057504,593,Hechtia texensis,123183-1,Bromeliaceae,Hechtia,texensis,,False,Hechtia texensis
15080900.0,618,Androlepis skinneri,121948-1,Bromeliaceae,Androlepis,skinneri,,False,Androlepis skinneri
15080672,619,Pitcairnia bromeliifolia,329225-2,Bromeliaceae,Pitcairnia,bromeliifolia,,False,Pitcairnia bromeliifolia
15080582.0,621,Quesnelia imbricata,216608-2,Bromeliaceae,Quesnelia,imbricata,,False,Quesnelia imbricata
15080567.0,621,Aechmea gamosepala,271696-2,Bromeliaceae,Aechmea,gamosepala,,True,Aechmea gamosepala
15080605,621,Neoregelia princeps,123606-1,Bromeliaceae,Neoregelia,princeps,,False,Neoregelia princeps
9759234.0,626,Brocchinia vestita,36695-2,Bromeliaceae,Brocchinia,vestita,,False,Brocchinia vestita
9754181.0,485,Ananas comosus var. microstachys,12325-2,Bromeliaceae,Ananas,comosus,microstachys,False,Ananas ananassoides
9748918.0,585,Aechmea mertensii,121729-1,Bromeliaceae,Aechmea,mertensii,,False,Aechmea mertensii
5895572.0,524,Brunellia comocladiifolia,813633-1,Brunelliaceae,Brunellia,comocladiifolia,,False,Brunellia comocladiifolia
8267584.0,626,Santiria apiculata,128440-1,Burseraceae,Santiria,apiculata,,False,Santiria apiculata
18514494.0,459,Bursera simaruba,127217-1,Burseraceae,Bursera,simaruba,,False,Bursera simaruba
8261263.0,403,Santiria laevigata,128463-1,Burseraceae,Santiria,laevigata,,False,Santiria laevigata
6785984.0,492,Commiphora kua,913830-1,Burseraceae,Commiphora,kua,,False,Commiphora habessinica
8261399.0,560,Santiria apiculata,128440-1,Burseraceae,Santiria,apiculata,,False,Santiria apiculata
8261200.0,583,Dacryodes rostrata,127920-1,Burseraceae,Dacryodes,rostrata,,False,Dacryodes rostrata
6785985.0,492,Commiphora kua,913830-1,Burseraceae,Commiphora,kua,,False,Commiphora habessinica
3818378.0,448,Canarium australasicum,127279-1,Burseraceae,Canarium,australasicum,,False,Canarium australasicum
4934081.0,649,Santiria trimera,128510-1,Burseraceae,Santiria,trimera,,False,Santiria trimera
8296607.0,617,Canarium oleosum,127445-1,Burseraceae,Canarium,oleosum,,False,Canarium oleosum
8335958.0,536,Dacryodes rugosa,127922-1,Burseraceae,Dacryodes,rugosa,,False,Dacryodes rugosa
4934082.0,619,Pachylobus klaineanus,128223-1,Burseraceae,Pachylobus,klaineanus,,False,Dacryodes klaineana
8261232.0,228,Dacryodes rostrata,127920-1,Burseraceae,Dacryodes,rostrata,,False,Dacryodes rostrata
8155055.0,415,Commiphora africana,127576-1,Burseraceae,Commiphora,africana,,False,Commiphora africana
3818376.0,441,Canarium australasicum,127279-1,Burseraceae,Canarium,australasicum,,False,Canarium australasicum
15080834.0,497,Protium beandou,128287-1,Burseraceae,Protium,beandou,,False,Protium beandou
8301167.0,596,Canarium hirsutum,127357-1,Burseraceae,Canarium,hirsutum,,False,Canarium hirsutum
4934125.0,632,Pachylobus edulis,128214-1,Burseraceae,Pachylobus,edulis,,False,Dacryodes edulis
4933973.0,536,Santiria trimera,128510-1,Burseraceae,Santiria,trimera,,False,Santiria trimera
8268276.0,611,Haplolobus floribundus,128079-1,Burseraceae,Haplolobus,floribundus,,False,Haplolobus floribundus
5895413.0,483,Bursera simaruba,127217-1,Burseraceae,Bursera,simaruba,,False,Bursera simaruba
8261418.0,579,Dacryodes rugosa,127922-1,Burseraceae,Dacryodes,rugosa,,False,Dacryodes rugosa
14517601.0,302,Buxus microphylla var. microphylla,77228248-1,Buxaceae,Buxus,microphylla,microphylla,False,Buxus microphylla var. japonica
5895525.0,310,Buxus portoricensis,38767-2,Buxaceae,Buxus,portoricensis,,False,Buxus portoricensis
4618289.0,303,Buxus liukiuensis,340297-1,Buxaceae,Buxus,liukiuensis,,False,Buxus liukiuensis
4617411.0,303,Buxus microphylla var. microphylla,77228248-1,Buxaceae,Buxus,microphylla,microphylla,False,Buxus microphylla var. microphylla
15080607.0,327,Buxus balearica,340272-1,Buxaceae,Buxus,balearica,,False,Buxus balearica
5895497.0,392,Buxus vahlii,340323-1,Buxaceae,Buxus,vahlii,,False,Buxus vahlii
15080670.0,486,Sarcococca ruscifolia,128728-1,Buxaceae,Sarcococca,ruscifolia,,False,Sarcococca ruscifolia
15080766.0,446,Kimnachia ramulosa,77177690-1,Cactaceae,Kimnachia,ramulosa,,False,Pseudorhipsalis ramulosa
15080949.0,378,Pseudorhipsalis amazonica,60426912-2,Cactaceae,Pseudorhipsalis,amazonica,,False,Pseudorhipsalis amazonica
15080953.0,362,Harrisia pomanensis,118004-2,Cactaceae,Harrisia,pomanensis,,False,Harrisia pomanensis
6786054.0,415,Opuntia ficus-indica,1151735-2,Cactaceae,Opuntia,ficus-indica,,False,Opuntia ficus-indica
8155453.0,408,Opuntia ficus-indica,1151735-2,Cactaceae,Opuntia,ficus-indica,,False,Opuntia ficus-indica
15080886.0,378,Stenocereus eruca,244632-2,Cactaceae,Stenocereus,eruca,,False,Stenocereus eruca
15080695.0,414,Weberocereus bradei,267846-2,Cactaceae,Weberocereus,bradei,,False,Weberocereus bradei
15080913.0,445,Hatiora salicornoides,118071-2,Cactaceae,Hatiora,salicornoides,,False,Hatiora salicornioides
15057643.0,286,Cylindropuntia imbricata,73870-2,Cactaceae,Cylindropuntia,imbricata,,False,Cylindropuntia imbricata
8297701,452,Calophyllum inophyllum,427190-1,Calophyllaceae,Calophyllum,inophyllum,,False,Calophyllum inophyllum
4934392,441,Endodesmia calophylloides,433112-1,Calophyllaceae,Endodesmia,calophylloides,,False,Endodesmia calophylloides
8267553.0,350,Calophyllum dasypodium,427147-1,Calophyllaceae,Calophyllum,dasypodium,,False,Calophyllum dasypodum
4934206.0,464,Mammea africana,428742-1,Calophyllaceae,Mammea,africana,,False,Mammea africana
15080850.0,424,Mammea punctata,60439832-2,Calophyllaceae,Mammea,punctata,,False,Mammea punctata
8267548.0,458,Calophyllum soulattri,136326-3,Calophyllaceae,Calophyllum,soulattri,,False,Calophyllum soulatri
4934307.0,441,Endodesmia calophylloides,433112-1,Calophyllaceae,Endodesmia,calophylloides,,False,Endodesmia calophylloides
8297674.0,496,Calophyllum soulattri,136326-3,Calophyllaceae,Calophyllum,soulattri,,False,Calophyllum soulatri
4934522.0,464,Mammea africana,428742-1,Calophyllaceae,Mammea,africana,,False,Mammea africana
8335984,520,Calophyllum pulcherrimum,427270-1,Calophyllaceae,Calophyllum,pulcherrimum,,False,Calophyllum pulcherrimum
8335989,246,Calophyllum dasypodium,427147-1,Calophyllaceae,Calophyllum,dasypodium,,False,Calophyllum dasypodum
15080559.0,370,Chimonanthus praecox,139248-1,Calycanthaceae,Chimonanthus,praecox,,False,Chimonanthus praecox
6574497.0,417,Lobelia inflata,143415-1,Campanulaceae,Lobelia,inflata,,False,Lobelia inflata
5211314.0,379,Campanula glomerata,140365-1,Campanulaceae,Campanula,glomerata,,True,Campanula glomerata
6541705,284,Campanula rapunculoides,140949-1,Campanulaceae,Campanula,rapunculoides,,False,Campanula rapunculoides
4618297.0,237,Lobelia boninensis,143016-1,Campanulaceae,Lobelia,boninensis,,False,Lobelia boninensis
15080926.0,382,Campanula vidalii,141304-1,Campanulaceae,Campanula,vidalii,,False,Azorina vidalii
3923181.0,381,Cyananthus formosus,141871-1,Campanulaceae,Cyananthus,formosus,,False,Cyananthus formosus
3232506,420,Lobelia siphilitica,143861-1,Campanulaceae,Lobelia,siphilitica,,False,Lobelia siphilitica
4619030.0,239,Lobelia boninensis,143016-1,Campanulaceae,Lobelia,boninensis,,False,Lobelia boninensis
3923185.0,369,Cyananthus hookeri,141875-1,Campanulaceae,Cyananthus,hookeri,,False,Cyananthus hookeri
6575293.0,420,Lobelia siphilitica,143861-1,Campanulaceae,Lobelia,siphilitica,,False,Lobelia siphilitica
3923198.0,392,Cyananthus lichiangensis,141882-1,Campanulaceae,Cyananthus,lichiangensis,,False,Cyananthus lichiangensis
3232505,417,Lobelia inflata,143415-1,Campanulaceae,Lobelia,inflata,,False,Lobelia inflata
15057521,357,Campanula rotundifolia,30036649-2,Campanulaceae,Campanula,rotundifolia,,False,Campanula rotundifolia
3232370.0,376,Campanula rapunculoides,140949-1,Campanulaceae,Campanula,rapunculoides,,False,Campanula rapunculoides
6541717.0,399,Campanula divaricata,140221-1,Campanulaceae,Campanula,divaricata,,False,Campanula divaricata
5211311.0,379,Campanula glomerata,140365-1,Campanulaceae,Campanula,glomerata,,True,Campanula glomerata
5211193.0,400,Campanula rotundifolia,30036649-2,Campanulaceae,Campanula,rotundifolia,,False,Campanula rotundifolia
3923200,392,Cyananthus lichiangensis,141882-1,Campanulaceae,Cyananthus,lichiangensis,,False,Cyananthus lichiangensis
15080912.0,336,Nesocodon mauritianus,144220-1,Campanulaceae,Nesocodon,mauritianus,,False,Nesocodon mauritianus
3923187.0,381,Cyananthus incanus,141876-1,Campanulaceae,Cyananthus,incanus,,False,Cyananthus incanus
3923205,381,Cyananthus macrocalyx,141887-1,Campanulaceae,Cyananthus,macrocalyx,,False,Cyananthus macrocalyx
3923195.0,378,Cyananthus inflatus,141877-1,Campanulaceae,Cyananthus,inflatus,,False,Cyananthus inflatus
3923191.0,380,Cyananthus incanus,141876-1,Campanulaceae,Cyananthus,incanus,,False,Cyananthus incanus
15080890.0,400,Canarina canariensis,141368-1,Campanulaceae,Canarina,canariensis,,False,Canarina canariensis
15080658.0,395,Campanula peregrina,140814-1,Campanulaceae,Campanula,peregrina,,False,Campanula peregrina
3923203.0,381,Cyananthus macrocalyx,141887-1,Campanulaceae,Cyananthus,macrocalyx,,False,Cyananthus macrocalyx
3923201.0,322,Cyananthus lobatus,141885-1,Campanulaceae,Cyananthus,lobatus,,False,Cyananthus lobatus
6730821.0,293,Triodanis perfoliata,258447-2,Campanulaceae,Triodanis,perfoliata,,False,Triodanis perfoliata
3923193.0,378,Cyananthus inflatus,141877-1,Campanulaceae,Cyananthus,inflatus,,False,Cyananthus inflatus
5895416.0,227,Trema lamarckianum,856750-1,Cannabaceae,Trema,lamarckianum,,False,Trema lamarckianum
4617929.0,360,Celtis boninensis,836952-1,Cannabaceae,Celtis,boninensis,,False,Celtis boninensis
6288632.0,401,Celtis tessmannii,837030-1,Cannabaceae,Celtis,tessmannii,,False,Celtis tessmannii
6730844.0,359,Celtis occidentalis,301424-2,Cannabaceae,Celtis,occidentalis,,False,Celtis occidentalis
4619158.0,429,Trema orientale,856758-1,Cannabaceae,Trema,orientale,,False,Trema orientalis
4619169.0,361,Celtis jessoensis,836988-1,Cannabaceae,Celtis,jessoensis,,False,Celtis jessoensis
4302958.0,366,Trema orientale,856758-1,Cannabaceae,Trema,orientale,,False,Trema orientalis
8261203.0,487,Gironniera nervosa,854113-1,Cannabaceae,Gironniera,nervosa,,False,Gironniera nervosa
8268283.0,397,Celtis philippensis,56400-3,Cannabaceae,Celtis,philippensis,,False,Celtis philippensis
4617754.0,360,Celtis boninensis,836952-1,Cannabaceae,Celtis,boninensis,,False,Celtis boninensis
4617826.0,420,Aphananthe aspera,850347-1,Cannabaceae,Aphananthe,aspera,,False,Aphananthe aspera
4302012.0,412,Aphananthe aspera,850347-1,Cannabaceae,Aphananthe,aspera,,False,Aphananthe aspera
4618083.0,360,Celtis jessoensis,836988-1,Cannabaceae,Celtis,jessoensis,,False,Celtis jessoensis
4302432.0,361,Celtis sinensis,851171-1,Cannabaceae,Celtis,sinensis,,True,Celtis sinensis
4618922.0,353,Celtis sinensis,851171-1,Cannabaceae,Celtis,sinensis,,True,Celtis sinensis
8301118.0,397,Celtis philippensis,56400-3,Cannabaceae,Celtis,philippensis,,False,Celtis philippensis
6288680.0,388,Celtis mildbraedii,837002-1,Cannabaceae,Celtis,mildbraedii,,False,Celtis mildbraedii
8261185.0,487,Gironniera hirta,837054-1,Cannabaceae,Gironniera,hirta,,False,Gironniera hirta
3818527.0,491,Aphananthe philippinensis,850350-1,Cannabaceae,Aphananthe,philippinensis,,False,Aphananthe philippinensis
12197057.0,318,Sparrea schippii,241097-2,Cannabaceae,Sparrea,schippii,,False,Celtis schippii
12197056.0,516,Sparrea schippii,241097-2,Cannabaceae,Sparrea,schippii,,False,Celtis schippii
3851987.0,392,Celtis paniculata,851138-1,Cannabaceae,Celtis,paniculata,,False,Celtis paniculata
8261227.0,488,Gironniera nervosa,854113-1,Cannabaceae,Gironniera,nervosa,,False,Gironniera nervosa
6288561.0,389,Celtis mildbraedii,837002-1,Cannabaceae,Celtis,mildbraedii,,False,Celtis mildbraedii
6143983.0,404,Cannabis sativa,306087-2,Cannabaceae,Cannabis,sativa,,False,Cannabis sativa
3852032.0,468,Aphananthe philippinensis,850350-1,Cannabaceae,Aphananthe,philippinensis,,False,Aphananthe philippinensis
15080648.0,640,Canna indica,319130-2,Cannaceae,Canna,indica,,False,Canna indica
6757246.0,450,Maerua angolensis,147645-1,Capparaceae,Maerua,angolensis,,False,Maerua angolensis
4301955.0,283,Crateva formosensis,1014207-1,Capparaceae,Crateva,formosensis,,False,Crateva formosensis
6259155.0,502,Maerua triphylla,147796-1,Capparaceae,Maerua,triphylla,,True,Maerua triphylla
6143909.0,457,Capparis sepiaria,146769-1,Capparaceae,Capparis,sepiaria,,False,Capparis sepiaria
6757318.0,363,Boscia integrifolia,60477092-2,Capparaceae,Boscia,integrifolia,,True,Boscia angustifolia
8155082.0,304,Cadaba farinosa,146196-1,Capparaceae,Cadaba,farinosa,,False,Cadaba farinosa
5895566.0,455,Morisonia flexuosa,316361-2,Capparaceae,Morisonia,flexuosa,,False,Cynophalla flexuosa
6757249.0,391,Maerua angolensis,147645-1,Capparaceae,Maerua,angolensis,,False,Maerua angolensis
5895551.0,357,Morisonia indica,77217338-1,Capparaceae,Morisonia,indica,,False,Quadrella indica
6259190.0,509,Maerua triphylla,147796-1,Capparaceae,Maerua,triphylla,,True,Maerua triphylla
10003944.0,458,Capparis tomentosa,146824-1,Capparaceae,Capparis,tomentosa,,False,Capparis tomentosa
5895411.0,327,Morisonia cynophallophora,77183582-1,Capparaceae,Morisonia,cynophallophora,,False,Quadrella cynophallophora
5895468.0,295,Morisonia frondosa,77183570-1,Capparaceae,Morisonia,frondosa,,False,Capparidastrum frondosum
10003941.0,436,Capparis tomentosa,146824-1,Capparaceae,Capparis,tomentosa,,False,Capparis tomentosa
6143890.0,462,Capparis zeylanica,146890-1,Capparaceae,Capparis,zeylanica,,True,Capparis zeylanica
15080595.0,438,Capparis spinosa subsp. rupestris,77249506-1,Capparaceae,Capparis,spinosa,rupestris,False,Capparis orientalis
5895569.0,379,Morisonia hastata,77183736-1,Capparaceae,Morisonia,hastata,,False,Cynophalla hastata
14517539.0,306,Crateva formosensis,1014207-1,Capparaceae,Crateva,formosensis,,False,Crateva formosensis
6259171.0,496,Cadaba farinosa,146196-1,Capparaceae,Cadaba,farinosa,,False,Cadaba farinosa
6511604.0,417,Lonicera maackii,60463205-2,Caprifoliaceae,Lonicera,maackii,,False,Lonicera maackii
5911504.0,477,Diervilla lonicera,148473-1,Caprifoliaceae,Diervilla,lonicera,,False,Diervilla lonicera
4618762.0,383,Lonicera chrysantha var. chrysantha,77223393-1,Caprifoliaceae,Lonicera,chrysantha,chrysantha,False,Lonicera chrysantha var. crassipes
4301824.0,324,Zabelia integrifolia,150120-1,Caprifoliaceae,Zabelia,integrifolia,,False,Zabelia integrifolia
4619217.0,400,Weigela middendorffiana,60463215-2,Caprifoliaceae,Weigela,middendorffiana,,False,Macrodiervilla middendorffiana
3232511.0,412,Lonicera tatarica,149131-1,Caprifoliaceae,Lonicera,tatarica,,False,Lonicera tatarica
14517378.0,408,Lonicera hypoglauca,148833-1,Caprifoliaceae,Lonicera,hypoglauca,,False,Lonicera hypoglauca
4619296.0,233,Linnaea borealis,140689-2,Caprifoliaceae,Linnaea,borealis,,False,Linnaea borealis
15080748.0,415,Lonicera acuminata,148587-1,Caprifoliaceae,Lonicera,acuminata,,False,Lonicera acuminata
4301766.0,404,Weigela floribunda,60463212-2,Caprifoliaceae,Weigela,floribunda,,False,Weigela floribunda
4301969.0,415,Lonicera affinis,148594-1,Caprifoliaceae,Lonicera,affinis,,True,Lonicera affinis
4300976.0,406,Weigela decora var. decora,77225666-1,Caprifoliaceae,Weigela,decora,decora,False,Weigela decora var. decora
4301148.0,404,Weigela hortensis,60463213-2,Caprifoliaceae,Weigela,hortensis,,False,Weigela hortensis
4301299.0,231,Diabelia ionostachya var. tetrasepala,77222441-1,Caprifoliaceae,Diabelia,ionostachya,tetrasepala,False,Abelia tetrasepala
4301777.0,390,Lonicera gracilipes,148802-1,Caprifoliaceae,Lonicera,gracilipes,,False,Lonicera gracilipes var. glabra
4302519.0,396,Weigela hortensis,60463213-2,Caprifoliaceae,Weigela,hortensis,,False,Weigela hortensis
5911488.0,241,Lonicera canadensis,148665-1,Caprifoliaceae,Lonicera,canadensis,,False,Lonicera canadensis
3232510.0,406,Lonicera hirsuta,148825-1,Caprifoliaceae,Lonicera,hirsuta,,False,Lonicera hirsuta
4618920.0,398,Lonicera chrysantha var. chrysantha,77223393-1,Caprifoliaceae,Lonicera,chrysantha,chrysantha,False,Lonicera chrysantha var. crassipes
5911578.0,251,Linnaea borealis,140689-2,Caprifoliaceae,Linnaea,borealis,,False,Linnaea borealis
4618027.0,232,Diabelia sanguinea,60476318-2,Caprifoliaceae,Diabelia,sanguinea,,False,Abelia spathulata var. sanguinea
4303202.0,391,Lonicera gracilipes,148802-1,Caprifoliaceae,Lonicera,gracilipes,,False,Lonicera gracilipes var. glandulosa
4619023.0,408,Lonicera japonica,148850-1,Caprifoliaceae,Lonicera,japonica,,True,Lonicera japonica
3232509.0,409,Lonicera canadensis,148665-1,Caprifoliaceae,Lonicera,canadensis,,False,Lonicera canadensis
14517341.0,414,Lonicera affinis,148594-1,Caprifoliaceae,Lonicera,affinis,,True,Lonicera affinis
3924046.0,406,Lonicera hypoglauca,148833-1,Caprifoliaceae,Lonicera,hypoglauca,,False,Lonicera hypoglauca
3232434.0,284,Dipsacus fullonum,319260-1,Caprifoliaceae,Dipsacus,fullonum,,False,Dipsacus fullonum
14517377.0,405,Weigela japonica,150042-1,Caprifoliaceae,Weigela,japonica,,False,Weigela japonica
4617597.0,407,Lonicera japonica,148850-1,Caprifoliaceae,Lonicera,japonica,,True,Lonicera japonica
5911627.0,422,Diervilla lonicera,148473-1,Caprifoliaceae,Diervilla,lonicera,,False,Diervilla lonicera
3924050.0,219,Lonicera rupicola,149064-1,Caprifoliaceae,Lonicera,rupicola,,False,Lonicera rupicola
4302153.0,405,Weigela decora var. decora,77225666-1,Caprifoliaceae,Weigela,decora,decora,False,Weigela decora var. decora
4301867.0,405,Weigela floribunda,60463212-2,Caprifoliaceae,Weigela,floribunda,,False,Weigela floribunda
4617684.0,393,Lonicera morrowii,148944-1,Caprifoliaceae,Lonicera,morrowii,,False,Lonicera morrowii
14517328.0,405,Weigela japonica,150042-1,Caprifoliaceae,Weigela,japonica,,False,Weigela japonica
4618791.0,391,Lonicera demissa var. demissa,3271863-4,Caprifoliaceae,Lonicera,demissa,demissa,False,Lonicera demissa var. demissa
3232630.0,428,Triosteum aurantiacum,258558-2,Caprifoliaceae,Triosteum,aurantiacum,,False,Triosteum aurantiacum
3924052.0,219,Lonicera rupicola,149064-1,Caprifoliaceae,Lonicera,rupicola,,False,Lonicera rupicola
4617857.0,323,Lonicera strophiophora f. strophiophora,77223273-1,Caprifoliaceae,Lonicera,strophiophora,strophiophora,False,Lonicera strophiophora var. strophiophora
5211220.0,285,Scabiosa columbaria,319793-1,Caprifoliaceae,Scabiosa,columbaria,,False,Scabiosa columbaria
6541690.0,422,Symphoricarpos orbiculatus,149465-1,Caprifoliaceae,Symphoricarpos,orbiculatus,,False,Symphoricarpos orbiculatus
4618974.0,394,Lonicera demissa var. demissa,3271863-4,Caprifoliaceae,Lonicera,demissa,demissa,False,Lonicera demissa var. demissa
4301826.0,231,Diabelia ionostachya var. tetrasepala,77222441-1,Caprifoliaceae,Diabelia,ionostachya,tetrasepala,False,Abelia tetrasepala
4618550.0,389,Lonicera chamissoi,148685-1,Caprifoliaceae,Lonicera,chamissoi,,False,Lonicera chamissoi
5911390.0,427,Triosteum aurantiacum,258558-2,Caprifoliaceae,Triosteum,aurantiacum,,False,Triosteum aurantiacum
3924045.0,309,Lonicera hispida,148828-1,Caprifoliaceae,Lonicera,hispida,,False,Lonicera hispida
3924059.0,219,Lonicera webbiana,149186-1,Caprifoliaceae,Lonicera,webbiana,,False,Lonicera webbiana
3924043.0,324,Lonicera hispida,148828-1,Caprifoliaceae,Lonicera,hispida,,False,Lonicera hispida
15080583.0,544,Vasconcellea pubescens,675782-1,Caricaceae,Vasconcellea,pubescens,,False,Vasconcellea pubescens
6143908.0,512,Carica papaya,30011248-2,Caricaceae,Carica,papaya,,False,Carica papaya
3925465.0,361,Psammosilene tunicoides,991720-1,Caryophyllaceae,Psammosilene,tunicoides,,False,Psammosilene tunicoides
3232613.0,311,Stellaria longifolia,244219-2,Caryophyllaceae,Stellaria,longifolia,,True,Stellaria longifolia
3925913.0,270,Silene firma,157351-1,Caryophyllaceae,Silene,firma,,False,Silene firma
5211224.0,223,Dianthus carthusianorum,302053-2,Caryophyllaceae,Dianthus,carthusianorum,,False,Dianthus carthusianorum
3925907.0,262,Silene aprica,987495-1,Caryophyllaceae,Silene,aprica,,False,Silene aprica
6541688.0,361,Silene stellata,158428-1,Caryophyllaceae,Silene,stellata,,True,Silene stellata
3232390.0,281,Cerastium fontanum,152255-1,Caryophyllaceae,Cerastium,fontanum,,False,Cerastium fontanum
3232593.0,275,Saponaria officinalis,156627-1,Caryophyllaceae,Saponaria,officinalis,,False,Saponaria officinalis
3925896.0,285,Silene aprica,987495-1,Caryophyllaceae,Silene,aprica,,False,Silene aprica
6632221.0,359,Cerastium fontanum,152255-1,Caryophyllaceae,Cerastium,fontanum,,False,Cerastium fontanum
6541621.0,364,Stellaria media,159330-1,Caryophyllaceae,Stellaria,media,,True,Stellaria media
5211213.0,364,Stellaria media,159330-1,Caryophyllaceae,Stellaria,media,,True,Stellaria media
3925908.0,288,Silene baccifera,156886-1,Caryophyllaceae,Silene,baccifera,,False,Silene baccifera
3925466.0,353,Psammosilene tunicoides,991720-1,Caryophyllaceae,Psammosilene,tunicoides,,False,Psammosilene tunicoides
8902709.0,247,Dianthus rupicola,153821-1,Caryophyllaceae,Dianthus,rupicola,,True,Dianthus rupicola
3232602.0,286,Silene latifolia,157647-1,Caryophyllaceae,Silene,latifolia,,True,Silene latifolia
7088087.0,376,Pollichia campestris,435155-1,Caryophyllaceae,Pollichia,campestris,,False,Pollichia campestris
6541593.0,372,Stellaria pubera,159421-1,Caryophyllaceae,Stellaria,pubera,,False,Stellaria pubera
3925910.0,316,Silene baccifera,156886-1,Caryophyllaceae,Silene,baccifera,,False,Silene baccifera
7088245.0,368,Pollichia campestris,435155-1,Caryophyllaceae,Pollichia,campestris,,False,Pollichia campestris
8902705.0,246,Dianthus rupicola,153821-1,Caryophyllaceae,Dianthus,rupicola,,True,Dianthus rupicola
3925915.0,272,Silene firma,157351-1,Caryophyllaceae,Silene,firma,,False,Silene firma
3232356.0,384,Arenaria serpyllifolia,303826-2,Caryophyllaceae,Arenaria,serpyllifolia,,True,Arenaria serpyllifolia
6541724.0,310,Paronychia canadensis,435005-1,Caryophyllaceae,Paronychia,canadensis,,False,Paronychia canadensis
5211223.0,241,Dianthus carthusianorum,302053-2,Caryophyllaceae,Dianthus,carthusianorum,,False,Dianthus carthusianorum
6541711.0,302,Paronychia canadensis,435005-1,Caryophyllaceae,Paronychia,canadensis,,False,Paronychia canadensis
6541725.0,349,Silene stellata,158428-1,Caryophyllaceae,Silene,stellata,,True,Silene stellata
3924584.0,268,Parnassia delavayi,792078-1,Celastraceae,Parnassia,delavayi,,False,Parnassia brevistyla
3924605.0,413,Parnassia farreri,792084-1,Celastraceae,Parnassia,farreri,,False,Parnassia farreri
4300972.0,544,Euonymus verrucosoides,60448331-2,Celastraceae,Euonymus,verrucosoides,,False,Euonymus alatus var. alatus
8268302.0,547,Euonymus indicus,160938-1,Celastraceae,Euonymus,indicus,,False,Euonymus indicus
4301686.0,546,Euonymus sachalinensis,161105-1,Celastraceae,Euonymus,sachalinensis,,False,Euonymus tricarpus
4302526.0,458,Celastrus orbiculatus,927512-1,Celastraceae,Celastrus,orbiculatus,,False,Celastrus orbiculatus var. orbiculatus
5895503.0,559,Maytenus laevigata,161952-1,Celastraceae,Maytenus,laevigata,,False,Maytenus laevigata
14517455.0,488,Celastrus orbiculatus,927512-1,Celastraceae,Celastrus,orbiculatus,,False,Celastrus orbiculatus var. strigillosus
15057515.0,506,Mortonia greggii,162242-1,Celastraceae,Mortonia,greggii,,False,Mortonia greggii
4301390.0,547,Euonymus hamiltonianus,160922-1,Celastraceae,Euonymus,hamiltonianus,,False,Euonymus sieboldianus var. sanguineus
4301636.0,542,Euonymus hamiltonianus,160922-1,Celastraceae,Euonymus,hamiltonianus,,False,Euonymus sieboldianus var. sanguineus
3604333.0,307,Hexaspora pubescens,161482-1,Celastraceae,Hexaspora,pubescens,,False,Hexaspora pubescens
10563062.0,577,Gymnosporia royleana,161429-1,Celastraceae,Gymnosporia,royleana,,False,Maytenus royleana
4934218.0,560,Salacia lehmbachii,431249-1,Celastraceae,Salacia,lehmbachii,,False,Salacia lehmbachii
4302953.0,611,Euonymus lutchuensis,160988-1,Celastraceae,Euonymus,lutchuensis,,False,Euonymus lutchuensis
5895704.0,464,Maytenus laevigata,161952-1,Celastraceae,Maytenus,laevigata,,False,Maytenus laevigata
3924652.0,414,Parnassia trinervis,792140-1,Celastraceae,Parnassia,trinervis,,False,Parnassia trinervis
3924606.0,413,Parnassia farreri,792084-1,Celastraceae,Parnassia,farreri,,False,Parnassia farreri
3924657.0,442,Parnassia cacuminum var. cacuminum,77226733-1,Celastraceae,Parnassia,cacuminum,cacuminum,False,Parnassia venusta
4301665.0,422,Euonymus macropterus,160993-1,Celastraceae,Euonymus,macropterus,,False,Euonymus macropterus
10563063.0,556,Gymnosporia royleana,161429-1,Celastraceae,Gymnosporia,royleana,,False,Maytenus royleana
3924646.0,450,Parnassia perciliata,792122-1,Celastraceae,Parnassia,perciliata,,False,Parnassia perciliata
3924602.0,420,Parnassia faberi,792083-1,Celastraceae,Parnassia,faberi,,False,Parnassia faberi
4301746.0,405,Euonymus sachalinensis,161105-1,Celastraceae,Euonymus,sachalinensis,,False,Euonymus planipes
4619162.0,463,Celastrus stephanotiifolius,160523-1,Celastraceae,Celastrus,stephanotiifolius,,False,Celastrus stephanotifolius
4934128.0,582,Salacia sp.,331924-2,Celastraceae,Salacia,,,False,Salacia sp.
4617848.0,451,Euonymus macropterus,160993-1,Celastraceae,Euonymus,macropterus,,False,Euonymus macropterus
3924582.0,301,Parnassia delavayi,792078-1,Celastraceae,Parnassia,delavayi,,False,Parnassia brevistyla
14517630.0,581,Euonymus lutchuensis,160988-1,Celastraceae,Euonymus,lutchuensis,,False,Euonymus lutchuensis
4934214.0,640,Salacia loloensis,431261-1,Celastraceae,Salacia,loloensis,,False,Salacia loloensis
4618480.0,533,Euonymus melananthus,161005-1,Celastraceae,Euonymus,melananthus,,False,Euonymus melananthus
3604343.0,513,Siphonodon membranaceus,162799-1,Celastraceae,Siphonodon,membranaceus,,False,Siphonodon membranaceus
4934166.0,589,Salacia sp.,331924-2,Celastraceae,Salacia,,,False,Salacia sp.
4934517.0,547,Salacia lehmbachii,431249-1,Celastraceae,Salacia,lehmbachii,,False,Salacia lehmbachii
5895500.0,310,Maytenus elongata,155505-2,Celastraceae,Maytenus,elongata,,False,Maytenus elongata
6730812.0,430,Euonymus americanus,30067863-2,Celastraceae,Euonymus,americanus,,False,Euonymus americanus
3924667.0,448,Parnassia yunnanensis,792149-1,Celastraceae,Parnassia,yunnanensis,,False,Parnassia yunanensis
8297654.0,613,Kokoona reflexa,161684-1,Celastraceae,Kokoona,reflexa,,False,Kokoona reflexa
3924633.0,461,Parnassia noemiae,77222185-1,Celastraceae,Parnassia,noemiae,,False,Parnassia noemiae
3924598.0,493,Parnassia wightiana,792146-1,Celastraceae,Parnassia,wightiana,,False,Parnassia dilatata
8267518.0,612,Kokoona reflexa,161684-1,Celastraceae,Kokoona,reflexa,,False,Kokoona reflexa
3924630.0,457,Parnassia mysorensis,792108-1,Celastraceae,Parnassia,mysorensis,,False,Parnassia mysorensis
3851985.0,556,Siphonodon membranaceus,162799-1,Celastraceae,Siphonodon,membranaceus,,False,Siphonodon membranaceus
3924612.0,471,Parnassia guilinensis,1012076-1,Celastraceae,Parnassia,guilinensis,,False,Parnassia guilinensis
4303235.0,462,Celastrus stephanotiifolius,160523-1,Celastraceae,Celastrus,stephanotiifolius,,False,Celastrus stephanotifolius
3818509.0,614,Loeseneriella barbata,431095-1,Celastraceae,Loeseneriella,barbata,,False,Hippocratea barbata
3924632.0,505,Parnassia mysorensis,792108-1,Celastraceae,Parnassia,mysorensis,,False,Parnassia mysorensis
3924590.0,451,Parnassia chinensis,792072-1,Celastraceae,Parnassia,chinensis,,False,Parnassia chinesis
5895462.0,393,Crossopetalum rhacoma,60458018-2,Celastraceae,Crossopetalum,rhacoma,,False,Crossopetalum rhacoma
3924654.0,431,Parnassia trinervis,792140-1,Celastraceae,Parnassia,trinervis,,False,Parnassia trinervis
5895552.0,581,Schaefferia frutescens,162760-1,Celastraceae,Schaefferia,frutescens,,False,Schaefferia frutescens
3924661.0,442,Parnassia wightiana,792146-1,Celastraceae,Parnassia,wightiana,,False,Parnassia wightiana
3924648.0,429,Parnassia tenella,792137-1,Celastraceae,Parnassia,tenella,,False,Parnassia tenella
3924609.0,318,Parnassia foliosa,792088-1,Celastraceae,Parnassia,foliosa,,False,Parnassia foliosa
3232388.0,497,Celastrus scandens,319139-2,Celastraceae,Celastrus,scandens,,False,Celastrus scandens
4618072.0,351,Euonymus fortunei var. fortunei,77230844-1,Celastraceae,Euonymus,fortunei,fortunei,False,Euonymus fortunei var. fortunei
4618108.0,597,Gymnosporia diversifolia,161332-1,Celastraceae,Gymnosporia,diversifolia,,False,Gymnosporia diversifolia
3924604.0,348,Parnassia faberi,792083-1,Celastraceae,Parnassia,faberi,,False,Parnassia faberi
3924627.0,456,Parnassia longipetala,792099-1,Celastraceae,Parnassia,longipetala,,False,Parnassia longipetala
8155448.0,483,Mystroxylon aethiopicum,834947-1,Celastraceae,Mystroxylon,aethiopicum,,False,Mystroxylon aethiopicum
5895648.0,464,Maytenus elongata,155505-2,Celastraceae,Maytenus,elongata,,False,Maytenus elongata
3924617.0,430,Parnassia kotzebuei,30087162-2,Celastraceae,Parnassia,kotzebuei,,False,Parnassia kotzebuei
4619076.0,376,Euonymus boninensis,160804-1,Celastraceae,Euonymus,boninensis,,False,Euonymus boninensis
3924642.0,446,Parnassia perciliata,792122-1,Celastraceae,Parnassia,perciliata,,False,Parnassia perciliata
3924578.0,436,Parnassia asarifolia,792064-1,Celastraceae,Parnassia,asarifolia,,False,Parnassia asarifolia
5895647.0,597,Hippocratea volubilis,161653-1,Celastraceae,Hippocratea,volubilis,,True,Hippocratea volubilis
3924639.0,436,Parnassia palustris,792120-1,Celastraceae,Parnassia,palustris,,False,Parnassia palustris
3924576.0,471,Parnassia asarifolia,792064-1,Celastraceae,Parnassia,asarifolia,,False,Parnassia asarifolia
3924641.0,447,Parnassia palustris,792120-1,Celastraceae,Parnassia,palustris,,False,Parnassia palustris
5895764.0,590,Elaeodendron xylocarpum,160752-1,Celastraceae,Elaeodendron,xylocarpum,,False,Elaeodendron xylocarpum
14517508.0,439,Euonymus fortunei var. fortunei,77230844-1,Celastraceae,Euonymus,fortunei,fortunei,False,Euonymus fortunei var. fortunei
15080853.0,370,Mystroxylon aethiopicum,834947-1,Celastraceae,Mystroxylon,aethiopicum,,True,Cassine aethiopica
3924614.0,471,Parnassia guilinensis,1012076-1,Celastraceae,Parnassia,guilinensis,,False,Parnassia guilinensis
4303038.0,431,Celastrus kusanoi,160340-1,Celastraceae,Celastrus,kusanoi,,False,Celastrus kusanoi var. glaber
3924620.0,424,Parnassia laxmannii,792097-1,Celastraceae,Parnassia,laxmannii,,False,Parnassia laxmanni
3924669.0,443,Parnassia yunnanensis,792149-1,Celastraceae,Parnassia,yunnanensis,,False,Parnassia yunanensis
15061731.0,568,Loeseneriella sp.,19646-1,Celastraceae,Loeseneriella,,,False,Loeseneriella sp.
3924599.0,467,Parnassia epunctulata,906804-1,Celastraceae,Parnassia,epunctulata,,False,Parnassia epuctulata
3924622.0,426,Parnassia laxmannii,792097-1,Celastraceae,Parnassia,laxmannii,,False,Parnassia laxmanni
4301603.0,512,Euonymus carnosus,160813-1,Celastraceae,Euonymus,carnosus,,False,Euonymus carnosus
4303017.0,437,Celastrus kusanoi,160340-1,Celastraceae,Celastrus,kusanoi,,False,Celastrus kusanoi var. glaber
4617377.0,640,Euonymus verrucosoides,60448331-2,Celastraceae,Euonymus,verrucosoides,,False,Euonymus alatus var. alatus
15057473.0,506,Mortonia greggii,162242-1,Celastraceae,Mortonia,greggii,,False,Mortonia greggii
5895449.0,547,Elaeodendron xylocarpum,160752-1,Celastraceae,Elaeodendron,xylocarpum,,False,Elaeodendron xylocarpum
5895641.0,464,Maytenus cymosa,161880-1,Celastraceae,Maytenus,cymosa,,True,Maytenus cymosa
3580535.0,443,Centroplacus glaucinus,111514-1,Centroplacaceae,Centroplacus,glaucinus,,False,Centroplacus glaucinus
3580536,361,Centroplacus glaucinus,111514-1,Centroplacaceae,Centroplacus,glaucinus,,False,Centroplacus glaucinus
8261411.0,390,Bhesa paniculata,159987-1,Centroplacaceae,Bhesa,paniculata,,False,Bhesa paniculata
4300981.0,439,Cercidiphyllum japonicum,77084481-1,Cercidiphyllaceae,Cercidiphyllum,japonicum,,False,Cercidiphyllum japonicum
4301025.0,441,Cercidiphyllum japonicum,77084481-1,Cercidiphyllaceae,Cercidiphyllum,japonicum,,False,Cercidiphyllum japonicum
4300957.0,441,Cercidiphyllum magnificum,163100-1,Cercidiphyllaceae,Cercidiphyllum,magnificum,,False,Cercidiphyllum magnificum
4301576.0,245,Sarcandra glabra,167899-1,Chloranthaceae,Sarcandra,glabra,,False,Sarcandra glabra
4302985.0,258,Sarcandra glabra,167899-1,Chloranthaceae,Sarcandra,glabra,,False,Sarcandra glabra
5895589.0,305,Hedyosmum arborescens,277966-2,Chloranthaceae,Hedyosmum,arborescens,,True,Hedyosmum arborescens
8267545,516,Atuna excelsa,167938-1,Chrysobalanaceae,Atuna,excelsa,,False,Atuna excelsa
4934084.0,455,Chrysobalanus icaco,722181-1,Chrysobalanaceae,Chrysobalanus,icaco,,False,Chrysobalanus icaco
4934287,347,Dactyladenia staudtii,167991-1,Chrysobalanaceae,Dactyladenia,staudtii,,False,Dactyladenia staudtii
4934315,376,Dactyladenia pallescens,167986-1,Chrysobalanaceae,Dactyladenia,pallescens,,False,Dactyladenia pallescens
3580483,429,Parinari excelsa,727101-1,Chrysobalanaceae,Parinari,excelsa,,False,Parinari excelsa
8335976,504,Angelesia splendens,721500-1,Chrysobalanaceae,Angelesia,splendens,,False,Licania splendens
4934231.0,420,Dactyladenia staudtii,167991-1,Chrysobalanaceae,Dactyladenia,staudtii,,False,Dactyladenia staudtii
4934443.0,387,Magnistipula glaberrima,726218-1,Chrysobalanaceae,Magnistipula,glaberrima,,False,Magnistipula glaberrima
4934477,399,Chrysobalanus icaco,722181-1,Chrysobalanaceae,Chrysobalanus,icaco,,False,Chrysobalanus icaco
3580484.0,421,Parinari excelsa,727101-1,Chrysobalanaceae,Parinari,excelsa,,False,Parinari excelsa
15061732.0,430,Grangeria porosa,725423-1,Chrysobalanaceae,Grangeria,porosa,,False,Grangeria porosa
4934466.0,387,Magnistipula glaberrima,726218-1,Chrysobalanaceae,Magnistipula,glaberrima,,False,Magnistipula glaberrima
8301165.0,412,Atuna excelsa subsp. racemosa,77202185-1,Chrysobalanaceae,Atuna,excelsa,racemosa,False,Atuna racemosa
8297672.0,498,Atuna excelsa,167938-1,Chrysobalanaceae,Atuna,excelsa,,False,Atuna excelsa
5895740.0,483,Hirtella triandra,725631-1,Chrysobalanaceae,Hirtella,triandra,,False,Hirtella triandra
6288698.0,401,Maranthes glabra,168119-1,Chrysobalanaceae,Maranthes,glabra,,False,Maranthes glabra
4934332,376,Dactyladenia pallescens,167986-1,Chrysobalanaceae,Dactyladenia,pallescens,,False,Dactyladenia pallescens
3923152.0,293,Circaeaster agrestis,167828-1,Circaeasteraceae,Circaeaster,agrestis,,False,Circaeaster agrestis
15080866.0,299,Fumana ericoides,168589-1,Cistaceae,Fumana,ericoides,,False,Fumana ericoides
6188783.0,423,Cleome monophylla,147187-1,Cleomaceae,Cleome,monophylla,,False,Cleome monophylla
6259156.0,384,Cleome gynandra,60518-2,Cleomaceae,Cleome,gynandra,,False,Cleome gynandra
6188786.0,423,Cleome monophylla,147187-1,Cleomaceae,Cleome,monophylla,,False,Cleome monophylla
15080767.0,410,Cleomella arborea,77146860-1,Cleomaceae,Cleomella,arborea,,False,Peritoma arborea
6259108.0,421,Cleome hirta,147095-1,Cleomaceae,Cleome,hirta,,False,Cleome hirta
15057683.0,404,Cleome erosa,1196329-2,Cleomaceae,Cleome,erosa,,False,Polanisia erosa
15057489.0,448,Cleome dodecandra,60499-2,Cleomaceae,Cleome,dodecandra,,False,Polanisia dodecandra
6143906.0,449,Cleome viscosa,320133-2,Cleomaceae,Cleome,viscosa,,False,Cleome viscosa
4302108.0,471,Clethra barbinervis,327574-1,Clethraceae,Clethra,barbinervis,,False,Clethra barbinervis
4301508,456,Clethra barbinervis,327574-1,Clethraceae,Clethra,barbinervis,,False,Clethra barbinervis
3580542.0,406,Garcinia kola,428024-1,Clusiaceae,Garcinia,kola,,False,Garcinia kola
8336060.0,398,Garcinia dulcis,427931-1,Clusiaceae,Garcinia,dulcis,,False,Garcinia dulcis
15080705.0,558,Clusia sp.,30005334-2,Clusiaceae,Clusia,,,False,Clusia sp.
3580598,529,Garcinia punctata,428190-1,Clusiaceae,Garcinia,punctata,,False,Garcinia punctata
4934407.0,484,Garcinia ovalifolia,428140-1,Clusiaceae,Garcinia,ovalifolia,,True,Garcinia ovalifolia
6288691.0,586,Garcinia smeathmannii,428239-1,Clusiaceae,Garcinia,smeathmannii,,False,Garcinia smeathmannii
5895372,510,Clusia gundlachii,427531-1,Clusiaceae,Clusia,gundlachii,,False,Clusia gundlachii
4934399.0,474,Symphonia globulifera,429281-1,Clusiaceae,Symphonia,globulifera,,False,Symphonia globulifera
6288690,556,Garcinia punctata,428190-1,Clusiaceae,Garcinia,punctata,,False,Garcinia punctata
3580544.0,460,Garcinia lucida,428059-1,Clusiaceae,Garcinia,lucida,,False,Garcinia lucida
3580599.0,475,Garcinia sp.,19345-1,Clusiaceae,Garcinia,,,False,Garcinia sp.
4934253,571,Symphonia globulifera,429281-1,Clusiaceae,Symphonia,globulifera,,False,Symphonia globulifera
4934040,479,Garcinia quadrifaria,428197-1,Clusiaceae,Garcinia,quadrifaria,,False,Garcinia gnetoides
8267556.0,556,Garcinia balica,427819-1,Clusiaceae,Garcinia,balica,,False,Garcinia balicca
8268292.0,271,Garcinia warrenii,428314-1,Clusiaceae,Garcinia,warrenii,,False,Garcinia warrenii
4934324.0,563,Garcinia kola,428024-1,Clusiaceae,Garcinia,kola,,False,Garcinia conrauana
6288649.0,511,Garcinia smeathmannii,428239-1,Clusiaceae,Garcinia,smeathmannii,,False,Garcinia smeathmannii
8335954.0,491,Garcinia penangiana,428167-1,Clusiaceae,Garcinia,penangiana,,False,Garcinia penangiana
8268307.0,507,Garcinia celebica,169645-1,Clusiaceae,Garcinia,celebica,,True,Garcinia celebica
3580543,472,Garcinia lucida,428059-1,Clusiaceae,Garcinia,lucida,,False,Garcinia lucida
4934555.0,504,Garcinia mannii,428075-1,Clusiaceae,Garcinia,mannii,,False,Garcinia mannii
4934036,484,Garcinia ovalifolia,428140-1,Clusiaceae,Garcinia,ovalifolia,,True,Garcinia ovalifolia
8297733.0,444,Garcinia dulcis,427931-1,Clusiaceae,Garcinia,dulcis,,False,Garcinia dulcis
4934138.0,553,Pentadesma butyracea,428981-1,Clusiaceae,Pentadesma,butyracea,,False,Pentadesma butyracea
4934279.0,471,Garcinia mannii,428075-1,Clusiaceae,Garcinia,mannii,,False,Garcinia mannii
4934072,560,Pentadesma butyracea,428981-1,Clusiaceae,Pentadesma,butyracea,,False,Pentadesma butyracea
3818321,350,Garcinia warrenii,428314-1,Clusiaceae,Garcinia,warrenii,,False,Garcinia warrenii
8335942.0,553,Garcinia rostrata,60453627-2,Clusiaceae,Garcinia,rostrata,,False,Garcinia rostrata
8261261.0,617,Garcinia rostrata,60453627-2,Clusiaceae,Garcinia,rostrata,,False,Garcinia rostrata
5895453.0,512,Clusia clusioides,908550-1,Clusiaceae,Clusia,clusioides,,False,Clusia clusioides
8301095.0,445,Garcinia picrorhiza,428171-1,Clusiaceae,Garcinia,picrorhiza,,False,Garcinia picrorhiza
3818510.0,575,Garcinia sp.,19345-1,Clusiaceae,Garcinia,,,False,Garcinia sp.
6730806.0,327,Uvularia perfoliata,332111-2,Colchicaceae,Uvularia,perfoliata,,False,Uvularia perfoliata
6541569.0,341,Uvularia sessilifolia,543416-1,Colchicaceae,Uvularia,sessilifolia,,False,Uvularia sessilifolia
5182583.0,292,Colchicum autumnale,533232-1,Colchicaceae,Colchicum,autumnale,,False,Colchicum autumnale
6259080.0,451,Gloriosa superba,535953-1,Colchicaceae,Gloriosa,superba,,False,Gloriosa superba
6574561.0,341,Uvularia perfoliata,332111-2,Colchicaceae,Uvularia,perfoliata,,False,Uvularia perfoliata
6259083.0,451,Gloriosa superba,535953-1,Colchicaceae,Gloriosa,superba,,False,Gloriosa superba
3232634.0,341,Uvularia grandiflora,543399-1,Colchicaceae,Uvularia,grandiflora,,False,Uvularia grandiflora
5911327.0,340,Uvularia grandiflora,543399-1,Colchicaceae,Uvularia,grandiflora,,False,Uvularia grandiflora
7697796.0,513,Terminalia arjuna,170962-1,Combretaceae,Terminalia,arjuna,,False,Terminalia arjuna
7697818.0,509,Terminalia bialata,170989-1,Combretaceae,Terminalia,bialata,,False,Terminalia bialata
7697795.0,513,Terminalia arjuna,170962-1,Combretaceae,Terminalia,arjuna,,False,Terminalia arjuna
5895381.0,526,Terminalia buceras,171012-1,Combretaceae,Terminalia,buceras,,False,Bucida buceras
9041068.0,493,Terminalia sp.,7215-1,Combretaceae,Terminalia,,,False,Terminalia sp. 2
4934546.0,329,Strephonema pseudocola,170928-1,Combretaceae,Strephonema,pseudocola,,False,Strephonema pseudocolum
8729515.0,540,Terminalia pallida,171303-1,Combretaceae,Terminalia,pallida,,False,Terminalia pallida
7697798.0,492,Terminalia paniculata,171306-1,Combretaceae,Terminalia,paniculata,,False,Terminalia paniculata
5895590.0,539,Conocarpus erectus,319151-2,Combretaceae,Conocarpus,erectus,,False,Conocarpus erectus
7697815.0,620,Terminalia catappa,171034-1,Combretaceae,Terminalia,catappa,,False,Terminalia catappa
3580512.0,274,Strephonema mannii,554277-1,Combretaceae,Strephonema,mannii,,False,Strephonema mannii
7697800.0,491,Terminalia paniculata,171306-1,Combretaceae,Terminalia,paniculata,,False,Terminalia paniculata
8729514.0,540,Terminalia pallida,171303-1,Combretaceae,Terminalia,pallida,,False,Terminalia pallida
7697807.0,565,Terminalia travancorensis,171436-1,Combretaceae,Terminalia,travancorensis,,False,Terminalia travancorensis
4934557.0,329,Strephonema pseudocola,170928-1,Combretaceae,Strephonema,pseudocola,,False,Strephonema pseudocolum
6073043.0,601,Terminalia chebula,171037-1,Combretaceae,Terminalia,chebula,,False,Terminalia chebula
7697802.0,499,Terminalia elliptica,171100-1,Combretaceae,Terminalia,elliptica,,False,Terminalia elliptica
7697805.0,516,Terminalia chebula,171037-1,Combretaceae,Terminalia,chebula,,False,Terminalia chebula
4619008.0,588,Terminalia catappa,171034-1,Combretaceae,Terminalia,catappa,,False,Terminalia catappa
15080741.0,301,Combretum indicum,77101543-1,Combretaceae,Combretum,indicum,,False,Combretum indicum
7697809.0,565,Terminalia travancorensis,171436-1,Combretaceae,Terminalia,travancorensis,,False,Terminalia travancorensis
8297717.0,642,Terminalia myriocarpa,171264-1,Combretaceae,Terminalia,myriocarpa,,False,Terminalia myriocarpa
7697819.0,551,Terminalia muelleri,171262-1,Combretaceae,Terminalia,muelleri,,False,Terminalia muelleri
7697821.0,551,Terminalia muelleri,171262-1,Combretaceae,Terminalia,muelleri,,False,Terminalia muelleri
8155438.0,497,Combretum molle,170290-1,Combretaceae,Combretum,molle,,True,Combretum molle
8297601.0,618,Terminalia foetidissima,171124-1,Combretaceae,Terminalia,foetidissima,,False,Terminalia foetidissima
7697817.0,509,Terminalia bialata,170989-1,Combretaceae,Terminalia,bialata,,False,Terminalia bialata
6143972.0,493,Getonia floribunda,170625-1,Combretaceae,Getonia,floribunda,,False,Calycopteris floribunda
9048278.0,539,Terminalia sp.,7215-1,Combretaceae,Terminalia,,,False,Terminalia sp. 1
6288507.0,452,Combretum lokele,170243-1,Combretaceae,Combretum,lokele,,False,Combretum lokele
7697803.0,511,Terminalia elliptica,171100-1,Combretaceae,Terminalia,elliptica,,False,Terminalia elliptica
8268279.0,618,Terminalia foetidissima,171124-1,Combretaceae,Terminalia,foetidissima,,False,Terminalia foetidissima
7088081.0,385,Commelina erecta,172048-1,Commelinaceae,Commelina,erecta,,False,Commelina erecta
7088108.0,483,Commelina africana,171880-1,Commelinaceae,Commelina,africana,,False,Commelina africana
15080736.0,574,Siderasis fuscata,236006-2,Commelinaceae,Siderasis,fuscata,,False,Siderasis fuscata
6259926.0,512,Commelina erecta,172048-1,Commelinaceae,Commelina,erecta,,False,Commelina erecta
7088198.0,359,Commelina reptans,172294-1,Commelinaceae,Commelina,reptans,,False,Commelina reptans
15080622.0,623,Dichorisandra thyrsiflora,79533-2,Commelinaceae,Dichorisandra,thyrsiflora,,False,Dichorisandra thyrsiflora
7088243.0,457,Commelina africana,171880-1,Commelinaceae,Commelina,africana,,False,Commelina africana
7088194.0,544,Commelina benghalensis,332090-2,Commelinaceae,Commelina,benghalensis,,True,Commelina benghalensis
15061734.0,585,Rourea orientalis,264826-1,Connaraceae,Rourea,orientalis,,False,Rourea orientalis
5895660.0,360,Rourea surinamensis,264884-1,Connaraceae,Rourea,surinamensis,,False,Rourea surinamensis
9072952.0,475,Ipomoea maurandioides,269291-1,Convolvulaceae,Ipomoea,maurandioides,,False,Ipomoea maurandioides
9073099.0,385,Ipomoea cavalcantei,129227-2,Convolvulaceae,Ipomoea,cavalcantei,,False,Ipomoea cavalcantei
9073015.0,374,Ipomoea cavalcantei,129227-2,Convolvulaceae,Ipomoea,cavalcantei,,False,Ipomoea cavalcantei
9073114.0,390,Ipomoea marabaensis,278834-2,Convolvulaceae,Ipomoea,marabaensis,,False,Ipomoea marabaensis
15057679.0,351,Dichondra recurvata,79462-2,Convolvulaceae,Dichondra,recurvata,,False,Dichondra recurvata
9073098.0,379,Ipomoea marabaensis,278834-2,Convolvulaceae,Ipomoea,marabaensis,,False,Ipomoea marabaensis
6259884.0,389,Ipomoea ficifolia,268859-1,Convolvulaceae,Ipomoea,ficifolia,,True,Ipomoea ficifolia
9073141.0,458,Ipomoea maurandioides,269291-1,Convolvulaceae,Ipomoea,maurandioides,,False,Ipomoea maurandioides
9073127.0,321,Ipomoea asarifolia,268434-1,Convolvulaceae,Ipomoea,asarifolia,,False,Ipomoea asarifolia
9934119.0,391,Evolvulus alsinoides,267957-1,Convolvulaceae,Evolvulus,alsinoides,,False,Evolvulus alsinoides
9748941.0,388,Jacquemontia tamnifolia,270265-1,Convolvulaceae,Jacquemontia,tamnifolia,,False,Jacquemontia tamnifolia
6259916.0,506,Ipomoea cairica,268564-1,Convolvulaceae,Ipomoea,cairica,,False,Ipomoea cairica
10003937.0,515,Ipomoea cairica,268564-1,Convolvulaceae,Ipomoea,cairica,,False,Ipomoea cairica
6259912.0,470,Ipomoea obscura,269406-1,Convolvulaceae,Ipomoea,obscura,,True,Ipomoea obscura
6259918.0,471,Ipomoea obscura,269406-1,Convolvulaceae,Ipomoea,obscura,,True,Ipomoea obscura
9748890.0,357,Aniseia martinicensis,30070865-2,Convolvulaceae,Aniseia,martinicensis,,False,Aniseia cernua
9748913.0,546,Odonellia hirtiflora,172110-2,Convolvulaceae,Odonellia,hirtiflora,,False,Odonellia hirtiflora
9748909.0,372,Evolvulus filipes,268034-1,Convolvulaceae,Evolvulus,filipes,,False,Evolvulus filipes
6259862.0,432,Ipomoea ficifolia,268859-1,Convolvulaceae,Ipomoea,ficifolia,,True,Ipomoea ficifolia
9072950.0,324,Ipomoea carnea,30299665-2,Convolvulaceae,Ipomoea,carnea,,True,Ipomoea carnea
9073128.0,322,Ipomoea asarifolia,268434-1,Convolvulaceae,Ipomoea,asarifolia,,False,Ipomoea asarifolia
3232369.0,243,Calystegia sepium,30033025-2,Convolvulaceae,Calystegia,sepium,,False,Calystegia sepium
6259085.0,382,Evolvulus alsinoides,267957-1,Convolvulaceae,Evolvulus,alsinoides,,False,Evolvulus alsinoides
18514729.0,426,Jacquemontia pentanthos,270229-1,Convolvulaceae,Jacquemontia,pentanthos,,False,Jacquemontia pentanthos
8155393.0,489,Ipomoea oenotherae,269417-1,Convolvulaceae,Ipomoea,oenotherae,,False,Ipomoea oenotherae
9748942.0,431,Jacquemontia tamnifolia,270265-1,Convolvulaceae,Jacquemontia,tamnifolia,,False,Jacquemontia tamnifolia
3232406.0,245,Convolvulus arvensis,265849-1,Convolvulaceae,Convolvulus,arvensis,,False,Convolvulus arvensis
4619062.0,247,Coriaria japonica,271356-1,Coriariaceae,Coriaria,japonica,,False,Coriaria japonica
4301473.0,246,Coriaria japonica,271356-1,Coriariaceae,Coriaria,japonica,,False,Coriaria japonica
4303242.0,423,Cornus kousa subsp. chinensis,953439-1,Cornaceae,Cornus,kousa,chinensis,False,Cornus kousa var. chinensis
6541798.0,427,Cornus alternifolia,271502-1,Cornaceae,Cornus,alternifolia,,False,Cornus alternifolia
8297614.0,469,Alangium villosum,271438-1,Cornaceae,Alangium,villosum,,False,Alangium villosum
4618346.0,423,Alangium platanifolium,271428-1,Cornaceae,Alangium,platanifolium,,False,Alangium platanifolium var. trilobatum
4617958.0,312,Cornus controversa,271543-1,Cornaceae,Cornus,controversa,,False,Cornus controversa
4302185.0,428,Cornus macrophylla,271610-1,Cornaceae,Cornus,macrophylla,,False,Cornus macrophylla
4301788.0,421,Cornus kousa subsp. chinensis,953439-1,Cornaceae,Cornus,kousa,chinensis,False,Cornus kousa var. chinensis
4619177.0,376,Cornus controversa,271543-1,Cornaceae,Cornus,controversa,,False,Cornus controversa
6632223.0,409,Cornus florida,271574-1,Cornaceae,Cornus,florida,,False,Cornus florida
6541784.0,444,Cornus alternifolia,271502-1,Cornaceae,Cornus,alternifolia,,False,Cornus alternifolia
4617861.0,428,Cornus macrophylla,271610-1,Cornaceae,Cornus,macrophylla,,False,Cornus macrophylla
4618094.0,457,Alangium platanifolium,271428-1,Cornaceae,Alangium,platanifolium,,False,Alangium platanifolium var. trilobatum
5911637.0,470,Cornus canadensis,271519-1,Cornaceae,Cornus,canadensis,,False,Cornus canadensis
8297719.0,468,Alangium javanicum,271410-1,Cornaceae,Alangium,javanicum,,False,Alangium javanicum
5911652.0,473,Cornus canadensis,271519-1,Cornaceae,Cornus,canadensis,,False,Cornus canadensis
4301595.0,439,Alangium premnifolium,58148-1,Cornaceae,Alangium,premnifolium,,False,Alangium premnifolium
8297716.0,471,Alangium villosum,271438-1,Cornaceae,Alangium,villosum,,False,Alangium villosum
4301592.0,408,Alangium premnifolium,58148-1,Cornaceae,Alangium,premnifolium,,False,Alangium premnifolium
3818533.0,492,Corynocarpus cribbianus,272099-1,Corynocarpaceae,Corynocarpus,cribbianus,,False,Corynocarpus cribbianus
9048251.0,472,Corynocarpus cribbianus,272099-1,Corynocarpaceae,Corynocarpus,cribbianus,,False,Corynocarpus cribbianus
6757263.0,366,Crassula volkensii,273573-1,Crassulaceae,Crassula,volkensii,,False,Crassula volkensii
15057476.0,240,Sedum cockerellii,284813-2,Crassulaceae,Sedum,cockerellii,,False,Sedum cockerellii
8099257.0,344,Crassula volkensii,273573-1,Crassulaceae,Crassula,volkensii,,False,Crassula volkensii
3232599.0,300,Petrosedum rupestre,945121-1,Crassulaceae,Petrosedum,rupestre,,True,Sedum reflexum
3925523.0,360,Rhodiola kirilowii,274823-1,Crassulaceae,Rhodiola,kirilowii,,False,Rhodiola kirilowii
3925515.0,342,Rhodiola bupleuroides,274785-1,Crassulaceae,Rhodiola,bupleuroides,,False,Rhodiola bupleuroides
5182578.0,311,Kalanchoe daigremontiana,274315-1,Crassulaceae,Kalanchoe,daigremontiana,,False,Kalanchoe daigremontiana
3925525.0,243,Rhodiola chrysanthemifolia subsp. sacra,878862-1,Crassulaceae,Rhodiola,chrysanthemifolia,sacra,False,Rhodiola sacra
3232598.0,225,Sedum acre,274996-1,Crassulaceae,Sedum,acre,,False,Sedum acre
8155007.0,200,Crassula schimperi,273471-1,Crassulaceae,Crassula,schimperi,,False,Crassula schimperi
8099241.0,297,Kalanchoe lanceolata,274384-1,Crassulaceae,Kalanchoe,lanceolata,,False,Kalanchoe lanceolata
15080744.0,330,Dudleya farinosa,85582-2,Crassulaceae,Dudleya,farinosa,,False,Dudleya farinosa
6541732.0,262,Sedum glaucophyllum,231726-2,Crassulaceae,Sedum,glaucophyllum,,False,Sedum glaucophyllum
15080922.0,406,Crassula ovata,273350-1,Crassulaceae,Crassula,ovata,,True,Crassula ovata
3925518.0,358,Rhodiola fastigiata,274802-1,Crassulaceae,Rhodiola,fastigiata,,False,Rhodiola fastigiata
3232486.0,322,Hylotelephium telephium,274226-1,Crassulaceae,Hylotelephium,telephium,,False,Hylotelephium telephium
9598510.0,414,Crassula nodulosa,273332-1,Crassulaceae,Crassula,nodulosa,,False,Crassula nodulosa
15080952.0,349,Aichryson tortuosum,272310-1,Crassulaceae,Aichryson,tortuosum,,False,Aichryson tortuosum
8155006.0,200,Crassula schimperi,273471-1,Crassulaceae,Crassula,schimperi,,False,Crassula schimperi
8099240.0,282,Kalanchoe lanceolata,274384-1,Crassulaceae,Kalanchoe,lanceolata,,False,Kalanchoe lanceolata
15080558.0,353,Kalanchoe sp.,30060186-2,Crassulaceae,Kalanchoe,,,False,Kalanchoe sp.
15057674.0,248,Lenophyllum texanum,137320-2,Crassulaceae,Lenophyllum,texanum,,False,Lenophyllum texanum
3925522.0,348,Rhodiola kirilowii,274823-1,Crassulaceae,Rhodiola,kirilowii,,False,Rhodiola kirilowii
6757277.0,346,Kalanchoe delagoensis,274320-1,Crassulaceae,Kalanchoe,delagoensis,,False,Kalanchoe delagoensis
3925517.0,372,Rhodiola crenulata,274793-1,Crassulaceae,Rhodiola,crenulata,,False,Rhodiola crenulata
3925519.0,358,Rhodiola fastigiata,274802-1,Crassulaceae,Rhodiola,fastigiata,,False,Rhodiola fastigiata
6259139.0,351,Kalanchoe prittwitzii,274443-1,Crassulaceae,Kalanchoe,prittwitzii,,False,Kalanchoe prittwitzii
15080852.0,335,Aeonium percarneum,961824-1,Crassulaceae,Aeonium,percarneum,,False,Aeonium percarneum
9598509.0,414,Crassula nodulosa,273332-1,Crassulaceae,Crassula,nodulosa,,False,Crassula nodulosa
8267519.0,534,Ctenolophon parvifolius,607749-1,Ctenolophonaceae,Ctenolophon,parvifolius,,False,Ctenolophon parvifolius
8297655,534,Ctenolophon parvifolius,607749-1,Ctenolophonaceae,Ctenolophon,parvifolius,,False,Ctenolophon parvifolius
3926193.0,443,Thladiantha henryi,294076-1,Cucurbitaceae,Thladiantha,henryi,,False,Thladiantha henryi
8155039.0,214,Kedrostis foetidissima,292998-1,Cucurbitaceae,Kedrostis,foetidissima,,False,Kedrostis foetidissima
3926173.0,414,Thladiantha cordifolia,294060-1,Cucurbitaceae,Thladiantha,cordifolia,,False,Thladiantha cordifolia
3926162.0,426,Thladiantha capitata,294059-1,Cucurbitaceae,Thladiantha,capitata,,False,Thladiantha capitata
3926243.0,427,Thladiantha villosula,294107-1,Cucurbitaceae,Thladiantha,villosula,,False,Thladiantha villosula
3926207.0,447,Thladiantha lijiangensis,898907-1,Cucurbitaceae,Thladiantha,lijiangensis,,False,Thladiantha lijiangensis
3926189.0,431,Thladiantha grandisepala,898906-1,Cucurbitaceae,Thladiantha,grandisepala,,False,Thladiantha grandisepala
3926198.0,438,Thladiantha hookeri,294080-1,Cucurbitaceae,Thladiantha,hookeri,,False,Thladiantha hookeri
3926203.0,444,Thladiantha lijiangensis,898907-1,Cucurbitaceae,Thladiantha,lijiangensis,,False,Thladiantha lijiangensis
3926236.0,357,Thladiantha oliveri,294094-1,Cucurbitaceae,Thladiantha,oliveri,,False,Thladiantha oliveri
3923603.0,424,Hemsleya carnosiflora,906282-1,Cucurbitaceae,Hemsleya,carnosiflora,,False,Hemsleya carnosiflora
9206944.0,379,Lagenaria siceraria,134809-2,Cucurbitaceae,Lagenaria,siceraria,,False,Lagenaria siceraria
3926237.0,427,Thladiantha oliveri,294094-1,Cucurbitaceae,Thladiantha,oliveri,,False,Thladiantha oliveri
9232437.0,566,Benincasa hispida,163640-3,Cucurbitaceae,Benincasa,hispida,,False,Benincasa hispida
3923624.0,422,Hemsleya ellipsoidea,902203-1,Cucurbitaceae,Hemsleya,ellipsoidea,,False,Hemsleya ellipsoidea
3926224.0,429,Thladiantha nudiflora,294090-1,Cucurbitaceae,Thladiantha,nudiflora,,False,Thladiantha nudiflora
3926218.0,430,Thladiantha montana,294089-1,Cucurbitaceae,Thladiantha,montana,,False,Thladiantha montana
3923655.0,422,Hemsleya macrosperma,50915318-1,Cucurbitaceae,Hemsleya,macrosperma,,False,Hemsleya macrosperma
15080718.0,239,Gurania sp.,13296-1,Cucurbitaceae,Gurania,,,False,Gurania sp.
3926242.0,427,Thladiantha villosula,294107-1,Cucurbitaceae,Thladiantha,villosula,,False,Thladiantha villosula
3926231.0,427,Thladiantha nudiflora,294090-1,Cucurbitaceae,Thladiantha,nudiflora,,False,Thladiantha nudiflora
8155064.0,237,Kedrostis foetidissima,292998-1,Cucurbitaceae,Kedrostis,foetidissima,,False,Kedrostis foetidissima
3923615.0,422,Hemsleya chinensis,292922-1,Cucurbitaceae,Hemsleya,chinensis,,False,Hemsleya chinensis
3923605.0,424,Hemsleya carnosiflora,906282-1,Cucurbitaceae,Hemsleya,carnosiflora,,False,Hemsleya carnosiflora
3923593.0,422,Hemsleya amabilis,292920-1,Cucurbitaceae,Hemsleya,amabilis,,False,Hemsleya amabilis
3926182.0,345,Thladiantha dentata,294062-1,Cucurbitaceae,Thladiantha,dentata,,False,Thladiantha dentata
3923608.0,423,Hemsleya chengyihana,976558-1,Cucurbitaceae,Hemsleya,chengyihana,,False,Hemsleya chengyihana
3926177.0,432,Thladiantha davidii,294061-1,Cucurbitaceae,Thladiantha,davidii,,False,Thladiantha davidii
15080820.0,513,Xerosicyos danguyi,294393-1,Cucurbitaceae,Xerosicyos,danguyi,,False,Xerosicyos danguyi
3926215.0,434,Thladiantha maculata,294085-1,Cucurbitaceae,Thladiantha,maculata,,False,Thladiantha maculata
8155065.0,211,Trochomeria macrocarpa,294346-1,Cucurbitaceae,Trochomeria,macrocarpa,,False,Trochomeria macrocarpa
3926213.0,431,Thladiantha maculata,294085-1,Cucurbitaceae,Thladiantha,maculata,,False,Thladiantha maculata
3926186.0,436,Thladiantha grandisepala,898906-1,Cucurbitaceae,Thladiantha,grandisepala,,False,Thladiantha grandisepala
9205932.0,560,Trichosanthes cucumerina,294175-1,Cucurbitaceae,Trichosanthes,cucumerina,,False,Trichosanthes cucumerina
3926175.0,424,Thladiantha cordifolia,294060-1,Cucurbitaceae,Thladiantha,cordifolia,,False,Thladiantha cordifolia
3923599.0,422,Hemsleya amabilis,292920-1,Cucurbitaceae,Hemsleya,amabilis,,False,Hemsleya amabilis
3923610.0,428,Hemsleya chengyihana,976558-1,Cucurbitaceae,Hemsleya,chengyihana,,False,Hemsleya chengyihana
3926178.0,433,Thladiantha davidii,294061-1,Cucurbitaceae,Thladiantha,davidii,,False,Thladiantha davidii
3926163.0,426,Thladiantha capitata,294059-1,Cucurbitaceae,Thladiantha,capitata,,False,Thladiantha capitata
3923678.0,423,Hemsleya zhejiangensis,906299-1,Cucurbitaceae,Hemsleya,zhejiangensis,,False,Hemsleya zhejiangensis
7088209.0,231,Peponium vogelii,293711-1,Cucurbitaceae,Peponium,vogelii,,False,Peponium vogelii
3923682.0,233,Herpetospermum pedunculosum,292933-1,Cucurbitaceae,Herpetospermum,pedunculosum,,True,Herpetospermum pedunculosum
3926199.0,410,Thladiantha hookeri,294080-1,Cucurbitaceae,Thladiantha,hookeri,,False,Thladiantha hookeri
3926195.0,443,Thladiantha henryi,294076-1,Cucurbitaceae,Thladiantha,henryi,,False,Thladiantha henryi
3923642.0,422,Hemsleya lijiangensis,906289-1,Cucurbitaceae,Hemsleya,lijiangensis,,False,Hemsleya lijiangensis
3923617.0,422,Hemsleya chinensis,292922-1,Cucurbitaceae,Hemsleya,chinensis,,False,Hemsleya chinensis
9232439.0,572,Cucumis melo,292238-1,Cucurbitaceae,Cucumis,melo,,False,Cucumis melo
9206943.0,572,Luffa acutangula,105280-3,Cucurbitaceae,Luffa,acutangula,,False,Luffa acutangula
3923680.0,423,Hemsleya zhejiangensis,906299-1,Cucurbitaceae,Hemsleya,zhejiangensis,,False,Hemsleya zhejiangensis
3923620.0,422,Hemsleya dipteriga,900064-1,Cucurbitaceae,Hemsleya,dipteriga,,False,Hemsleya dipterygia
3926221.0,427,Thladiantha montana,294089-1,Cucurbitaceae,Thladiantha,montana,,False,Thladiantha montana
3923626.0,422,Hemsleya ellipsoidea,902203-1,Cucurbitaceae,Hemsleya,ellipsoidea,,False,Hemsleya ellipsoidea
3923635.0,449,Hemsleya graciliflora,292925-1,Cucurbitaceae,Hemsleya,graciliflora,,False,Hemsleya graciliflora
3923668.0,423,Hemsleya panlongqi,902206-1,Cucurbitaceae,Hemsleya,panlongqi,,False,Hemsleya panlongqi
6143903.0,318,Coccinia grandis,291972-1,Cucurbitaceae,Coccinia,grandis,,False,Coccinia grandis
3923653.0,422,Hemsleya macrosperma,50915318-1,Cucurbitaceae,Hemsleya,macrosperma,,False,Hemsleya macrosperma
3926183.0,356,Thladiantha dentata,294062-1,Cucurbitaceae,Thladiantha,dentata,,False,Thladiantha dentata
3923675.0,428,Hemsleya turbinata,906296-1,Cucurbitaceae,Hemsleya,turbinata,,False,Hemsleya turbinata
3923633.0,449,Hemsleya graciliflora,292925-1,Cucurbitaceae,Hemsleya,graciliflora,,False,Hemsleya graciliflora
3923627.0,422,Hemsleya endecaphylla,906287-1,Cucurbitaceae,Hemsleya,endecaphylla,,False,Hemsleya endecaphylla
9994428.0,256,Citrullus lanatus,291938-1,Cucurbitaceae,Citrullus,lanatus,,False,Citrullus lanatus
7088231.0,231,Peponium vogelii,293711-1,Cucurbitaceae,Peponium,vogelii,,False,Peponium vogelii
6757311.0,213,Corallocarpus epigaeus,60452642-2,Cucurbitaceae,Corallocarpus,epigaeus,,False,Corallocarpus epigaeus
15057531.0,236,Ibervillea lindheimeri,127275-2,Cucurbitaceae,Ibervillea,lindheimeri,,False,Ibervillea lindheimeri
3923657.0,423,Hemsleya mitrata,906293-1,Cucurbitaceae,Hemsleya,mitrata,,False,Hemsleya mitrata
3926210.0,423,Thladiantha longisepala,898908-1,Cucurbitaceae,Thladiantha,longisepala,,False,Thladiantha longisepala
3923677.0,428,Hemsleya turbinata,906296-1,Cucurbitaceae,Hemsleya,turbinata,,False,Hemsleya turbinata
3923644.0,422,Hemsleya lijiangensis,906289-1,Cucurbitaceae,Hemsleya,lijiangensis,,False,Hemsleya lijiangensis
6757264.0,244,Kedrostis leloja,293010-1,Cucurbitaceae,Kedrostis,leloja,,False,Kedrostis leloja
3923662.0,423,Hemsleya emeiensis,902204-1,Cucurbitaceae,Hemsleya,emeiensis,,False,Hemsleya omeiensis
3926208.0,424,Thladiantha longisepala,898908-1,Cucurbitaceae,Thladiantha,longisepala,,False,Thladiantha longisepala
3923651.0,423,Hemsleya macrocarpa,910742-1,Cucurbitaceae,Hemsleya,macrocarpa,,True,Hemsleya macrocarpa
3923629.0,423,Hemsleya gigantha,902205-1,Cucurbitaceae,Hemsleya,gigantha,,False,Hemsleya gigantha
8155066.0,211,Trochomeria macrocarpa,294346-1,Cucurbitaceae,Trochomeria,macrocarpa,,False,Trochomeria macrocarpa
6143938.0,296,Momordica charantia,293413-1,Cucurbitaceae,Momordica,charantia,,False,Momordica charantia
3923672.0,424,Hemsleya pengxianensis,292927-1,Cucurbitaceae,Hemsleya,pengxianensis,,False,Hemsleya pengxianensis
9994427.0,462,Cucurbita pepo,292416-1,Cucurbitaceae,Cucurbita,pepo,,False,Cucurbita pepo
3923649.0,423,Hemsleya macrocarpa,910742-1,Cucurbitaceae,Hemsleya,macrocarpa,,True,Hemsleya macrocarpa
3923670.0,423,Hemsleya panlongqi,902206-1,Cucurbitaceae,Hemsleya,panlongqi,,False,Hemsleya panlongqi
6757393.0,227,Kedrostis leloja,293010-1,Cucurbitaceae,Kedrostis,leloja,,False,Kedrostis leloja
3604328.0,252,Zehneria cunninghamii,294429-1,Cucurbitaceae,Zehneria,cunninghamii,,False,Neoachmandra cunninghamia
6143915.0,275,Cucumis maderaspatanus,292230-1,Cucurbitaceae,Cucumis,maderaspatanus,,False,Mukia maderaspatana
3923638.0,422,Hemsleya kunmingensis,77087834-1,Cucurbitaceae,Hemsleya,kunmingensis,,False,Hemsleya kunmingensis
3923659.0,423,Hemsleya mitrata,906293-1,Cucurbitaceae,Hemsleya,mitrata,,False,Hemsleya mitrata
5211254.0,241,Bryonia sp.,77200692-1,Cucurbitaceae,Bryonia,,dioica,True,Bryonia dioica
9232438.0,568,Momordica charantia,293413-1,Cucurbitaceae,Momordica,charantia,,False,Momordica charantia
3232439.0,260,Echinocystis lobata,292597-1,Cucurbitaceae,Echinocystis,lobata,,False,Echinocystis lobata
3923631.0,423,Hemsleya gigantha,902205-1,Cucurbitaceae,Hemsleya,gigantha,,False,Hemsleya gigantha
3604365.0,534,Gillbeea adenopetala,791202-1,Cunoniaceae,Gillbeea,adenopetala,,False,Gillbeea adenopetala
9077813.0,534,Opocunonia nymanii,294598-1,Cunoniaceae,Opocunonia,nymanii,,False,Caldcluvia nymanii
3818489.0,467,Pullea stutzeri,294635-1,Cunoniaceae,Pullea,stutzeri,,False,Pullea stutzeri
3818488.0,467,Pullea stutzeri,294635-1,Cunoniaceae,Pullea,stutzeri,,False,Pullea stutzeri
9048265.0,532,Opocunonia nymanii,294598-1,Cunoniaceae,Opocunonia,nymanii,,False,Caldcluvia nymanii
15080902.0,499,Dicranopygium wallisii,79942-2,Cyclanthaceae,Dicranopygium,wallisii,,False,Dicranopygium wallisii
15080827.0,630,Cyclanthus bipartitus,30336798-2,Cyclanthaceae,Cyclanthus,bipartitus,,False,Cyclanthus bipartitus
5911653,579,Carex plantaginea,301610-1,Cyperaceae,Carex,plantaginea,,True,Carex plantaginea
3232375.0,576,Carex aurea,298721-1,Cyperaceae,Carex,aurea,,False,Carex aurea
3232376,575,Carex blanda,298848-1,Cyperaceae,Carex,blanda,,False,Carex blanda
8155383,307,Cyperus latifolius,304965-1,Cyperaceae,Cyperus,latifolius,,True,Cyperus latifolius
8155441.0,494,Cyperus exaltatus,304447-1,Cyperaceae,Cyperus,exaltatus,,False,Cyperus exaltatus
8155380.0,276,Cyperus articulatus,303822-1,Cyperaceae,Cyperus,articulatus,,True,Cyperus articulatus
6541588.0,571,Carex acuta,30197372-2,Cyperaceae,Carex,acuta,,True,Carex gracilensis
9813263.0,351,Cyperus odoratus,74939-2,Cyperaceae,Cyperus,odoratus,,True,Cyperus odoratus
5911545,564,Carex intumescens,300338-1,Cyperaceae,Carex,intumescens,,False,Carex intumescens
6541635.0,581,Carex laxiflora,30383525-2,Cyperaceae,Carex,laxiflora,,True,Carex laxiflora
3232957,570,Carex laxiflora,30383525-2,Cyperaceae,Carex,laxiflora,,True,Carex laxiflora
6574511.0,570,Carex striatula,47206-2,Cyperaceae,Carex,striatula,,False,Carex striatula
8155379.0,201,Cyperus exaltatus,304447-1,Cyperaceae,Cyperus,exaltatus,,False,Cyperus exaltatus
8155382.0,523,Cyperus glaucophyllus,304609-1,Cyperaceae,Cyperus,glaucophyllus,,False,Cyperus glaucophyllus
9812807,586,Cyperus odoratus,74939-2,Cyperaceae,Cyperus,odoratus,,True,Cyperus odoratus
3232382.0,585,Carex scabrata,324482-2,Cyperaceae,Carex,scabrata,,False,Carex scabrata
3232380.0,570,Carex ormostachya,46790-2,Cyperaceae,Carex,ormostachya,,False,Carex ormostachya
5911365.0,564,Carex intumescens,300338-1,Cyperaceae,Carex,intumescens,,False,Carex intumescens
6574540.0,580,Carex platyphylla,301615-1,Cyperaceae,Carex,platyphylla,,True,Carex platyphylla
9813297.0,557,Cyperus esculentus,300668-2,Cyperaceae,Cyperus,esculentus,,False,Cyperus esculentus
6259126.0,422,Cyperus rotundus,305797-1,Cyperaceae,Cyperus,rotundus,,False,Cyperus rotundus
8155004.0,202,Cyperus assimilis,303832-1,Cyperaceae,Cyperus,assimilis,,False,Courtoisina assimilis
3232377.0,592,Carex granularis,20008088-1,Cyperaceae,Carex,granularis,,False,Carex granularis
5911594.0,575,Carex woodii,302993-1,Cyperaceae,Carex,woodii,,False,Carex woodii
6574545.0,561,Carex platyphylla,301615-1,Cyperaceae,Carex,platyphylla,,True,Carex platyphylla
5911402.0,579,Carex plantaginea,301610-1,Cyperaceae,Carex,plantaginea,,True,Carex plantaginea
8155381.0,389,Cyperus pseudovestitus,305646-1,Cyperaceae,Cyperus,pseudovestitus,,False,Cyperus pseudovestitus
9748898.0,446,Bulbostylis conifera,298164-1,Cyperaceae,Bulbostylis,conifera,,False,Bulbostylis conifera
9813449,556,Cyperus setigerus,305924-1,Cyperaceae,Cyperus,setigerus,,False,Cyperus setigerus
5911432.0,569,Carex woodii,302993-1,Cyperaceae,Carex,woodii,,False,Carex woodii
9813447,525,Cyperus setigerus,305924-1,Cyperaceae,Cyperus,setigerus,,False,Cyperus setigerus
8155396,611,Cyperus rubicundus,305807-1,Cyperaceae,Cyperus,rubicundus,,True,Cyperus rubicundus
4618595.0,453,Daphniphyllum macropodum,344242-1,Daphniphyllaceae,Daphniphyllum,macropodum,,False,Daphniphyllum macropodum subsp. humile
4618724.0,452,Daphniphyllum macropodum,344242-1,Daphniphyllaceae,Daphniphyllum,macropodum,,False,Daphniphyllum macropodum subsp. humile
4934243.0,376,Tapura africana,163300-1,Dichapetalaceae,Tapura,africana,,True,Tapura africana
15061749,357,Dichapetalum madagascariense,163234-1,Dichapetalaceae,Dichapetalum,madagascariense,,False,Dichapetalum madagascariense
4934083.0,341,Tapura africana,163300-1,Dichapetalaceae,Tapura,africana,,True,Tapura africana
8335959.0,354,Dillenia excelsa,316666-1,Dilleniaceae,Dillenia,excelsa,,False,Dillenia excelsa
3818416.0,349,Dillenia alata,146788-3,Dilleniaceae,Dillenia,alata,,False,Dillenia alata
3851991.0,349,Dillenia alata,146788-3,Dilleniaceae,Dillenia,alata,,False,Dillenia alata
6143875.0,355,Dioscorea bulbifera,323908-2,Dioscoreaceae,Dioscorea,bulbifera,,False,Dioscorea bulbifera
3926121.0,331,Tacca chantrieri,827891-1,Dioscoreaceae,Tacca,chantrieri,,False,Tacca chantrieri
6984839.0,375,Dioscorea dregeana,317915-1,Dioscoreaceae,Dioscorea,dregeana,,False,Dioscorea dregeana
3926154.0,332,Tacca subflabellata,901106-1,Dioscoreaceae,Tacca,subflabellata,,False,Tacca subflabellata
9813464.0,357,Dioscorea dodecaneura,323912-2,Dioscoreaceae,Dioscorea,dodecaneura,,False,Dioscorea dodecaneura
9813243.0,362,Dioscorea villosa,318778-1,Dioscoreaceae,Dioscorea,villosa,,False,Dioscorea villosa
3926135.0,331,Tacca integrifolia,827904-1,Dioscoreaceae,Tacca,integrifolia,,False,Tacca integrifolia
3926153.0,331,Tacca subflabellata,901106-1,Dioscoreaceae,Tacca,subflabellata,,False,Tacca subflabellata
6984838.0,377,Dioscorea cotinifolia,317841-1,Dioscoreaceae,Dioscorea,cotinifolia,,False,Dioscorea cotinifolia
3926138.0,347,Tacca leontopetaloides,827910-1,Dioscoreaceae,Tacca,leontopetaloides,,False,Tacca leontopetaloides
9813240.0,362,Dioscorea villosa,318778-1,Dioscoreaceae,Dioscorea,villosa,,False,Dioscorea villosa
3926139.0,340,Tacca leontopetaloides,827910-1,Dioscoreaceae,Tacca,leontopetaloides,,False,Tacca leontopetaloides
5895650.0,400,Dioscorea polygonoides,323921-2,Dioscoreaceae,Dioscorea,polygonoides,,True,Dioscorea polygonoides
3926133.0,331,Tacca integrifolia,827904-1,Dioscoreaceae,Tacca,integrifolia,,False,Tacca integrifolia
3926110.0,331,Tacca ampliplacenta,77092706-1,Dioscoreaceae,Tacca,ampliplacenta,,False,Tacca ampliplacenta
5895653.0,361,Dioscorea cayenensis,317788-1,Dioscoreaceae,Dioscorea,cayenensis,,False,Dioscorea cayennensis
5895646.0,400,Dioscorea polygonoides,323921-2,Dioscoreaceae,Dioscorea,polygonoides,,True,Dioscorea polygonoides
9813483.0,356,Dioscorea sansibarensis,318552-1,Dioscoreaceae,Dioscorea,sansibarensis,,False,Dioscorea sansibarensis
9813453.0,355,Dioscorea polystachya,318443-1,Dioscoreaceae,Dioscorea,polystachya,,False,Dioscorea polystachya
9813436.0,355,Dioscorea polystachya,318443-1,Dioscoreaceae,Dioscorea,polystachya,,False,Dioscorea polystachya
9812973.0,355,Dioscorea japonica,927492-1,Dioscoreaceae,Dioscorea,japonica,,False,Dioscorea japonica
6984836.0,383,Dioscorea sansibarensis,318552-1,Dioscoreaceae,Dioscorea,sansibarensis,,False,Dioscorea sansibarensis
6984841.0,378,Dioscorea bulbifera,323908-2,Dioscoreaceae,Dioscorea,bulbifera,,False,Dioscorea bulbifera
3926108.0,331,Tacca ampliplacenta,77092706-1,Dioscoreaceae,Tacca,ampliplacenta,,False,Tacca ampliplacenta
6984840.0,388,Dioscorea schimperiana,318571-1,Dioscoreaceae,Dioscorea,schimperiana,,False,Dioscorea schimperiana
6984835.0,386,Dioscorea schimperiana,318571-1,Dioscoreaceae,Dioscorea,schimperiana,,False,Dioscorea schimperiana
3926117.0,331,Tacca chantrieri,827891-1,Dioscoreaceae,Tacca,chantrieri,,False,Tacca chantrieri
9813492.0,355,Dioscorea japonica,927492-1,Dioscoreaceae,Dioscorea,japonica,,False,Dioscorea japonica
9813273.0,361,Dioscorea floridana,80808-2,Dioscoreaceae,Dioscorea,floridana,,False,Dioscorea floridana
6984837.0,380,Dioscorea sylvatica,318649-1,Dioscoreaceae,Dioscorea,sylvatica,,False,Dioscorea sylvatica
3926151.0,321,Tacca plantaginea,827927-1,Dioscoreaceae,Tacca,plantaginea,,False,Tacca plantaginea
3926147.0,321,Tacca plantaginea,827927-1,Dioscoreaceae,Tacca,plantaginea,,False,Tacca plantaginea
6984833.0,378,Dioscorea dregeana,317915-1,Dioscoreaceae,Dioscorea,dregeana,,False,Dioscorea dregeana
9813408.0,355,Dioscorea floridana,80808-2,Dioscoreaceae,Dioscorea,floridana,,False,Dioscorea floridana
9813479.0,356,Dioscorea dodecaneura,323912-2,Dioscoreaceae,Dioscorea,dodecaneura,,False,Dioscorea dodecaneura
6984834.0,377,Dioscorea dumetorum,317919-1,Dioscoreaceae,Dioscorea,dumetorum,,False,Dioscorea dumetorum
6984842.0,377,Dioscorea dumetorum,317919-1,Dioscoreaceae,Dioscorea,dumetorum,,False,Dioscorea dumetorum
9077843.0,394,Perrottetia alpestris,123680-3,Dipentodontaceae,Perrottetia,alpestris,,False,Perrottetia alpestris
9048274.0,394,Perrottetia alpestris,123680-3,Dipentodontaceae,Perrottetia,alpestris,,False,Perrottetia alpestris
6143973.0,280,Vateria indica,321552-1,Dipterocarpaceae,Vateria,indica,,False,Vateria indica
8297641.0,288,Rubroshorea quadrinervis,77298401-1,Dipterocarpaceae,Rubroshorea,quadrinervis,,False,Shorea quadrinervis
8335917.0,278,Richetia multiflora,77298459-1,Dipterocarpaceae,Richetia,multiflora,,False,Shorea multiflora
8261422.0,284,Dipterocarpus sublamellatus,320766-1,Dipterocarpaceae,Dipterocarpus,sublamellatus,,False,Dipterocarpus sublamellatus
8261384.0,249,Richetia hopeifolia,77298447-1,Dipterocarpaceae,Richetia,hopeifolia,,False,Shorea hopeifolia
8297667.0,291,Rubroshorea parvistipulata,77298329-1,Dipterocarpaceae,Rubroshorea,parvistipulata,,False,Shorea parvistipulata
8261207,301,Dipterocarpus tempehes,320769-1,Dipterocarpaceae,Dipterocarpus,tempehes,,False,Dipterocarpus tempehes
8335938,261,Shorea crassa,321250-1,Dipterocarpaceae,Shorea,crassa,,False,Shorea crassa
3580485,203,Marquesia excelsa,321047-1,Dipterocarpaceae,Marquesia,excelsa,,False,Marquesia excelsa
8267538,291,Rubroshorea parvistipulata,77298329-1,Dipterocarpaceae,Rubroshorea,parvistipulata,,False,Shorea parvistipulata
8261266,306,Vatica chartacea,321610-1,Dipterocarpaceae,Vatica,chartacea,,False,Vatica chartacea
8261382,288,Rubroshorea coriacea,77298314-1,Dipterocarpaceae,Rubroshorea,coriacea,,False,Shorea coriacea
8335990,266,Shorea sp.,14402-1,Dipterocarpaceae,Shorea,,,False,Shorea sp.
8261223.0,301,Dipterocarpus caudifer,320647-1,Dipterocarpaceae,Dipterocarpus,caudifer,,False,Dipterocarpus caudiferus
8335975,271,Anthoshorea gratissima,77217916-1,Dipterocarpaceae,Anthoshorea,gratissima,,False,Shorea gratissima
8335982,288,Shorea domatiosa,321260-1,Dipterocarpaceae,Shorea,domatiosa,,False,Shorea domatiosa
8335981,288,Shorea domatiosa,321260-1,Dipterocarpaceae,Shorea,domatiosa,,False,Shorea domatiosa
8335972,275,Dipterocarpus borneensis,320642-1,Dipterocarpaceae,Dipterocarpus,borneensis,,False,Dipterocarpus borneensis
8335988,288,Rubroshorea quadrinervis,77298401-1,Dipterocarpaceae,Rubroshorea,quadrinervis,,False,Shorea quadrinervis
8261393,287,Vatica umbonata,321740-1,Dipterocarpaceae,Vatica,umbonata,,False,Vatica umbonata
8297676,287,Vatica pauciflora,321694-1,Dipterocarpaceae,Vatica,pauciflora,,False,Vatica pauciflora
8267551.0,287,Vatica pauciflora,321694-1,Dipterocarpaceae,Vatica,pauciflora,,False,Vatica pauciflora
8335986.0,285,Dipterocarpus grandiflorus,320683-1,Dipterocarpaceae,Dipterocarpus,grandiflorus,,False,Dipterocarpus grandiflorus
8335983.0,278,Richetia hopeifolia,77298447-1,Dipterocarpaceae,Richetia,hopeifolia,,False,Shorea hopeifolia
8261270,318,Shorea laevis,321323-1,Dipterocarpaceae,Shorea,laevis,,False,Shorea laevis
6288663,394,Diospyros boala,322149-1,Ebenaceae,Diospyros,boala,,False,Diospyros boala
8297704,267,Diospyros cauliflora,322215-1,Ebenaceae,Diospyros,cauliflora,,True,Diospyros cauliflora
6757270.0,462,Euclea divinorum,323301-1,Ebenaceae,Euclea,divinorum,,False,Euclea divinorum
4934186,466,Diospyros hoyleana,322510-1,Ebenaceae,Diospyros,hoyleana,,False,Diospyros hoyleana
3852015,490,Diospyros sp.,326017-2,Ebenaceae,Diospyros,,,False,Diospyros sp.
3818546,470,Diospyros compacta,322252-1,Ebenaceae,Diospyros,compacta,,False,Diospyros compacta
4934170,417,Diospyros gabunensis,322424-1,Ebenaceae,Diospyros,gabunensis,,False,Diospyros gabunensis
4303052,470,Diospyros japonica,322516-1,Ebenaceae,Diospyros,japonica,,False,Diospyros japonica
4617881,459,Diospyros egbert-walkeri,322353-1,Ebenaceae,Diospyros,egbert-walkeri,,False,Diospyros egbert-walkeri
4301154,471,Diospyros japonica,322516-1,Ebenaceae,Diospyros,japonica,,False,Diospyros japonica
5895511,476,Diospyros sintenisii,81246-2,Ebenaceae,Diospyros,sintenisii,,False,Diospyros sintenisii
8297627,233,Diospyros cauliflora,322215-1,Ebenaceae,Diospyros,cauliflora,,True,Diospyros cauliflora
6259220,497,Euclea divinorum,323301-1,Ebenaceae,Euclea,divinorum,,False,Euclea divinorum
4933977.0,417,Diospyros mannii,322669-1,Ebenaceae,Diospyros,mannii,,False,Diospyros mannii
8261403.0,512,Diospyros dictyoneura,322321-1,Ebenaceae,Diospyros,dictyoneura,,False,Diospyros dictyoneura
4934275,437,Diospyros preussii,322894-1,Ebenaceae,Diospyros,preussii,,False,Diospyros preussii
4302438.0,475,Diospyros morrisiana,322737-1,Ebenaceae,Diospyros,morrisiana,,False,Diospyros morrisiana
4933980,421,Diospyros gabunensis,322424-1,Ebenaceae,Diospyros,gabunensis,,False,Diospyros gabunensis
4302894.0,475,Diospyros morrisiana,322737-1,Ebenaceae,Diospyros,morrisiana,,False,Diospyros morrisiana
4934278.0,321,Diospyros obliquifolia,322783-1,Ebenaceae,Diospyros,obliquifolia,,False,Diospyros obliquifolia
8297680,499,Diospyros oblonga var. oblonga,551196-4,Ebenaceae,Diospyros,oblonga,oblonga,False,Diospyros pilosanthera
3818544,555,Diospyros hebecarpa,322484-1,Ebenaceae,Diospyros,hebecarpa,,False,Diospyros hebecarpa
8267516.0,503,Diospyros sumatrana,323069-1,Ebenaceae,Diospyros,sumatrana,,False,Diospyros sumatrana
15080794,510,Diospyros rhombifolia,322940-1,Ebenaceae,Diospyros,rhombifolia,,False,Diospyros rhombifolia
3604369,296,Diospyros sp.,326017-2,Ebenaceae,Diospyros,,,False,Diospyros sp.
5895729,476,Diospyros sintenisii,81246-2,Ebenaceae,Diospyros,sintenisii,,False,Diospyros sintenisii
4934345.0,466,Diospyros hoyleana,322510-1,Ebenaceae,Diospyros,hoyleana,,False,Diospyros hoyleana
4301159,454,Diospyros kaki,322553-1,Ebenaceae,Diospyros,kaki,,False,Diospyros kaki var. sylvestris
4934359,437,Diospyros preussii,322894-1,Ebenaceae,Diospyros,preussii,,False,Diospyros preussii
8261218.0,531,Diospyros sumatrana,323069-1,Ebenaceae,Diospyros,sumatrana,,False,Diospyros sumatrana
3852059,501,Diospyros hebecarpa,322484-1,Ebenaceae,Diospyros,hebecarpa,,False,Diospyros hebecarpa
4934205.0,510,Diospyros zenkeri,323211-1,Ebenaceae,Diospyros,zenkeri,,False,Diospyros zenkeri
4301602.0,386,Diospyros maritima,322671-1,Ebenaceae,Diospyros,maritima,,False,Diospyros maritima
4934423.0,433,Diospyros iturensis,322539-1,Ebenaceae,Diospyros,iturensis,,False,Diospyros iturensis
8335962,406,Diospyros pendula,322845-1,Ebenaceae,Diospyros,pendula,,False,Diospyros pendula
4617974.0,454,Diospyros kaki,322553-1,Ebenaceae,Diospyros,kaki,,False,Diospyros kaki var. sylvestris
4934177.0,333,Diospyros gracilescens,322455-1,Ebenaceae,Diospyros,gracilescens,,False,Diospyros gracilescens
4934054.0,493,Diospyros gracilescens,322455-1,Ebenaceae,Diospyros,gracilescens,,False,Diospyros gracilescens
4934358,492,Diospyros iturensis,322539-1,Ebenaceae,Diospyros,iturensis,,False,Diospyros iturensis
3580540.0,422,Diospyros piscatoria,322874-1,Ebenaceae,Diospyros,piscatoria,,False,Diospyros piscatoria
4934316,418,Diospyros mannii,322669-1,Ebenaceae,Diospyros,mannii,,False,Diospyros mannii
4934391,510,Diospyros zenkeri,323211-1,Ebenaceae,Diospyros,zenkeri,,False,Diospyros zenkeri
4301564.0,386,Diospyros maritima,322671-1,Ebenaceae,Diospyros,maritima,,False,Diospyros maritima
4301604,464,Diospyros egbert-walkeri,322353-1,Ebenaceae,Diospyros,egbert-walkeri,,False,Diospyros egbert-walkeri
4934169.0,321,Diospyros obliquifolia,322783-1,Ebenaceae,Diospyros,obliquifolia,,False,Diospyros obliquifolia
6288687,415,Diospyros crassiflora,322276-1,Ebenaceae,Diospyros,crassiflora,,True,Diospyros crassiflora
4302265.0,250,Elaeagnus pungens,927283-1,Elaeagnaceae,Elaeagnus,pungens,,False,Elaeagnus pungens
3923704.0,333,Hippophae salicifolia,323852-1,Elaeagnaceae,Hippophae,salicifolia,,False,Hippophae salicifolia
4617702.0,259,Elaeagnus umbellata,927281-1,Elaeagnaceae,Elaeagnus,umbellata,,False,Elaeagnus umbellata
4618296.0,259,Elaeagnus umbellata,927281-1,Elaeagnaceae,Elaeagnus,umbellata,,False,Elaeagnus umbellata
4287795.0,250,Elaeagnus pungens,927283-1,Elaeagnaceae,Elaeagnus,pungens,,False,Elaeagnus pungens
14517579.0,254,Elaeagnus macrophylla,323750-1,Elaeagnaceae,Elaeagnus,macrophylla,,False,Elaeagnus macrophylla
9813093.0,297,Elaeagnus commutata,315523-2,Elaeagnaceae,Elaeagnus,commutata,,False,Elaeagnus commutata
4302048.0,255,Elaeagnus macrophylla,323750-1,Elaeagnaceae,Elaeagnus,macrophylla,,False,Elaeagnus macrophylla
4617722.0,249,Elaeagnus rotundata,323797-1,Elaeagnaceae,Elaeagnus,rotundata,,False,Elaeagnus rotundata
4618211.0,229,Elaeagnus umbellata var. rotundifolia,77249419-1,Elaeagnaceae,Elaeagnus,umbellata,rotundifolia,False,Elaeagnus umbellata var. rotundifolia
3923685.0,335,Hippophae neurocarpa,323849-1,Elaeagnaceae,Hippophae,neurocarpa,,False,Hippophae neurocarpa
4302318.0,259,Elaeagnus epitricha,1014293-1,Elaeagnaceae,Elaeagnus,epitricha,,False,Elaeagnus epitricha
4617859.0,249,Elaeagnus rotundata,323797-1,Elaeagnaceae,Elaeagnus,rotundata,,False,Elaeagnus rotundata
3923708.0,333,Hippophae salicifolia,323852-1,Elaeagnaceae,Hippophae,salicifolia,,False,Hippophae salicifolia
3923712.0,334,Hippophae tibetana,323855-1,Elaeagnaceae,Hippophae,tibetana,,False,Hippophae thibetana
4301862.0,259,Elaeagnus yoshinoi,323838-1,Elaeagnaceae,Elaeagnus,yoshinoi,,False,Elaeagnus yoshinoi
9813096.0,317,Elaeagnus commutata,315523-2,Elaeagnaceae,Elaeagnus,commutata,,False,Elaeagnus commutata
4617486.0,238,Elaeagnus umbellata var. rotundifolia,77249419-1,Elaeagnaceae,Elaeagnus,umbellata,rotundifolia,False,Elaeagnus umbellata var. rotundifolia
4617608.0,259,Elaeagnus angustifolia,323646-1,Elaeagnaceae,Elaeagnus,angustifolia,,False,Elaeagnus multiflora var. hortensis
3923710.0,334,Hippophae tibetana,323855-1,Elaeagnaceae,Hippophae,tibetana,,False,Hippophae thibetana
14517614.0,254,Elaeagnus yakusimensis,323837-1,Elaeagnaceae,Elaeagnus,yakusimensis,,False,Elaeagnus yakusimensis
4301836.0,259,Elaeagnus yoshinoi,323838-1,Elaeagnaceae,Elaeagnus,yoshinoi,,False,Elaeagnus yoshinoi
4618734.0,259,Elaeagnus montana var. montana,77229208-1,Elaeagnaceae,Elaeagnus,montana,montana,False,Elaeagnus montana var. montana
3923687.0,337,Hippophae neurocarpa,323849-1,Elaeagnaceae,Hippophae,neurocarpa,,False,Hippophae neurocarpa
16920260.0,320,Hippophae rhamnoides,323851-1,Elaeagnaceae,Hippophae,rhamnoides,,False,Hippophae rhamnoides
4301279.0,257,Elaeagnus angustifolia,323646-1,Elaeagnaceae,Elaeagnus,angustifolia,,False,Elaeagnus multiflora var. hortensis
4619182.0,258,Elaeagnus montana var. ovata,77249483-1,Elaeagnaceae,Elaeagnus,montana,ovata,False,Elaeagnus montana var. ovata
3818532.0,254,Elaeagnus triflora,323824-1,Elaeagnaceae,Elaeagnus,triflora,,False,Elaeagnus triflora
4302988.0,229,Elaeagnus liukiuensis,323741-1,Elaeagnaceae,Elaeagnus,liukiuensis,,False,Elaeagnus liukiuensis
9048305.0,529,Sloanea nymanii,835166-1,Elaeocarpaceae,Sloanea,nymanii,,False,Sloanea nymanii
9077846.0,448,Elaeocarpus dolichostylus,324088-1,Elaeocarpaceae,Elaeocarpus,dolichostylus,,False,Elaeocarpus dolichostylus
8301112.0,460,Elaeocarpus multiflorus,833889-1,Elaeocarpaceae,Elaeocarpus,multiflorus,,False,Elaeocarpus multiflorus
3818490.0,426,Sloanea australis,835124-1,Elaeocarpaceae,Sloanea,australis,,False,Sloanea australis
9077815.0,449,Elaeocarpus amplifolius,323966-1,Elaeocarpaceae,Elaeocarpus,amplifolius,,False,Elaeocarpus amplifolius
9041049.0,336,Sloanea nymanii,835166-1,Elaeocarpaceae,Sloanea,nymanii,,False,Sloanea nymanii
9048242.0,441,Elaeocarpus dolichodactylus,324085-1,Elaeocarpaceae,Elaeocarpus,dolichodactylus,,False,Elaeocarpus dolichodactylus
9048248.0,529,Sloanea tieghemii,324588-1,Elaeocarpaceae,Sloanea,tieghemii,,False,Sloanea tieghemii
8267586.0,462,Elaeocarpus stipularis,833967-1,Elaeocarpaceae,Elaeocarpus,stipularis,,False,Elaeocarpus stipularis
8261387.0,352,Elaeocarpus floribundus,833820-1,Elaeocarpaceae,Elaeocarpus,floribundus,,False,Elaeocarpus floribundus
4302400.0,430,Elaeocarpus japonicus,833860-1,Elaeocarpaceae,Elaeocarpus,japonicus,,True,Elaeocarpus japonicus
3604364.0,426,Sloanea australis,835124-1,Elaeocarpaceae,Sloanea,australis,,False,Sloanea australis
4618869.0,420,Elaeocarpus photiniifolius,833919-1,Elaeocarpaceae,Elaeocarpus,photiniifolius,,False,Elaeocarpus photiniifolius
3818494.0,486,Elaeocarpus sericopetalus,833951-1,Elaeocarpaceae,Elaeocarpus,sericopetalus,,False,Elaeocarpus sericopetalus
9041047.0,529,Sloanea tieghemii,324588-1,Elaeocarpaceae,Sloanea,tieghemii,,False,Sloanea tieghemii
8267552.0,456,Elaeocarpus pedunculatus,324315-1,Elaeocarpaceae,Elaeocarpus,pedunculatus,,False,Elaeocarpus pedunculata
3818493.0,412,Elaeocarpus largiflorens,324198-1,Elaeocarpaceae,Elaeocarpus,largiflorens,,False,Elaeocarpus largiflorens
9041092.0,460,Elaeocarpus sayeri,833947-1,Elaeocarpaceae,Elaeocarpus,sayeri,,False,Elaeocarpus sayeri
4302784.0,431,Elaeocarpus japonicus,833860-1,Elaeocarpaceae,Elaeocarpus,japonicus,,True,Elaeocarpus japonicus
9077797.0,450,Elaeocarpus sphaericus,833966-1,Elaeocarpaceae,Elaeocarpus,sphaericus,,False,Elaeocarpus sphaericus
3818495.0,486,Elaeocarpus sericopetalus,833951-1,Elaeocarpaceae,Elaeocarpus,sericopetalus,,False,Elaeocarpus sericopetalus
3818528.0,432,Elaeocarpus largiflorens,324198-1,Elaeocarpaceae,Elaeocarpus,largiflorens,,False,Elaeocarpus largiflorens
5895756.0,496,Sloanea amygdalina,835122-1,Elaeocarpaceae,Sloanea,amygdalina,,False,Sloanea amygdalina
9048267.0,529,Sloanea forbesii,835142-1,Elaeocarpaceae,Sloanea,forbesii,,False,Sloanea forbesii
9077842.0,448,Elaeocarpus sphaericus,833966-1,Elaeocarpaceae,Elaeocarpus,sphaericus,,False,Elaeocarpus sphaericus
3818561.0,427,Elaeocarpus sp.,326026-2,Elaeocarpaceae,Elaeocarpus,,,False,Elaeocarpus sp.
9048239.0,437,Elaeocarpus dolichostylus,324088-1,Elaeocarpaceae,Elaeocarpus,dolichostylus,,False,Elaeocarpus dolichostylus
9041087.0,327,Elaeocarpus dolichodactylus,324085-1,Elaeocarpaceae,Elaeocarpus,dolichodactylus,,False,Elaeocarpus dolichodactylus
8267527.0,460,Elaeocarpus petiolatus,833916-1,Elaeocarpaceae,Elaeocarpus,petiolatus,,False,Elaeocarpus petiolatus
4618245.0,447,Elaeocarpus photiniifolius,833919-1,Elaeocarpaceae,Elaeocarpus,photiniifolius,,False,Elaeocarpus photiniifolius
3818491.0,439,Elaeocarpus bancroftii,833782-1,Elaeocarpaceae,Elaeocarpus,bancroftii,,False,Elaeocarpus bancroftii
9048272.0,529,Sloanea forbesii,835142-1,Elaeocarpaceae,Sloanea,forbesii,,False,Sloanea forbesii
8267562.0,461,Elaeocarpus stipularis var. castaneus,20001064-1,Elaeocarpaceae,Elaeocarpus,stipularis,castaneus,False,Elaeocarpus gambir
8261391.0,371,Sloanea sigun,324578-1,Elaeocarpaceae,Sloanea,sigun,,False,Sloanea sigun
8335973.0,455,Elaeocarpus pedunculatus,324315-1,Elaeocarpaceae,Elaeocarpus,pedunculatus,,False,Elaeocarpus pedunculata
8297659.0,460,Elaeocarpus petiolatus,833916-1,Elaeocarpaceae,Elaeocarpus,petiolatus,,False,Elaeocarpus petiolatus
3925752.0,360,Rhododendron selense,333324-1,Ericaceae,Rhododendron,selense,,False,Rhododendron selense
3925651.0,357,Rhododendron lepidotum,332747-1,Ericaceae,Rhododendron,lepidotum,,False,Rhododendron lepidotum
3923524.0,457,Gaultheria wardii,330736-1,Ericaceae,Gaultheria,wardii,,False,Gaultheria wardii
3925675.0,217,Rhododendron mekongense,332869-1,Ericaceae,Rhododendron,mekongense,,False,Rhododendron mekongense
4302309.0,414,Vaccinium bracteatum,858854-1,Ericaceae,Vaccinium,bracteatum,,False,Vaccinium bracteatum
3925827.0,216,Rhododendron zaleucum,333633-1,Ericaceae,Rhododendron,zaleucum,,False,Rhododendron zaleucum
3925535.0,345,Rhododendron anthosphaerum,331936-1,Ericaceae,Rhododendron,anthosphaerum,,False,Rhododendron anthosphaerum
4619143.0,413,Rhododendron keiskei var. keiskei,77224879-1,Ericaceae,Rhododendron,keiskei,keiskei,False,Rhododendron keiskei var. keiskei
4302686,417,Rhododendron benhallii,77110697-1,Ericaceae,Rhododendron,benhallii,,False,Rhododendron benhallii
4618167.0,423,Rhododendron lagopus var. niphophilum,954945-1,Ericaceae,Rhododendron,lagopus,niphophilum,False,Rhododendron lagopus var. niphophilum
5895457.0,416,Lyonia stahlii,147926-2,Ericaceae,Lyonia,stahlii,,False,Lyonia stahlii
3925759.0,360,Rhododendron sinogrande,333363-1,Ericaceae,Rhododendron,sinogrande,,False,Rhododendron sinogrande
4301688.0,413,Eubotryoides grayana,330380-1,Ericaceae,Eubotryoides,grayana,,False,Eubotryoides grayana var. glabra
3925806.0,358,Rhododendron vernicosum,333551-1,Ericaceae,Rhododendron,vernicosum,,False,Rhododendron vernisum
3925575.0,217,Rhododendron cinnabarinum,332197-1,Ericaceae,Rhododendron,cinnabarinum,,False,Rhododendron cinnabarinum
3925551.0,359,Rhododendron bainbridgeanum,331997-1,Ericaceae,Rhododendron,bainbridgeanum,,False,Rhododendron bainbridgeanum
3925809,354,Rhododendron campanulatum,332096-1,Ericaceae,Rhododendron,campanulatum,,False,Rhododendron wallichii
3925799,358,Rhododendron uvariifolium,333534-1,Ericaceae,Rhododendron,uvariifolium,,False,Rhododendron uvarifolium
3925641.0,358,Rhododendron irroratum,332644-1,Ericaceae,Rhododendron,irroratum,,False,Rhododendron irroratum
3925735,217,Rhododendron rubiginosum,333256-1,Ericaceae,Rhododendron,rubiginosum,,False,Rhododendron rubiginosum
4301290.0,423,Rhododendron wadanum,333583-1,Ericaceae,Rhododendron,wadanum,,False,Rhododendron wadanum
4302155.0,414,Vaccinium smallii,859141-1,Ericaceae,Vaccinium,smallii,,False,Vaccinium smallii var. glabrum
3925789.0,354,Rhododendron traillianum,333490-1,Ericaceae,Rhododendron,traillianum,,False,Rhododendron traillianum
3923469,456,Gaultheria sp.,277342-2,Ericaceae,Gaultheria,,leucocarpa,True,Gaultheria leucocarpa
4619277.0,414,Vaccinium hirtum var. pubescens,977900-1,Ericaceae,Vaccinium,hirtum,pubescens,False,Vaccinium hirtum var. pubescens
3923485.0,457,Gaultheria praticola,897801-1,Ericaceae,Gaultheria,praticola,,False,Gaultheria praticola
4284530.0,379,Styphelia tenuiflora,325954-1,Ericaceae,Styphelia,tenuiflora,,False,Styphelia tenuiflora
4302412.0,423,Rhododendron mayebarae,332863-1,Ericaceae,Rhododendron,mayebarae,,False,Rhododendron mayebarae
4300897,423,Rhododendron wadanum,333583-1,Ericaceae,Rhododendron,wadanum,,False,Rhododendron wadanum
4301063.0,417,Rhododendron pentandrum,77110710-1,Ericaceae,Rhododendron,pentandrum,,False,Rhododendron pentandrum
3923507.0,455,Gaultheria suborbicularis,330711-1,Ericaceae,Gaultheria,suborbicularis,,False,Gaultheria suborbicularis
4284515.0,391,Leucopogon bossiaea,325259-1,Ericaceae,Leucopogon,bossiaea,,False,Leucopogon bossiaea
4284521.0,404,Leucopogon virgatus,325503-1,Ericaceae,Leucopogon,virgatus,,False,Leucopogon virgatus
4618248.0,417,Lyonia ovalifolia var. elliptica,77250878-1,Ericaceae,Lyonia,ovalifolia,elliptica,False,Lyonia ovalifolia var. elliptica
3923458.0,457,Gaultheria sp.,277342-2,Ericaceae,Gaultheria,,leucocarpa,True,Gaultheria leucocarpa
4302979.0,423,Rhododendron tashiroi var. tashiroi,77224724-1,Ericaceae,Rhododendron,tashiroi,tashiroi,False,Rhododendron tashiroi var. tashiroi
4284523.0,391,Styphelia prostrata,325897-1,Ericaceae,Styphelia,prostrata,,False,Astroloma prostratum
3923518.0,457,Gaultheria trigonoclada,1007836-1,Ericaceae,Gaultheria,trigonoclada,,False,Gaultheria trigonoclada
3925554.0,358,Rhododendron beesianum,332013-1,Ericaceae,Rhododendron,beesianum,,False,Rhododendron beesianum
4618757.0,391,Rhododendron kaempferi var. kaempferi,77224554-1,Ericaceae,Rhododendron,kaempferi,kaempferi,False,Rhododendron kaempferi var. kaempferi
4302640,417,Lyonia ovalifolia var. elliptica,77250878-1,Ericaceae,Lyonia,ovalifolia,elliptica,False,Lyonia ovalifolia var. elliptica
3925682.0,349,Rhododendron monanthum,332906-1,Ericaceae,Rhododendron,monanthum,,False,Rhododendron monanthum
3923029.0,412,Cassiope selaginoides,327329-1,Ericaceae,Cassiope,selaginoides,,False,Cassiope selaginoides
3925739,357,Rhododendron saluenense,333285-1,Ericaceae,Rhododendron,saluenense,,False,Rhododendron saluenense
3923025.0,418,Cassiope fastigiata,327316-1,Ericaceae,Cassiope,fastigiata,,False,Cassiope fastigiata
3925726.0,357,Rhododendron primuliflorum,333134-1,Ericaceae,Rhododendron,primuliflorum,,False,Rhododendron primuliflorum
4302160.0,371,Rhododendron kaempferi var. kaempferi,77224554-1,Ericaceae,Rhododendron,kaempferi,kaempferi,False,Rhododendron kaempferi var. kaempferi
3923526.0,457,Gaultheria wardii,330736-1,Ericaceae,Gaultheria,wardii,,False,Gaultheria wardii
3925530.0,345,Rhododendron  agastum,331889-1,Ericaceae,Rhododendron,agastum,,False,Rhododendron agastrum
3925533.0,346,Rhododendron alutaceum,331912-1,Ericaceae,Rhododendron,alutaceum,,False,Rhododendron alutaeceum
3925561.0,357,Rhododendron calostrotum,332091-1,Ericaceae,Rhododendron,calostrotum,,False,Rhododendron calostrotum
3925616.0,352,Rhododendron fragariiflorum,332450-1,Ericaceae,Rhododendron,fragariiflorum,,False,Rhododendron fragariflorum
3925634.0,217,Rhododendron heliolepis,332556-1,Ericaceae,Rhododendron,heliolepis,,False,Rhododendron heliolepis
3925666.0,345,Rhododendron lukiangense,332808-1,Ericaceae,Rhododendron,lukiangense,,False,Rhododendron lukiangense
3925689.0,359,Rhododendron neriiflorum,332948-1,Ericaceae,Rhododendron,neriiflorum,,False,Rhododendron neriiflorum
3925691.0,357,Rhododendron nivale,332966-1,Ericaceae,Rhododendron,nivale,,False,Rhododendron nivale
3923489.0,457,Gaultheria pseudonotabilis,1007833-1,Ericaceae,Gaultheria,pseudonotabilis,,False,Gaultheria pseudonotabilis
3925692.0,357,Rhododendron nivale,332966-1,Ericaceae,Rhododendron,nivale,,False,Rhododendron nivale
3925749.0,359,Rhododendron sanguineum,333287-1,Ericaceae,Rhododendron,sanguineum,,False,Rhododendron sanguineum
3925770.0,217,Rhododendron spinuliferum,333392-1,Ericaceae,Rhododendron,spinuliferum,,False,Rhododendron spinuliferum
3925804.0,354,Rhododendron vaccinioides,333535-1,Ericaceae,Rhododendron,vaccinioides,,False,Rhododendron vaccinioides
4618597,367,Rhododendron stenopetalum,948101-1,Ericaceae,Rhododendron,stenopetalum,,False,Rhododendron macrosepalum
3923474.0,460,Gaultheria notabilis,330627-1,Ericaceae,Gaultheria,notabilis,,False,Gaultheria notabilis
15080899,391,Arctostaphylos tomentosa,30024713-2,Ericaceae,Arctostaphylos,tomentosa,,False,Arctostaphylos tomentosa
3925589,354,Rhododendron delavayi,332312-1,Ericaceae,Rhododendron,delavayi,,False,Rhododendron delavayi
4617903,414,Vaccinium yatabei,859184-1,Ericaceae,Vaccinium,yatabei,,False,Vaccinium myrtillus var. yatabei
3923407.0,457,Gaultheria cardiosepala,330488-1,Ericaceae,Gaultheria,cardiosepala,,False,Gaultheria cardiosepala
3925818.0,357,Rhododendron xanthostephanum,333621-1,Ericaceae,Rhododendron,xanthostephanum,,False,Rhododendron xanthostephanum
4301016.0,412,Rhododendron semibarbatum,333325-1,Ericaceae,Rhododendron,semibarbatum,,False,Rhododendron semibarbatum
4617484.0,418,Rhododendron albrechtii,331902-1,Ericaceae,Rhododendron,albrechtii,,False,Rhododendron albrechtii
4284541.0,390,Trochocarpa gunnii,325992-1,Ericaceae,Trochocarpa,gunnii,,False,Trochocarpa gunnii
3925794.0,357,Rhododendron trichostomum,333500-1,Ericaceae,Rhododendron,trichostomum,,False,Rhododendron trichostomum
4287715.0,423,Rhododendron reticulatum,333215-1,Ericaceae,Rhododendron,reticulatum,,False,Rhododendron reticulatum
4284533.0,351,Melichrus procumbens,325546-1,Ericaceae,Melichrus,procumbens,,False,Melichrus procumbens
4619054,414,Gaultheria adenothrix,330454-1,Ericaceae,Gaultheria,adenothrix,,False,Gaultheria adenothrix
6511582.0,425,Rhododendron periclymenoides,219516-2,Ericaceae,Rhododendron,periclymenoides,,False,Rhododendron periclymenoides
5911349.0,431,Gaultheria procumbens,330655-1,Ericaceae,Gaultheria,procumbens,,False,Gaultheria procumbens
4302980.0,414,Vaccinium wrightii,859183-1,Ericaceae,Vaccinium,wrightii,,True,Vaccinium wrightii
3925683.0,354,Rhododendron monanthum,332906-1,Ericaceae,Rhododendron,monanthum,,False,Rhododendron monanthum
4284532.0,360,Acrothamnus maccraei,77070460-1,Ericaceae,Acrothamnus,maccraei,,False,Acrothamnus maccraei
3925549.0,346,Rhododendron arizelum,331955-1,Ericaceae,Rhododendron,arizelum,,False,Rhododendron arizelum
3925600.0,355,Rhododendron emarginatum,332369-1,Ericaceae,Rhododendron,emarginatum,,False,Rhododendron emarginatum
4284539.0,365,Brachyloma preissii,324922-1,Ericaceae,Brachyloma,preissii,,False,Brachyloma preissii
3925788.0,346,Rhododendron traillianum,333490-1,Ericaceae,Rhododendron,traillianum,,False,Rhododendron traillianum
4301336.0,414,Vaccinium hirtum var. pubescens,977900-1,Ericaceae,Vaccinium,hirtum,pubescens,False,Vaccinium hirtum var. pubescens
3925579,357,Rhododendron complexum,332225-1,Ericaceae,Rhododendron,complexum,,False,Rhododendron complexum
16919740.0,455,Vaccinium floribundum,858930-1,Ericaceae,Vaccinium,floribundum,,True,Vaccinium floribundum
3925624,359,Rhododendron glischrum,332504-1,Ericaceae,Rhododendron,glischrum,,False,Rhododendron glischrum
3925674,354,Rhododendron mariesii,332856-1,Ericaceae,Rhododendron,mariesii,,False,Rhododendron mariesii
3925547,358,Rhododendron arizelum,331955-1,Ericaceae,Rhododendron,arizelum,,False,Rhododendron arizelum
4301831,411,Rhododendron mucronulatum,332920-1,Ericaceae,Rhododendron,mucronulatum,,False,Rhododendron mucronulatum var. ciliatum
4302452,406,Vaccinium japonicum var. japonicum,77225248-1,Ericaceae,Vaccinium,japonicum,japonicum,False,Vaccinium japonicum var. japonicum
3925620,223,Rhododendron fuyuanense,995625-1,Ericaceae,Rhododendron,fuyuanense,,False,Rhododendron fuyuanense
4618746,391,Rhododendron boninense,77221846-1,Ericaceae,Rhododendron,boninense,,False,Rhododendron boninense
16919735,458,Vaccinium meridionale,859020-1,Ericaceae,Vaccinium,meridionale,,False,Vaccinium meridionale
3925531.0,345,Rhododendron  agastum,331889-1,Ericaceae,Rhododendron,agastum,,False,Rhododendron agastrum
4284524,369,Stenanthera pinifolia,325655-1,Ericaceae,Stenanthera,pinifolia,,False,Astroloma pinifolium
3925677.0,217,Rhododendron mekongense,332869-1,Ericaceae,Rhododendron,mekongense,,False,Rhododendron mekongense
4284522.0,301,Styphelia appressa,325676-1,Ericaceae,Styphelia,appressa,,True,Leucopogon appresus
4301126.0,417,Rhododendron pentandrum,77110710-1,Ericaceae,Rhododendron,pentandrum,,False,Rhododendron pentandrum
4302926.0,423,Rhododendron lagopus var. niphophilum,954945-1,Ericaceae,Rhododendron,lagopus,niphophilum,False,Rhododendron lagopus var. niphophilum
4618526.0,414,Elliottia paniculata,328053-1,Ericaceae,Elliottia,paniculata,,False,Elliottia paniculata
3925783.0,357,Rhododendron telmateium,333466-1,Ericaceae,Rhododendron,telmateium,,False,Rhododendron telmateium
4302402.0,367,Rhododendron tosaense,333487-1,Ericaceae,Rhododendron,tosaense,,False,Rhododendron tosaense
3923492.0,457,Gaultheria pyrolifolia,330665-1,Ericaceae,Gaultheria,pyrolifolia,,False,Gaultheria pyrolifolia
3925639.0,357,Rhododendron impeditum,332618-1,Ericaceae,Rhododendron,impeditum,,False,Rhododendron impeditum
4300964.0,415,Rhododendron japonoheptamerum var. hondoense,953820-1,Ericaceae,Rhododendron,japonoheptamerum,hondoense,False,Rhododendron japonoheptamerum var. hondoense
14517600,412,Elliottia paniculata,328053-1,Ericaceae,Elliottia,paniculata,,False,Elliottia paniculata
3925565,359,Rhododendron campylocarpum,332098-1,Ericaceae,Rhododendron,campylocarpum,,False,Rhododendron campylocarpum
3925612,359,Rhododendron floccigerum,332438-1,Ericaceae,Rhododendron,floccigerum,,False,Rhododendron floccigerum
3925526.0,358,Rhododendron aberconwayi,331863-1,Ericaceae,Rhododendron,aberconwayi,,False,Rhododendron aberconwayi
4300899.0,417,Rhododendron benhallii,77110697-1,Ericaceae,Rhododendron,benhallii,,False,Rhododendron benhallii
3925690,359,Rhododendron neriiflorum,332948-1,Ericaceae,Rhododendron,neriiflorum,,False,Rhododendron neriiflorum
3925527,340,Rhododendron aberconwayi,331863-1,Ericaceae,Rhododendron,aberconwayi,,False,Rhododendron aberconwayi
4284516,379,Leucopogon amplexicaulis,325240-1,Ericaceae,Leucopogon,amplexicaulis,,False,Leucopogon amplexicaulis
3925779,357,Rhododendron tapetiforme,333452-1,Ericaceae,Rhododendron,tapetiforme,,False,Rhododendron tapetiforme
3923448,457,Gaultheria hypochlora,330568-1,Ericaceae,Gaultheria,hypochlora,,False,Gaultheria hypochlora
5911414,431,Gaultheria hispidula,60443874-2,Ericaceae,Gaultheria,hispidula,,False,Gaultheria hispidula
4618260,414,Vaccinium boninense,334276-1,Ericaceae,Vaccinium,boninense,,False,Vaccinium boninense
6511565,423,Vaccinium stamineum,317270-2,Ericaceae,Vaccinium,stamineum,,False,Vaccinium stamineum
3925628,359,Rhododendron haematodes,332533-1,Ericaceae,Rhododendron,haematodes,,False,Rhododendron haematodes
3925578,359,Rhododendron citriniflorum,332202-1,Ericaceae,Rhododendron,citriniflorum,,False,Rhododendron citriniflorum
3925668,357,Rhododendron mackenzianum,332824-1,Ericaceae,Rhododendron,mackenzianum,,False,Rhododendron mackenzianum
5911579,430,Rhododendron groenlandicum,284230-2,Ericaceae,Rhododendron,groenlandicum,,False,Rhododendron groenlandicum
14517524,423,Rhododendron tashiroi var. tashiroi,77224724-1,Ericaceae,Rhododendron,tashiroi,tashiroi,False,Rhododendron tashiroi var. tashiroi
4302203,411,Rhododendron semibarbatum,333325-1,Ericaceae,Rhododendron,semibarbatum,,False,Rhododendron semibarbatum
4618708,414,Vaccinium bracteatum,858854-1,Ericaceae,Vaccinium,bracteatum,,False,Vaccinium bracteatum
4285945,393,Leucopogon elegans,325311-1,Ericaceae,Leucopogon,elegans,,False,Leucopogon elegans
4617994,415,Rhododendron japonicum,60454333-2,Ericaceae,Rhododendron,japonicum,,False,Rhododendron molle subsp. japonicum
3925687.0,344,Rhododendron moulmainense,332916-1,Ericaceae,Rhododendron,moulmainense,,False,Rhododendron moulmainense
4284535.0,364,Lissanthe brevistyla,20003001-1,Ericaceae,Lissanthe,brevistyla,,False,Lissanthe brevistyla
4302680.0,415,Rhododendron japonoheptamerum var. hondoense,953820-1,Ericaceae,Rhododendron,japonoheptamerum,hondoense,False,Rhododendron japonoheptamerum var. hondoense
4618293.0,414,Vaccinium japonicum var. japonicum,77225248-1,Ericaceae,Vaccinium,japonicum,japonicum,False,Vaccinium japonicum var. japonicum
3925746.0,359,Rhododendron sanguineum,333287-1,Ericaceae,Rhododendron,sanguineum,,False,Rhododendron sanguineum
4302498.0,399,Rhododendron albrechtii,331902-1,Ericaceae,Rhododendron,albrechtii,,False,Rhododendron albrechtii
4618087,368,Rhododendron stenopetalum,948101-1,Ericaceae,Rhododendron,stenopetalum,,False,Rhododendron macrosepalum
3923512.0,457,Gaultheria tetramera,330719-1,Ericaceae,Gaultheria,tetramera,,False,Gaultheria tetramera
3925584.0,344,Rhododendron decorum,332307-1,Ericaceae,Rhododendron,decorum,,False,Rhododendron decorum
4284512,376,Leucopogon australis,325252-1,Ericaceae,Leucopogon,australis,,True,Leucopogon australis
3923427.0,457,Gaultheria fragrantissima,330539-1,Ericaceae,Gaultheria,fragrantissima,,False,Gaultheria fragrantissima
3925590.0,354,Rhododendron delavayi,332312-1,Ericaceae,Rhododendron,delavayi,,False,Rhododendron delavayi
4618834.0,423,Rhododendron hyugaense,943864-1,Ericaceae,Rhododendron,hyugaense,,False,Rhododendron hyugaense
16919741,453,Vaccinium floribundum,858930-1,Ericaceae,Vaccinium,floribundum,,True,Vaccinium floribundum
3925826,216,Rhododendron zaleucum,333633-1,Ericaceae,Rhododendron,zaleucum,,False,Rhododendron zaleucum
3925714.0,355,Rhododendron pachypodum,333028-1,Ericaceae,Rhododendron,pachypodum,,False,Rhododendron pachypodum
3925715.0,356,Rhododendron pendulum,333058-1,Ericaceae,Rhododendron,pendulum,,False,Rhododendron pendulum
4618365.0,423,Rhododendron dilatatum var. decandrum,77107676-1,Ericaceae,Rhododendron,dilatatum,decandrum,False,Rhododendron dilatatum var. decandrum
3925577.0,359,Rhododendron citriniflorum,332202-1,Ericaceae,Rhododendron,citriniflorum,,False,Rhododendron citriniflorum
3925812.0,360,Rhododendron wardii,333587-1,Ericaceae,Rhododendron,wardii,,False,Rhododendron wardii
3925819.0,357,Rhododendron xanthostephanum,333621-1,Ericaceae,Rhododendron,xanthostephanum,,False,Rhododendron xanthostephanum
3923421.0,457,Gaultheria fragrantissima,330539-1,Ericaceae,Gaultheria,fragrantissima,,False,Gaultheria fragrantissima
3925631,217,Rhododendron heliolepis,332556-1,Ericaceae,Rhododendron,heliolepis,,False,Rhododendron heliolepis
4618285.0,414,Vaccinium ciliatum,2458755-4,Ericaceae,Vaccinium,ciliatum,,True,Vaccinium ciliatum
3925594,356,Rhododendron edgeworthii,332361-1,Ericaceae,Rhododendron,edgeworthii,,False,Rhododendron edgeworthii
3925704.0,217,Rhododendron oreotrephes,333012-1,Ericaceae,Rhododendron,oreotrephes,,False,Rhododendron oreotrephes
4284540.0,262,Brachyloma geissoloma,77175904-1,Ericaceae,Brachyloma,geissoloma,,False,Brachyloma concolor
3925707.0,217,Rhododendron oreotrephes,333012-1,Ericaceae,Rhododendron,oreotrephes,,False,Rhododendron oreotrephes
3925822,217,Rhododendron yunnanense,333632-1,Ericaceae,Rhododendron,yunnanense,,False,Rhododendron yunnanense
3925657.0,344,Rhododendron lepidotum,332747-1,Ericaceae,Rhododendron,lepidotum,,False,Rhododendron lepidotum
3925805.0,358,Rhododendron vernicosum,333551-1,Ericaceae,Rhododendron,vernicosum,,False,Rhododendron vernisum
3925766,358,Rhododendron sphaeroblastum,333387-1,Ericaceae,Rhododendron,sphaeroblastum,,False,Rhododendron sphaeroblastum
4284513.0,391,Leucopogon alternifolius,325238-1,Ericaceae,Leucopogon,alternifolius,,False,Leucopogon alternifolius
3925596,356,Rhododendron edgeworthii,332361-1,Ericaceae,Rhododendron,edgeworthii,,False,Rhododendron edgeworthii
3923478.0,460,Gaultheria nummularioides,330632-1,Ericaceae,Gaultheria,nummularioides,,False,Gaultheria nummularioides
3925580.0,357,Rhododendron complexum,332225-1,Ericaceae,Rhododendron,complexum,,False,Rhododendron complexum
3925730.0,359,Rhododendron roxieanum,333253-1,Ericaceae,Rhododendron,roxieanum,,False,Rhododendron roxieanum
3925797.0,217,Rhododendron triflorum,333502-1,Ericaceae,Rhododendron,triflorum,,False,Rhododendron triflorum
15080835.0,423,Cavendishia grandifolia,50436-2,Ericaceae,Cavendishia,grandifolia,,False,Cavendishia grandifolia
3923504,457,Gaultheria straminea,1007835-1,Ericaceae,Gaultheria,straminea,,False,Gaultheria straminea
3925753.0,363,Rhododendron selense,333324-1,Ericaceae,Rhododendron,selense,,False,Rhododendron selense
3923409,456,Gaultheria cardiosepala,330488-1,Ericaceae,Gaultheria,cardiosepala,,False,Gaultheria cardiosepala
15080599,432,Macleania rupestris,148722-2,Ericaceae,Macleania,rupestris,,False,Macleania rupestris
3923476,459,Gaultheria notabilis,330627-1,Ericaceae,Gaultheria,notabilis,,False,Gaultheria notabilis
6541613,238,Chimaphila maculata,327557-1,Ericaceae,Chimaphila,maculata,,False,Chimaphila maculata
4303293,423,Rhododendron kiyosumense,332685-1,Ericaceae,Rhododendron,kiyosumense,,False,Rhododendron kiyosumense
3925661,365,Rhododendron leptothrium,332756-1,Ericaceae,Rhododendron,leptothrium,,False,Rhododendron leptothrium
3923446,457,Gaultheria hookeri,330565-1,Ericaceae,Gaultheria,hookeri,,False,Gaultheria hookeri
4618479,414,Vaccinium oldhamii,859067-1,Ericaceae,Vaccinium,oldhamii,,False,Vaccinium oldhamii
3925763,360,Rhododendron sinogrande,333363-1,Ericaceae,Rhododendron,sinogrande,,False,Rhododendron sinogrande
3923413,457,Gaultheria dolichopoda,330517-1,Ericaceae,Gaultheria,dolichopoda,,False,Gaultheria dolichopoda
4619194,423,Rhododendron dilatatum var. lasiocarpum,993018-1,Ericaceae,Rhododendron,dilatatum,lasiocarpum,False,Rhododendron dilatatum var. lasiocarpum
3925573,357,Rhododendron cephalanthum,332132-1,Ericaceae,Rhododendron,cephalanthum,,False,Rhododendron cephalanthum
4302156,414,Vaccinium ovalifolium var. ovalifolium,77225604-1,Ericaceae,Vaccinium,ovalifolium,ovalifolium,False,Vaccinium ovalifolium var. ovalifolium
3925663,363,Rhododendron leptothrium,332756-1,Ericaceae,Rhododendron,leptothrium,,False,Rhododendron leptothrium
3923444,457,Gaultheria hookeri,330565-1,Ericaceae,Gaultheria,hookeri,,False,Gaultheria hookeri
4617824,413,Rhododendron japonicum,60454333-2,Ericaceae,Rhododendron,japonicum,,False,Rhododendron molle subsp. japonicum
4284514,389,Leucopogon parviflorus,325412-1,Ericaceae,Leucopogon,parviflorus,,False,Leucopogon parviflorus
3852093,432,Dracophyllum sayeri,325075-1,Ericaceae,Dracophyllum,sayeri,,False,Dracophyllum sayeri
3852082,433,Paphia meiniana,331385-1,Ericaceae,Paphia,meiniana,,False,Agapetes meiniana
14517615,423,Rhododendron yakumontanum,943863-1,Ericaceae,Rhododendron,yakumontanum,,True,Rhododendron yakumontanum
3925681,353,Rhododendron microphyton,332885-1,Ericaceae,Rhododendron,microphyton,,False,Rhododendron microphyton
3923415,457,Gaultheria dolichopoda,330517-1,Ericaceae,Gaultheria,dolichopoda,,False,Gaultheria dolichopoda
4617935,414,Vaccinium boninense,334276-1,Ericaceae,Vaccinium,boninense,,False,Vaccinium boninense
4301361,416,Rhododendron primuliflorum var. primuliflorum,77224702-1,Ericaceae,Rhododendron,primuliflorum,primuliflorum,False,Rhododendron multiflorum var. multiflorum
4303107,371,Rhododendron tosaense,333487-1,Ericaceae,Rhododendron,tosaense,,False,Rhododendron tosaense
3925796,357,Rhododendron trichostomum,333500-1,Ericaceae,Rhododendron,trichostomum,,False,Rhododendron trichostomum
3925672,344,Rhododendron maddenii,332836-1,Ericaceae,Rhododendron,maddenii,,False,Rhododendron maddenii
3923417,456,Gaultheria dumicola,30318011-2,Ericaceae,Gaultheria,dumicola,,False,Gaultheria dumicola
3925538,358,Rhododendron aperantum,331938-1,Ericaceae,Rhododendron,aperantum,,False,Rhododendron aperantum
3923494,457,Gaultheria pyrolifolia,330665-1,Ericaceae,Gaultheria,pyrolifolia,,False,Gaultheria pyrolifolia
4618799,417,Rhododendron primuliflorum var. primuliflorum,77224702-1,Ericaceae,Rhododendron,primuliflorum,primuliflorum,False,Rhododendron multiflorum var. multiflorum
3925800,359,Rhododendron uvariifolium,333534-1,Ericaceae,Rhododendron,uvariifolium,,False,Rhododendron uvarifolium
3925614,363,Rhododendron forrestii,332445-1,Ericaceae,Rhododendron,forrestii,,False,Rhododendron forrestii
4617959,414,Gaultheria adenothrix,330454-1,Ericaceae,Gaultheria,adenothrix,,False,Gaultheria adenothrix
3925608,358,Rhododendron fictolacteum,332421-1,Ericaceae,Rhododendron,fictolacteum,,False,Rhododendron fictolacteum
3925585,358,Rhododendron decorum,332307-1,Ericaceae,Rhododendron,decorum,,False,Rhododendron decorum
3232396,247,Chimaphila umbellata,60442655-2,Ericaceae,Chimaphila,umbellata,,False,Chimaphila umbellata
4618052,423,Rhododendron hyugaense,943864-1,Ericaceae,Rhododendron,hyugaense,,False,Rhododendron hyugaense
3923441,457,Gaultheria heteromera,1007828-1,Ericaceae,Gaultheria,heteromera,,False,Gaultheria heteromera
4284526,366,Styphelia viridis,325976-1,Ericaceae,Styphelia,viridis,,False,Styphelia viridis
3923481,457,Gaultheria praticola,897801-1,Ericaceae,Gaultheria,praticola,,False,Gaultheria praticola
3923023,418,Cassiope fastigiata,327316-1,Ericaceae,Cassiope,fastigiata,,False,Cassiope fastigiata
6541592,238,Chimaphila maculata,327557-1,Ericaceae,Chimaphila,maculata,,False,Chimaphila maculata
4284534,351,Melichrus urceolatus,325549-1,Ericaceae,Melichrus,urceolatus,,False,Melichrus urceolatus
4618700,413,Vaccinium vitis-idaea,293975-2,Ericaceae,Vaccinium,vitis-idaea,,False,Vaccinium vitis-idaea
4617693,393,Epigaea asiatica,328105-1,Ericaceae,Epigaea,asiatica,,False,Epigaea asiatica
3925717,359,Rhododendron phaeochrysum,333078-1,Ericaceae,Rhododendron,phaeochrysum,,False,Rhododendron phaeochrysum
4284518,306,Styphelia nitens,325849-1,Ericaceae,Styphelia,nitens,,False,Leucopogon nutans
3925626.0,359,Rhododendron haematodes,332533-1,Ericaceae,Rhododendron,haematodes,,False,Rhododendron haematodes
3925643.0,358,Rhododendron irroratum,332644-1,Ericaceae,Rhododendron,irroratum,,False,Rhododendron irroratum
5911583.0,431,Gaultheria procumbens,330655-1,Ericaceae,Gaultheria,procumbens,,False,Gaultheria procumbens
3925543.0,346,Rhododendron arboreum,331945-1,Ericaceae,Rhododendron,arboreum,,False,Rhododendron arboreum
4284528.0,358,Styphelia laeta,325804-1,Ericaceae,Styphelia,laeta,,False,Styphelia laeta
4302112.0,414,Vaccinium oldhamii,859067-1,Ericaceae,Vaccinium,oldhamii,,False,Vaccinium oldhamii
3925729.0,217,Rhododendron racemosum,333194-1,Ericaceae,Rhododendron,racemosum,,False,Rhododendron racemosum
3925737.0,217,Rhododendron rubiginosum,333256-1,Ericaceae,Rhododendron,rubiginosum,,False,Rhododendron rubiginosum
4618459.0,414,Rhododendron brachycarpum subsp. brachycarpum,77224212-1,Ericaceae,Rhododendron,brachycarpum,brachycarpum,False,Rhododendron brachycarpum var. brachycarpum
14517604.0,413,Pieris japonica var. yakushimensis,977896-1,Ericaceae,Pieris,japonica,yakushimensis,False,Pieris japonica var. yakushimensis
3925570.0,344,Rhododendron cephalanthum,332132-1,Ericaceae,Rhododendron,cephalanthum,,False,Rhododendron cephalanthum
3925808.0,353,Rhododendron virgatum,333573-1,Ericaceae,Rhododendron,virgatum,,False,Rhododendron virgatum
3925665.0,345,Rhododendron lukiangense,332808-1,Ericaceae,Rhododendron,lukiangense,,False,Rhododendron lukiangense
3923515.0,456,Gaultheria trichophylla,330725-1,Ericaceae,Gaultheria,trichophylla,,False,Gaultheria trichophylla
4284537.0,372,Acrotriche parviflora,77091363-1,Ericaceae,Acrotriche,parviflora,,False,Acrotriche parviflora
4284531,292,Acrothamnus hookeri,77070462-1,Ericaceae,Acrothamnus,hookeri,,False,Acrothamnus hookeri
3923496.0,457,Gaultheria glaucifolia var. rosei,984488-1,Ericaceae,Gaultheria,glaucifolia,rosei,False,Gaultheria semi
4302351.0,411,Rhododendron keiskei var. keiskei,77224879-1,Ericaceae,Rhododendron,keiskei,keiskei,False,Rhododendron keiskei var. keiskei
3923405.0,457,Gaultheria brevistipes,1007825-1,Ericaceae,Gaultheria,brevistipes,,False,Gaultheria brevistipes
3925792.0,217,Rhododendron trichocladum,333495-1,Ericaceae,Rhododendron,trichocladum,,False,Rhododendron trichocladum
3923501.0,457,Gaultheria sinensis,330702-1,Ericaceae,Gaultheria,sinensis,,False,Gaultheria sinensis
3925764.0,356,Rhododendron nuttallii,332980-1,Ericaceae,Rhododendron,nuttallii,,False,Rhododendron sinonuttallii
3923411,457,Gaultheria codonantha,330496-1,Ericaceae,Gaultheria,codonantha,,False,Gaultheria codonantha
4301845,423,Rhododendron reticulatum,333215-1,Ericaceae,Rhododendron,reticulatum,,False,Rhododendron reticulatum
3925711.0,365,Rhododendron ovatum,333024-1,Ericaceae,Rhododendron,ovatum,,False,Rhododendron ovatum
3925778.0,351,Rhododendron stewartianum,333409-1,Ericaceae,Rhododendron,stewartianum,,False,Rhododendron stewartianum
4618488.0,414,Leucothoe keiskei,331044-1,Ericaceae,Leucothoe,keiskei,,False,Leucothoe keiskei
4617577.0,415,Andromeda polifolia,30021967-2,Ericaceae,Andromeda,polifolia,,False,Andromeda polifolia
3925540.0,359,Rhododendron aperantum,331938-1,Ericaceae,Rhododendron,aperantum,,False,Rhododendron aperantum
4284538.0,389,Acrotriche rigida,324815-1,Ericaceae,Acrotriche,rigida,,False,Acrotriche rigida
3925648.0,345,Rhododendron lacteum,332704-1,Ericaceae,Rhododendron,lacteum,,True,Rhododendron lacteum
3925685,357,Rhododendron moulmainense,332916-1,Ericaceae,Rhododendron,moulmainense,,False,Rhododendron moulmainense
3925610,359,Rhododendron floccigerum,332438-1,Ericaceae,Rhododendron,floccigerum,,False,Rhododendron floccigerum
3925599,355,Rhododendron emarginatum,332369-1,Ericaceae,Rhododendron,emarginatum,,False,Rhododendron emarginatum
3925702,344,Rhododendron nyingchiense,931343-1,Ericaceae,Rhododendron,nyingchiense,,False,Rhododendron nyingchiense
16919739,456,Vaccinium meridionale,859020-1,Ericaceae,Vaccinium,meridionale,,False,Vaccinium meridionale
3925724,357,Rhododendron primuliflorum,333134-1,Ericaceae,Rhododendron,primuliflorum,,False,Rhododendron primuliflorum
3925618,358,Rhododendron fulvum,332466-1,Ericaceae,Rhododendron,fulvum,,False,Rhododendron fulvum
5911496,431,Vaccinium angustifolium,334243-1,Ericaceae,Vaccinium,angustifolium,,True,Vaccinium angustifolium
4617864,417,Rhododendron multiflorum,77110704-1,Ericaceae,Rhododendron,multiflorum,,False,Rhododendron multiflorum
3925637,357,Rhododendron impeditum,332618-1,Ericaceae,Rhododendron,impeditum,,False,Rhododendron impeditum
3923516,457,Gaultheria trigonoclada,1007836-1,Ericaceae,Gaultheria,trigonoclada,,False,Gaultheria trigonoclada
4284511,392,Leucopogon extremus,77120857-1,Ericaceae,Leucopogon,extremus,,False,Leucopogon extremus
6541786.0,362,Gaylussacia baccata,858401-1,Ericaceae,Gaylussacia,baccata,,False,Gaylussacia baccata
4617417,417,Rhododendron osuzuyamense,907693-1,Ericaceae,Rhododendron,osuzuyamense,,False,Rhododendron osuzuyamense
3925814,359,Rhododendron wardii,333587-1,Ericaceae,Rhododendron,wardii,,False,Rhododendron wardii
3925635,357,Rhododendron hippophaeoides,332575-1,Ericaceae,Rhododendron,hippophaeoides,,False,Rhododendron hippophaeoides
5911574,431,Chamaedaphne calyculata,1058520-2,Ericaceae,Chamaedaphne,calyculata,,False,Chamaedaphne calyculata
3923021,443,Cassiope pectinata,327325-1,Ericaceae,Cassiope,pectinata,,False,Cassiope dendrotricha
4618014,407,Vaccinium oxycoccos,261956-2,Ericaceae,Vaccinium,oxycoccos,,False,Vaccinium oxycoccos
4300947,414,Vaccinium uliginosum var. japonicum,965563-1,Ericaceae,Vaccinium,uliginosum,japonicum,False,Vaccinium uliginosum var. japonicum
4617740,414,Leucothoe keiskei,331044-1,Ericaceae,Leucothoe,keiskei,,False,Leucothoe keiskei
3925545,335,Rhododendron arboreum,331945-1,Ericaceae,Rhododendron,arboreum,,False,Rhododendron arboreum
4618106,392,Rhododendron yakuinsulare,333622-1,Ericaceae,Rhododendron,yakuinsulare,,False,Rhododendron yakuinsulare
14517550,414,Vaccinium yakushimense,334757-1,Ericaceae,Vaccinium,yakushimense,,False,Vaccinium yakushimense
4303146,423,Rhododendron dilatatum var. decandrum,77107676-1,Ericaceae,Rhododendron,dilatatum,decandrum,False,Rhododendron dilatatum var. decandrum
3925824,217,Rhododendron yunnanense,333632-1,Ericaceae,Rhododendron,yunnanense,,False,Rhododendron yunnanense
4284519,385,Styphelia obtecta,325854-1,Ericaceae,Styphelia,obtecta,,False,Leucopogon obtectus
4618067,416,Rhododendron quinquefolium,333193-1,Ericaceae,Rhododendron,quinquefolium,,False,Rhododendron quinquefolium
5211297,347,Erica tetralix,329737-1,Ericaceae,Erica,tetralix,,False,Erica tetralix
3925556,358,Rhododendron beesianum,332013-1,Ericaceae,Rhododendron,beesianum,,False,Rhododendron beesianum
3925754,358,Rhododendron sikangense,333355-1,Ericaceae,Rhododendron,sikangense,,False,Rhododendron sikangense
3925810,354,Rhododendron campanulatum,332096-1,Ericaceae,Rhododendron,campanulatum,,False,Rhododendron wallichii
4618904,414,Chamaedaphne calyculata,1058520-2,Ericaceae,Chamaedaphne,calyculata,,False,Chamaedaphne calyculata
3923433,455,Gaultheria griffithiana,330553-1,Ericaceae,Gaultheria,griffithiana,,False,Gaultheria griffithiana
3923026,425,Cassiope pectinata,327325-1,Ericaceae,Cassiope,pectinata,,False,Cassiope pectinata
5911602.0,393,Vaccinium angustifolium,334243-1,Ericaceae,Vaccinium,angustifolium,,True,Vaccinium angustifolium
3923451,457,Gaultheria jingdongensis,1007829-1,Ericaceae,Gaultheria,jingdongensis,,False,Gaultheria jingdongensis
3925678,353,Rhododendron microphyton,332885-1,Ericaceae,Rhododendron,microphyton,,False,Rhododendron microphyton
3923031,425,Cassiope selaginoides,327329-1,Ericaceae,Cassiope,selaginoides,,False,Cassiope selaginoides
3925784,359,Rhododendron temenium,333468-1,Ericaceae,Rhododendron,temenium,,False,Rhododendron temenium
3925780,357,Rhododendron tapetiforme,333452-1,Ericaceae,Rhododendron,tapetiforme,,False,Rhododendron tapetiforme
3923502,457,Gaultheria sinensis,330702-1,Ericaceae,Gaultheria,sinensis,,False,Gaultheria sinensis
3925727,218,Rhododendron racemosum,333194-1,Ericaceae,Rhododendron,racemosum,,False,Rhododendron racemosum
3923437,457,Gaultheria griffithiana,330553-1,Ericaceae,Gaultheria,griffithiana,,False,Gaultheria griffithiana
4300959,414,Vaccinium yatabei,859184-1,Ericaceae,Vaccinium,yatabei,,False,Vaccinium myrtillus var. yatabei
9748896.0,594,Eriocaulon cinereum,335192-1,Eriocaulaceae,Eriocaulon,cinereum,,False,Eriocaulon cinereum
9748907.0,532,Paepalanthus fasciculoides,281935-2,Eriocaulaceae,Paepalanthus,fasciculoides,,False,Paepalanthus fasciculoides
9748946.0,493,Syngonanthus discretifolius,77150099-1,Eriocaulaceae,Syngonanthus,discretifolius,,False,Syngonanthus discretifolius
9748908.0,556,Paepalanthus fasciculoides,281935-2,Eriocaulaceae,Paepalanthus,fasciculoides,,False,Paepalanthus fasciculoides
9748894.0,525,Eriocaulon cinereum,335192-1,Eriocaulaceae,Eriocaulon,cinereum,,False,Eriocaulon cinereum
15174086.0,591,Syngonanthus caulescens,336698-1,Eriocaulaceae,Syngonanthus,caulescens,,False,Syngonanthus caulescens
15080729.0,590,Paepalanthus anceps,77183665-1,Eriocaulaceae,Paepalanthus,anceps,,False,Lachnocaulon anceps
9748902,645,Syngonanthus discretifolius,77150099-1,Eriocaulaceae,Syngonanthus,discretifolius,,False,Syngonanthus discretifolius
5895576,325,Erythroxylum brevipes,330127-2,Erythroxylaceae,Erythroxylum,brevipes,,False,Erythroxylum brevipes
3580537.0,537,Aneulophus africanus,543892-1,Erythroxylaceae,Aneulophus,africanus,,False,Aneulophus africanus
5895675,310,Erythroxylum sp.,330124-2,Erythroxylaceae,Erythroxylum,,,True,Erythroxylum areolatum
3580603,560,Aneulophus africanus,543892-1,Erythroxylaceae,Aneulophus,africanus,,False,Aneulophus africanus
3818333.0,361,Erythroxylum ecarinatum,544039-1,Erythroxylaceae,Erythroxylum,ecarinatum,,False,Erythroxylum ecarinatum
5895745,382,Erythroxylum urbanii,97067-2,Erythroxylaceae,Erythroxylum,urbanii,,False,Erythroxylum urbanii
5895557.0,247,Erythroxylum rufum,330191-2,Erythroxylaceae,Erythroxylum,rufum,,False,Erythroxylum rufum
3852078.0,401,Polyosma hirsuta,792419-1,Escalloniaceae,Polyosma,hirsuta,,False,Polyosma hirsuta
3851975.0,412,Polyosma rigidiuscula,792462-1,Escalloniaceae,Polyosma,rigidiuscula,,False,Polyosma rigidiuscula
3818397.0,408,Polyosma alangiacea,792378-1,Escalloniaceae,Polyosma,alangiacea,,False,Polyosma alangiacea
3818396.0,408,Polyosma alangiacea,792378-1,Escalloniaceae,Polyosma,alangiacea,,False,Polyosma alangiacea
3818398.0,410,Polyosma hirsuta,792419-1,Escalloniaceae,Polyosma,hirsuta,,False,Polyosma hirsuta
3851976.0,405,Polyosma rhytiphloia,792460-1,Escalloniaceae,Polyosma,rhytiphloia,,False,Polyosma rhytophloia
3923336.0,271,Eucommia ulmoides,554475-1,Eucommiaceae,Eucommia,ulmoides,,False,Eucommia ulmoides
3923338.0,271,Eucommia ulmoides,554475-1,Eucommiaceae,Eucommia,ulmoides,,False,Eucommia ulmoides
8335947,543,Paracroton pendulus,353231-1,Euphorbiaceae,Paracroton,pendulus,,False,Paracroton pendulus
3818507,401,Rockinghamia angustifolia,355573-1,Euphorbiaceae,Rockinghamia,angustifolia,,False,Rockinghamia angustifolia
5211316,563,Euphorbia nicaeensis,347498-1,Euphorbiaceae,Euphorbia,nicaeensis,,False,Euphorbia nicaeensis
9598469.0,647,Ricinus communis,355498-1,Euphorbiaceae,Ricinus,communis,,False,Ricinus communis
4934536,528,Mareyopsis longifolia,352064-1,Euphorbiaceae,Mareyopsis,longifolia,,False,Mareyopsis longifolia
3818318,593,Baloghia parviflora,339742-1,Euphorbiaceae,Baloghia,parviflora,,False,Baloghia parviflora
4619156.0,619,Neoshirakia japonica,1001568-1,Euphorbiaceae,Neoshirakia,japonica,,False,Neoshirakia japonica
5211275.0,526,Euphorbia esula,346448-1,Euphorbiaceae,Euphorbia,esula,,False,Euphorbia esula
4303276.0,632,Neoshirakia japonica,1001568-1,Euphorbiaceae,Neoshirakia,japonica,,False,Neoshirakia japonica
15080782.0,610,Dalechampia spathulata,1092397-2,Euphorbiaceae,Dalechampia,spathulata,,False,Dalechampia spathulata
4618337.0,472,Claoxylon centenarium,341056-1,Euphorbiaceae,Claoxylon,centenarium,,False,Claoxylon centinarium
8335946.0,394,Hancea penangensis,77086990-1,Euphorbiaceae,Hancea,penangensis,,False,Mallotus penangensis
15080556.0,609,Jatropha multifida,314308-2,Euphorbiaceae,Jatropha,multifida,,False,Jatropha multifida
4934011.0,618,Dichostemma glaucescens,344798-1,Euphorbiaceae,Dichostemma,glaucescens,,False,Dichostemma glaucescens
5211317.0,507,Euphorbia peplus,347724-1,Euphorbiaceae,Euphorbia,peplus,,False,Euphorbia peplus
8155028.0,385,Euphorbia lissosperma,347144-1,Euphorbiaceae,Euphorbia,lissosperma,,False,Euphorbia lissosperma
9598468.0,647,Ricinus communis,355498-1,Euphorbiaceae,Ricinus,communis,,False,Ricinus communis
3818501.0,545,Homalanthus novoguineensis,350029-1,Euphorbiaceae,Homalanthus,novoguineensis,,False,Homalanthus novoguineensis
14517594.0,485,Vernicia cordata,358197-1,Euphorbiaceae,Vernicia,cordata,,False,Vernicia cordata
6259133.0,476,Croton dichogamus,342422-1,Euphorbiaceae,Croton,dichogamus,,False,Croton dichogamus
8336058.0,249,Shirakiopsis indica,1007116-1,Euphorbiaceae,Shirakiopsis,indica,,False,Shirakiopsis indica
5211319,566,Euphorbia amygdaloides,345568-1,Euphorbiaceae,Euphorbia,amygdaloides,,True,Euphorbia amygdaloides
4934416,210,Crotonogyne poggei,343803-1,Euphorbiaceae,Crotonogyne,poggei,,False,Crotonogyne strigosa
8261392,389,Neoscortechinia kingii,352507-1,Euphorbiaceae,Neoscortechinia,kingii,,False,Neoscortechinia kingii
4933970,449,Crotonogynopsis sp.,15265-1,Euphorbiaceae,Crotonogynopsis,,,False,Crotonogynopsis sp.
4934402.0,528,Croton sp.,327708-2,Euphorbiaceae,Croton,,,False,Croton sp.
6259134.0,476,Croton dichogamus,342422-1,Euphorbiaceae,Croton,dichogamus,,False,Croton dichogamus
8301092,314,Mallotus floribundus,351554-1,Euphorbiaceae,Mallotus,floribundus,,False,Mallotus floribundus
8099249.0,463,Acalypha lanceolata,337529-1,Euphorbiaceae,Acalypha,lanceolata,,True,Acalypha lanceolata
5211318.0,557,Euphorbia amygdaloides,345568-1,Euphorbiaceae,Euphorbia,amygdaloides,,True,Euphorbia amygdaloides
10564250,238,Euphorbia pulcherrima,30176564-2,Euphorbiaceae,Euphorbia,pulcherrima,,False,Euphorbia pulcherrima
6288714,572,Ricinodendron heudelotii,1016790-1,Euphorbiaceae,Ricinodendron,heudelotii,,False,Ricinodendron heudelotii
5211268.0,526,Euphorbia esula,346448-1,Euphorbiaceae,Euphorbia,esula,,False,Euphorbia esula
8261408.0,478,Pimelodendron griffithianum,77176667-1,Euphorbiaceae,Pimelodendron,griffithianum,,False,Pimelodendron griffithianum
8267536.0,560,Cephalomappa beccariana var. hosei,77189022-1,Euphorbiaceae,Cephalomappa,beccariana,hosei,False,Cephalomappa beccariana var. hosei
5895382.0,591,Adelia ricinella,4207-2,Euphorbiaceae,Adelia,ricinella,,False,Adelia ricinella
10564253.0,247,Euphorbia pulcherrima,30176564-2,Euphorbiaceae,Euphorbia,pulcherrima,,False,Euphorbia pulcherrima
5211313.0,585,Euphorbia exigua,346469-1,Euphorbiaceae,Euphorbia,exigua,,False,Euphorbia exigua
5211273.0,526,Euphorbia cyparissias,346205-1,Euphorbiaceae,Euphorbia,cyparissias,,False,Euphorbia cyparissias
15057582.0,451,Croton monanthogynus,70559-2,Euphorbiaceae,Croton,monanthogynus,,False,Croton monanthogynus
5895463.0,314,Gymnanthes lucida,349792-1,Euphorbiaceae,Gymnanthes,lucida,,False,Gymnanthes lucida
12197058.0,371,Conceveiba guianensis,320623-2,Euphorbiaceae,Conceveiba,guianensis,,False,Conceveiba guianensis
5211265.0,601,Euphorbia exigua,346469-1,Euphorbiaceae,Euphorbia,exigua,,False,Euphorbia exigua
15057548.0,602,Jatropha dioica,317899-2,Euphorbiaceae,Jatropha,dioica,,False,Jatropha dioica
4617396.0,478,Claoxylon centenarium,341056-1,Euphorbiaceae,Claoxylon,centenarium,,False,Claoxylon centinarium
4934079.0,604,Pycnocoma macrophylla,355136-1,Euphorbiaceae,Pycnocoma,macrophylla,,False,Pycnocoma macrophylla
5211266.0,526,Euphorbia saratoi,348154-1,Euphorbiaceae,Euphorbia,saratoi,,False,Euphorbia saratoi
15080591.0,526,Acalypha hispida,337478-1,Euphorbiaceae,Acalypha,hispida,,True,Acalypha hispida
8155446.0,370,Erythrococca fischeri,345353-1,Euphorbiaceae,Erythrococca,fischeri,,False,Erythrococca fischeri
9748900.0,422,Alchornea discolor,338389-1,Euphorbiaceae,Alchornea,discolor,,True,Alchornea discolor
6288568.0,572,Ricinodendron heudelotii,1016790-1,Euphorbiaceae,Ricinodendron,heudelotii,,False,Ricinodendron heudelotii
6288631.0,562,Cavacoa quintasii,340456-1,Euphorbiaceae,Cavacoa,quintasii,,False,Cavacoa quintasii
5895595.0,334,Croton sp.,342537-1,Euphorbiaceae,Croton,,,True,Croton astroites
3818506.0,467,Mallotus polyadenos,351657-1,Euphorbiaceae,Mallotus,polyadenos,,False,Mallotus polyadenos
3232450.0,507,Euphorbia cyparissias,346205-1,Euphorbiaceae,Euphorbia,cyparissias,,False,Euphorbia cyparissias
6288679.0,562,Cavacoa quintasii,340456-1,Euphorbiaceae,Cavacoa,quintasii,,False,Cavacoa quintasii
3580646.0,402,Klaineanthus sp.,15541-1,Euphorbiaceae,Klaineanthus,,,False,Klaineanthus sp.
8261244.0,468,Hancea penangensis,77086990-1,Euphorbiaceae,Hancea,penangensis,,False,Mallotus penangensis
9754192.0,484,Manihot tristis subsp. surumuensis,152563-2,Euphorbiaceae,Manihot,tristis,surumuensis,False,Manihot tristis subsp surumuensis
3818342.0,610,Baloghia parviflora,339742-1,Euphorbiaceae,Baloghia,parviflora,,False,Baloghia parviflora
4301558.0,501,Melanolepis multiglandulosa,352136-1,Euphorbiaceae,Melanolepis,multiglandulosa,,False,Melanolepis multiglandulosa
4934127.0,602,Klaineanthus gaboniae,350711-1,Euphorbiaceae,Klaineanthus,gaboniae,,False,Klaineanthus gabonii
5300573.0,593,Jatropha multifida,314308-2,Euphorbiaceae,Jatropha,multifida,,False,Jatropha multifida
5211263.0,529,Euphorbia dulcis,346333-1,Euphorbiaceae,Euphorbia,dulcis,,False,Euphorbia dulcis
4302812.0,485,Vernicia cordata,358197-1,Euphorbiaceae,Vernicia,cordata,,False,Vernicia cordata
15057492.0,566,Cnidoscolus texanus,61895-2,Euphorbiaceae,Cnidoscolus,texanus,,False,Cnidoscolus texanus
8336020.0,594,Aleurites moluccanus,338514-1,Euphorbiaceae,Aleurites,moluccanus,,False,Mallotus Moluccanus
8336014.0,293,Mallotus mollissimus,351621-1,Euphorbiaceae,Mallotus,mollissimus,,False,Mallotus mollissimus
8301124.0,560,Pimelodendron amboinicum,354924-1,Euphorbiaceae,Pimelodendron,amboinicum,,False,Pimelodendron amboinicum
4934212.0,591,Pycnocoma macrophylla,355136-1,Euphorbiaceae,Pycnocoma,macrophylla,,False,Pycnocoma macrophylla
15080795.0,522,Euphorbia dendroides,346252-1,Euphorbiaceae,Euphorbia,dendroides,,False,Euphorbia dendroides
5895495.0,262,Gymnanthes lucida,349792-1,Euphorbiaceae,Gymnanthes,lucida,,False,Gymnanthes lucida
8297709.0,581,Aleurites moluccanus,338514-1,Euphorbiaceae,Aleurites,moluccanus,,False,Aleurites moluccana
3580547.0,441,Croton sylvaticus,343591-1,Euphorbiaceae,Croton,sylvaticus,,True,Croton sylvaticus
4934318.0,449,Crotonogynopsis sp.,15265-1,Euphorbiaceae,Crotonogynopsis,,,False,Crotonogynopsis sp.
8268260,443,Pimelodendron amboinicum,354924-1,Euphorbiaceae,Pimelodendron,amboinicum,,False,Pimelodendron amboinicum
8297699,586,Endospermum moluccanum,77176800-1,Euphorbiaceae,Endospermum,moluccanum,,False,Endospermum moluccanum
5895698,474,Croton flavens,342537-1,Euphorbiaceae,Croton,flavens,,False,Croton flavens
3580482,203,Plagiostyles africana,354930-1,Euphorbiaceae,Plagiostyles,africana,,False,Plagiostyles africana
6541748.0,548,Euphorbia corollata,276640-2,Euphorbiaceae,Euphorbia,corollata,,False,Euphorbia corollata
5211264,554,Euphorbia segetalis,348217-1,Euphorbiaceae,Euphorbia,segetalis,,False,Euphorbia segetalis
3851992,467,Mallotus polyadenos,351657-1,Euphorbiaceae,Mallotus,polyadenos,,False,Mallotus polyadenos
5211260.0,529,Euphorbia dulcis,346333-1,Euphorbiaceae,Euphorbia,dulcis,,False,Euphorbia dulcis
18514541,491,Cnidoscolus aconitifolius,61821-2,Euphorbiaceae,Cnidoscolus,aconitifolius,,False,Cnidoscolus aconitifolius
8336010,259,Mallotus floribundus,351554-1,Euphorbiaceae,Mallotus,floribundus,,False,Mallotus floribundus
5211312.0,565,Euphorbia serrata,348254-1,Euphorbiaceae,Euphorbia,serrata,,False,Euphorbia serrata
5901652,556,Bernardia dichotoma,339796-1,Euphorbiaceae,Bernardia,dichotoma,,False,Bernardia dichotoma
5895684,500,Croton glabellus,1029203-2,Euphorbiaceae,Croton,glabellus,,False,Croton glabellus
4934560.0,529,Croton longiracemosus,342884-1,Euphorbiaceae,Croton,longiracemosus,,False,Croton longiracemosus
4302226.0,643,Mallotus japonicus,351579-1,Euphorbiaceae,Mallotus,japonicus,,False,Mallotus japonicus
6541782.0,506,Acalypha virginica,1586-2,Euphorbiaceae,Acalypha,virginica,,True,Acalypha virginica
3580592,604,Discoglypremna caloneura,344849-1,Euphorbiaceae,Discoglypremna,caloneura,,False,Discoglypremna caloneura
8261241,618,Ptychopyxis arborea,355093-1,Euphorbiaceae,Ptychopyxis,arborea,,False,Ptychopyxis arborea
8267573,584,Moultonianthus leembruggianus,352446-1,Euphorbiaceae,Moultonianthus,leembruggianus,,False,Moultonianthus leembruggianus
3852088,554,Homalanthus novoguineensis,350029-1,Euphorbiaceae,Homalanthus,novoguineensis,,False,Homalanthus novoguineensis
5211267.0,572,Euphorbia seguieriana,348221-1,Euphorbiaceae,Euphorbia,seguieriana,,False,Euphorbia seguieriana
3580477,645,Discoglypremna caloneura,344849-1,Euphorbiaceae,Discoglypremna,caloneura,,False,Discoglypremna caloneura
5211274,524,Euphorbia verrucosa,348671-1,Euphorbiaceae,Euphorbia,verrucosa,,False,Euphorbia brittingeri
5300574,544,Croton tiglium,343631-1,Euphorbiaceae,Croton,tiglium,,False,Croton tiglium
3818514.0,467,Eupomatia laurina,72995-1,Eupomatiaceae,Eupomatia,laurina,,True,Eupomatia laurina
15080751.0,469,Eupomatia laurina,72995-1,Eupomatiaceae,Eupomatia,laurina,,True,Eupomatia laurina
4303210.0,227,Euptelea polyandra,554480-1,Eupteleaceae,Euptelea,polyandra,,False,Euptelea polyandra
4302689.0,228,Euptelea polyandra,554480-1,Eupteleaceae,Euptelea,polyandra,,False,Euptelea polyandra
5911541.0,371,Lotus corniculatus,30179739-2,Fabaceae,Lotus,corniculatus,,False,Lotus corniculatus
9084796.0,366,Senna alexandrina,518323-1,Fabaceae,Senna,alexandrina,,True,Senna alexandrina
4301671.0,389,Wisteria floribunda,525791-1,Fabaceae,Wisteria,floribunda,,False,Wisteria floribunda
4618287.0,412,Albizia julibrissin var. julibrissin,77208306-1,Fabaceae,Albizia,julibrissin,julibrissin,False,Albizia julibrissin var. julibrissin
8155437.0,326,Crotalaria balbi,487846-1,Fabaceae,Crotalaria,balbi,,False,Crotalaria balbi
3580568.0,454,Plagiosiphon emarginatus,515176-1,Fabaceae,Plagiosiphon,emarginatus,,False,Plagiosiphon emarginatus
4302791.0,501,Wisteria brachybotrys,268990-2,Fabaceae,Wisteria,brachybotrys,,False,Wisteria brachybotrys
9812947.0,345,Pueraria montana var. lobata,967441-1,Fabaceae,Pueraria,montana,lobata,False,Pueraria montana lobata
4301411.0,336,Maackia amurensis var. amurensis,77190406-1,Fabaceae,Maackia,amurensis,amurensis,False,Maackia amurensis subsp. buergeri
5895367.0,391,Albizia procera,473360-1,Fabaceae,Albizia,procera,,False,Albizia procera
4302424.0,501,Wisteria brachybotrys,268990-2,Fabaceae,Wisteria,brachybotrys,,False,Wisteria brachybotrys
9084797.0,366,Senna alexandrina,518323-1,Fabaceae,Senna,alexandrina,,True,Senna alexandrina
15057467.0,451,Coursetia axillaris,67295-2,Fabaceae,Coursetia,axillaris,,False,Coursetia axillaris
10556302.0,358,Zapoteca portoricensis subsp. flavida,955479-1,Fabaceae,Zapoteca,portoricensis,flavida,False,Calliandra alba
10578481.0,492,Dermatophyllum secundiflorum,77116898-1,Fabaceae,Dermatophyllum,secundiflorum,,False,Sophora secundiflora
4934248.0,497,Hymenostegia bakeriana,498844-1,Fabaceae,Hymenostegia,bakeriana,,False,Hymenostegia bakeriana
4302501.0,322,Maackia amurensis var. amurensis,77190406-1,Fabaceae,Maackia,amurensis,amurensis,False,Maackia amurensis subsp. buergeri
4303252.0,385,Wisteria floribunda,525791-1,Fabaceae,Wisteria,floribunda,,False,Wisteria floribunda
9813426.0,285,Strophostyles helvola,30145530-2,Fabaceae,Strophostyles,helvola,,False,Strophostyles helvola
4301945.0,327,Ormocarpum cochinchinense,510616-1,Fabaceae,Ormocarpum,cochinchinense,,False,Ormocarpum cochinchinense
5895377.0,279,Senna polyphylla,234621-2,Fabaceae,Senna,polyphylla,,False,Senna polyphylla
4934021.0,504,Hymenostegia bakeriana,498844-1,Fabaceae,Hymenostegia,bakeriana,,False,Hymenostegia bakeriana
15057637.0,309,Eysenhardtia texana,494732-1,Fabaceae,Eysenhardtia,texana,,False,Eysenhardtia texana
6259157.0,525,Vachellia gerrardi,77089274-1,Fabaceae,Vachellia,gerrardi,,False,Vachellia gerrardii
5895701.0,471,Cojoba arborea,62882-2,Fabaceae,Cojoba,arborea,,False,Cojoba arborea
9813005.0,294,Amphicarpaea bracteata,11520-2,Fabaceae,Amphicarpaea,bracteata,,False,Amphicarpaea bracteata
6786028.0,454,Vachellia nilotica,77089275-1,Fabaceae,Vachellia,nilotica,,False,Vachellia nilotica
5895583.0,249,Pterocarpus indicus,516487-1,Fabaceae,Pterocarpus,indicus,,True,Pterocarpus indicus
6541683.0,404,Vicia tetrasperma,60016556-3,Fabaceae,Vicia,tetrasperma,,True,Vicia tetrasperma
15057636.0,451,Coursetia axillaris,67295-2,Fabaceae,Coursetia,axillaris,,False,Coursetia axillaris
4617961.0,342,Sophora tomentosa,518954-1,Fabaceae,Sophora,tomentosa,,False,Sophora tomentosa
4617805.0,477,Wisteriopsis japonica,77198989-1,Fabaceae,Wisteriopsis,japonica,,False,Wisteria japonica
14517469.0,437,Indigofera bungeana,499085-1,Fabaceae,Indigofera,bungeana,,False,Indigofera pseudotinctoria
4287787.0,394,Albizia julibrissin var. julibrissin,77208306-1,Fabaceae,Albizia,julibrissin,julibrissin,False,Albizia julibrissin var. julibrissin
3580632.0,473,Gilbertiodendron sp.,22485-1,Fabaceae,Gilbertiodendron,,,False,Gilbertiodendron sp.
4934236.0,443,Angylocalyx oligophyllus,474099-1,Fabaceae,Angylocalyx,oligophyllus,,False,Angylocalyx oligophyllus
6288651.0,464,Piptadeniastrum africanum,514467-1,Fabaceae,Piptadeniastrum,africanum,,False,Piptadeniastrum africanum
6786006.0,538,Vachellia tortilis,77087190-1,Fabaceae,Vachellia,tortilis,,False,Vachellia tortilis
14517456.0,343,Lespedeza cyrtobotrya,502433-1,Fabaceae,Lespedeza,cyrtobotrya,,False,Lespedeza cyrtobotrya
9812914.0,221,Galega officinalis,495681-1,Fabaceae,Galega,officinalis,,False,Galega officinalis
4934073.0,474,Baphia sp.,21775-1,Fabaceae,Baphia,,,False,Baphia sp.
5211301.0,246,Genista anglica,495881-1,Fabaceae,Genista,anglica,,False,Genista anglica
5211304.0,258,Genista germanica,496060-1,Fabaceae,Genista,germanica,,True,Genista germanica
10556305.0,365,Zapoteca portoricensis subsp. flavida,955479-1,Fabaceae,Zapoteca,portoricensis,flavida,False,Calliandra alba
8261268.0,427,Dialium platysepalum,492347-1,Fabaceae,Dialium,platysepalum,,False,Dialium wallichii
5895685.0,330,Lonchocarpus heptaphyllus,502971-1,Fabaceae,Lonchocarpus,heptaphyllus,,False,Lonchocarpus heptaphyllus
6541794.0,339,Lespedeza cuneata,502431-1,Fabaceae,Lespedeza,cuneata,,False,Lespedeza cuneata
14795899.0,458,Cenostigma gaumeri,77158075-1,Fabaceae,Cenostigma,gaumeri,,False,Caesalpinia gaumeri
15080543.0,427,Mimosa pudica,313242-2,Fabaceae,Mimosa,pudica,,False,Mimosa pudica
5895461.0,453,Adenanthera pavonina,317691-2,Fabaceae,Adenanthera,pavonina,,False,Adenanthera pavonina
4934327.0,495,Newtonia duparquetiana,509668-1,Fabaceae,Newtonia,duparquetiana,,False,Newtonia duparquetiana
5211296.0,253,Genista anglica,495881-1,Fabaceae,Genista,anglica,,False,Genista anglica
3580583.0,420,Pentaclethra macrophylla,513038-1,Fabaceae,Pentaclethra,macrophylla,,False,Pentaclethra macrophylla
6143872.0,448,Adenanthera pavonina,317691-2,Fabaceae,Adenanthera,pavonina,,False,Adenanthera pavonina
11887145.0,218,Mimosa ramulosa,313237-2,Fabaceae,Mimosa,ramulosa,,False,Mimosa ramulosa
12002115.0,423,Cynometra commersoniana,489387-1,Fabaceae,Cynometra,commersoniana,,False,Cynometra commersoniana
11827313.0,284,Onobrychis viciifolia,510168-1,Fabaceae,Onobrychis,viciifolia,,False,Onobrychis viciifolia
3580581.0,426,Dialium sp.,22238-1,Fabaceae,Dialium,,,False,Dialium sp.
9813429.0,301,Astragalus canadensis,24595-2,Fabaceae,Astragalus,canadensis,,False,Astragalus canadensis
6574551.0,250,Amphicarpaea bracteata,11520-2,Fabaceae,Amphicarpaea,bracteata,,False,Amphicarpaea bracteata
9994436.0,335,Vigna mungo,525443-1,Fabaceae,Vigna,mungo,,False,Vigna mungo
10556285.0,359,Sophora mollis subsp. griffithii,885819-1,Fabaceae,Sophora,mollis,griffithii,False,Sophora griffthii
4303193.0,436,Cladrastis shikokiana,1158617-2,Fabaceae,Cladrastis,shikokiana,,False,Cladrastis sikokiana
6288721.0,456,Tessmannia africana,521082-1,Fabaceae,Tessmannia,africana,,False,Tessmannia africana
5895396.0,415,Pithecellobium unguis-cati,515137-1,Fabaceae,Pithecellobium,unguis-cati,,False,Pithecellobium unguis-cati
6541731.0,396,Vicia tetrasperma,60016556-3,Fabaceae,Vicia,tetrasperma,,True,Vicia tetrasperma
10556281.0,359,Sophora mollis subsp. griffithii,885819-1,Fabaceae,Sophora,mollis,griffithii,False,Sophora griffthii
9813401.0,257,Strophostyles helvola,30145530-2,Fabaceae,Strophostyles,helvola,,False,Strophostyles helvola
6188717.0,527,Vachellia etbaica,77131706-1,Fabaceae,Vachellia,etbaica,,False,Vachellia etbaica
6757289.0,349,Chamaecrista grantii,485828-1,Fabaceae,Chamaecrista,grantii,,False,Chamaecrista grantii
3604337.0,453,Archidendron grandiflorum,910035-1,Fabaceae,Archidendron,grandiflorum,,False,Archidendron grandiflorum
9813309.0,355,Pueraria montana,516708-1,Fabaceae,Pueraria,montana,,False,Pueraria montana
18052675.0,492,Copaifera canime,64898-2,Fabaceae,Copaifera,canime,,False,Copaifera canime
4302066.0,410,Cladrastis shikokiana,1158617-2,Fabaceae,Cladrastis,shikokiana,,False,Cladrastis sikokiana
8268325.0,460,Prioria alternifolia,1011108-1,Fabaceae,Prioria,alternifolia,,False,Kingiodendron alternifolium
7088111.0,272,Stylosanthes fruticosa,519669-1,Fabaceae,Stylosanthes,fruticosa,,False,Stylosanthes fruticosa
8301134.0,281,Ormosia calavensis,510675-1,Fabaceae,Ormosia,calavensis,,False,Ormosia calavensis
6288673.0,456,Aphanocalyx cynometroides,474855-1,Fabaceae,Aphanocalyx,cynometroides,,False,Aphanocalyx cynometroides
4934343.0,489,Talbotiella eketensis,520164-1,Fabaceae,Talbotiella,eketensis,,False,Talbotiella eketensis
17045201.0,497,Swartzia robiniifolia,520009-1,Fabaceae,Swartzia,robiniifolia,,False,Swartzia robiniifolia
7088221.0,369,Tephrosia emeroides,520545-1,Fabaceae,Tephrosia,emeroides,,False,Tephrosia emeroides
9812791.0,405,Glycyrrhiza lepidota,60466049-2,Fabaceae,Glycyrrhiza,lepidota,,False,Glycyrrhiza lepidota
9813428.0,334,Astragalus canadensis,24595-2,Fabaceae,Astragalus,canadensis,,False,Astragalus canadensis
18514514.0,438,Erythrostemon yucatanensis,77158107-1,Fabaceae,Erythrostemon,yucatanensis,,False,Erythrostemon yucatanensis
9598487.0,363,Indigofera bogdanii,499052-1,Fabaceae,Indigofera,bogdanii,,False,Indigofera bogdanii
6288516.0,341,Pterocarpus soyauxii,516581-1,Fabaceae,Pterocarpus,soyauxii,,False,Pterocarpus soyauxii
13383685.0,350,Vicia lens,524872-1,Fabaceae,Vicia,lens,,False,Lens culinaris
15080709.0,411,Senna pleurocarpa,948360-1,Fabaceae,Senna,pleurocarpa,,False,Senna pleurocarpa
13383676.0,347,Vicia lens,524872-1,Fabaceae,Vicia,lens,,False,Lens culinaris
9813433.0,393,Desmodium rotundifolium,78561-2,Fabaceae,Desmodium,rotundifolium,,True,Desmodium rotundifolium
4617884.0,317,Sophora tomentosa,518954-1,Fabaceae,Sophora,tomentosa,,False,Sophora tomentosa
6786048.0,466,Vachellia etbaica,77131706-1,Fabaceae,Vachellia,etbaica,,False,Vachellia etbaica
11827312.0,447,Trifolium repens,523626-1,Fabaceae,Trifolium,repens,,False,Trifolium repens
14517480.0,350,Lespedeza buergeri,502422-1,Fabaceae,Lespedeza,buergeri,,False,Lespedeza buergeri
6541801.0,396,Vicia caroliniana,524628-1,Fabaceae,Vicia,caroliniana,,False,Vicia caroliniana
15057471.0,339,Dendrolobium umbellatum,491250-1,Fabaceae,Dendrolobium,umbellatum,,False,Dendrolobium umbellatum
15080707.0,384,Caesalpinia pulcherrima,1164658-2,Fabaceae,Caesalpinia,pulcherrima,,False,Caesalpinia pulcherrima
6786005.0,538,Vachellia tortilis,77087190-1,Fabaceae,Vachellia,tortilis,,False,Vachellia tortilis
6259214.0,329,Vigna membranacea,525430-1,Fabaceae,Vigna,membranacea,,False,Vigna membranacea
7088244.0,393,Tephrosia emeroides,520545-1,Fabaceae,Tephrosia,emeroides,,False,Tephrosia emeroides
4287788.0,288,Pueraria montana var. lobata,967441-1,Fabaceae,Pueraria,montana,lobata,False,Pueraria lobata
4618348.0,350,Lespedeza homoloba,502481-1,Fabaceae,Lespedeza,homoloba,,False,Lespedeza homoloba
7088241.0,435,Indigofera ambelacensis,498939-1,Fabaceae,Indigofera,ambelacensis,,False,Indigofera ambelacensis
10578512.0,371,Albizia lebbeck,99109-3,Fabaceae,Albizia,lebbeck,,False,Albizia lebbeck
11827292.0,410,Trifolium pratense,523575-1,Fabaceae,Trifolium,pratense,,False,Trifolium pratense
9084814.0,384,Senna italica,518341-1,Fabaceae,Senna,italica,,False,Senna italica
11827294.0,268,Medicago sativa,30234961-2,Fabaceae,Medicago,sativa,,False,Medicago sativa
6786032.0,441,Vachellia gerrardi,77089274-1,Fabaceae,Vachellia,gerrardi,,False,Vachellia gerrardii
8155449.0,305,Crotalaria vallicola,489028-1,Fabaceae,Crotalaria,vallicola,,False,Crotalaria vallicola
9812793.0,409,Glycyrrhiza lepidota,60466049-2,Fabaceae,Glycyrrhiza,lepidota,,False,Glycyrrhiza lepidota
9813258.0,292,Vigna unguiculata,1127257-2,Fabaceae,Vigna,unguiculata,,False,Vigna unguiculata
4301942.0,338,Ormocarpum cochinchinense,510616-1,Fabaceae,Ormocarpum,cochinchinense,,False,Ormocarpum cochinchinense
6188732.0,469,Senegalia brevispica,60453638-2,Fabaceae,Senegalia,brevispica,,False,Senegalia brevispica
6143962.0,389,Mucuna pruriens,509275-1,Fabaceae,Mucuna,pruriens,,False,Mucuna pruriens
9235865.0,578,Vigna unguiculata,1127257-2,Fabaceae,Vigna,unguiculata,,False,Vigna unguiculata L.
9598485.0,381,Indigofera bogdanii,499052-1,Fabaceae,Indigofera,bogdanii,,False,Indigofera bogdanii
9813406.0,309,Pueraria montana,516708-1,Fabaceae,Pueraria,montana,,False,Pueraria montana
7088200.0,325,Neonotonia wightii,509547-1,Fabaceae,Neonotonia,wightii,,False,Glycine wightii
6188759.0,400,Rhynchosia malacophylla,517369-1,Fabaceae,Rhynchosia,malacophylla,,False,Rhynchosia malacophylla
7088229.0,447,Senegalia mellifera,60453641-2,Fabaceae,Senegalia,mellifera,,False,Senegalia mellifera
8099251.0,300,Indigofera hochstetteri,499463-1,Fabaceae,Indigofera,hochstetteri,,False,Indigofera hochstetteri
6188797.0,343,Crotalaria incana,316245-2,Fabaceae,Crotalaria,incana,,False,Crotalaria incana
4301909.0,357,Mucuna macrocarpa,509234-1,Fabaceae,Mucuna,macrocarpa,,False,Mucuna macrocarpa
9084804.0,363,Senna auriculata,518328-1,Fabaceae,Senna,auriculata,,False,Senna auriculata
15080905.0,509,Hymenaea verrucosa,498815-1,Fabaceae,Hymenaea,verrucosa,,False,Hymenaea verrucosa
9084806.0,364,Senna auriculata,518328-1,Fabaceae,Senna,auriculata,,False,Senna auriculata
8099250.0,316,Indigofera hochstetteri,499463-1,Fabaceae,Indigofera,hochstetteri,,False,Indigofera hochstetteri
6757250.0,423,Senegalia mellifera,60453641-2,Fabaceae,Senegalia,mellifera,,False,Senegalia mellifera
6288710.0,486,Prioria balsamifera,1011101-1,Fabaceae,Prioria,balsamifera,,False,Prioria balsamifera
3851981.0,377,Castanospermum australe,960752-1,Fabaceae,Castanospermum,australe,,False,Castanospermum australe
3852034.0,468,Archidendron grandiflorum,910035-1,Fabaceae,Archidendron,grandiflorum,,False,Archidendron grandiflorum
8155442.0,262,Indigofera volkensii,500181-1,Fabaceae,Indigofera,volkensii,,False,Indigofera volkensii
3580573.0,459,Hymenostegia floribunda,498851-1,Fabaceae,Hymenostegia,floribunda,,False,Hymenostegia floribunda
4596650.0,500,Vachellia leucophloea,77132539-1,Fabaceae,Vachellia,leucophloea,,False,Acacia leucophloea
9994434.0,289,Cyamopsis tetragonoloba,489242-1,Fabaceae,Cyamopsis,tetragonoloba,,False,Cyamopsis tetragonoloba
9084807.0,362,Senna uniflora,234687-2,Fabaceae,Senna,uniflora,,False,Senna uniflora
11827298.0,448,Trifolium repens,523626-1,Fabaceae,Trifolium,repens,,False,Trifolium repens
15080651.0,282,Rivasgodaya nervosa,517610-1,Fabaceae,Rivasgodaya,nervosa,,False,Teline nervosa
9084810.0,341,Senna tora,518369-1,Fabaceae,Senna,tora,,False,Senna tora
8155024.0,342,Indigofera schimperi,499959-1,Fabaceae,Indigofera,schimperi,,False,Indigofera schimperi
3818372.0,468,Archidendron vaillantii,475110-1,Fabaceae,Archidendron,vaillantii,,False,Archidendron vaillantii
6259867.0,295,Indigofera volkensii,500181-1,Fabaceae,Indigofera,volkensii,,False,Indigofera volkensii
5211257.0,437,Trifolium dubium,523099-1,Fabaceae,Trifolium,dubium,,False,Trifolium dubium
4618038.0,379,Guilandina bonduc,114706-2,Fabaceae,Guilandina,bonduc,,False,Caesalpinia bonduc
6259147.0,328,Crotalaria incana,316245-2,Fabaceae,Crotalaria,incana,,False,Crotalaria incana
9084809.0,362,Senna uniflora,234687-2,Fabaceae,Senna,uniflora,,False,Senna uniflora
6574505.0,436,Hylodesmum nudiflorum,1014619-1,Fabaceae,Hylodesmum,nudiflorum,,False,Desmodium nudiflorum
3580500.0,476,Gilbertiodendron diphyllum,77118152-1,Fabaceae,Gilbertiodendron,diphyllum,,False,Pellegriniodendron diphyllum
6188760.0,400,Rhynchosia malacophylla,517369-1,Fabaceae,Rhynchosia,malacophylla,,False,Rhynchosia malacophylla
9567963.0,387,Aeschynomene rudis,472933-1,Fabaceae,Aeschynomene,rudis,,False,Aeschynomene rudis
4933984.0,409,Dialium pachyphyllum,492343-1,Fabaceae,Dialium,pachyphyllum,,False,Dialium pachyphyllum
9597828,214,Pterolobium stellatum,516643-1,Fabaceae,Pterolobium,stellatum,,False,Pterolobium stellatum
11887153.0,457,Enterolobium contortisiliquum,1032130-2,Fabaceae,Enterolobium,contortisiliquum,,False,Enterolobium contortisiliquum
4618988,343,Lespedeza cyrtobotrya,502433-1,Fabaceae,Lespedeza,cyrtobotrya,,False,Lespedeza cyrtobotrya
11827305,485,Trifolium pratense,523575-1,Fabaceae,Trifolium,pratense,,False,Trifolium pratense
6288595,359,Anthonotha macrophylla,474593-1,Fabaceae,Anthonotha,macrophylla,,False,Anthonotha macrophylla
9084798,364,Senna italica,518341-1,Fabaceae,Senna,italica,,False,Senna italica
5895488,495,Vachellia tortuosa,60441241-2,Fabaceae,Vachellia,tortuosa,,False,Vachellia tortuosa
6786027,465,Vachellia drepanolobium,77089271-1,Fabaceae,Vachellia,drepanolobium,,False,Vachellia drepanolobium
15080706,273,Lupinus arboreus,504137-1,Fabaceae,Lupinus,arboreus,,False,Lupinus arboreus
4934308,498,Gilbertiodendron demonstrans,496536-1,Fabaceae,Gilbertiodendron,demonstrans,,False,Gilbertiodendron demonstrans
15080885,466,Brownea macrophylla,482431-1,Fabaceae,Brownea,macrophylla,,False,Brownea macrophylla
6143892,457,Clitoria ternatea,486606-1,Fabaceae,Clitoria,ternatea,,False,Clitoria ternatea
6757292,363,Chamaecrista grantii,485828-1,Fabaceae,Chamaecrista,grantii,,False,Chamaecrista grantii
15080837,245,Retama monosperma,517085-1,Fabaceae,Retama,monosperma,,False,Retama monosperma
15080564,489,Saraca cauliflora,517887-1,Fabaceae,Saraca,cauliflora,,False,Saraca thaipingensis
6288668,468,Erythrophleum suaveolens,494641-1,Fabaceae,Erythrophleum,suaveolens,,False,Erythrophleum suaveolens
4301550,328,Pongamia pinnata,515679-1,Fabaceae,Pongamia,pinnata,,False,Pongamia pinnata
7088083,429,Indigofera ambelacensis,498939-1,Fabaceae,Indigofera,ambelacensis,,False,Indigofera ambelacensis
6143889,478,Albizia lebbeck,99109-3,Fabaceae,Albizia,lebbeck,,False,Albizia lebbeck
3580524,334,Gabonius ngouniensis,77133636-1,Fabaceae,Gabonius,ngouniensis,,False,Hymenostegia ngouniensis
9813262,393,Desmodium rotundifolium,78561-2,Fabaceae,Desmodium,rotundifolium,,True,Desmodium rotundifolium
6143923,360,Pongamia pinnata,515679-1,Fabaceae,Pongamia,pinnata,,False,Pongamia pinnata
8268330,448,Cynometra mariettae,77199250-1,Fabaceae,Cynometra,mariettae,,False,Maniltoa mariettae
7088159,366,Indigofera circinella,499145-1,Fabaceae,Indigofera,circinella,,False,Indigofera circinella
4303232,438,Indigofera bungeana,499085-1,Fabaceae,Indigofera,bungeana,,False,Indigofera pseudotinctoria
4933965,257,Afzelia bella,473049-1,Fabaceae,Afzelia,bella,,False,Afzelia bella
3580570,462,Berlinia sp.,331396-2,Fabaceae,Berlinia,,,False,Berlinia sp.
3604332,274,Canavalia papuana,483701-1,Fabaceae,Canavalia,papuana,,False,Canavalia papuana
5895528,394,Libidibia coriaria,1010207-2,Fabaceae,Libidibia,coriaria,,False,Libidibia coriaria
9084803,376,Senna spectabilis,234663-2,Fabaceae,Senna,spectabilis,,False,Senna spectabilis
15057647.0,350,Styphnolobium affine,519718-1,Fabaceae,Styphnolobium,affine,,False,Sophora affinis
5895523.0,402,Piscidia carthagenensis,316422-2,Fabaceae,Piscidia,carthagenensis,,False,Piscidia carthagenensis
6143942.0,413,Caesalpinia pulcherrima,1164658-2,Fabaceae,Caesalpinia,pulcherrima,,False,Caesalpinia pulcherrima
14795897.0,463,Lysiloma latisiliquum,1065371-2,Fabaceae,Lysiloma,latisiliquum,,False,Lysiloma latisiliquum
8261210.0,492,Archidendron jiringa,475066-1,Fabaceae,Archidendron,jiringa,,False,Archidendron jiringa
6259216.0,329,Vigna membranacea,525430-1,Fabaceae,Vigna,membranacea,,False,Vigna membranacea
6541765.0,344,Desmodium paniculatum,491980-1,Fabaceae,Desmodium,paniculatum,,False,Desmodium paniculatum
3580662.0,332,Angylocalyx sp.,21662-1,Fabaceae,Angylocalyx,,,False,Angylocalyx sp.
6288618.0,342,Millettia duchesnei,507348-1,Fabaceae,Millettia,duchesnei,,False,Millettia duchesnei
10578475.0,494,Gleditsia triacanthos,110723-2,Fabaceae,Gleditsia,triacanthos,,False,Gleditsia tricanthos
15061756.0,343,Abrus sp.,21549-1,Fabaceae,Abrus,,,False,Abrus sp.
6786013.0,387,Tephrosia reptans,520862-1,Fabaceae,Tephrosia,reptans,,False,Tephrosia reptans
6786029.0,479,Vachellia nilotica,77089275-1,Fabaceae,Vachellia,nilotica,,False,Vachellia nilotica
9813403.0,266,Galega officinalis,495681-1,Fabaceae,Galega,officinalis,,False,Galega officinalis
5211205.0,498,Ononis spinosa subsp. procurrens,77252049-1,Fabaceae,Ononis,spinosa,procurrens,False,Ononis repens
3232627.0,500,Trifolium aureum,522892-1,Fabaceae,Trifolium,aureum,,True,Trifolium aureum
6786023,500,Vachellia drepanolobium,77089271-1,Fabaceae,Vachellia,drepanolobium,,False,Vachellia drepanolobium
3580497,459,Hymenostegia floribunda,498851-1,Fabaceae,Hymenostegia,floribunda,,False,Hymenostegia floribunda
3580499.0,459,Hymenostegia klainei,498854-1,Fabaceae,Hymenostegia,klainei,,False,Hymenostegia klainii
8297639,423,Saraca declinata,517891-1,Fabaceae,Saraca,declinata,,False,Saraca declinata
4934210.0,574,Baphia laurifolia,480876-1,Fabaceae,Baphia,laurifolia,,False,Baphia laurifolia
6288605.0,433,Tessmannia anomala,521083-1,Fabaceae,Tessmannia,anomala,,False,Tessmannia anomala
11827296.0,294,Lotus corniculatus,30179739-2,Fabaceae,Lotus,corniculatus,,False,Lotus corniculatus
10927909,434,Gliricidia sepium,496639-1,Fabaceae,Gliricidia,sepium,,False,Gliricidia sepium
4618458.0,353,Mucuna gigantea,509198-1,Fabaceae,Mucuna,gigantea,,False,Mucuna gigantea
6188733.0,469,Senegalia brevispica,60453638-2,Fabaceae,Senegalia,brevispica,,False,Senegalia brevispica
7088131.0,325,Neonotonia wightii,509547-1,Fabaceae,Neonotonia,wightii,,False,Glycine wightii
7088181.0,354,Indigofera circinella,499145-1,Fabaceae,Indigofera,circinella,,False,Indigofera circinella
6288630.0,453,Baikiaea insignis,480795-1,Fabaceae,Baikiaea,insignis,,False,Baikiaea insignis
6785994,518,Vachellia seyal,77089276-1,Fabaceae,Vachellia,seyal,,False,Vachellia seyal
9084811,341,Senna tora,518369-1,Fabaceae,Senna,tora,,False,Senna tora
3232521,451,Medicago sativa,30234961-2,Fabaceae,Medicago,sativa,,False,Medicago sativa
5895549,505,Leucaena leucocephala,138955-2,Fabaceae,Leucaena,leucocephala,,False,Leucaena leucocephala
5911381,367,Hylodesmum glutinosum,1135798-2,Fabaceae,Hylodesmum,glutinosum,,False,Hylodesmum glutinosum
11887139,518,Vachellia caven,60441202-2,Fabaceae,Vachellia,caven,,False,Vachellia caven
6288688,468,Erythrophleum suaveolens,494641-1,Fabaceae,Erythrophleum,suaveolens,,False,Erythrophleum suaveolens
4934364,485,Berlinia auriculata,481829-1,Fabaceae,Berlinia,auriculata,,False,Berlinia auriculata
8155416,361,Tephrosia polyphylla,520826-1,Fabaceae,Tephrosia,polyphylla,,False,Tephrosia polyphylla
6188845,375,Crotalaria laburnifolia,488337-1,Fabaceae,Crotalaria,laburnifolia,,False,Crotalaria laburnifolia
3818370,480,Acacia celsa,1013194-1,Fabaceae,Acacia,celsa,,False,Acacia celsa
6188844,375,Crotalaria laburnifolia,488337-1,Fabaceae,Crotalaria,laburnifolia,,False,Crotalaria laburnifolia
3580605,523,Baphia sp.,21775-1,Fabaceae,Baphia,,,False,Baphia sp.
5895550,458,Neltuma pallida,77303755-1,Fabaceae,Neltuma,pallida,,False,Prosopis pallida
3580492,442,Sindoropsis letestui,518616-1,Fabaceae,Sindoropsis,letestui,,False,Sindoropsis letestui
3852024,442,Acacia celsa,1013194-1,Fabaceae,Acacia,celsa,,False,Acacia celsa
15080668,419,Hardenbergia violacea,497362-1,Fabaceae,Hardenbergia,violacea,,False,Hardenbergia violacea
9597827,212,Pterolobium stellatum,516643-1,Fabaceae,Pterolobium,stellatum,,False,Pterolobium stellatum
11887154.0,494,Parapiptadenia rigida,183015-2,Fabaceae,Parapiptadenia,rigida,,False,Parapiptadenia rigida
9598478.0,518,Vachellia xanthophloea,77087191-1,Fabaceae,Vachellia,xanthophloea,,False,Vachellia xanthophloea
9994439.0,642,Lablab purpureus subsp. purpureus,77172986-1,Fabaceae,Lablab,purpureus,purpureus,False,Dolichos lablab
4618664.0,475,Gleditsia japonica,496595-1,Fabaceae,Gleditsia,japonica,,True,Gleditsia japonica
5211226.0,459,Trifolium striatum,523751-1,Fabaceae,Trifolium,striatum,,False,Trifolium striatum
4933956,498,Gilbertiodendron demonstrans,496536-1,Fabaceae,Gilbertiodendron,demonstrans,,False,Gilbertiodendron demonstrans
4934246.0,493,Newtonia duparquetiana,509668-1,Fabaceae,Newtonia,duparquetiana,,False,Newtonia duparquetiana
5895384.0,434,Delonix regia,491231-1,Fabaceae,Delonix,regia,,False,Delonix regia
6288604.0,456,Tessmannia africana,521082-1,Fabaceae,Tessmannia,africana,,False,Tessmannia africana
11887146,410,Mimosa magentea,324277-2,Fabaceae,Mimosa,magentea,,False,Mimosa magentea
10286877,349,Parapiptadenia rigida,183015-2,Fabaceae,Parapiptadenia,rigida,,False,Parapiptadenia rigida
6288705.0,444,Paramacrolobium coeruleum,512107-1,Fabaceae,Paramacrolobium,coeruleum,,False,Paramacrolobium coeruleum
4301643,350,Lespedeza buergeri,502422-1,Fabaceae,Lespedeza,buergeri,,False,Lespedeza buergeri
4617480,475,Wisteriopsis japonica,77198989-1,Fabaceae,Wisteriopsis,japonica,,False,Wisteria japonica
15080678,373,Lotus arinagensis,986994-1,Fabaceae,Lotus,arinagensis,,False,Lotus arinagensis
6288674,395,Baikiaea insignis,480795-1,Fabaceae,Baikiaea,insignis,,False,Baikiaea insignis
4302118,349,Lespedeza homoloba,502481-1,Fabaceae,Lespedeza,homoloba,,False,Lespedeza homoloba
18052544,486,Swartzia simplex,520020-1,Fabaceae,Swartzia,simplex,,False,Swartzia simplex
6288707,468,Pentaclethra macrophylla,513038-1,Fabaceae,Pentaclethra,macrophylla,,False,Pentaclethra macrophylla
6288676,343,Baphia pubescens,480908-1,Fabaceae,Baphia,pubescens,,False,Baphia acuminata
15080802,438,Inga feuillei,128507-2,Fabaceae,Inga,feuillei,,False,Inga feuillei
4934223,523,Calpocalyx dinklagei,483449-1,Fabaceae,Calpocalyx,dinklagei,,False,Calpocalyx dinklagei
4934292,510,Hymenostegia sp.,22642-1,Fabaceae,Hymenostegia,,,False,Hymenostegia sp.
6288636,457,Prioria oxyphylla,1011107-1,Fabaceae,Prioria,oxyphylla,,False,Prioria oxyphylla
9994441,568,Vigna unguiculata subsp. sesquipedalis,77251411-1,Fabaceae,Vigna,unguiculata,sesquipedalis,False,Vigna unguiculata subsp. sesquipedalis
8335953,393,Dialium platysepalum,492347-1,Fabaceae,Dialium,platysepalum,,False,Dialium maingayi
9994432,630,Lablab purpureus,501411-1,Fabaceae,Lablab,purpureus,,False,Lablab purpureus
4934220,497,Berlinia hollandii,481853-1,Fabaceae,Berlinia,hollandii,,False,Berlinia hollandii
3580665,436,Englerodendron sp.,22367-1,Fabaceae,Englerodendron,,,False,Isomacrolobium sp.
5303909,475,Tephrosia purpurea,520851-1,Fabaceae,Tephrosia,purpurea,,False,Tephrosia purpuria
9994435.0,346,Glycine max,60450240-2,Fabaceae,Glycine,max,,False,Glycine max
9077867,412,Ticanto crista,77303539-1,Fabaceae,Ticanto,crista,,False,Caesalpinia crista
6188863,363,Chamaecrista mimosoides,54606-2,Fabaceae,Chamaecrista,mimosoides,,False,Chamaecrista mimosoides
15080625,340,Strongylodon macrobotrys,519595-1,Fabaceae,Strongylodon,macrobotrys,,False,Strongylodon macrobotrys
9597797,293,Vachellia reficiens,77131772-1,Fabaceae,Vachellia,reficiens,,False,Vachellia reficiens
9748945,417,Mimosa xanthocentra var. mansii,967327-1,Fabaceae,Mimosa,xanthocentra,mansii,False,Mimosa xanthocentra var. mansii
9598538,357,Crotalaria brevidens,487901-1,Fabaceae,Crotalaria,brevidens,,False,Crotalaria brevidens
7088190,463,Vachellia seyal,77089276-1,Fabaceae,Vachellia,seyal,,False,Vachellia seyal
4933960,535,Angylocalyx pynaertii,474100-1,Fabaceae,Angylocalyx,pynaertii,,False,Angylocalyx pynaertii
15080701.0,369,Acacia beckleri,469819-1,Fabaceae,Acacia,beckleri,,False,Acacia beckleri
4934189.0,257,Afzelia bella,473049-1,Fabaceae,Afzelia,bella,,False,Afzelia bella
3580659.0,245,Dialium sp.,22238-1,Fabaceae,Dialium,,,False,Dialium sp. 2
5211214.0,459,Trifolium striatum,523751-1,Fabaceae,Trifolium,striatum,,False,Trifolium striatum
4934465.0,493,Erythrophleum ivorense,494650-1,Fabaceae,Erythrophleum,ivorense,,False,Erythrophleum ivorense
8296621.0,333,Inocarpus fagifer,500944-1,Fabaceae,Inocarpus,fagifer,,False,Inocarpus fagifer
9598479.0,518,Vachellia xanthophloea,77087191-1,Fabaceae,Vachellia,xanthophloea,,False,Vachellia xanthophloea
5303901.0,325,Senna occidentalis,1117728-2,Fabaceae,Senna,occidentalis,,False,Cassia occidentalis
4934397.0,497,Berlinia hollandii,481853-1,Fabaceae,Berlinia,hollandii,,False,Berlinia hollandii
5895674.0,431,Poitea punicea,969720-1,Fabaceae,Poitea,punicea,,False,Poitea punicea
5895627.0,334,Lonchocarpus sericeus,143380-2,Fabaceae,Lonchocarpus,sericeus,,False,Lonchocarpus sericeus
6541744.0,446,Hylodesmum nudiflorum,1014619-1,Fabaceae,Hylodesmum,nudiflorum,,False,Desmodium nudiflorum
11827314.0,287,Onobrychis viciifolia,510168-1,Fabaceae,Onobrychis,viciifolia,,False,Onobrychis viciifolia
5901589.0,394,Tamarindus indica,520167-1,Fabaceae,Tamarindus,indica,,False,Tamarindus indica
4934137.0,439,Calpocalyx dinklagei,483449-1,Fabaceae,Calpocalyx,dinklagei,,False,Calpocalyx dinklagei
3818341.0,377,Castanospermum australe,960752-1,Fabaceae,Castanospermum,australe,,False,Castanospermum australe
4934013.0,392,Dialium pachyphyllum,492343-1,Fabaceae,Dialium,pachyphyllum,,False,Dialium pachyphyllum
6288527.0,458,Tetrapleura tetraptera,521134-1,Fabaceae,Tetrapleura,tetraptera,,False,Tetrapleura tetraptera
5895390,467,Parasenegalia muricata,77175800-1,Fabaceae,Parasenegalia,muricata,,False,Senegalia muricata
18052545.0,479,Swartzia simplex,520020-1,Fabaceae,Swartzia,simplex,,False,Swartzia simplex
6288644,419,Tessmannia anomala,521083-1,Fabaceae,Tessmannia,anomala,,False,Tessmannia anomala
7088065,271,Stylosanthes fruticosa,519669-1,Fabaceae,Stylosanthes,fruticosa,,False,Stylosanthes fruticosa
15079792,357,Astragalus alpinus,24418-2,Fabaceae,Astragalus,alpinus,,True,Astragalus alpinus
6632239,417,Vicia americana,524512-1,Fabaceae,Vicia,americana,,False,Vicia americana
3232427,344,Desmodium canadense,1051889-2,Fabaceae,Desmodium,canadense,,False,Desmodium canadense
6288518,344,Millettia dubia,507347-1,Fabaceae,Millettia,dubia,,False,Millettia dubia
4303085,359,Biancaea decapetala,481887-1,Fabaceae,Biancaea,decapetala,,False,Caesalpinia decapetala var. japonica
3580593,419,Guibourtia ehie,497154-1,Fabaceae,Guibourtia,ehie,,False,Guibourtia ehie
18514733,283,Piscidia piscipula,199978-2,Fabaceae,Piscidia,piscipula,,False,Piscidia piscipula
8099269,322,Crotalaria spinosa,488890-1,Fabaceae,Crotalaria,spinosa,,False,Crotalaria spinosa
6288670,460,Albizia gummifera,473259-1,Fabaceae,Albizia,gummifera,,False,Albizia gummifera
5303898,357,Senna septemtrionalis,234652-2,Fabaceae,Senna,septemtrionalis,,False,Cassia levigata
3580532,222,Plagiosiphon emarginatus,515176-1,Fabaceae,Plagiosiphon,emarginatus,,False,Plagiosiphon emarginatus
5895370,334,Lonchocarpus glaucifolius,143278-2,Fabaceae,Lonchocarpus,glaucifolius,,False,Lonchocarpus glaucifolius
15057572,461,Myrospermum sousanum,166480-2,Fabaceae,Myrospermum,sousanum,,False,Myrospermum sousanum
4617406,478,Gleditsia japonica,496595-1,Fabaceae,Gleditsia,japonica,,True,Gleditsia japonica
15080704.0,487,Kennedia beckxiana,501175-1,Fabaceae,Kennedia,beckxiana,,False,Kennedia beckxiana
4934272.0,493,Anthonotha fragrans,474603-1,Fabaceae,Anthonotha,fragrans,,False,Anthonotha fragrans
9994433.0,435,Cajanus cajan,1152177-2,Fabaceae,Cajanus,cajan,,False,Cajanus cajan
6786014,387,Tephrosia reptans,520862-1,Fabaceae,Tephrosia,reptans,,False,Tephrosia reptans
4934320,496,Erythrophleum ivorense,494650-1,Fabaceae,Erythrophleum,ivorense,,False,Erythrophleum ivorense
4617886,412,Biancaea decapetala,481887-1,Fabaceae,Biancaea,decapetala,,False,Caesalpinia decapetala var. japonica
6288624,470,Parkia bicolor,512183-1,Fabaceae,Parkia,bicolor,,False,Parkia bicolor
3580582,398,Dialium polyanthum,492350-1,Fabaceae,Dialium,polyanthum,,False,Dialium corbisieri
18052681,367,Pentaclethra macroloba,188076-2,Fabaceae,Pentaclethra,macroloba,,False,Pentaclethra macroloba
10563053,599,Bauhinia variegata,481756-1,Fabaceae,Bauhinia,variegata,,False,Bauhinia variegata
4934393,497,Hymenostegia sp.,22642-1,Fabaceae,Hymenostegia,,,False,Hymenostegia sp.
5303897,392,Senna alata,1192167-2,Fabaceae,Senna,alata,,False,Cassia alata
9598537,357,Crotalaria brevidens,487901-1,Fabaceae,Crotalaria,brevidens,,False,Crotalaria brevidens
3580580,380,Dialium tessmannii,492361-1,Fabaceae,Dialium,tessmannii,,False,Dialium tessmannii
5211207.0,430,Vicia sepium,525130-1,Fabaceae,Vicia,sepium,,False,Vicia sepium
3232428.0,368,Hylodesmum glutinosum,1135798-2,Fabaceae,Hylodesmum,glutinosum,,False,Desmodium glutinosum
9084802.0,376,Senna spectabilis,234663-2,Fabaceae,Senna,spectabilis,,False,Senna spectabilis
8099231,273,Tephrosia pumila,520848-1,Fabaceae,Tephrosia,pumila,,False,Tephrosia pumila
5895386.0,418,Pithecellobium dulce,1003508-2,Fabaceae,Pithecellobium,dulce,,False,Pithecellobium dulce
9748905.0,431,Clitoria falcata,486511-1,Fabaceae,Clitoria,falcata,,True,Clitoria falcata
14795900.0,497,Erythrostemon yucatanensis,77158107-1,Fabaceae,Erythrostemon,yucatanensis,,False,Caesalpinia yucatanensis
10578474.0,493,Gleditsia triacanthos,110723-2,Fabaceae,Gleditsia,triacanthos,,False,Gleditsia tricanthos
5895618.0,364,Zapoteca portoricensis,943976-1,Fabaceae,Zapoteca,portoricensis,,False,Zapoteca portoricensis
3580533.0,408,Copaifera religiosa,487039-1,Fabaceae,Copaifera,religiosa,,False,Copaifera religiosa
3232645,431,Vicia sativa,525117-1,Fabaceae,Vicia,sativa,,False,Vicia sativa
9994437.0,300,Arachis hypogaea,318562-2,Fabaceae,Arachis,hypogaea,,False,Arachis hypogaea
9994438.0,342,Vigna trilobata,525549-1,Fabaceae,Vigna,trilobata,,False,Vigna trilobata
6288603.0,363,Baphia capparidifolia,480839-1,Fabaceae,Baphia,capparidifolia,,False,Baphia capparidifolia
10563052.0,599,Bauhinia variegata,481756-1,Fabaceae,Bauhinia,variegata,,False,Bauhinia variegata
3232644.0,422,Vicia cracca,30263827-2,Fabaceae,Vicia,cracca,,False,Vicia cracca
5895405.0,401,Haematoxylum campechianum,316401-2,Fabaceae,Haematoxylum,campechianum,,False,Haematoxylum campechianum
9748938.0,443,Mimosa carajarum,77336744-1,Fabaceae,Mimosa,carajarum,,False,Mimosa skinneri var. carajarum
15061747.0,438,Delonix regia,491231-1,Fabaceae,Delonix,regia,,False,Delonix regia
5895480.0,470,Anadenanthera peregrina,12268-2,Fabaceae,Anadenanthera,peregrina,,False,Anadenanthera peregrina
5895707.0,405,Libidibia monosperma,77158082-1,Fabaceae,Libidibia,monosperma,,False,Stahlia monosperma
4934328.0,433,Anthonotha macrophylla,474593-1,Fabaceae,Anthonotha,macrophylla,,False,Anthonotha macrophylla
4934472.0,501,Anthonotha lamprophylla,474608-1,Fabaceae,Anthonotha,lamprophylla,,False,Anthonotha lamprophylla
15057559.0,321,Senna roemeriana,234641-2,Fabaceae,Senna,roemeriana,,False,Senna roemeriana
6541783.0,355,Lespedeza procumbens,502551-1,Fabaceae,Lespedeza,procumbens,,False,Lespedeza procumbens
3580633.0,361,Anthonotha sp.,30048105-2,Fabaceae,Anthonotha,,,False,Anthonotha sp.
5895383,351,Pictetia aculeata,514323-1,Fabaceae,Pictetia,aculeata,,False,Pictetia aculeata
4934363.0,460,Angylocalyx oligophyllus,474099-1,Fabaceae,Angylocalyx,oligophyllus,,False,Angylocalyx oligophyllus
3232520,310,Medicago lupulina,506268-1,Fabaceae,Medicago,lupulina,,False,Medicago lupulina
9597795.0,280,Vachellia reficiens,77131772-1,Fabaceae,Vachellia,reficiens,,False,Vachellia reficiens
3580496.0,400,Bikinia letestui,1011135-1,Fabaceae,Bikinia,letestui,,False,Bikinia letestui
8099232.0,304,Tephrosia pumila,520848-1,Fabaceae,Tephrosia,pumila,,False,Tephrosia pumila
8268242.0,287,Cynometra cauliflora,489381-1,Fabaceae,Cynometra,cauliflora,,False,Cynometra cauliflora
15080749.0,402,Senna fruticosa,234475-2,Fabaceae,Senna,fruticosa,,False,Senna fruticosa
4934087.0,575,Baphia laurifolia,480876-1,Fabaceae,Baphia,laurifolia,,False,Baphia laurifolia
9748870.0,478,Mimosa acutistipula,507597-1,Fabaceae,Mimosa,acutistipula,,False,Mimosa acutistipula
6288627,243,Aphanocalyx cynometroides,474855-1,Fabaceae,Aphanocalyx,cynometroides,,False,Aphanocalyx cynometroides
3580498.0,459,Hymenostegia klainei,498854-1,Fabaceae,Hymenostegia,klainei,,False,Hymenostegia klainii
5895374.0,346,Senna siamea,911410-1,Fabaceae,Senna,siamea,,False,Senna siamea
9754194.0,412,Ancistrotropis peduncularis,60457232-2,Fabaceae,Ancistrotropis,peduncularis,,False,Ancistrotropis peduncularis
10564242.0,264,Senna artemisioides,947540-1,Fabaceae,Senna,artemisioides,,False,Senna artemisioides
15057632.0,324,Lupinus texensis,279946-2,Fabaceae,Lupinus,texensis,,False,Lupinus texensis
6288514.0,345,Millettia drastica,507345-1,Fabaceae,Millettia,drastica,,False,Millettia drastica
4934449.0,489,Talbotiella korupensis,77105957-1,Fabaceae,Talbotiella,korupensis,,False,Talbotiella korupensis
6288711.0,486,Prioria oxyphylla,1011107-1,Fabaceae,Prioria,oxyphylla,,False,Prioria oxyphylla
6757286.0,322,Crotalaria pycnostachya,488747-1,Fabaceae,Crotalaria,pycnostachya,,False,Crotalaria pycnostachya
13443081.0,508,Cassia fistula,484507-1,Fabaceae,Cassia,fistula,,False,Cassia fistula
15057656.0,471,Parkinsonia aculeata,512242-1,Fabaceae,Parkinsonia,aculeata,,False,Parkinsonia aculeata
6757285.0,202,Crotalaria pycnostachya,488747-1,Fabaceae,Crotalaria,pycnostachya,,False,Crotalaria pycnostachya
8335948.0,448,Sindora beccariana,518586-1,Fabaceae,Sindora,beccariana,,False,Sindora beccariana
6288534.0,473,Prioria balsamifera,1011101-1,Fabaceae,Prioria,balsamifera,,False,Prioria balsamifera
6288716.0,244,Scorodophloeus zenkeri,518161-1,Fabaceae,Scorodophloeus,zenkeri,,False,Scorodophloeus zenkeri
14795901.0,368,Lonchocarpus yucatanensis,143404-2,Fabaceae,Lonchocarpus,yucatanensis,,False,Lonchocarpus yucatanensis
15080946.0,343,Bituminaria bituminosa,908440-1,Fabaceae,Bituminaria,bituminosa,,False,Bituminaria bituminosa
3580631.0,442,Sindoropsis letestui,518616-1,Fabaceae,Sindoropsis,letestui,,False,Sindoropsis letestui
10564238.0,334,Senna artemisioides,947540-1,Fabaceae,Senna,artemisioides,,False,Senna artemisioides
3580523.0,397,Aphanocalyx heitzii,1011125-1,Fabaceae,Aphanocalyx,heitzii,,False,Aphanocalyx heitzii
15057491.0,453,Lysidice rhodostegia,505290-1,Fabaceae,Lysidice,rhodostegia,,False,Lysidice rhodostegia
14795905.0,374,Lonchocarpus yucatanensis,143404-2,Fabaceae,Lonchocarpus,yucatanensis,,False,Lonchocarpus yucatanensis
9235866.0,584,Clitoria ternatea,486606-1,Fabaceae,Clitoria,ternatea,,False,Clitoria ternatea
8268289.0,448,Cynometra plurijuga,77199253-1,Fabaceae,Cynometra,plurijuga,,False,Maniltoa plurijuga
4934153.0,500,Anthonotha lamprophylla,474608-1,Fabaceae,Anthonotha,lamprophylla,,False,Anthonotha lamprophylla
6143899.0,451,Bauhinia purpurea,481605-1,Fabaceae,Bauhinia,purpurea,,True,Bauhinia purpurea
8261259.0,417,Koompassia malaccensis,501264-1,Fabaceae,Koompassia,malaccensis,,False,Koompassia malaccensis
15080609.0,379,Calliandra tergemina,1075112-2,Fabaceae,Calliandra,tergemina,,False,Calliandra tergemina
4934283.0,355,Annea afzelii,77133632-1,Fabaceae,Annea,afzelii,,False,Hymenostegia afzelii
5895434.0,434,Poitea florida,969718-1,Fabaceae,Poitea,florida,,False,Poitea florida
3232576.0,381,Robinia pseudoacacia,30034699-2,Fabaceae,Robinia,pseudoacacia,,False,Robinia pseudoacacia
8296630.0,459,Prioria platycarpa,1011112-1,Fabaceae,Prioria,platycarpa,,False,Kingiodendron platycarpum
4934334.0,535,Angylocalyx pynaertii,474100-1,Fabaceae,Angylocalyx,pynaertii,,False,Angylocalyx pynaertii
3580572.0,334,Gabonius ngouniensis,77133636-1,Fabaceae,Gabonius,ngouniensis,,False,Hymenostegia ngouniensis
3580585.0,464,Parkia bicolor,512183-1,Fabaceae,Parkia,bicolor,,False,Parkia bicolor
8261400.0,448,Sindora velutina,518613-1,Fabaceae,Sindora,velutina,,False,Sindora velutina
8297612.0,422,Saraca declinata,517891-1,Fabaceae,Saraca,declinata,,False,Saraca declinata
14795903.0,489,Lysiloma latisiliquum,1065371-2,Fabaceae,Lysiloma,latisiliquum,,False,Lysiloma latisiliquum
6288678.0,454,Brachystegia laurentii,482226-1,Fabaceae,Brachystegia,laurentii,,False,Brachystegia laurentii
8261229.0,488,Archidendron jiringa,475066-1,Fabaceae,Archidendron,jiringa,,False,Archidendron jiringa
15057688.0,427,Astragalus giganteus,477585-1,Fabaceae,Astragalus,giganteus,,True,Astragalus giganteus
9748879.0,344,Centrosema carajasense,51852-2,Fabaceae,Centrosema,carajasense,,False,Centrosema carajasense
3580571.0,394,Bikinia durandii,1011132-1,Fabaceae,Bikinia,durandii,,False,Bikinia durandii
15057527.0,290,Dalea hallii,490690-1,Fabaceae,Dalea,hallii,,False,Dalea hallii
5211303.0,258,Genista germanica,496060-1,Fabaceae,Genista,germanica,,True,Genista germanica
6143897.0,347,Abrus precatorius,469605-1,Fabaceae,Abrus,precatorius,,False,Abrus precatorius
4934451.0,465,Baphia capparidifolia,480839-1,Fabaceae,Baphia,capparidifolia,,False,Baphia capparidifolia
4617407.0,325,Euchresta japonica,328804-2,Fabaceae,Euchresta,japonica,,False,Euchresta japonica
8335933.0,448,Sindora leiocarpa,518604-1,Fabaceae,Sindora,leiocarpa,,False,Sindora leiocarpa
15080594.0,309,Indigofera australis,499017-1,Fabaceae,Indigofera,australis,,False,Indigofera australis
8155044.0,357,Indigofera arrecta,498996-1,Fabaceae,Indigofera,arrecta,,True,Indigofera arrecta
3923159.0,394,Craspedolobium unijugum,77104846-1,Fabaceae,Craspedolobium,unijugum,,False,Craspedolobium schochii
6541584.0,330,Senna hebecarpa,234488-2,Fabaceae,Senna,hebecarpa,,False,Senna hebecarpa
6143930.0,241,Pterocarpus santalinus,516570-1,Fabaceae,Pterocarpus,santalinus,,True,Pterocarpus santalinus
3852079.0,466,Archidendron ramiflorum,475095-1,Fabaceae,Archidendron,ramiflorum,,False,Archidendron ramiflorum
5303903.0,384,Abrus precatorius,469605-1,Fabaceae,Abrus,precatorius,,False,Abrus precatorius
3580569.0,369,Anthonotha fragrans,474603-1,Fabaceae,Anthonotha,fragrans,,False,Anthonotha fragrans
4934012.0,489,Talbotiella eketensis,520164-1,Fabaceae,Talbotiella,eketensis,,False,Talbotiella eketensis
8155447.0,337,Senna didymobotrya,234467-2,Fabaceae,Senna,didymobotrya,,False,Senna didymobotrya
8155452.0,310,Ormocarpum kirkii,510628-1,Fabaceae,Ormocarpum,kirkii,,False,Ormocarpum kirkii
6143914.0,311,Erythrina variegata,494614-1,Fabaceae,Erythrina,variegata,,False,Erythrina variegata
10578479.0,492,Dermatophyllum secundiflorum,77116898-1,Fabaceae,Dermatophyllum,secundiflorum,,False,Sophora secundiflora
9567965.0,343,Abrus melanospermus,469600-1,Fabaceae,Abrus,melanospermus,,False,Abrus melanospermus
4617547.0,379,Guilandina bonduc,114706-2,Fabaceae,Guilandina,bonduc,,False,Caesalpinia bonduc
5895573.0,491,Cojoba arborea,62882-2,Fabaceae,Cojoba,arborea,,False,Cojoba arborea
8155025.0,342,Indigofera schimperi,499959-1,Fabaceae,Indigofera,schimperi,,False,Indigofera schimperi
8155413.0,299,Leobordea platycarpa,77110628-1,Fabaceae,Leobordea,platycarpa,,False,Lotononis platycarpos
5182575.0,324,Wisteria sinensis,60459148-2,Fabaceae,Wisteria,sinensis,,False,Wisteria sinensis
8261190.0,369,Fordia splendidissima,945357-1,Fabaceae,Fordia,splendidissima,,False,Fordia splendidissima
3580584.0,395,Newtonia leucocarpa,509677-1,Fabaceae,Newtonia,leucocarpa,,False,Newtonia leucocarpa
15061733.0,517,Entada leptostachya,493850-1,Fabaceae,Entada,leptostachya,,False,Entada leptostachya
4618942.0,280,Erythrina variegata,494614-1,Fabaceae,Erythrina,variegata,,False,Erythrina variegata
5895617.0,452,Vachellia macracantha,60441223-2,Fabaceae,Vachellia,macracantha,,False,Vachellia macracantha
14517419.0,325,Euchresta japonica,328804-2,Fabaceae,Euchresta,japonica,,False,Euchresta japonica
8155053.0,389,Medicago laciniata,506247-1,Fabaceae,Medicago,laciniata,,False,Medicago laciniata
4303025.0,511,Castanopsis sieboldii var. lutchuensis,953898-1,Fagaceae,Castanopsis,sieboldii,lutchuensis,False,Castanopsis sieboldii subsp. lutchuensis
4617687.0,508,Quercus dentata,927479-1,Fagaceae,Quercus,dentata,,True,Quercus dentata
4619065.0,461,Fagus crenata,295581-1,Fagaceae,Fagus,crenata,,False,Fagus crenata
4618328.0,514,Castanea crenata,30319741-2,Fagaceae,Castanea,crenata,,False,Castanea crenata
4302963.0,498,Quercus miyagii,359861-1,Fagaceae,Quercus,miyagii,,False,Quercus miyagii
4617798.0,507,Quercus serrata,60444831-2,Fagaceae,Quercus,serrata,,True,Quercus serrata
12218077.0,541,Quercus infectoria,296305-1,Fagaceae,Quercus,infectoria,,False,Quercus infectoria
4302099.0,508,Quercus serrata,60444831-2,Fagaceae,Quercus,serrata,,True,Quercus serrata
4617569.0,508,Quercus mongolica,50874074-1,Fagaceae,Quercus,mongolica,,False,Quercus mongolica
4618647.0,452,Fagus crenata,295581-1,Fagaceae,Fagus,crenata,,False,Fagus crenata
12218072.0,540,Quercus petraea,359961-1,Fagaceae,Quercus,petraea,,False,Quercus petraea
12218074.0,540,Quercus infectoria,296305-1,Fagaceae,Quercus,infectoria,,False,Quercus infectoria
4618793.0,511,Castanopsis cuspidata,358351-1,Fagaceae,Castanopsis,cuspidata,,False,Castanopsis cuspidata
14517441.0,503,Castanea crenata,30319741-2,Fagaceae,Castanea,crenata,,False,Castanea crenata
3923042.0,511,Castanopsis ceratacantha,358335-1,Fagaceae,Castanopsis,ceratacantha,,False,Castanopsis ceratacantha
5911392.0,412,Fagus grandifolia,295597-1,Fagaceae,Fagus,grandifolia,,False,Fagus grandifolia
3923040.0,505,Castanopsis carlesii,358333-1,Fagaceae,Castanopsis,carlesii,,False,Castanopsis carlesii
12218103.0,531,Quercus cerris,295941-1,Fagaceae,Quercus,cerris,,True,Quercus cerris
3923078.0,520,Castanopsis rockii,358442-1,Fagaceae,Castanopsis,rockii,,False,Castanopsis rockii
4617756.0,487,Quercus salicina,296716-1,Fagaceae,Quercus,salicina,,False,Quercus salicina
4618136.0,509,Lithocarpus glaber,358769-1,Fagaceae,Lithocarpus,glaber,,False,Lithocarpus glaber
12218109.0,532,Quercus ithaburensis,296316-1,Fagaceae,Quercus,ithaburensis,,False,Quercus ithaburensis
14517363.0,464,Quercus acuta,927476-1,Fagaceae,Quercus,acuta,,True,Quercus acuta
4618728.0,470,Quercus acuta,927476-1,Fagaceae,Quercus,acuta,,True,Quercus acuta
3923080.0,504,Castanopsis rockii,358442-1,Fagaceae,Castanopsis,rockii,,False,Castanopsis rockii
4619122.0,506,Quercus phillyreoides,296588-1,Fagaceae,Quercus,phillyreoides,,False,Quercus phillyreoides
4303269.0,506,Quercus phillyreoides,296588-1,Fagaceae,Quercus,phillyreoides,,False,Quercus phillyreoides
4301667.0,473,Quercus glauca,927477-1,Fagaceae,Quercus,glauca,,False,Quercus glauca var. glauca
14517342.0,511,Castanopsis cuspidata,358351-1,Fagaceae,Castanopsis,cuspidata,,False,Castanopsis cuspidata
5911343.0,528,Quercus ellipsoidalis,215810-2,Fagaceae,Quercus,ellipsoidalis,,False,Quercus ellipsoidalis
5911348.0,529,Quercus velutina,296899-1,Fagaceae,Quercus,velutina,,True,Quercus velutina
4302876.0,492,Quercus sessilifolia,296745-1,Fagaceae,Quercus,sessilifolia,,False,Quercus sessilifolia
8335985.0,495,Lithocarpus caudatifolius,358669-1,Fagaceae,Lithocarpus,caudatifolius,,False,Lithocarpus caudatifolius
3923346.0,391,Fagus engleriana,295590-1,Fagaceae,Fagus,engleriana,,False,Fagus engleriana
12218094.0,525,Quercus coccifera,295963-1,Fagaceae,Quercus,coccifera,,False,Quercus coccifera
3923351.0,392,Fagus hayatae,358589-1,Fagaceae,Fagus,hayatae,,False,Fagus hayatae
5911335.0,416,Fagus grandifolia,295597-1,Fagaceae,Fagus,grandifolia,,False,Fagus grandifolia
4618630.0,377,Quercus myrsinifolia,296481-1,Fagaceae,Quercus,myrsinifolia,,False,Quercus myrsinifolia
4618345.0,471,Quercus sessilifolia,296745-1,Fagaceae,Quercus,sessilifolia,,False,Quercus sessilifolia
4618006.0,485,Quercus glauca,927477-1,Fagaceae,Quercus,glauca,,False,Quercus glauca var. glauca
12218115.0,531,Quercus look,296407-1,Fagaceae,Quercus,look,,False,Quercus look
4303084.0,458,Quercus myrsinifolia,296481-1,Fagaceae,Quercus,myrsinifolia,,False,Quercus myrsinifolia
4618533.0,511,Lithocarpus glaber,358769-1,Fagaceae,Lithocarpus,glaber,,False,Lithocarpus glaber
4619010.0,476,Quercus salicina,296716-1,Fagaceae,Quercus,salicina,,False,Quercus salicina
12218095.0,525,Quercus coccifera,295963-1,Fagaceae,Quercus,coccifera,,False,Quercus coccifera
3923062.0,511,Castanopsis lamontii,295401-1,Fagaceae,Castanopsis,lamontii,,False,Castanopsis lamontii
3923075.0,511,Castanopsis remotidenticulata,358438-1,Fagaceae,Castanopsis,remotidenticulata,,False,Castanopsis remotidenticulata
12218108.0,532,Quercus cerris,295941-1,Fagaceae,Quercus,cerris,,True,Quercus cerris
3923348.0,389,Fagus engleriana,295590-1,Fagaceae,Fagus,engleriana,,False,Fagus engleriana
3923356.0,390,Fagus sinensis,295630-1,Fagaceae,Fagus,sinensis,,False,Fagus longipetiolata
4618497.0,374,Quercus gilva,296186-1,Fagaceae,Quercus,gilva,,False,Quercus gilva
12218084.0,540,Quercus kotschyana,359766-1,Fagaceae,Quercus,kotschyana,,False,Quercus kotschyana
4619176.0,486,Quercus gilva,296186-1,Fagaceae,Quercus,gilva,,False,Quercus gilva
3232565.0,529,Quercus macrocarpa,30014114-2,Fagaceae,Quercus,macrocarpa,,True,Quercus macrocarpa
3923047.0,511,Castanopsis chunii,928332-1,Fagaceae,Castanopsis,chunii,,False,Castanopsis chunii
4301327.0,508,Quercus acutissima,295743-1,Fagaceae,Quercus,acutissima,,False,Quercus acutissima
3923044.0,511,Castanopsis ceratacantha,358335-1,Fagaceae,Castanopsis,ceratacantha,,False,Castanopsis ceratacantha
4618952.0,460,Fagus japonica,295601-1,Fagaceae,Fagus,japonica,,False,Fagus japonica
4618207.0,473,Quercus aliena,295765-1,Fagaceae,Quercus,aliena,,True,Quercus aliena
4617561.0,481,Lithocarpus edulis,358737-1,Fagaceae,Lithocarpus,edulis,,False,Lithocarpus edulis
4618518.0,462,Fagus japonica,295601-1,Fagaceae,Fagus,japonica,,False,Fagus japonica
4618924.0,508,Quercus dentata,927479-1,Fagaceae,Quercus,dentata,,True,Quercus dentata
5911421.0,529,Quercus ellipsoidalis,215810-2,Fagaceae,Quercus,ellipsoidalis,,False,Quercus ellipsoidalis
4619013.0,508,Quercus aliena,295765-1,Fagaceae,Quercus,aliena,,True,Quercus aliena
4618088.0,468,Quercus hondae,296263-1,Fagaceae,Quercus,hondae,,False,Quercus hondae
12218121.0,531,Quercus look,296407-1,Fagaceae,Quercus,look,,False,Quercus look
4618422.0,519,Quercus variabilis,296890-1,Fagaceae,Quercus,variabilis,,False,Quercus variabilis
12218112.0,532,Quercus ithaburensis,296316-1,Fagaceae,Quercus,ithaburensis,,False,Quercus ithaburensis
3923072.0,511,Castanopsis platyacantha,358431-1,Fagaceae,Castanopsis,platyacantha,,False,Castanopsis platyacantha
12218083.0,540,Quercus kotschyana,359766-1,Fagaceae,Quercus,kotschyana,,False,Quercus kotschyana
4302272.0,519,Quercus acutissima,295743-1,Fagaceae,Quercus,acutissima,,False,Quercus acutissima
8261228.0,499,Lithocarpus coopertus,358695-1,Fagaceae,Lithocarpus,coopertus,,False,Lithocarpus coopertus
4619149.0,458,Quercus hondae,296263-1,Fagaceae,Quercus,hondae,,False,Quercus hondae
3923360.0,391,Fagus lucida,358593-1,Fagaceae,Fagus,lucida,,False,Fagus lucida
3232943.0,530,Quercus rubra,296701-1,Fagaceae,Quercus,rubra,,False,Quercus rubra
3923074.0,532,Castanopsis platyacantha,358431-1,Fagaceae,Castanopsis,platyacantha,,False,Castanopsis platyacantha
3923056.0,505,Castanopsis fargesii,295392-1,Fagaceae,Castanopsis,fargesii,,False,Castanopsis fargesii
3923037.0,512,Castanopsis carlesii,358333-1,Fagaceae,Castanopsis,carlesii,,False,Castanopsis carlesii
4303001.0,511,Castanopsis sieboldii var. lutchuensis,953898-1,Fagaceae,Castanopsis,sieboldii,lutchuensis,False,Castanopsis sieboldii subsp. lutchuensis
5911645.0,495,Quercus rubra,296701-1,Fagaceae,Quercus,rubra,,False,Quercus rubra
3923058.0,511,Castanopsis fissa,358361-1,Fagaceae,Castanopsis,fissa,,False,Castanopsis fissa
3923060.0,495,Castanopsis fissa,358361-1,Fagaceae,Castanopsis,fissa,,False,Castanopsis fissa
3923069.0,504,Castanopsis orthacantha,295404-1,Fagaceae,Castanopsis,orthacantha,,False,Castanopsis orthacantha
3923353.0,391,Fagus hayatae,358589-1,Fagaceae,Fagus,hayatae,,False,Fagus hayatae
3923081.0,511,Castanopsis sclerophylla,358447-1,Fagaceae,Castanopsis,sclerophylla,,False,Castanopsis sclerophylla
12218117.0,532,Quercus sp.,325819-2,Fagaceae,Quercus,,,False,Quercus sp.
3923358.0,394,Fagus lucida,358593-1,Fagaceae,Fagus,lucida,,False,Fagus lucida
4303023.0,487,Quercus miyagii,359861-1,Fagaceae,Quercus,miyagii,,False,Quercus miyagii
12218070.0,540,Quercus petraea,359961-1,Fagaceae,Quercus,petraea,,False,Quercus petraea
3923050.0,511,Castanopsis eyrei,295389-1,Fagaceae,Castanopsis,eyrei,,False,Castanopsis eyrei
3923052.0,504,Castanopsis faberi,295390-1,Fagaceae,Castanopsis,faberi,,False,Castanopsis fabri
3923054.0,520,Castanopsis faberi,295390-1,Fagaceae,Castanopsis,faberi,,False,Castanopsis fabri
12218113.0,532,Quercus libani,296386-1,Fagaceae,Quercus,libani,,False,Quercus libani
5911396.0,529,Quercus velutina,296899-1,Fagaceae,Quercus,velutina,,True,Quercus velutina
3923354.0,394,Fagus sinensis,295630-1,Fagaceae,Fagus,sinensis,,False,Fagus longipetiolata
3923035.0,498,Castanopsis argyrophylla,295363-1,Fagaceae,Castanopsis,argyrophylla,,False,Castanopsis argyrophylla
12218114.0,532,Quercus libani,296386-1,Fagaceae,Quercus,libani,,False,Quercus libani
6574560.0,507,Castanea dentata,295320-1,Fagaceae,Castanea,dentata,,False,Castanea dentata
15057549.0,483,Fouquieria splendens,105437-2,Fouquieriaceae,Fouquieria,splendens,,False,Fouquieria splendens
4287706.0,454,Aucuba japonica var. ovoidea,77189780-1,Garryaceae,Aucuba,japonica,ovoidea,False,Aucuba japonica var. ovoidea
4302006.0,443,Aucuba japonica var. japonica,77167616-1,Garryaceae,Aucuba,japonica,japonica,False,Aucuba japonica var. japonica
4302301.0,454,Aucuba japonica var. ovoidea,77189780-1,Garryaceae,Aucuba,japonica,ovoidea,False,Aucuba japonica var. ovoidea
5182558.0,381,Aucuba japonica,271451-1,Garryaceae,Aucuba,japonica,,False,Aucuba japonica
4301854.0,454,Aucuba japonica var. japonica,77167616-1,Garryaceae,Aucuba,japonica,japonica,False,Aucuba japonica var. japonica
4618259.0,454,Aucuba japonica var. borealis,77189628-1,Garryaceae,Aucuba,japonica,borealis,False,Aucuba japonica var. borealis
4619251.0,454,Aucuba japonica var. borealis,77189628-1,Garryaceae,Aucuba,japonica,borealis,False,Aucuba japonica var. borealis
15057546.0,478,Garrya ovata,271798-1,Garryaceae,Garrya,ovata,,False,Garrya ovata
15061728.0,581,Mostuea brunonis,546740-1,Gelsemiaceae,Mostuea,brunonis,,False,Mostuea brunonis
4934281.0,571,Mostuea brunonis,546740-1,Gelsemiaceae,Mostuea,brunonis,,False,Mostuea brunonis
3926085.0,352,Swertia punicea,371053-1,Gentianaceae,Swertia,punicea,,False,Swertia puniceae
3926077.0,370,Swertia franchetiana,370906-1,Gentianaceae,Swertia,franchetiana,,False,Swertia franchetiana
3852023.0,422,Fagraea fagraeacea,546141-1,Gentianaceae,Fagraea,fagraeacea,,False,Fagraea fagraeacea
3926087.0,371,Swertia punicea,371053-1,Gentianaceae,Swertia,punicea,,False,Swertia puniceae
3926078.0,382,Swertia franchetiana,370906-1,Gentianaceae,Swertia,franchetiana,,False,Swertia franchetiana
3926069.0,430,Swertia cincta,370839-1,Gentianaceae,Swertia,cincta,,False,Swertia cincta
3923542.0,380,Halenia elliptica,369465-1,Gentianaceae,Halenia,elliptica,,False,Halenia elliptica
3923548.0,317,Halenia elliptica,369465-1,Gentianaceae,Halenia,elliptica,,False,Halenia elliptica
3232469.0,449,Gentiana andrewsii,367759-1,Gentianaceae,Gentiana,andrewsii,,False,Gentiana andrewsii
3926090.0,403,Swertia tenuis,77222004-1,Gentianaceae,Swertia,tenuis,,False,Swertia tenuis
3926071.0,423,Swertia decora,370865-1,Gentianaceae,Swertia,decora,,False,Swertia decora
6511624.0,418,Obolaria virginica,171349-2,Gentianaceae,Obolaria,virginica,,False,Obolaria virginica
3926068.0,443,Swertia cincta,370839-1,Gentianaceae,Swertia,cincta,,False,Swertia cincta
6143982.0,455,Gentiana kurroo,368382-1,Gentianaceae,Gentiana,kurroo,,False,Gentiana kurroo
3926063.0,380,Swertia bimaculata,370810-1,Gentianaceae,Swertia,bimaculata,,False,Swertia bimaculata
3926093.0,236,Sinoswertia tetraptera,77131143-1,Gentianaceae,Sinoswertia,tetraptera,,False,Swertia tetraptera
6511562.0,418,Obolaria virginica,171349-2,Gentianaceae,Obolaria,virginica,,False,Obolaria virginica
9754196.0,276,Schultesia benthamiana,370580-1,Gentianaceae,Schultesia,benthamiana,,False,Schultesia benthamiana
3926081.0,340,Swertia macrosperma,370972-1,Gentianaceae,Swertia,macrosperma,,False,Swertia macrosperm
3926073.0,423,Swertia decora,370865-1,Gentianaceae,Swertia,decora,,False,Swertia decora
3926076.0,240,Swertia erythrosticta,370895-1,Gentianaceae,Swertia,erythrosticta,,False,Swertia erythrosticata
3926083.0,374,Swertia macrosperma,370972-1,Gentianaceae,Swertia,macrosperma,,False,Swertia macrosperm
15080752.0,279,Exacum affine,367449-1,Gentianaceae,Exacum,affine,,False,Exacum affine
3818332.0,422,Fagraea cambagei,546109-1,Gentianaceae,Fagraea,cambagei,,False,Fagraea cambagei
9754195.0,449,Schultesia benthamiana,370580-1,Gentianaceae,Schultesia,benthamiana,,False,Schultesia benthamiana
9748934.0,454,Chelonanthus purpurascens,1002418-1,Gentianaceae,Chelonanthus,purpurascens,,False,Chelonanthus purpurascens
3580623.0,398,Anthocleista vogelii,545651-1,Gentianaceae,Anthocleista,vogelii,,False,Anthocleista vogelii
3926095.0,411,Swertia yunnanensis,371146-1,Gentianaceae,Swertia,yunnanensis,,False,Swertia yunnanensis
3852008.0,422,Fagraea cambagei,546109-1,Gentianaceae,Fagraea,cambagei,,False,Fagraea cambagei
3926094.0,405,Swertia yunnanensis,371146-1,Gentianaceae,Swertia,yunnanensis,,False,Swertia yunnanensis
3926064.0,380,Swertia bimaculata,370810-1,Gentianaceae,Swertia,bimaculata,,False,Swertia bimaculata
15057691.0,409,Zeltnera texensis,77120285-1,Gentianaceae,Zeltnera,texensis,,False,Zeltnera texensis
15080690.0,376,Geranium reuteri,997881-1,Geraniaceae,Geranium,reuteri,,False,Geranium reuteri
3923535.0,486,Geranium nepalense,373372-1,Geraniaceae,Geranium,nepalense,,False,Geranium nepalense
5211250.0,393,Geranium dissectum,30210528-2,Geraniaceae,Geranium,dissectum,,False,Geranium dissectum
6259849.0,390,Monsonia angustifolia,374492-1,Geraniaceae,Monsonia,angustifolia,,False,Monsonia angustifolia
6259878.0,390,Monsonia angustifolia,374492-1,Geraniaceae,Monsonia,angustifolia,,False,Monsonia angustifolia
6541583.0,524,Geranium maculatum,322491-2,Geraniaceae,Geranium,maculatum,,True,Geranium maculatum
8155033.0,347,Monsonia longipes,374532-1,Geraniaceae,Monsonia,longipes,,False,Monsonia longipes
3232470.0,375,Geranium robertianum,109269-2,Geraniaceae,Geranium,robertianum,,False,Geranium robertianum
5211237.0,367,Erodium cicutarium,372219-1,Geraniaceae,Erodium,cicutarium,,False,Erodium cicutarium
6259243.0,381,Pelargonium quinquelobatum,376844-1,Geraniaceae,Pelargonium,quinquelobatum,,False,Pelargonium quinquelobatum
15080726.0,364,Pelargonium tabulare,377073-1,Geraniaceae,Pelargonium,tabulare,,False,Pelargonium tabulare
5211244.0,375,Geranium robertianum,109269-2,Geraniaceae,Geranium,robertianum,,False,Geranium robertianum
6511601.0,524,Geranium maculatum,322491-2,Geraniaceae,Geranium,maculatum,,True,Geranium maculatum
15057601.0,426,Geranium caespitosum,322499-2,Geraniaceae,Geranium,caespitosum,,True,Geranium caespitosum
6259242.0,381,Pelargonium quinquelobatum,376844-1,Geraniaceae,Pelargonium,quinquelobatum,,False,Pelargonium quinquelobatum
9048244.0,389,Cyrtandra erectiloba,379481-1,Gesneriaceae,Cyrtandra,erectiloba,,False,Cyrtandra erectiloba
5895439.0,324,Gesneria pedunculosa,109716-2,Gesneriaceae,Gesneria,pedunculosa,,False,Gesneria pedunculosa
15057529,393,Lysionotus serratus,381748-1,Gesneriaceae,Lysionotus,serratus,,False,Lysionotus serrata
15080733.0,351,Aeschynanthus obconicus,377811-1,Gesneriaceae,Aeschynanthus,obconicus,,False,Aeschynanthus obconicus
15080545.0,367,Microchirita lavandulacea,77112932-1,Gesneriaceae,Microchirita,lavandulacea,,False,Microchirita lavandulacea
15080671.0,336,Seemannia sylvatica,382733-1,Gesneriaceae,Seemannia,sylvatica,,False,Seemannia sylvatica
15080601.0,351,Aeschynanthus pulcher,377839-1,Gesneriaceae,Aeschynanthus,pulcher,,False,Aeschynanthus pulcher
15080756,323,Sinningia eumorpha,237090-2,Gesneriaceae,Sinningia,eumorpha,,False,Sinningia eumorpha
15080588,327,Kohleria tubiflora,381638-1,Gesneriaceae,Kohleria,tubiflora,,False,Kohleria tubiflora
8155080.0,498,Gisekia pharnaceoides,323294-2,Gisekiaceae,Gisekia,pharnaceoides,,False,Gisekia pharnacioides
3232571.0,432,Ribes alpinum,792549-1,Grossulariaceae,Ribes,alpinum,,True,Ribes alpinum
6541740.0,451,Ribes rotundifolium,792963-1,Grossulariaceae,Ribes,rotundifolium,,False,Ribes rotundifolium
3925834.0,473,Ribes alpestre,792547-1,Grossulariaceae,Ribes,alpestre,,False,Ribes alpestre
4300983.0,414,Ribes maximoviczianum,792836-1,Grossulariaceae,Ribes,maximoviczianum,,False,Ribes maximowiczianum
3925832.0,469,Ribes alpestre,792547-1,Grossulariaceae,Ribes,alpestre,,False,Ribes alpestre
4618570.0,434,Ribes sachalinense,792969-1,Grossulariaceae,Ribes,sachalinense,,False,Ribes sachalinense
3232575.0,432,Ribes rubrum,792965-1,Grossulariaceae,Ribes,rubrum,,False,Ribes rubrum
3232574.0,456,Ribes lacustre,1126612-2,Grossulariaceae,Ribes,lacustre,,False,Ribes lacustre
3232944.0,418,Ribes americanum,792560-1,Grossulariaceae,Ribes,americanum,,False,Ribes americanum
4617701.0,420,Ribes triste,221098-2,Grossulariaceae,Ribes,triste,,False,Ribes triste
3925835.0,452,Ribes glaciale,792701-1,Grossulariaceae,Ribes,glaciale,,False,Ribes glaciale
4301511.0,417,Ribes japonicum,792780-1,Grossulariaceae,Ribes,japonicum,,False,Ribes japonicum
3232572.0,435,Ribes americanum,792560-1,Grossulariaceae,Ribes,americanum,,False,Ribes americanum
3925837.0,452,Ribes himalense,792740-1,Grossulariaceae,Ribes,himalense,,False,Ribes himalense
3925838.0,455,Ribes himalense,792740-1,Grossulariaceae,Ribes,himalense,,False,Ribes himalense
5211231.0,432,Ribes rubrum,792965-1,Grossulariaceae,Ribes,rubrum,,False,Ribes rubrum
3925841.0,445,Ribes orientale,792893-1,Grossulariaceae,Ribes,orientale,,False,Ribes orientale
3232573.0,456,Ribes cynosbati,792648-1,Grossulariaceae,Ribes,cynosbati,,False,Ribes cynosbati
4617949.0,413,Ribes maximoviczianum,792836-1,Grossulariaceae,Ribes,maximoviczianum,,False,Ribes maximowiczianum
4301019.0,431,Corylopsis coreana,430561-1,Hamamelidaceae,Corylopsis,coreana,,False,Corylopsis gotoana var. gotoana
3818564.0,492,Ostrearia australiana,430738-1,Hamamelidaceae,Ostrearia,australiana,,False,Ostrearia australiana
4302698.0,384,Disanthus cercidifolius,430612-1,Hamamelidaceae,Disanthus,cercidifolius,,False,Disanthus cercidifolius
15057671.0,457,Fortunearia sinensis,430654-1,Hamamelidaceae,Fortunearia,sinensis,,False,Fortunearia sinensis
4619258.0,428,Distylium lepidotum,430631-1,Hamamelidaceae,Distylium,lepidotum,,False,Distylium lepidotum
4287768.0,428,Distylium racemosum,430636-1,Hamamelidaceae,Distylium,racemosum,,False,Distylium racemosum
4300908.0,384,Disanthus cercidifolius,430612-1,Hamamelidaceae,Disanthus,cercidifolius,,False,Disanthus cercidifolius
4302665.0,431,Corylopsis coreana,430561-1,Hamamelidaceae,Corylopsis,coreana,,False,Corylopsis gotoana var. gotoana
4301837.0,422,Hamamelis japonica var. bitchuensis,77252550-1,Hamamelidaceae,Hamamelis,japonica,bitchuensis,False,Hamamelis japonica var. bitchuensis
4617668.0,426,Distylium racemosum,430636-1,Hamamelidaceae,Distylium,racemosum,,False,Distylium racemosum
4302135.0,430,Hamamelis japonica var. japonica,77231172-1,Hamamelidaceae,Hamamelis,japonica,japonica,False,Hamamelis japonica var. japonica
4301271.0,423,Hamamelis japonica var. japonica,77231172-1,Hamamelidaceae,Hamamelis,japonica,japonica,False,Hamamelis japonica var. japonica
5911648.0,448,Hamamelis virginiana,430697-1,Hamamelidaceae,Hamamelis,virginiana,,False,Hamamelis virginiana
5911315.0,448,Hamamelis virginiana,430697-1,Hamamelidaceae,Hamamelis,virginiana,,False,Hamamelis virginiana
4618253.0,426,Hamamelis japonica var. bitchuensis,77252550-1,Hamamelidaceae,Hamamelis,japonica,bitchuensis,False,Hamamelis japonica var. bitchuensis
4618290.0,429,Distylium lepidotum,430631-1,Hamamelidaceae,Distylium,lepidotum,,False,Distylium lepidotum
3852100.0,461,Noahdendron nicholasii,906754-1,Hamamelidaceae,Noahdendron,nicholasii,,False,Noahdendron nicholasii
15080579.0,500,Heliconia aurantiaca,77177386-1,Heliconiaceae,Heliconia,aurantiaca,,False,Heliconia aurantiaca
4302553.0,413,Helwingia japonica subsp. japonica,77170532-1,Helwingiaceae,Helwingia,japonica,japonica,False,Helwingia japonica subsp. japonica
4618437.0,413,Helwingia japonica subsp. japonica,77170532-1,Helwingiaceae,Helwingia,japonica,japonica,False,Helwingia japonica subsp. japonica
15080641.0,411,Helwingia chinensis,90833-1,Helwingiaceae,Helwingia,chinensis,,False,Helwingia chinensis
4302987.0,393,Helwingia japonica subsp. liukiuensis,874502-1,Helwingiaceae,Helwingia,japonica,liukiuensis,False,Helwingia japonica subsp. liukiuensis
4303029.0,393,Helwingia japonica subsp. liukiuensis,874502-1,Helwingiaceae,Helwingia,japonica,liukiuensis,False,Helwingia japonica subsp. liukiuensis
4617851.0,379,Hernandia nymphaeifolia,430812-1,Hernandiaceae,Hernandia,nymphaeifolia,,False,Hernandia nymphaeifolia
4617885.0,415,Hernandia nymphaeifolia,430812-1,Hernandiaceae,Hernandia,nymphaeifolia,,False,Hernandia nymphaeifolia
5895502.0,399,Hernandia sonora,316357-2,Hernandiaceae,Hernandia,sonora,,False,Hernandia sonora
9041109.0,422,Galbulimima belgraveana,554484-1,Himantandraceae,Galbulimima,belgraveana,,False,Galbulimima belgraveana
3580508.0,377,Afrostyrax lepidophyllus,826262-1,Huaceae,Afrostyrax,lepidophyllus,,False,Afrostyrax lepidophyllus
6288532.0,374,Hua gabonii,824048-1,Huaceae,Hua,gabonii,,False,Hua gabonii
6288653.0,385,Afrostyrax kamerunensis,826261-1,Huaceae,Afrostyrax,kamerunensis,,False,Afrostyrax kamerunensis
6288694.0,374,Hua gabonii,824048-1,Huaceae,Hua,gabonii,,False,Hua gabonii
3580509.0,377,Afrostyrax lepidophyllus,826262-1,Huaceae,Afrostyrax,lepidophyllus,,False,Afrostyrax lepidophyllus
4617910.0,350,Hydrangea petiolaris,791656-1,Hydrangeaceae,Hydrangea,petiolaris,,False,Hydrangea petiolaris
14517400.0,399,Hydrangea scandens,791678-1,Hydrangeaceae,Hydrangea,scandens,,True,Hydrangea scandens
4302110.0,403,Hydrangea serrata var. serrata,77231899-1,Hydrangeaceae,Hydrangea,serrata,serrata,False,Hydrangea serrata var. serrata
4302505.0,402,Hydrangea paniculata,791653-1,Hydrangeaceae,Hydrangea,paniculata,,True,Hydrangea paniculata
4302662.0,398,Hydrangea serrata var. yesoensis,20003466-1,Hydrangeaceae,Hydrangea,serrata,yesoensis,False,Hydrangea serrata var. yesoensis
4302729.0,404,Hydrangea petiolaris,791656-1,Hydrangeaceae,Hydrangea,petiolaris,,False,Hydrangea petiolaris
4303164.0,403,Hydrangea paniculata,791653-1,Hydrangeaceae,Hydrangea,paniculata,,True,Hydrangea paniculata
4301620.0,403,Hydrangea serrata var. serrata,77231899-1,Hydrangeaceae,Hydrangea,serrata,serrata,False,Hydrangea serrata var. serrata
4617419.0,418,Deutzia crenata,790823-1,Hydrangeaceae,Deutzia,crenata,,False,Deutzia crenata
4618699.0,400,Hydrangea macrophylla,791637-1,Hydrangeaceae,Hydrangea,macrophylla,,False,Hydrangea macrophylla f. normalis
3923714.0,375,Hydrangea anomala,791541-1,Hydrangeaceae,Hydrangea,anomala,,False,Hydrangea anomala
14517310.0,415,Deutzia scabra,790898-1,Hydrangeaceae,Deutzia,scabra,,False,Deutzia scabra var. sieboldiana
15057675.0,421,Hydrangea obtusifolia,77152121-1,Hydrangeaceae,Hydrangea,obtusifolia,,False,Decumaria sinensis
4302649.0,402,Hydrangea hirta,791603-1,Hydrangeaceae,Hydrangea,hirta,,False,Hydrangea hirta
4618123.0,407,Hydrangea sikokiana,986080-1,Hydrangeaceae,Hydrangea,sikokiana,,False,Hydrangea sikokiana
4302843.0,418,Deutzia crenata,790823-1,Hydrangeaceae,Deutzia,crenata,,False,Deutzia crenata
4618624.0,407,Hydrangea sikokiana,986080-1,Hydrangeaceae,Hydrangea,sikokiana,,False,Hydrangea sikokiana
4618769.0,399,Hydrangea hirta,791603-1,Hydrangeaceae,Hydrangea,hirta,,False,Hydrangea hirta
4618353.0,403,Hydrangea serrata var. yesoensis,20003466-1,Hydrangeaceae,Hydrangea,serrata,yesoensis,False,Hydrangea serrata var. yesoensis
4301962.0,439,Deutzia naseana,790876-1,Hydrangeaceae,Deutzia,naseana,,False,Deutzia naseana
15080893.0,434,Hydrangea ampla,77152136-1,Hydrangeaceae,Hydrangea,ampla,,False,Schizophragma integrifolium
4302479.0,407,Hydrangea involucrata var. involucrata,77231476-1,Hydrangeaceae,Hydrangea,involucrata,involucrata,False,Hydrangea involucrata var. involucrata
4303059.0,402,Hydrangea luteovenosa var. luteovenosa,77231183-1,Hydrangeaceae,Hydrangea,luteovenosa,luteovenosa,False,Hydrangea luteovenosa var. luteovenosa
4618775.0,402,Hydrangea scandens,791678-1,Hydrangeaceae,Hydrangea,scandens,,True,Hydrangea scandens
4618429.0,398,Hydrangea platyarguta,77152113-1,Hydrangeaceae,Hydrangea,platyarguta,,False,Platycrater arguta
4618642.0,394,Hydrangea luteovenosa var. luteovenosa,77231183-1,Hydrangeaceae,Hydrangea,luteovenosa,luteovenosa,False,Hydrangea luteovenosa var. luteovenosa
14517344.0,411,Deutzia scabra,790898-1,Hydrangeaceae,Deutzia,scabra,,False,Deutzia scabra var. sieboldiana
5182574.0,352,Hydrangea macrophylla,791637-1,Hydrangeaceae,Hydrangea,macrophylla,,False,Hydrangea macrophylla
15057614.0,416,Hydrangea platyarguta,77152113-1,Hydrangeaceae,Hydrangea,platyarguta,,False,Platycrater arguta
4302674.0,403,Deutzia maximowicziana,790868-1,Hydrangeaceae,Deutzia,maximowicziana,,False,Deutzia maximowicziana
4301205.0,404,Hydrangea involucrata var. involucrata,77231476-1,Hydrangeaceae,Hydrangea,involucrata,involucrata,False,Hydrangea involucrata var. involucrata
3923716.0,374,Hydrangea anomala,791541-1,Hydrangeaceae,Hydrangea,anomala,,False,Hydrangea anomala
3923721.0,375,Hydrangea heteromalla,791600-1,Hydrangeaceae,Hydrangea,heteromalla,,False,Hydrangea heteromalla
15057593.0,429,Hydrangea febrifuga,77152127-1,Hydrangeaceae,Hydrangea,febrifuga,,False,Dichroa febrifuga
4301952.0,402,Hydrangea viburnoides,77152135-1,Hydrangeaceae,Hydrangea,viburnoides,,False,Pileostegia viburnoides
6541739.0,399,Hydrangea arborescens,30010549-2,Hydrangeaceae,Hydrangea,arborescens,,False,Hydrangea arborescens
4301590.0,402,Hydrangea yayeyamensis,791715-1,Hydrangeaceae,Hydrangea,yayeyamensis,,False,Hydrangea chinensis var. yayeyamensis
15080608.0,421,Hydrangea barbara,60470170-2,Hydrangeaceae,Hydrangea,barbara,,False,Decumaria barbara
4617814.0,428,Deutzia maximowicziana,790868-1,Hydrangeaceae,Deutzia,maximowicziana,,False,Deutzia maximowicziana
14517523.0,399,Hydrangea kawagoeana var. grosseserrata,77251698-1,Hydrangeaceae,Hydrangea,kawagoeana,grosseserrata,False,Hydrangea grosseserrata
3923719.0,391,Hydrangea davidii,791576-1,Hydrangeaceae,Hydrangea,davidii,,False,Hydrangea davidii
3923717.0,365,Hydrangea aspera,791547-1,Hydrangeaceae,Hydrangea,aspera,,False,Hydrangea aspera
6541692.0,419,Hydrangea arborescens,30010549-2,Hydrangeaceae,Hydrangea,arborescens,,False,Hydrangea arborescens
3926272.0,334,Vallisneria natans,431989-1,Hydrocharitaceae,Vallisneria,natans,,False,Vallisneria natans
3926275.0,334,Vallisneria natans,431989-1,Hydrocharitaceae,Vallisneria,natans,,False,Vallisneria natans
10563027.0,423,Hypericum oblongifolium,433668-1,Hypericaceae,Hypericum,oblongifolium,,True,Hypericum oblongifolium
8301105.0,370,Cratoxylum sumatranum,433074-1,Hypericaceae,Cratoxylum,sumatranum,,False,Cratoxylum sumatranum
5911685.0,622,Hypericum perforatum,433719-1,Hypericaceae,Hypericum,perforatum,,False,Hypericum perforatum
3923726.0,566,Hypericum przewalskii,433750-1,Hypericaceae,Hypericum,przewalskii,,False,Hypericum przewalskii
3923723.0,564,Hypericum monogynum,433618-1,Hypericaceae,Hypericum,monogynum,,False,Hypericum monogynum
6288581.0,230,Harungana madagascariensis,153822-3,Hypericaceae,Harungana,madagascariensis,,False,Harungana madagascariensis
5211195,643,Hypericum perforatum,433719-1,Hypericaceae,Hypericum,perforatum,,False,Hypericum perforatum
10563028,419,Hypericum oblongifolium,433668-1,Hypericaceae,Hypericum,oblongifolium,,True,Hypericum oblongifolium
3232487.0,599,Hypericum punctatum,30020021-2,Hypericaceae,Hypericum,punctatum,,True,Hypericum punctatum
5211186.0,640,Hypericum hirsutum,433492-1,Hypericaceae,Hypericum,hirsutum,,True,Hypericum hirsutum
6511583.0,606,Hypoxis hirsuta,126636-2,Hypoxidaceae,Hypoxis,hirsuta,,False,Hypoxis hirsuta
6511620.0,606,Hypoxis hirsuta,126636-2,Hypoxidaceae,Hypoxis,hirsuta,,False,Hypoxis hirsuta
3923807.0,577,Iris sanguinea,439065-1,Iridaceae,Iris,sanguinea,,False,Iris sanguinea
3923795.0,576,Iris pseudacorus,438992-1,Iridaceae,Iris,pseudacorus,,False,Iris pseudacorus
3923803.0,583,Iris ruthenica,439055-1,Iridaceae,Iris,ruthenica,,False,Iris ruthenica
15080562.0,598,Ferraria crispa,436953-1,Iridaceae,Ferraria,crispa,,False,Ferraria crispa
3923776.0,589,Iris goniocarpa,438650-1,Iridaceae,Iris,goniocarpa,,False,Iris goniocarpa
3923793.0,582,Iris tigridia var. tigridia,77169102-1,Iridaceae,Iris,tigridia,tigridia,False,Iris pandurata
3923778.0,322,Iris japonica,438741-1,Iridaceae,Iris,japonica,,False,Iris japonica
15080692.0,599,Dietes iridioides,60453852-2,Iridaceae,Dietes,iridioides,,False,Dietes iridioides
3923774.0,577,Iris  germanica,438637-1,Iridaceae,Iris,germanica,,False,Iris germanica
15080793.0,609,Babiana hirsuta,77091747-1,Iridaceae,Babiana,hirsuta,,False,Babiana thunbergii
8155023.0,539,Gladiolus candidus,982802-1,Iridaceae,Gladiolus,candidus,,False,Gladiolus candidus
15080697.0,340,Iris japonica,438741-1,Iridaceae,Iris,japonica,,False,Iris japonica
3923763.0,352,Iris confusa,438505-1,Iridaceae,Iris,confusa,,False,Iris confusa
3923808.0,568,Iris speculatrix,439114-1,Iridaceae,Iris,speculatrix,,False,Iris speculatrix
3923754.0,577,Iris bulleyana,438442-1,Iridaceae,Iris,bulleyana,,False,Iris bulleyana
15080906.0,603,Chasmanthe floribunda,436375-1,Iridaceae,Chasmanthe,floribunda,,False,Chasmanthe floribunda
3232605.0,627,Sisyrinchium montanum,441187-1,Iridaceae,Sisyrinchium,montanum,,False,Sisyrinchium montanum
8155043.0,532,Gladiolus dalenii,437402-1,Iridaceae,Gladiolus,dalenii,,False,Gladiolus dalenii
3923755.0,577,Iris chrysographes,438478-1,Iridaceae,Iris,chrysographes,,False,Iris chrysograghes
15080933.0,597,Trimezia northiana,441656-1,Iridaceae,Trimezia,northiana,,False,Neomarica northiana
3923816.0,575,Iris tenuifolia,439173-1,Iridaceae,Iris,tenuifolia,,False,Iris tenuifolia
3923759.0,578,Iris collettii,438497-1,Iridaceae,Iris,collettii,,False,Iris collettii
3923805.0,577,Iris sanguinea,439065-1,Iridaceae,Iris,sanguinea,,False,Iris sanguinea
15080928.0,609,Babiana rubrocyanea,436128-1,Iridaceae,Babiana,rubrocyanea,,False,Babiana rubrocyanea
15080936.0,605,Aristea platycaulis,436007-1,Iridaceae,Aristea,platycaulis,,False,Aristea platycaulis
3923812.0,583,Iris tectorum,439168-1,Iridaceae,Iris,tectorum,,False,Iris tectorum
6574492.0,622,Sisyrinchium angustifolium,440925-1,Iridaceae,Sisyrinchium,angustifolium,,True,Sisyrinchium angustifolium
3923824.0,581,Iris ventricosa,439228-1,Iridaceae,Iris,ventricosa,,False,Iris ventricosa
3923814.0,583,Iris tectorum,439168-1,Iridaceae,Iris,tectorum,,False,Iris tectorum
3923786.0,569,Iris lactea,438774-1,Iridaceae,Iris,lactea,,False,Iris lactea
3923764.0,581,Iris decora,438535-1,Iridaceae,Iris,decora,,False,Iris decora
3923761.0,352,Iris confusa,438505-1,Iridaceae,Iris,confusa,,False,Iris confusa
3923766.0,577,Iris delavayi,438537-1,Iridaceae,Iris,delavayi,,False,Iris delavayi
3923797.0,576,Iris pseudacorus,438992-1,Iridaceae,Iris,pseudacorus,,False,Iris pseudacorus
3923750.0,577,Iris anguifuga,438352-1,Iridaceae,Iris,anguifuga,,False,Iris anguifuga
3923818.0,602,Iris tigridia,439185-1,Iridaceae,Iris,tigridia,,False,Iris tigridia
3923772.0,577,Iris forrestii,438611-1,Iridaceae,Iris,forrestii,,False,Iris forrestii
3923826.0,322,Iris wattii,439258-1,Iridaceae,Iris,wattii,,False,Iris wattii
6730784.0,611,Sisyrinchium angustifolium,440925-1,Iridaceae,Sisyrinchium,angustifolium,,True,Sisyrinchium angustifolium
3923798.0,583,Iris rossii,439043-1,Iridaceae,Iris,rossii,,False,Iris rossii
3923757.0,577,Iris chrysographes,438478-1,Iridaceae,Iris,chrysographes,,False,Iris chrysograghes
15080575.0,621,Sisyrinchium radicatum,237754-2,Iridaceae,Sisyrinchium,radicatum,,False,Sisyrinchium radicatum
3232960.0,626,Sisyrinchium montanum,441187-1,Iridaceae,Sisyrinchium,montanum,,False,Sisyrinchium montanum
3923751.0,577,Iris bulleyana,438442-1,Iridaceae,Iris,bulleyana,,False,Iris bulleyana
15080554.0,610,Sparaxis villosa,963703-1,Iridaceae,Sparaxis,villosa,,False,Sparaxis villosa
3923800.0,597,Iris ruthenica,439055-1,Iridaceae,Iris,ruthenica,,False,Iris ruthenica
3923791.0,573,Iris loczyi,438801-1,Iridaceae,Iris,loczyi,,False,Iris loczyi
3923820.0,583,Iris uniflora,439219-1,Iridaceae,Iris,uniflora,,False,Iris uniflora
3923784.0,569,Iris lactea,438774-1,Iridaceae,Iris,lactea,,False,Iris lactea
3923768.0,577,Iris dichotoma,438546-1,Iridaceae,Iris,dichotoma,,False,Iris dichotoma
3923770.0,576,Iris ensata,438572-1,Iridaceae,Iris,ensata,,False,Iris ensata
3923789.0,573,Iris loczyi,438801-1,Iridaceae,Iris,loczyi,,False,Iris loczyi
15057689.0,516,Alophia drummondii,9609-2,Iridaceae,Alophia,drummondii,,False,Alophia drummondii
8155042.0,540,Gladiolus dalenii,437402-1,Iridaceae,Gladiolus,dalenii,,False,Gladiolus dalenii
15057564.0,597,Trimezia coerulea,441647-1,Iridaceae,Trimezia,coerulea,,False,Neomarica caerulea
6288578.0,377,Klainedoxa gabonensis,813802-1,Irvingiaceae,Klainedoxa,gabonensis,,False,Klainedoxa gabonensis
4934376.0,402,Irvingia gabonensis,813766-1,Irvingiaceae,Irvingia,gabonensis,,False,Irvingia gabonensis
3580591.0,274,Irvingia gabonensis,813766-1,Irvingiaceae,Irvingia,gabonensis,,False,Irvingia gabonensis
6288622.0,378,Irvingia robur,813783-1,Irvingiaceae,Irvingia,robur,,False,Irvingia robur
4934067,453,Desbordesia glaucescens,813694-1,Irvingiaceae,Desbordesia,glaucescens,,False,Desbordesia glaucescens
6288696.0,378,Irvingia excelsa,813763-1,Irvingiaceae,Irvingia,excelsa,,False,Irvingia excelsa
4934150.0,453,Desbordesia glaucescens,813694-1,Irvingiaceae,Desbordesia,glaucescens,,False,Desbordesia glaucescens
3580551,309,Irvingia robur,813783-1,Irvingiaceae,Irvingia,robur,,False,Irvingia robur
6288515.0,378,Irvingia grandifolia,813768-1,Irvingiaceae,Irvingia,grandifolia,,False,Irvingia grandifolia
8261383.0,379,Irvingia malayana,813775-1,Irvingiaceae,Irvingia,malayana,,False,Irvingia malayana
4303081.0,393,Itea japonica,791735-1,Iteaceae,Itea,japonica,,True,Itea japonica
4617581.0,413,Itea japonica,791735-1,Iteaceae,Itea,japonica,,True,Itea japonica
4302989.0,418,Itea oldhamii,77222133-1,Iteaceae,Itea,oldhamii,,False,Itea oldhamii
4302973.0,418,Itea oldhamii,77222133-1,Iteaceae,Itea,oldhamii,,False,Itea oldhamii
4302085.0,251,Pterocarya rhoifolia,442483-1,Juglandaceae,Pterocarya,rhoifolia,,False,Pterocarya rhoifolia
4617967.0,246,Juglans mandshurica var. sachalinensis,77217232-1,Juglandaceae,Juglans,mandshurica,sachalinensis,False,Juglans mandshurica var. sachalinensis
4301701.0,251,Juglans mandshurica var. sachalinensis,77217232-1,Juglandaceae,Juglans,mandshurica,sachalinensis,False,Juglans mandshurica var. sachalinensis
4302188.0,251,Pterocarya rhoifolia,442483-1,Juglandaceae,Pterocarya,rhoifolia,,False,Pterocarya rhoifolia
23541863.0,274,Juglans regia,442427-1,Juglandaceae,Juglans,regia,,False,Juglans regia
4302037.0,252,Platycarya strobilacea,442460-1,Juglandaceae,Platycarya,strobilacea,,False,Platycarya strobilacea
4618548.0,251,Platycarya strobilacea,442460-1,Juglandaceae,Platycarya,strobilacea,,False,Platycarya strobilacea
3232386.0,269,Carya cordiformis,30187393-2,Juglandaceae,Carya,cordiformis,,False,Carya cordiformis
6632259.0,275,Carya tomentosa,47847-2,Juglandaceae,Carya,tomentosa,,False,Carya alba
3232490.0,269,Juglans cinerea,442334-1,Juglandaceae,Juglans,cinerea,,False,Juglans cinerea
5911600.0,277,Carya cordiformis,30187393-2,Juglandaceae,Carya,cordiformis,,False,Carya cordiformis
5895499.0,269,Juglans jamaicensis,442376-1,Juglandaceae,Juglans,jamaicensis,,False,Juglans jamaicensis
6511567.0,269,Juglans cinerea,442334-1,Juglandaceae,Juglans,cinerea,,False,Juglans cinerea
6575298.0,228,Carya tomentosa,47847-2,Juglandaceae,Carya,tomentosa,,False,Carya tomentosa
3232491.0,269,Juglans nigra,279034-2,Juglandaceae,Juglans,nigra,,False,Juglans nigra
3232986,641,Juncus dudleyi,132109-2,Juncaceae,Juncus,dudleyi,,False,Juncus dudleyi
3232492,630,Juncus dudleyi,132109-2,Juncaceae,Juncus,dudleyi,,False,Juncus dudleyi
9598532,601,Juncus oxycarpus,443305-1,Juncaceae,Juncus,oxycarpus,,False,Juncus oxycarpus
9598529,571,Juncus oxycarpus,443305-1,Juncaceae,Juncus,oxycarpus,,False,Juncus oxycarpus
5911519.0,630,Juncus tenuis,304453-2,Juncaceae,Juncus,tenuis,,False,Juncus tenuis
5911317.0,522,Luzula acuminata,443690-1,Juncaceae,Luzula,acuminata,,False,Luzula acuminata
5911686.0,495,Luzula acuminata,443690-1,Juncaceae,Luzula,acuminata,,False,Luzula acuminata
3232495.0,607,Juncus torreyi,289226-2,Juncaceae,Juncus,torreyi,,False,Juncus torreyi
6188868.0,359,Kewa bowkeriana,77143500-1,Kewaceae,Kewa,bowkeriana,,False,Hypertelis bowkeriana
9598501.0,359,Kewa bowkeriana,77143500-1,Kewaceae,Kewa,bowkeriana,,False,Hypertelis bowkeriana
3923831.0,305,Isodon flabelliformis,915124-1,Lamiaceae,Isodon,flabelliformis,,False,Isodon flabelliformis
6188775.0,307,Leucas martinicensis,941331-1,Lamiaceae,Leucas,martinicensis,,False,Leucas martinicensis
10507243.0,201,Clerodendrum splendens,862410-1,Lamiaceae,Clerodendrum,splendens,,False,Clerodendrum splendens
6757407.0,208,Coleus prostratus,77201172-1,Lamiaceae,Coleus,prostratus,,False,Plectranthus prostratus
3923833.0,233,Isodon lophanthoides,915140-1,Lamiaceae,Isodon,lophanthoides,,False,Isodon lophanthoides
6574562.0,421,Collinsonia canadensis,319148-2,Lamiaceae,Collinsonia,canadensis,,False,Collinsonia canadensis
10507204.0,453,Callicarpa nudiflora,861416-1,Lamiaceae,Callicarpa,nudiflora,,False,Callicarpa reevesii
3923975.0,379,Leucosceptrum canum,449566-1,Lamiaceae,Leucosceptrum,canum,,False,Leucosceptrum canum
5895628.0,292,Cornutia obovata,66224-2,Lamiaceae,Cornutia,obovata,,False,Cornutia obovata
17472456.0,491,Sideritis elica,77325481-1,Lamiaceae,Sideritis,elica,,False,Sideritis elica
6143880.0,443,Tectona grandis,864923-1,Lamiaceae,Tectona,grandis,,False,Tectona grandis
10507246.0,366,Clerodendrum splendens,862410-1,Lamiaceae,Clerodendrum,splendens,,False,Clerodendrum splendens
4617747.0,415,Callicarpa subpubescens,861495-1,Lamiaceae,Callicarpa,subpubescens,,False,Callicarpa subpubescens
5211253.0,307,Lamium purpureum,448939-1,Lamiaceae,Lamium,purpureum,,False,Lamium purpureum
5211239.0,307,Lamium purpureum,448939-1,Lamiaceae,Lamium,purpureum,,False,Lamium purpureum
6632191.0,295,Lamium amplexicaule,448797-1,Lamiaceae,Lamium,amplexicaule,,False,Lamium amplexicaule
4619291.0,415,Callicarpa subpubescens,861495-1,Lamiaceae,Callicarpa,subpubescens,,False,Callicarpa subpubescens
4618243.0,387,Premna microphylla,864334-1,Lamiaceae,Premna,microphylla,,False,Premna microphylla
6757368.0,341,Mentha longifolia,450735-1,Lamiaceae,Mentha,longifolia,,False,Mentha longifolia
6757350.0,366,Ocimum gratissimum,452969-1,Lamiaceae,Ocimum,gratissimum,,True,Ocimum gratissimum
6511602.0,404,Glechoma hederacea,447338-1,Lamiaceae,Glechoma,hederacea,,False,Glechoma hederacea
6188772.0,301,Leucas neuflizeana,50877299-1,Lamiaceae,Leucas,neuflizeana,,False,Leucas neuflizeana
6188790.0,375,Ocimum americanum,316218-2,Lamiaceae,Ocimum,americanum,,False,Ocimum americanum
3818468.0,517,Glossocarya hemiderma,77163842-1,Lamiaceae,Glossocarya,hemiderma,,False,Glossocarya hemiderma
14517611.0,387,Premna microphylla,864334-1,Lamiaceae,Premna,microphylla,,False,Premna microphylla
15061753.0,603,Karomia madagascariensis,945322-1,Lamiaceae,Karomia,madagascariensis,,False,Karomia madagascariensis
5911340.0,383,Galeopsis tetrahit,447136-1,Lamiaceae,Galeopsis,tetrahit,,False,Galeopsis tetrahit
8155440.0,351,Tetradenia riparia,913408-1,Lamiaceae,Tetradenia,riparia,,False,Tetradenia riparia
5901602.0,286,Aegiphila martinicensis,860919-1,Lamiaceae,Aegiphila,martinicensis,,False,Aegiphila martinicensis
6259882.0,338,Coleus barbatus,60454692-2,Lamiaceae,Coleus,barbatus,,False,Plectranthus barbatus
6574525.0,382,Scutellaria serrata,458653-1,Lamiaceae,Scutellaria,serrata,,True,Scutellaria serrata
15080732.0,442,Clerodendrum thomsoniae,862437-1,Lamiaceae,Clerodendrum,thomsoniae,,False,Clerodendrum thomsoniae
17045193.0,393,Ocimum campechianum,452886-1,Lamiaceae,Ocimum,campechianum,,False,Ocimum campechianum
4302356.0,417,Callicarpa mollis,861409-1,Lamiaceae,Callicarpa,mollis,,True,Callicarpa mollis
6757370.0,356,Mentha longifolia,450735-1,Lamiaceae,Mentha,longifolia,,False,Mentha longifolia
4618013.0,412,Callicarpa glabra,861330-1,Lamiaceae,Callicarpa,glabra,,True,Callicarpa glabra
6541608.0,383,Clinopodium vulgare,61206-2,Lamiaceae,Clinopodium,vulgare,,False,Clinopodium vulgare
5911571.0,350,Lycopus uniflorus,449690-1,Lamiaceae,Lycopus,uniflorus,,False,Lycopus uniflorus
6143957.0,382,Mentha spicata subsp. spicata,77171344-1,Lamiaceae,Mentha,spicata,spicata,False,Mentha viridis
5211217.0,323,Ballota nigra,444976-1,Lamiaceae,Ballota,nigra,,False,Ballota nigra
4302221.0,417,Callicarpa japonica,927277-1,Lamiaceae,Callicarpa,japonica,,False,Callicarpa japonica var. luxurians
5373461.0,317,Ocimum basilicum var. basilicum,77233860-1,Lamiaceae,Ocimum,basilicum,basilicum,False,Ocimum basilicum var. purpurascens
15459136.0,450,Nepeta nuda,452615-1,Lamiaceae,Nepeta,nuda,,False,Nepeta nuda
3232980.0,381,Scutellaria lateriflora,458402-1,Lamiaceae,Scutellaria,lateriflora,,False,Scutellaria lateriflora
4302421.0,417,Callicarpa mollis,861409-1,Lamiaceae,Callicarpa,mollis,,True,Callicarpa mollis
6541670.0,369,Monarda clinopodia,452024-1,Lamiaceae,Monarda,clinopodia,,False,Monarda clinopodia
4617899.0,409,Callicarpa parvifolia,861428-1,Lamiaceae,Callicarpa,parvifolia,,True,Callicarpa parvifolia
8099253.0,334,Ocimum americanum,316218-2,Lamiaceae,Ocimum,americanum,,False,Ocimum americanum
11887130.0,615,Vitex megapotamica,265977-2,Lamiaceae,Vitex,megapotamica,,False,Vitex megapotamica
5911405.0,311,Prunella vulgaris,455176-1,Lamiaceae,Prunella,vulgaris,,False,Prunella vulgaris
6730831.0,351,Lycopus virginicus,449692-1,Lamiaceae,Lycopus,virginicus,,False,Lycopus virginicus
6188776.0,307,Leucas martinicensis,941331-1,Lamiaceae,Leucas,martinicensis,,False,Leucas martinicensis
6730858.0,421,Perilla frutescens,190343-2,Lamiaceae,Perilla,frutescens,,False,Perilla frutescens
6574558.0,320,Leonurus cardiaca,449168-1,Lamiaceae,Leonurus,cardiaca,,False,Leonurus cardiaca
5895534.0,402,Volkameria aculeata,866088-1,Lamiaceae,Volkameria,aculeata,,False,Volkameria aculeatum
6073045.0,421,Gmelina asiatica,862929-1,Lamiaceae,Gmelina,asiatica,,False,Gmelina asiatica
6541747.0,319,Perilla frutescens,190343-2,Lamiaceae,Perilla,frutescens,,False,Perilla frutescens
15080687.0,378,Tetradenia riparia,913408-1,Lamiaceae,Tetradenia,riparia,,False,Tetradenia riparia
15057571.0,402,Salvia yangii,77161669-1,Lamiaceae,Salvia,yangii,,False,Salvia yangii
5211241.0,276,Lamium album,448792-1,Lamiaceae,Lamium,album,,True,Lamium album
5211219.0,410,Lycopus europaeus,449641-1,Lamiaceae,Lycopus,europaeus,,True,Lycopus europaeus
6143955.0,422,Anisomeles malabarica,444834-1,Lamiaceae,Anisomeles,malabarica,,False,Anisomeles malabarica
3923334.0,322,Eriophyton wallichii,446928-1,Lamiaceae,Eriophyton,wallichii,,False,Eriophyton wallichii
7088183.0,375,Endostemon tereticaulis,446721-1,Lamiaceae,Endostemon,tereticaulis,,False,Endostemon tereticaulis
15080891.0,309,Phlomis chrysophylla,453848-1,Lamiaceae,Phlomis,chrysophylla,,False,Phlomis chrysophylla
6259874.0,338,Coleus barbatus,60454692-2,Lamiaceae,Coleus,barbatus,,False,Plectranthus barbatus
15080621.0,441,Teucrium marum,460544-1,Lamiaceae,Teucrium,marum,,False,Teucrium marum
6632240.0,399,Glechoma hederacea,447338-1,Lamiaceae,Glechoma,hederacea,,False,Glechoma hederacea
9754198.0,353,Aegiphila integrifolia,860891-1,Lamiaceae,Aegiphila,integrifolia,,False,Aegiphila integrifolia
6574517.0,381,Scutellaria elliptica,30065124-2,Lamiaceae,Scutellaria,elliptica,,True,Scutellaria elliptica
5373467.0,317,Ocimum filamentosum,452942-1,Lamiaceae,Ocimum,filamentosum,,False,Ocimum filamentosum
5911553.0,351,Clinopodium vulgare,61206-2,Lamiaceae,Clinopodium,vulgare,,False,Clinopodium vulgare
8301101.0,521,Vitex quinata,865957-1,Lamiaceae,Vitex,quinata,,False,Vitex quinata
6575279.0,421,Collinsonia canadensis,319148-2,Lamiaceae,Collinsonia,canadensis,,False,Collinsonia canadensis
5895671.0,601,Petitia domingensis,864000-1,Lamiaceae,Petitia,domingensis,,False,Petitia domingensis
6143919.0,543,Rotheca serrata,1002733-1,Lamiaceae,Rotheca,serrata,,False,Clerodendrum serratum
3851998.0,523,Vitex queenslandica,77099683-1,Lamiaceae,Vitex,queenslandica,,False,Viticipremna queenslandica
3923836.0,309,Isodon melissoides,915147-1,Lamiaceae,Isodon,melissoides,,False,Isodon melisoides
15080663,383,Thymus camphoratus,460994-1,Lamiaceae,Thymus,camphoratus,,False,Thymus camphoratus
4301599,387,Premna serratifolia,864424-1,Lamiaceae,Premna,serratifolia,,False,Premna serratifolia
6574502.0,320,Leonurus cardiaca,449168-1,Lamiaceae,Leonurus,cardiaca,,False,Leonurus cardiaca
15057544,364,Warnockia scutellarioides,992283-1,Lamiaceae,Warnockia,scutellarioides,,False,Warnockia scutellarioides
3232597,381,Scutellaria lateriflora,458402-1,Lamiaceae,Scutellaria,lateriflora,,False,Scutellaria lateriflora
5373459,303,Ocimum basilicum,452874-1,Lamiaceae,Ocimum,basilicum,,False,Ocimum basilicum
4617902,416,Callicarpa japonica,927277-1,Lamiaceae,Callicarpa,japonica,,False,Callicarpa japonica var. luxurians
6259183,394,Tinnea aethiopica,461801-1,Lamiaceae,Tinnea,aethiopica,,False,Tinnea aethiopica
10556290,248,Volkameria inermis,866113-1,Lamiaceae,Volkameria,inermis,,False,Clerodendrum inerme
8336008,308,Teijsmanniodendron hollrungii,864932-1,Lamiaceae,Teijsmanniodendron,hollrungii,,False,Teijsmanniodendron hollrungii
6143904,424,Clerodendrum phlomidis,862313-1,Lamiaceae,Clerodendrum,phlomidis,,False,Clerodendrum phlomidis
6574509,382,Scutellaria serrata,458653-1,Lamiaceae,Scutellaria,serrata,,True,Scutellaria serrata
6188859.0,308,Leonotis nepetifolia,127310-3,Lamiaceae,Leonotis,nepetifolia,,False,Leonotis nepetifolia
6730864.0,356,Prunella vulgaris,455176-1,Lamiaceae,Prunella,vulgaris,,False,Prunella vulgaris
6188857.0,308,Leonotis nepetifolia,127310-3,Lamiaceae,Leonotis,nepetifolia,,False,Leonotis nepetifolia
20741952.0,406,Origanum vulgare,453395-1,Lamiaceae,Origanum,vulgare,,False,Origanum vulgare
4301608,230,Volkameria inermis,866113-1,Lamiaceae,Volkameria,inermis,,False,Volkameria inermis
6541671,369,Hedeoma pulegioides,447676-1,Lamiaceae,Hedeoma,pulegioides,,False,Hedeoma pulegioides
6757347,355,Ocimum gratissimum,452969-1,Lamiaceae,Ocimum,gratissimum,,True,Ocimum gratissimum
6757243.0,360,Ocimum filamentosum,452942-1,Lamiaceae,Ocimum,filamentosum,,False,Ocimum filamentosum
8155073,279,Leucas neuflizeana,50877299-1,Lamiaceae,Leucas,neuflizeana,,False,Leucas neuflizeana
8155450,350,Coleus cylindraceus,77201050-1,Lamiaceae,Coleus,cylindraceus,,False,Plectranthus montanus
6259182,394,Tinnea aethiopica,461801-1,Lamiaceae,Tinnea,aethiopica,,False,Tinnea aethiopica
15080640,279,Pogostemon heyneanus,454848-1,Lamiaceae,Pogostemon,heyneanus,,False,Pogostemon heyneanus
8261385,320,Teijsmanniodendron coriaceum,864930-1,Lamiaceae,Teijsmanniodendron,coriaceum,,False,Teijsmanniodendron coriaceum
7088161,376,Endostemon tereticaulis,446721-1,Lamiaceae,Endostemon,tereticaulis,,False,Endostemon tereticaulis
3232523,405,Mentha arvensis,30026217-2,Lamiaceae,Mentha,arvensis,,False,Mentha arvensis
6143979.0,374,Ocimum kilimandscharicum,453005-1,Lamiaceae,Ocimum,kilimandscharicum,,False,Ocimum kilimandscharicum
4301975.0,377,Clerodendrum trichotomum,927405-1,Lamiaceae,Clerodendrum,trichotomum,,False,Clerodendrum trichotomum var. fargesii
8301107.0,524,Vitex quinata,865957-1,Lamiaceae,Vitex,quinata,,False,Vitex quinata
8301138.0,405,Premna serratifolia,864424-1,Lamiaceae,Premna,serratifolia,,False,Premna foetida
6757288.0,339,Orthosiphon parvifolius,453552-1,Lamiaceae,Orthosiphon,parvifolius,,False,Orthosiphon parviflorus
8268327.0,326,Teijsmanniodendron hollrungii,864932-1,Lamiaceae,Teijsmanniodendron,hollrungii,,False,Teijsmanniodendron hollrungii
15080804.0,450,Clerodendrum quadriloculare,862346-1,Lamiaceae,Clerodendrum,quadriloculare,,False,Clerodendrum quadriloculare
4618303.0,367,Clerodendrum izuinsulare,996033-1,Lamiaceae,Clerodendrum,izuinsulare,,False,Clerodendrum izuinsulare
6541606,381,Scutellaria elliptica,30065124-2,Lamiaceae,Scutellaria,elliptica,,True,Scutellaria elliptica
5895570,634,Petitia domingensis,864000-1,Lamiaceae,Petitia,domingensis,,False,Petitia domingensis
8335956.0,344,Teijsmanniodendron holophyllum,864933-1,Lamiaceae,Teijsmanniodendron,holophyllum,,False,Teijsmanniodendron novoguineense
10507203,453,Callicarpa nudiflora,861416-1,Lamiaceae,Callicarpa,nudiflora,,False,Callicarpa reevesii
20268512.0,406,Origanum vulgare,453395-1,Lamiaceae,Origanum,vulgare,,False,Origanum vulgare
5211320.0,403,Thymus serpyllum,30066276-2,Lamiaceae,Thymus,serpyllum,,False,Thymus serpyllum
4619199.0,379,Callicarpa dichotoma,60475856-2,Lamiaceae,Callicarpa,dichotoma,,False,Callicarpa dichotoma
4618396.0,416,Callicarpa shikokiana,1011197-1,Lamiaceae,Callicarpa,shikokiana,,False,Callicarpa shikokiana
6073041,479,Ocimum tenuiflorum,453130-1,Lamiaceae,Ocimum,tenuiflorum,,False,Ocimum tenuiflorum
3604347.0,423,Gmelina fasciculiflora,862938-1,Lamiaceae,Gmelina,fasciculiflora,,False,Gmelina fasciculflora
4618024.0,412,Callicarpa glabra,861330-1,Lamiaceae,Callicarpa,glabra,,True,Callicarpa glabra
23019299.0,387,Vitex trifolia,866039-1,Lamiaceae,Vitex,trifolia,,False,Vitex trifolia
15080681.0,328,Salvia rosmarinus,457138-1,Lamiaceae,Salvia,rosmarinus,,False,Rosmarinus officinalis
5373464.0,330,Ocimum kilimandscharicum,453005-1,Lamiaceae,Ocimum,kilimandscharicum,,False,Ocimum kilimandscharicum
6730856.0,366,Scutellaria integrifolia,284797-2,Lamiaceae,Scutellaria,integrifolia,,True,Scutellaria integrifolia
6541787.0,439,Agastache nepetoides,6315-2,Lamiaceae,Agastache,nepetoides,,False,Agastache nepetoides
17045198.0,315,Pogostemon cablin,454827-1,Lamiaceae,Pogostemon,cablin,,False,Pogostemon cablin
15057624.0,306,Marrubium vulgare,449990-1,Lamiaceae,Marrubium,vulgare,,False,Marrubium vulgare
3852065.0,391,Oxera splendida,77155760-1,Lamiaceae,Oxera,splendida,,False,Faradaya splendida
15080954.0,388,Mentha requienii,451048-1,Lamiaceae,Mentha,requienii,,False,Mentha requienii
4619126.0,412,Callicarpa parvifolia,861428-1,Lamiaceae,Callicarpa,parvifolia,,True,Callicarpa parvifolia
6143917.0,488,Gmelina arborea,77159191-1,Lamiaceae,Gmelina,arborea,,False,Gmelina arborea
3923919.0,355,Phlomoides rotata,77110366-1,Lamiaceae,Phlomoides,rotata,,False,Lamiophlomis rotata
5211190.0,402,Thymus pulegioides,461562-1,Lamiaceae,Thymus,pulegioides,,False,Thymus pulegioides
6574553.0,375,Hedeoma pulegioides,447676-1,Lamiaceae,Hedeoma,pulegioides,,False,Hedeoma pulegioides
8155057.0,292,Leucas glabrata,449370-1,Lamiaceae,Leucas,glabrata,,False,Leucas glabrata
5895531.0,540,Callicarpa ampla,861243-1,Lamiaceae,Callicarpa,ampla,,False,Callicarpa ampla
5895529,448,Tectona grandis,864923-1,Lamiaceae,Tectona,grandis,,False,Tectona grandis
15080638,381,Ocimum tenuiflorum,453130-1,Lamiaceae,Ocimum,tenuiflorum,,False,Ocimum tenuiflorum
6730785,351,Lycopus virginicus,449692-1,Lamiaceae,Lycopus,virginicus,,False,Lycopus virginicus
5911321,369,Lycopus uniflorus,449690-1,Lamiaceae,Lycopus,uniflorus,,False,Lycopus uniflorus
3818483,423,Gmelina fasciculiflora,862938-1,Lamiaceae,Gmelina,fasciculiflora,,False,Gmelina fasciculflora
15057622,368,Hedeoma drummondii,447626-1,Lamiaceae,Hedeoma,drummondii,,False,Hedeoma drummondii
5373465,244,Ocimum  africanum,452853-1,Lamiaceae,Ocimum,africanum,,False,Ocimum x citriodorum
8335968,344,Teijsmanniodendron holophyllum,864933-1,Lamiaceae,Teijsmanniodendron,holophyllum,,False,Teijsmanniodendron novoguineense
6541668,369,Pycnanthemum verticillatum,455240-1,Lamiaceae,Pycnanthemum,verticillatum,,False,Pycnanthemum verticillatum
6541777.0,377,Melissa officinalis,450084-1,Lamiaceae,Melissa,officinalis,,False,Melissa officinalis
19738271.0,472,Betonica scardica,445155-1,Lamiaceae,Betonica,scardica,,False,Stachys scardica
8099255,324,Coleus caninus,445934-1,Lamiaceae,Coleus,caninus,,False,Plectranthus caninus
15080762,382,Salvia hierosolymitana,456373-1,Lamiaceae,Salvia,hierosolymitana,,False,Salvia hierosolymitana
16663976,444,Anisomeles malabarica,444834-1,Lamiaceae,Anisomeles,malabarica,,False,Anisomeles malabarica
3923829,309,Isodon bulleyanus,448566-1,Lamiaceae,Isodon,bulleyanus,,False,Isodon bulleyanus
15080698,473,Holmskioldia sanguinea,863073-1,Lamiaceae,Holmskioldia,sanguinea,,False,Holmskioldia sanguinea
3852037.0,576,Glossocarya hemiderma,77163842-1,Lamiaceae,Glossocarya,hemiderma,,False,Glossocarya hemiderma
4303096.0,535,Stauntonia hexaphylla,107615-1,Lardizabalaceae,Stauntonia,hexaphylla,,False,Stauntonia hexaphylla
4617646.0,536,Stauntonia hexaphylla,107615-1,Lardizabalaceae,Stauntonia,hexaphylla,,False,Stauntonia hexaphylla
4301262.0,555,Akebia quinata,106376-1,Lardizabalaceae,Akebia,quinata,,False,Akebia quinata
4302898.0,482,Akebia quinata,106376-1,Lardizabalaceae,Akebia,quinata,,False,Akebia quinata
15080655.0,527,Stauntonia coriacea,77122492-1,Lardizabalaceae,Stauntonia,coriacea,,False,Holboellia coriacea
4303128.0,428,Lindera erythrocarpa,465359-1,Lauraceae,Lindera,erythrocarpa,,False,Lindera erythrocarpa
4302046.0,390,Litsea coreana,465614-1,Lauraceae,Litsea,coreana,,False,Litsea coreana
4300906.0,441,Lindera sp.,465466-1,Lauraceae,Lindera,,,True,Lindera triloba
4618003.0,459,Actinodaphne acuminata,462200-1,Lauraceae,Actinodaphne,acuminata,,False,Actinodaphne acuminata
4934502.0,499,Beilschmiedia sp.,330809-2,Lauraceae,Beilschmiedia,,,False,Beilschmiedia sp. OH2
4300999.0,416,Lindera obtusiloba,465417-1,Lauraceae,Lindera,obtusiloba,,False,Lindera obtusiloba
4302941.0,415,Lindera erythrocarpa,465359-1,Lauraceae,Lindera,erythrocarpa,,False,Lindera erythrocarpa
4301811.0,438,Lindera obtusiloba,465417-1,Lauraceae,Lindera,obtusiloba,,False,Lindera obtusiloba
4302817.0,459,Actinodaphne acuminata,462200-1,Lauraceae,Actinodaphne,acuminata,,False,Actinodaphne acuminata
8261255.0,508,Dehaasia firma,464294-1,Lauraceae,Dehaasia,firma,,False,Dehaasia firma
3924343.0,349,Actinodaphne cambodiana,77331684-1,Lauraceae,Actinodaphne,cambodiana,,False,Neolitsea cambodiana
4303090.0,399,Neolitsea aciculata,466918-1,Lauraceae,Neolitsea,aciculata,,False,Neolitsea aciculata
4934132.0,507,Beilschmiedia sp.,330809-2,Lauraceae,Beilschmiedia,,,False,Beilschmiedia sp. 2
8335964.0,471,Beilschmiedia glabra,462791-1,Lauraceae,Beilschmiedia,glabra,,False,Beilschmiedia glabra
8261380.0,361,Nothaphoebe umbelliflora,467100-1,Lauraceae,Nothaphoebe,umbelliflora,,False,Alseodaphne umbelliflora
3924362.0,321,Neolitsea lunglingensis,466994-1,Lauraceae,Neolitsea,lunglingensis,,False,Neolitsea lunglingensis
4618866.0,329,Camphora officinarum,77328940-1,Lauraceae,Camphora,officinarum,,False,Cinnamomum camphora
8261401.0,444,Cinnamomum verum,463752-1,Lauraceae,Cinnamomum,verum,,False,Cinnamomum verum
4618978.0,378,Machilus japonicus,466189-1,Lauraceae,Machilus,japonicus,,False,Machilus japonica
8261217.0,488,Phoebe grandis,468358-1,Lauraceae,Phoebe,grandis,,False,Phoebe grandis
5895724.0,443,Ocotea cuneata,171604-2,Lauraceae,Ocotea,cuneata,,True,Ocotea cuneata
5874175.0,459,Cryptocarya hypospodia,463937-1,Lauraceae,Cryptocarya,hypospodia,,False,Cryptocarya hypospodia
4618283.0,391,Cinnamomum chekiangense,463360-1,Lauraceae,Cinnamomum,chekiangense,,False,Cinnamomum yabunikkei
3924209.0,363,Machilus pomifer,466250-1,Lauraceae,Machilus,pomifer,,False,Machilus pomifera
3924196.0,339,Machilus gamblei,466173-1,Lauraceae,Machilus,gamblei,,False,Machilus gamblei
14517577.0,377,Litsea japonica,465755-1,Lauraceae,Litsea,japonica,,False,Litsea japonica
4619127.0,416,Litsea coreana,465614-1,Lauraceae,Litsea,coreana,,False,Litsea coreana
3924191.0,364,Machilus chinensis,466151-1,Lauraceae,Machilus,chinensis,,False,Machilus chinensis
3818425.0,471,Beilschmiedia volckii,938620-1,Lauraceae,Beilschmiedia,volckii,,False,Beilschmiedia volckii
3924207.0,345,Machilus oreophilus,466237-1,Lauraceae,Machilus,oreophilus,,False,Machilus oreophila
4934355.0,498,Beilschmiedia jacques-felixii,462812-1,Lauraceae,Beilschmiedia,jacques-felixii,,False,Beilschmiedia jacques-felixii
3818438.0,481,Cryptocarya saccharata,938637-1,Lauraceae,Cryptocarya,saccharata,,False,Cryptocarya saccharata
3818519.0,485,Beilschmiedia volckii,938620-1,Lauraceae,Beilschmiedia,volckii,,False,Beilschmiedia volckii
8267539.0,481,Cryptocarya diversifolia,463868-1,Lauraceae,Cryptocarya,diversifolia,,False,Cryptocarya crassinervia
3818418.0,479,Litsea leefeana,465788-1,Lauraceae,Litsea,leefeana,,False,Litsea leefeana
3818417.0,471,Cinnamomum laubatii,463495-1,Lauraceae,Cinnamomum,laubatii,,False,Cinnamomum laubatii
3851964.0,445,Endiandra monothyra,938651-1,Lauraceae,Endiandra,monothyra,,False,Endiandra monothyra
3852043.0,444,Endiandra insignis,464412-1,Lauraceae,Endiandra,insignis,,False,Endiandra insignis
3604351.0,496,Cryptocarya densiflora,463864-1,Lauraceae,Cryptocarya,densiflora,,False,Cryptocarya densiflora
4301634.0,374,Lindera umbellata var. umbellata,3287494-4,Lauraceae,Lindera,umbellata,umbellata,False,Lindera umbellata var. umbellata
4619183.0,434,Cinnamomum pseudopedunculatum,463635-1,Lauraceae,Cinnamomum,pseudopedunculatum,,False,Cinnamomum pseudopedunculatum
3818431.0,471,Endiandra montana,464438-1,Lauraceae,Endiandra,montana,,False,Endiandra montana
3818437.0,481,Cryptocarya angulata,463796-1,Lauraceae,Cryptocarya,angulata,,False,Cryptocarya angulata
4934022.0,507,Beilschmiedia jacques-felixii,462812-1,Lauraceae,Beilschmiedia,jacques-felixii,,False,Beilschmiedia jacques-felixii
4302761.0,459,Litsea cubeba,465621-1,Lauraceae,Litsea,cubeba,,False,Litsea cubeba
4618523.0,444,Lindera praecox,465429-1,Lauraceae,Lindera,praecox,,False,Lindera praecox var. pubescens
4617882.0,403,Lindera umbellata var. membranacea,3287493-4,Lauraceae,Lindera,umbellata,membranacea,False,Lindera umbellata var. membranacea
4619109.0,408,Machilus japonicus,466189-1,Lauraceae,Machilus,japonicus,,False,Machilus japonica
15080561.0,408,Machilus thunbergii,466273-1,Lauraceae,Machilus,thunbergii,,False,Machilus thunbergii
4618637.0,305,Machilus thunbergii,466273-1,Lauraceae,Machilus,thunbergii,,False,Machilus thunbergii
4618400.0,334,Lindera umbellata var. membranacea,3287493-4,Lauraceae,Lindera,umbellata,membranacea,False,Lindera umbellata var. membranacea
4618745.0,396,Neolitsea aurata,466930-1,Lauraceae,Neolitsea,aurata,,False,Neolitsea sericea var. aurata
4301814.0,461,Lindera sericea var. glabrata,3287483-4,Lauraceae,Lindera,sericea,glabrata,False,Lindera sericea var. glabrata
14517636.0,427,Cinnamomum daphnoides,463392-1,Lauraceae,Cinnamomum,daphnoides,,False,Cinnamomum daphnoides
4934111.0,515,Hypodaphnis zenkeri,464679-1,Lauraceae,Hypodaphnis,zenkeri,,False,Hypodaphnis zenkeri
3852009.0,481,Cryptocarya murrayi,464027-1,Lauraceae,Cryptocarya,murrayi,,False,Cryptocarya murrayi
3818448.0,496,Cryptocarya melanocarpa,938632-1,Lauraceae,Cryptocarya,melanocarpa,,False,Cryptocarya melanocarpa
3924358.0,349,Neolitsea levinei,466991-1,Lauraceae,Neolitsea,levinei,,False,Neolitsea levinei
3924360.0,310,Neolitsea levinei,466991-1,Lauraceae,Neolitsea,levinei,,False,Neolitsea levinei
4287753.0,459,Litsea cubeba,465621-1,Lauraceae,Litsea,cubeba,,False,Litsea cubeba
8301120.0,393,Nothaphoebe umbelliflora,467100-1,Lauraceae,Nothaphoebe,umbelliflora,,False,Nothaphoebe umbelliflora
3851977.0,474,Endiandra dichrophylla,464377-1,Lauraceae,Endiandra,dichrophylla,,False,Endiandra dichrophylla
3924200.0,333,Machilus grijsii,466180-1,Lauraceae,Machilus,grijsii,,False,Machilus grijsii
4301147.0,439,Lindera sp.,465466-1,Lauraceae,Lindera,,,True,Lindera triloba
8261201.0,507,Litsea erectinervia,465654-1,Lauraceae,Litsea,erectinervia,,False,Litsea erectinervia
5895694.0,322,Damburneya coriacea,77158851-1,Lauraceae,Damburneya,coriacea,,True,Nectandra coriacea
3818426.0,471,Endiandra monothyra,938651-1,Lauraceae,Endiandra,monothyra,,False,Endiandra monothyra
4303302.0,391,Cinnamomum chekiangense,463360-1,Lauraceae,Cinnamomum,chekiangense,,False,Cinnamomum yabunikkei
4619028.0,466,Lindera glauca,465369-1,Lauraceae,Lindera,glauca,,False,Lindera glauca
5895691.0,479,Nectandra turbacensis,466885-1,Lauraceae,Nectandra,turbacensis,,False,Nectandra turbacensis
3818439.0,481,Cryptocarya densiflora,463864-1,Lauraceae,Cryptocarya,densiflora,,False,Cryptocarya densiflora
3924222.0,267,Machilus shweliensis,466265-1,Lauraceae,Machilus,shweliensis,,False,Machilus shweliensis
4302968.0,434,Camphora officinarum,77328940-1,Lauraceae,Camphora,officinarum,,False,Cinnamomum camphora
6143975.0,309,Cinnamomum tamala,463718-1,Lauraceae,Cinnamomum,tamala,,False,Cinnamomum tamala
9048277.0,481,Cryptocarya pulchella,464093-1,Lauraceae,Cryptocarya,pulchella,,False,Cryptocarya cf. pulchella
3851979.0,481,Cryptocarya murrayi,464027-1,Lauraceae,Cryptocarya,murrayi,,False,Cryptocarya murrayi
3818433.0,481,Cryptocarya putida,938635-1,Lauraceae,Cryptocarya,putida,,False,Cryptocarya putida
8267529.0,471,Endiandra rubescens,464456-1,Lauraceae,Endiandra,rubescens,,False,Endiandra rubescens
8297633.0,374,Actinodaphne multiflora,462294-1,Lauraceae,Actinodaphne,multiflora,,False,Actinodaphne multiflora
3604349.0,450,Litsea leefeana,465788-1,Lauraceae,Litsea,leefeana,,False,Litsea leefeana
3924226.0,361,Machilus yunnanensis,466280-1,Lauraceae,Machilus,yunnanensis,,False,Machilus yunnanensis
3818432.0,496,Cryptocarya lividula,938630-1,Lauraceae,Cryptocarya,lividula,,False,Cryptocarya lividula
3924364.0,346,Neolitsea phanerophlebia,467012-1,Lauraceae,Neolitsea,phanerophlebia,,False,Neolitsea phanerophlebia
3924203.0,342,Machilus nanmu,466229-1,Lauraceae,Machilus,nanmu,,False,Machilus nanmu
4302018.0,393,Neolitsea aciculata,466918-1,Lauraceae,Neolitsea,aciculata,,False,Neolitsea aciculata
4617894.0,413,Lindera glauca,465369-1,Lauraceae,Lindera,glauca,,False,Lindera glauca
4302329.0,459,Lindera sericea var. sericea,77223009-1,Lauraceae,Lindera,sericea,sericea,False,Lindera sericea var. sericea
3818419.0,463,Litsea connorsii,938659-1,Lauraceae,Litsea,connorsii,,False,Litsea connorsii
6730786.0,438,Lindera benzoin,140503-2,Lauraceae,Lindera,benzoin,,False,Lindera benzoin
5895693.0,433,Aiouea montana,77173628-1,Lauraceae,Aiouea,montana,,False,Cinnamomum montanum
14517624.0,429,Cinnamomum daphnoides,463392-1,Lauraceae,Cinnamomum,daphnoides,,False,Cinnamomum daphnoides
3924366.0,343,Neolitsea phanerophlebia,467012-1,Lauraceae,Neolitsea,phanerophlebia,,False,Neolitsea phanerophlebia
3924223.0,364,Machilus tenuipilis,466272-1,Lauraceae,Machilus,tenuipilis,,False,Machilus tenuipilis
8297619.0,474,Litsea diversifolia,465643-1,Lauraceae,Litsea,diversifolia,,False,Litsea diversifolia
4301560.0,374,Cinnamomum doederleinii var. doederleinii,77228624-1,Lauraceae,Cinnamomum,doederleinii,doederleinii,False,Cinnamomum doederleinii var. doederleinii
9041099.0,479,Actinodaphne nitida,462298-1,Lauraceae,Actinodaphne,nitida,,False,Actinodaphne nitida
15057562.0,458,Phoebe cavaleriei,60472339-2,Lauraceae,Phoebe,cavaleriei,,False,Nothaphoebe cavaleriei
3852004.0,471,Beilschmiedia collina,938617-1,Lauraceae,Beilschmiedia,collina,,False,Beilschmiedia collina
3852031.0,433,Endiandra cowleyana,464372-1,Lauraceae,Endiandra,cowleyana,,False,Endiandra cowleyana
3924198.0,345,Machilus grijsii,466180-1,Lauraceae,Machilus,grijsii,,False,Machilus grijsii
3924194.0,345,Machilus gamblei,466173-1,Lauraceae,Machilus,gamblei,,False,Machilus gamblei
4934480.0,506,Beilschmiedia acuta,462698-1,Lauraceae,Beilschmiedia,acuta,,False,Beilschmiedia acuta
3924339.0,348,Neolitsea aurata,466930-1,Lauraceae,Neolitsea,aurata,,False,Neolitsea aurata
3818434.0,481,Cryptocarya putida,938635-1,Lauraceae,Cryptocarya,putida,,False,Cryptocarya putida
13926598.0,455,Cinnamomum verum,463752-1,Lauraceae,Cinnamomum,verum,,False,Cinnamomum verum
4618650.0,379,Machilus kobu,466192-1,Lauraceae,Machilus,kobu,,False,Machilus kobu
9077874.0,481,Cryptocarya magnifolia,463996-1,Lauraceae,Cryptocarya,magnifolia,,False,Cryptocarya magnifolia
3818450.0,496,Cryptocarya melanocarpa,938632-1,Lauraceae,Cryptocarya,melanocarpa,,False,Cryptocarya melanocarpa
3818428.0,392,Endiandra cowleyana,464372-1,Lauraceae,Endiandra,cowleyana,,False,Endiandra cowleyana
3818436.0,482,Cryptocarya saccharata,938637-1,Lauraceae,Cryptocarya,saccharata,,False,Cryptocarya saccharata
3818443.0,481,Cryptocarya corrugata,463855-1,Lauraceae,Cryptocarya,corrugata,,False,Cryptocarya corrugata
8297290.0,396,Phoebe elliptica,468334-1,Lauraceae,Phoebe,elliptica,,False,Phoebe elliptica
8267525.0,469,Litsea machilifolia,465809-1,Lauraceae,Litsea,machilifolia,,False,Litsea machilifolia
3924216.0,345,Machilus salicinus,466259-1,Lauraceae,Machilus,salicinus,,False,Machilus salicina
9048261.0,471,Cryptocarya apamifolia,463799-1,Lauraceae,Cryptocarya,apamifolia,,False,Cryptocarya apamifolia
3818427.0,471,Endiandra leptodendron,938649-1,Lauraceae,Endiandra,leptodendron,,False,Endiandra leptodendron
3924351.0,332,Neolitsea confertifolia,466950-1,Lauraceae,Neolitsea,confertifolia,,False,Neolitsea confertifolia
9048253.0,480,Cryptocarya viridiflora,464174-1,Lauraceae,Cryptocarya,viridiflora,,False,Cryptocarya viridiflora
5895609.0,327,Damburneya patens,77158866-1,Lauraceae,Damburneya,patens,,False,Nectandra patens
6143963.0,493,Litsea glutinosa,465709-1,Lauraceae,Litsea,glutinosa,,False,Litsea glutinosa
4617636.0,371,Lindera sericea var. sericea,77223009-1,Lauraceae,Lindera,sericea,sericea,False,Lindera sericea var. sericea
8301094.0,481,Cryptocarya vidalii,464172-1,Lauraceae,Cryptocarya,vidalii,,False,Cryptocarya vidalii
8335957.0,436,Dehaasia firma,464294-1,Lauraceae,Dehaasia,firma,,False,Dehaasia firma
3818429.0,471,Endiandra insignis,464412-1,Lauraceae,Endiandra,insignis,,False,Endiandra insignis
4934264.0,508,Hypodaphnis zenkeri,464679-1,Lauraceae,Hypodaphnis,zenkeri,,False,Hypodaphnis zenkeri
8297661.0,471,Endiandra rubescens,464456-1,Lauraceae,Endiandra,rubescens,,False,Endiandra rubescens
4303188.0,402,Lindera umbellata var. umbellata,3287494-4,Lauraceae,Lindera,umbellata,umbellata,False,Lindera umbellata var. umbellata
8261396.0,441,Beilschmiedia dictyoneura,462758-1,Lauraceae,Beilschmiedia,dictyoneura,,False,Beilschmiedia dictyoneura
3818423.0,466,Beilschmiedia bancroftii,462715-1,Lauraceae,Beilschmiedia,bancroftii,,False,Beilschmiedia bancroftii
5895630.0,490,Licaria brittoniana,317086-2,Lauraceae,Licaria,brittoniana,,False,Licaria brittoniana
3818441.0,481,Cryptocarya angulata,463796-1,Lauraceae,Cryptocarya,angulata,,False,Cryptocarya angulata
3924225.0,345,Machilus tenuipilis,466272-1,Lauraceae,Machilus,tenuipilis,,False,Machilus tenuipilis
3924205.0,345,Machilus oreophilus,466237-1,Lauraceae,Machilus,oreophilus,,False,Machilus oreophila
6730868.0,453,Lindera benzoin,140503-2,Lauraceae,Lindera,benzoin,,False,Lindera benzoin
8297657.0,475,Litsea machilifolia,465809-1,Lauraceae,Litsea,machilifolia,,False,Litsea machilifolia
5895632.0,325,Nectandra krugii,310460-2,Lauraceae,Nectandra,krugii,,False,Nectandra krugii
3924373.0,350,Neolitsea sutchuanensis,467030-1,Lauraceae,Neolitsea,sutchuanensis,,False,Neolitsea sutchuanensis
3818442.0,481,Cryptocarya corrugata,463855-1,Lauraceae,Cryptocarya,corrugata,,False,Cryptocarya corrugata
3852018.0,471,Endiandra leptodendron,938649-1,Lauraceae,Endiandra,leptodendron,,False,Endiandra leptodendron
8267564.0,357,Litsea sp.,331725-2,Lauraceae,Litsea,,,False,Litsea sp. nov. aff. discocalyx
4301437.0,437,Lindera praecox,465429-1,Lauraceae,Lindera,praecox,,False,Lindera praecox var. pubescens
3924189.0,346,Machilus breviflorus,466144-1,Lauraceae,Machilus,breviflorus,,False,Machilus breviflora
3924213.0,342,Machilus robustus,466257-1,Lauraceae,Machilus,robustus,,False,Machilus robusta
4617983.0,377,Lindera sericea var. glabrata,3287483-4,Lauraceae,Lindera,sericea,glabrata,False,Lindera sericea var. glabrata
3604354.0,471,Beilschmiedia collina,938617-1,Lauraceae,Beilschmiedia,collina,,False,Beilschmiedia collina
5895506.0,484,Damburneya coriacea,77158851-1,Lauraceae,Damburneya,coriacea,,True,Nectandra coriacea
3924188.0,345,Machilus breviflorus,466144-1,Lauraceae,Machilus,breviflorus,,False,Machilus breviflora
8301143.0,471,Cryptocarya subvelutina,464142-1,Lauraceae,Cryptocarya,subvelutina,,False,Cryptocarya subvelutina
4934312.0,496,Beilschmiedia acuta,462698-1,Lauraceae,Beilschmiedia,acuta,,False,Beilschmiedia acuta
5895596.0,325,Nectandra hihua,974281-1,Lauraceae,Nectandra,hihua,,False,Nectandra hihua
8297642.0,433,Actinodaphne diversifolia,462237-1,Lauraceae,Actinodaphne,diversifolia,,False,Actinodaphne diversifolia
8267517.0,396,Litsea castanea,465570-1,Lauraceae,Litsea,castanea,,False,Litsea castanea
3924211.0,363,Machilus pomifer,466250-1,Lauraceae,Machilus,pomifer,,False,Machilus pomifera
3924345.0,326,Actinodaphne cambodiana,77331684-1,Lauraceae,Actinodaphne,cambodiana,,False,Neolitsea cambodiana
3924353.0,349,Neolitsea confertifolia,466950-1,Lauraceae,Neolitsea,confertifolia,,False,Neolitsea confertifolia
4618179.0,378,Machilus kobu,466192-1,Lauraceae,Machilus,kobu,,False,Machilus kobu
3604352.0,496,Beilschmiedia bancroftii,462715-1,Lauraceae,Beilschmiedia,bancroftii,,False,Beilschmiedia bancroftii
3924349.0,351,Neolitsea chunii,466945-1,Lauraceae,Neolitsea,chunii,,True,Neolitsea chui
3924371.0,351,Neolitsea pulchella,467019-1,Lauraceae,Neolitsea,pulchella,,False,Neolitsea pulchella
3924355.0,353,Neolitsea homilantha,466971-1,Lauraceae,Neolitsea,homilantha,,False,Neolitsea homilantha
5895546.0,332,Ocotea wrightii,171970-2,Lauraceae,Ocotea,wrightii,,False,Ocotea wrightii
4618596.0,444,Cinnamomum pseudopedunculatum,463635-1,Lauraceae,Cinnamomum,pseudopedunculatum,,False,Cinnamomum pseudopedunculatum
8261195.0,477,Litsea noronhae,465886-1,Lauraceae,Litsea,noronhae,,False,Litsea noronhae
5895459.0,296,Licaria parvifolia,465294-1,Lauraceae,Licaria,parvifolia,,False,Licaria parvifolia
3818430.0,471,Endiandra microneura,464435-1,Lauraceae,Endiandra,microneura,,False,Endiandra microneura
3924368.0,347,Neolitsea pinninervis,467014-1,Lauraceae,Neolitsea,pinninervis,,False,Neolitsea pinninervis
8297668.0,481,Cryptocarya diversifolia,463868-1,Lauraceae,Cryptocarya,diversifolia,,False,Cryptocarya crassinervia
5895716.0,490,Licaria brittoniana,317086-2,Lauraceae,Licaria,brittoniana,,False,Licaria brittoniana
9041055.0,401,Cryptocarya apamifolia,463799-1,Lauraceae,Cryptocarya,apamifolia,,False,Cryptocarya apamifolia
8297653.0,396,Litsea castanea,465570-1,Lauraceae,Litsea,castanea,,False,Litsea castanea
3924201.0,344,Machilus leptophyllus,466198-1,Lauraceae,Machilus,leptophyllus,,False,Machilus leptophylla
4618579.0,440,Litsea japonica,465755-1,Lauraceae,Litsea,japonica,,False,Litsea japonica
8297626.0,465,Litsea diversifolia,465643-1,Lauraceae,Litsea,diversifolia,,False,Litsea diversifolia
3924220.0,282,Machilus shweliensis,466265-1,Lauraceae,Machilus,shweliensis,,False,Machilus shweliensis
3818422.0,471,Endiandra montana,464438-1,Lauraceae,Endiandra,montana,,False,Endiandra montana
4934187,359,Napoleonaea talbotii,469478-1,Lecythidaceae,Napoleonaea,talbotii,,False,Napoleonaea talbotii
4934559.0,512,Oubanguia alata,834973-1,Lecythidaceae,Oubanguia,alata,,False,Oubanguia alata
3580641.0,481,Brazzeia soyauxii,833341-1,Lecythidaceae,Brazzeia,soyauxii,,False,Brazzeia soyauxii
4934463,515,Scytopetalum klaineanum,608410-1,Lecythidaceae,Scytopetalum,klaineanum,,False,Scytopetalum klaineanum
4934056,512,Oubanguia alata,834973-1,Lecythidaceae,Oubanguia,alata,,False,Oubanguia alata
3580511.0,466,Scytopetalum klaineanum,608410-1,Lecythidaceae,Scytopetalum,klaineanum,,False,Scytopetalum klainianum
15080959.0,394,Gustavia superba,323304-2,Lecythidaceae,Gustavia,superba,,False,Gustavia superba
6143976.0,291,Careya arborea,469163-1,Lecythidaceae,Careya,arborea,,False,Careya arborea
6143900.0,314,Barringtonia acutangula,591177-1,Lecythidaceae,Barringtonia,acutangula,,False,Barringtonia acutangula
4934122,361,Napoleonaea talbotii,469478-1,Lecythidaceae,Napoleonaea,talbotii,,False,Napoleonaea talbotii
4933990,497,Rhaptopetalum sp.,325982-2,Lecythidaceae,Rhaptopetalum,,,False,Rhaptopetalum sp.
8297710.0,312,Chydenanthus excelsus,592198-1,Lecythidaceae,Chydenanthus,excelsus,,False,Chydenanthus excelsus
8335916,315,Barringtonia pendula,591218-1,Lecythidaceae,Barringtonia,pendula,,False,Barringtonia pendula
6288575.0,301,Petersianthus macrocarpus,469487-1,Lecythidaceae,Petersianthus,macrocarpus,,False,Petersianthus macrocarpus
3851962,322,Barringtonia calyptrata,77144132-1,Lecythidaceae,Barringtonia,calyptrata,,False,Barringtonia calyptrata
4934498,536,Oubanguia laurifolia,608189-1,Lecythidaceae,Oubanguia,laurifolia,,False,Oubanguia laurifolia
8267582,315,Barringtonia reticulata,591224-1,Lecythidaceae,Barringtonia,reticulata,,False,Barringtonia reticulata
4934385.0,496,Rhaptopetalum sp.,325982-2,Lecythidaceae,Rhaptopetalum,,,False,Rhaptopetalum sp.
4934553.0,536,Oubanguia laurifolia,608189-1,Lecythidaceae,Oubanguia,laurifolia,,False,Oubanguia laurifolia
9748877.0,419,Utricularia calycifida,526660-1,Lentibulariaceae,Utricularia,calycifida,,False,Utricularia calycifida
15080714.0,371,Pinguicula primuliflora,196885-2,Lentibulariaceae,Pinguicula,primuliflora,,False,Pinguicula primuliflora
5911654.0,555,Clintonia borealis,30082120-2,Liliaceae,Clintonia,borealis,,False,Clintonia borealis
5911628.0,555,Clintonia borealis,30082120-2,Liliaceae,Clintonia,borealis,,False,Clintonia borealis
3232614.0,365,Streptopus lanceolatus,1071939-2,Liliaceae,Streptopus,lanceolatus,,False,Streptopus lanceolatus
3232448.0,446,Erythronium americanum,276827-2,Liliaceae,Erythronium,americanum,,False,Erythronium americanum
6541669.0,473,Medeola virginiana,328550-2,Liliaceae,Medeola,virginiana,,False,Medeola virginiana
3232504.0,419,Linum perenne,544634-1,Linaceae,Linum,perenne,,True,Linum perenne
10285458,216,Torenia crustacea,1189750-2,Linderniaceae,Torenia,crustacea,,False,Lindernia crustacea
6259864.0,642,Craterostigma plantagineum,801738-1,Linderniaceae,Craterostigma,plantagineum,,False,Craterostigma plantagineum
6259906.0,644,Craterostigma plantagineum,801738-1,Linderniaceae,Craterostigma,plantagineum,,False,Craterostigma plantagineum
7088224.0,596,Craterostigma hirsutum,801728-1,Linderniaceae,Craterostigma,hirsutum,,False,Craterostigma hirsutum
9754204.0,556,Lindernia brachyphylla,140513-2,Linderniaceae,Lindernia,brachyphylla,,False,Lindernia brachyphylla
7088247,595,Craterostigma hirsutum,801728-1,Linderniaceae,Craterostigma,hirsutum,,False,Craterostigma hirsutum
15057538.0,412,Cevallia sinuata,545105-1,Loasaceae,Cevallia,sinuata,,False,Cevallia sinuata
4301829.0,514,Gardneria multiflora,546341-1,Loganiaceae,Gardneria,multiflora,,False,Gardneria multiflora
6143873.0,613,Strychnos nux-vomica,547371-1,Loganiaceae,Strychnos,nux-vomica,,False,Strychnos nux-vomica
8296663.0,437,Lophopyxis maingayi,350921-1,Lophopyxidaceae,Lophopyxis,maingayi,,False,Lophopyxis maingayi
4301957.0,206,Taxillus sutchuenensis var. duclouxii,951916-1,Loranthaceae,Taxillus,sutchuenensis,duclouxii,False,Taxillus yadoriki
4617802.0,264,Taxillus kaempferi var. kaempferi,77224645-1,Loranthaceae,Taxillus,kaempferi,kaempferi,False,Taxillus kaempferi var. kaempferi
4618852.0,264,Taxillus kaempferi var. kaempferi,77224645-1,Loranthaceae,Taxillus,kaempferi,kaempferi,False,Taxillus kaempferi var. kaempferi
6259151.0,317,Plicosepalus sagittifolius,551327-1,Loranthaceae,Plicosepalus,sagittifolius,,False,Plicosepalus sagittifolius
6188725.0,317,Plicosepalus sagittifolius,551327-1,Loranthaceae,Plicosepalus,sagittifolius,,False,Plicosepalus sagittifolius
4302256.0,205,Taxillus sutchuenensis var. duclouxii,951916-1,Loranthaceae,Taxillus,sutchuenensis,duclouxii,False,Taxillus yadoriki
6143944.0,477,Lawsonia inermis,553638-1,Lythraceae,Lawsonia,inermis,,False,Lawsonia inermis
15080867.0,380,Koehneria madagascariensis,943977-1,Lythraceae,Koehneria,madagascariensis,,False,Koehneria madagascariensis
6143876.0,221,Lagerstroemia speciosa,553618-1,Lythraceae,Lagerstroemia,speciosa,,False,Lagerstroemia speciosa
5895520.0,336,Ginoria rohrii,553448-1,Lythraceae,Ginoria,rohrii,,False,Ginoria rohrii
8297691.0,233,Duabanga moluccana,553410-1,Lythraceae,Duabanga,moluccana,,False,Duabanga moluccana
15080800.0,409,Punica granatum,554129-1,Lythraceae,Punica,granatum,,False,Punica granatum
3232514.0,417,Lythrum salicaria,147990-2,Lythraceae,Lythrum,salicaria,,False,Lythrum salicaria
15057553.0,372,Heimia salicifolia,96613-3,Lythraceae,Heimia,salicifolia,,False,Heimia salicifolia
9748880.0,344,Cuphea carajasensis,275415-2,Lythraceae,Cuphea,carajasensis,,False,Cuphea carajasensis
4302836.0,447,Magnolia compressa,554664-1,Magnoliaceae,Magnolia,compressa,,False,Magnolia compressa
4618657.0,446,Magnolia stellata,554855-1,Magnoliaceae,Magnolia,stellata,,False,Magnolia stellata
4302460.0,446,Magnolia salicifolia,554831-1,Magnoliaceae,Magnolia,salicifolia,,False,Magnolia salicifolia
4619018.0,445,Magnolia salicifolia,554831-1,Magnoliaceae,Magnolia,salicifolia,,False,Magnolia salicifolia
8296626.0,464,Magnolia liliifera,554760-1,Magnoliaceae,Magnolia,liliifera,,False,Magnolia liliifera
8267530.0,462,Magnolia elegans,554688-1,Magnoliaceae,Magnolia,elegans,,False,Aromadendron elegans
14517616.0,447,Magnolia sieboldii subsp. japonica,886607-1,Magnoliaceae,Magnolia,sieboldii,japonica,False,Magnolia sieboldii subsp. japonica
4302027.0,441,Magnolia compressa,554664-1,Magnoliaceae,Magnolia,compressa,,False,Magnolia compressa
8301113.0,467,Magnolia liliifera,554760-1,Magnoliaceae,Magnolia,liliifera,,False,Magnolia liliifera
6143945.0,467,Magnolia champaca,554657-1,Magnoliaceae,Magnolia,champaca,,False,Michelia champaca
4619230.0,422,Magnolia obovata,554784-1,Magnoliaceae,Magnolia,obovata,,True,Magnolia obovata
14517404.0,397,Magnolia obovata,554784-1,Magnoliaceae,Magnolia,obovata,,True,Magnolia obovata
6730814.0,485,Liriodendron tulipifera,30197364-2,Magnoliaceae,Liriodendron,tulipifera,,False,Liriodendron tulipifera
4617654.0,447,Magnolia stellata,554855-1,Magnoliaceae,Magnolia,stellata,,False,Magnolia stellata
6730853.0,476,Liriodendron tulipifera,30197364-2,Magnoliaceae,Liriodendron,tulipifera,,False,Liriodendron tulipifera
4618976.0,448,Magnolia kobus,332100-2,Magnoliaceae,Magnolia,kobus,,False,Magnolia kobus var. borealis
8297662.0,463,Magnolia elegans,554688-1,Magnoliaceae,Magnolia,elegans,,False,Aromadendron elegans
15080903.0,407,Callaeum macropterum,273856-2,Malpighiaceae,Callaeum,macropterum,,False,Mascagnia macroptera
10563035.0,451,Malpighia glabra,557048-1,Malpighiaceae,Malpighia,glabra,,True,Malpighia glabra
5895664.0,430,Heteropterys laurifolia,556563-1,Malpighiaceae,Heteropterys,laurifolia,,True,Heteropterys laurifolia
5895718.0,335,Byrsonima lucida,556111-1,Malpighiaceae,Byrsonima,lucida,,False,Byrsonima lucida
5895424.0,445,Malpighia coccigera,323776-2,Malpighiaceae,Malpighia,coccigera,,False,Malpighia coccigera
5895659.0,430,Heteropterys laurifolia,556563-1,Malpighiaceae,Heteropterys,laurifolia,,True,Heteropterys laurifolia
10563036.0,451,Malpighia glabra,557048-1,Malpighiaceae,Malpighia,glabra,,True,Malpighia glabra
5895536.0,326,Bunchosia glandulosa,555909-1,Malpighiaceae,Bunchosia,glandulosa,,False,Bunchosia glandulosa
5895732,211,Byrsonima lucida,556111-1,Malpighiaceae,Byrsonima,lucida,,False,Byrsonima lucida
5895733.0,283,Malpighia coccigera,323776-2,Malpighiaceae,Malpighia,coccigera,,False,Malpighia coccigera
5895689.0,323,Byrsonima wadsworthii,38975-2,Malpighiaceae,Byrsonima,wadsworthii,,False,Byrsonima wadsworthii
9754205.0,335,Byrsonima stipulacea,38943-2,Malpighiaceae,Byrsonima,stipulacea,,False,Byrsonima stipulacea
10285442.0,363,Heteropterys purpurea,556627-1,Malpighiaceae,Heteropterys,purpurea,,False,Heteropterys purpurea
6259858,467,Pavonia burchellii,562784-1,Malvaceae,Pavonia,burchellii,,False,Pavonia burchellii
8287566,606,Hibiscus lunariifolius,560470-1,Malvaceae,Hibiscus,lunariifolius,,False,Hibiscus lunariifolius
12002113,569,Megistostegium sp.,25977-1,Malvaceae,Megistostegium,,,False,Megistostegium sp.
18514727,616,Abutilon viscosum,77146518-1,Malvaceae,Abutilon,viscosum,,False,Bastardia viscosa
6188723,414,Hibiscus flavifolius,560242-1,Malvaceae,Hibiscus,flavifolius,,False,Hibiscus flavifolius
8287555,494,Hibiscus cannabinus,560068-1,Malvaceae,Hibiscus,cannabinus,,False,Hibiscus cannabinus
4934382,348,Cola suboppositifolia,20007226-1,Malvaceae,Cola,suboppositifolia,,False,Cola suboppositifolia
6757352,285,Abutilon mauritianum,1094644-2,Malvaceae,Abutilon,mauritianum,,False,Abutilon mauritianum
8261182,563,Boschia griffithii,559207-1,Malvaceae,Boschia,griffithii,,False,Durio acutifolius
5932263,441,Sida cordata,563597-1,Malvaceae,Sida,cordata,,False,Sida beddomei
4934165,348,Cola suboppositifolia,20007226-1,Malvaceae,Cola,suboppositifolia,,False,Cola suboppositifolia
8297706,375,Colona scabra,833470-1,Malvaceae,Colona,scabra,,False,Colona scabra
9597769,274,Hibiscus micranthus,560520-1,Malvaceae,Hibiscus,micranthus,,False,Hibiscus micranthus
6757394,363,Grewia kakothamnos,834303-1,Malvaceae,Grewia,kakothamnos,,False,Grewia kakothamnos
8287553,493,Hibiscus acetosella,559896-1,Malvaceae,Hibiscus,acetosella,,False,Hibiscus acetosella
5932288,468,Sida spinosa,235838-2,Malvaceae,Sida,spinosa,,True,Sida spinosa
6757293,272,Hermannia uhligii,823982-1,Malvaceae,Hermannia,uhligii,,False,Hermannia uhligii
8287557,494,Hibiscus cannabinus,560068-1,Malvaceae,Hibiscus,cannabinus,,False,Hibiscus cannabinus
8287588,494,Hibiscus sabdariffa,326388-2,Malvaceae,Hibiscus,sabdariffa,,False,Hibiscus sabdariffa
6188722,619,Pavonia burchellii,562784-1,Malvaceae,Pavonia,burchellii,,False,Pavonia burchellii
4934154,340,Cola verticillata,822811-1,Malvaceae,Cola,verticillata,,False,Cola verticillata
8287583,594,Hibiscus  rosa-sinensis,560756-1,Malvaceae,Hibiscus,rosa-sinensis,,False,Hibiscus rosa-sinensis
8287564,587,Hibiscus lobatus,560458-1,Malvaceae,Hibiscus,lobatus,,False,Hibiscus lobatus
8287582,491,Hibiscus radiatus,560722-1,Malvaceae,Hibiscus,radiatus,,True,Hibiscus radiatus
3852030,317,Argyrodendron sp.,38613-1,Malvaceae,Argyrodendron,,,True,Argyrodendron sp.
6757379,356,Grewia kakothamnos,834303-1,Malvaceae,Grewia,kakothamnos,,False,Grewia kakothamnos
6188756,599,Hibiscus trionum,122028-2,Malvaceae,Hibiscus,trionum,,False,Hibiscus trionum
8335932,567,Pentace polyantha,835007-1,Malvaceae,Pentace,polyantha,,False,Pentace polyantha
8297671,311,Scaphium macropodum,825025-1,Malvaceae,Scaphium,macropodum,,False,Scaphium borneensis
4619021,626,Tilia maximowicziana,835435-1,Malvaceae,Tilia,maximowicziana,,False,Tilia maximowicziana
8297632,387,Microcos tomentosa,834868-1,Malvaceae,Microcos,tomentosa,,False,Grewia paniculata
4933962,330,Cola rostrata,822781-1,Malvaceae,Cola,rostrata,,False,Cola rostrata
3580578,315,Cola acuminata,822645-1,Malvaceae,Cola,acuminata,,False,Cola acuminata
3580514,421,Scaphopetalum blackii,825032-1,Malvaceae,Scaphopetalum,blackii,,False,Scaphopetalum blackii
8297666,321,Heritiera javanica,823565-1,Malvaceae,Heritiera,javanica,,False,Heritiera javanica
6786058,554,Malva parviflora,561830-1,Malvaceae,Malva,parviflora,,True,Malva parviflora
8296613,314,Pterygota horsfieldii,824835-1,Malvaceae,Pterygota,horsfieldii,,False,Pterygota horsfieldii
6757239,474,Hibiscus meyeri,560516-1,Malvaceae,Hibiscus,meyeri,,False,Hibiscus meyeri
3580664,337,Microcos coriacea,834803-1,Malvaceae,Microcos,coriacea,,False,Grewia coriacea
15061750,462,Waltheria indica,320781-2,Malvaceae,Waltheria,indica,,False,Waltheria indica
4934302,331,Cola lepidota,822723-1,Malvaceae,Cola,lepidota,,False,Cola lepidota
5932281,452,Sida rhombifolia,235798-2,Malvaceae,Sida,rhombifolia,,False,Sida rhombifolia
8287587,494,Hibiscus sabdariffa,326388-2,Malvaceae,Hibiscus,sabdariffa,,False,Hibiscus sabdariffa
8261208,537,Durio lanceolatus,559519-1,Malvaceae,Durio,lanceolatus,,False,Durio lanceolatus
4934437,333,Cola cauliflora,822672-1,Malvaceae,Cola,cauliflora,,False,Cola cauliflora
5932302,393,Grewia hirsuta,834275-1,Malvaceae,Grewia,hirsuta,,True,Grewia hirsuta
6288718,330,Sterculia dawei,825199-1,Malvaceae,Sterculia,dawei,,False,Sterculia dawei
15080730,538,Pavonia multiflora,185967-2,Malvaceae,Pavonia,multiflora,,False,Pavonia multiflora
4301948,570,Hibiscus makinoi,904364-1,Malvaceae,Hibiscus,makinoi,,False,Hibiscus makinoi
10563048,418,Dombeya burgessiae,822960-1,Malvaceae,Dombeya,burgessiae,,False,Dombeya mastersii
6143893,430,Thespesia populnea,564713-1,Malvaceae,Thespesia,populnea,,False,Thespesia populnea
8287563,587,Hibiscus lobatus,560458-1,Malvaceae,Hibiscus,lobatus,,False,Hibiscus lobatus
5932260,379,Sida rhombifolia subsp. alnifolia,919605-1,Malvaceae,Sida,rhombifolia,alnifolia,False,Sida alnifolia
4934032,355,Cola sp.,331503-2,Malvaceae,Cola,,,False,Cola sp. 2
6259872,468,Hibiscus meyeri,560516-1,Malvaceae,Hibiscus,meyeri,,False,Hibiscus meyeri
6757373,354,Grewia similis,834566-1,Malvaceae,Grewia,similis,,False,Grewia similis
8287558,491,Hibiscus hispidissimus,560352-1,Malvaceae,Hibiscus,hispidissimus,,True,Hibiscus hispidissimus
8287578,625,Hibiscus platanifolius,560650-1,Malvaceae,Hibiscus,platanifolius,,False,Hibiscus platanifolius
15080747,577,Sphaeralcea ambigua,241593-2,Malvaceae,Sphaeralcea,ambigua,,False,Sphaeralcea ambigua
3232518,518,Malva neglecta,561795-1,Malvaceae,Malva,neglecta,,False,Malva neglecta
5932261,379,Sida rhombifolia subsp. alnifolia,919605-1,Malvaceae,Sida,rhombifolia,alnifolia,False,Sida alnifolia
4934306,374,Cola lateritia,822716-1,Malvaceae,Cola,lateritia,,False,Cola lateritia
8099364,362,Sida alba,563396-1,Malvaceae,Sida,alba,,True,Sida alba
6288524,312,Cola griseiflora,822703-1,Malvaceae,Cola,griseiflora,,False,Cola griseiflora
4934238,334,Cola praeacuta,822765-1,Malvaceae,Cola,praeacuta,,False,Cola praeacuta
4934155,355,Cola sp.,331503-2,Malvaceae,Cola,,,False,Cola sp. 2
8287570,492,Hibiscus micranthus,560520-1,Malvaceae,Hibiscus,micranthus,,False,Hibiscus micranthus
10563044,577,Hibiscus schizopetalus,560792-1,Malvaceae,Hibiscus,schizopetalus,,False,Hibiscus schizopetalus
8335993,486,Boschia griffithii,559207-1,Malvaceae,Boschia,griffithii,,False,Durio griffithii
8267534,321,Heritiera javanica,823565-1,Malvaceae,Heritiera,javanica,,False,Heritiera javanica
4618893,581,Hibiscus tiliaceus,2849858-4,Malvaceae,Hibiscus,tiliaceus,,True,Hibiscus tiliaceus
8287595,544,Hibiscus trionum,122028-2,Malvaceae,Hibiscus,trionum,,False,Hibiscus trionum
4934047,331,Cola digitata,822681-1,Malvaceae,Cola,digitata,,False,Cola digitata
12002114,389,Grewia sp.,30123138-2,Malvaceae,Grewia,,,False,Grewia sp.
4934286,450,Leptonychia echinocarpa,824150-1,Malvaceae,Leptonychia,echinocarpa,,False,Leptonychia echinocarpa
4934429,332,Cola rostrata,822781-1,Malvaceae,Cola,rostrata,,False,Cola rostrata
4934051,340,Cola verticillata,822811-1,Malvaceae,Cola,verticillata,,False,Cola verticillata
5895422,470,Helicteres jamaicensis,823472-1,Malvaceae,Helicteres,jamaicensis,,True,Helicteres jamaicensis
17648045,554,Sphaeralcea coccinea,241641-2,Malvaceae,Sphaeralcea,coccinea,,False,Sphaeralcea coccinea
8287591,491,Hibiscus surattensis,560886-1,Malvaceae,Hibiscus,surattensis,,False,Hibiscus surattensis
6786056,528,Malva parviflora,561830-1,Malvaceae,Malva,parviflora,,True,Malva parviflora
4934457,468,Leptonychia echinocarpa,824150-1,Malvaceae,Leptonychia,echinocarpa,,False,Leptonychia echinocarpa
8287561,389,Hibiscus hirtus,560350-1,Malvaceae,Hibiscus,hirtus,,True,Hibiscus hirtus
8297714,313,Heritiera arafurensis,823546-1,Malvaceae,Heritiera,arafurensis,,False,Heritiera arafurensis
4934438,447,Scaphopetalum blackii,825032-1,Malvaceae,Scaphopetalum,blackii,,False,Scaphopetalum blackii
4934442,454,Leptonychia pallida,824169-1,Malvaceae,Leptonychia,pallida,,False,Leptonychia pallida
5932274,484,Sida linifolia,563888-1,Malvaceae,Sida,linifolia,,False,Sida linifolia
5932283,463,Sida rhombifolia subsp. rhombifolia,87332-3,Malvaceae,Sida,rhombifolia,rhombifolia,False,Sida rhomboidea
5932300,443,Urena lobata,564786-1,Malvaceae,Urena,lobata,,False,Urena lobata
5932276,484,Sida linifolia,563888-1,Malvaceae,Sida,linifolia,,False,Sida linifolia
5932268,453,Sida cordifolia,563600-1,Malvaceae,Sida,cordifolia,,True,Sida cordifolia
6288510,315,Cola acuminata,822645-1,Malvaceae,Cola,acuminata,,False,Cola acuminata
6288693,376,Microcos louisii,77319765-1,Malvaceae,Microcos,louisii,,False,Grewia louisii
3818472,401,Brachychiton acerifolius,822254-1,Malvaceae,Brachychiton,acerifolius,,False,Brachychiton acerifolius
9598522,488,Hibiscus sparseaculeatus,560837-1,Malvaceae,Hibiscus,sparseaculeatus,,False,Hibiscus sparseaculeatus
4934048,334,Cola praeacuta,822765-1,Malvaceae,Cola,praeacuta,,False,Cola praeacuta
5932291,464,Sida tiagii,564293-1,Malvaceae,Sida,tiagii,,False,Sida tiagii
4301997,295,Heritiera littoralis,823569-1,Malvaceae,Heritiera,littoralis,,False,Heritiera littoralis
6288592,377,Microcos oligoneura,834840-1,Malvaceae,Microcos,oligoneura,,False,Grewia oligoneura
5932272,453,Sida rhombifolia subsp. rhombifolia,87332-3,Malvaceae,Sida,rhombifolia,rhombifolia,False,Sida fryxellii
18514728,361,Hampea trilobata,117309-2,Malvaceae,Hampea,trilobata,,False,Hampea trilobata
5932266,441,Sida cordata,563597-1,Malvaceae,Sida,cordata,,False,Sida cordata
8301127,311,Pterocymbium tinctorium var. javanicum,77251442-1,Malvaceae,Pterocymbium,tinctorium,javanicum,False,Pterocymbium javanicum
9077844,431,Trichospermum pleiostigma,835688-1,Malvaceae,Trichospermum,pleiostigma,,False,Trichospermum pleiostigma
15080791,557,Theobroma purpureum,252468-2,Malvaceae,Theobroma,purpureum,,False,Herrania purpurea
5932259,455,Sida acuta,235518-2,Malvaceae,Sida,acuta,,False,Sida acuta
14517623,602,Hibiscus makinoi,904364-1,Malvaceae,Hibiscus,makinoi,,False,Hibiscus makinoi
9239807.0,606,Hibiscus  rosa-sinensis,560756-1,Malvaceae,Hibiscus,rosa-sinensis,,False,Hibiscus rosa-sinensis
4619060,579,Hibiscus glaber,560290-1,Malvaceae,Hibiscus,glaber,,False,Hibiscus glaber
4934141.0,330,Cola semecarpophylla,822788-1,Malvaceae,Cola,semecarpophylla,,False,Cola semecarpophylla
5932278.0,403,Sida ravii,987491-1,Malvaceae,Sida,ravii,,False,Sida ravii
9077786.0,411,Trichospermum pleiostigma,835688-1,Malvaceae,Trichospermum,pleiostigma,,False,Trichospermum pleiostigma
4934468.0,338,Cola digitata,822681-1,Malvaceae,Cola,digitata,,False,Cola digitata
8287576.0,635,Cravenia panduriformis,77343034-1,Malvaceae,Cravenia,panduriformis,,False,Hibiscus panduriformis
6188738.0,377,Hibiscus aponeurus,559937-1,Malvaceae,Hibiscus,aponeurus,,False,Hibiscus aponeurus
3818470.0,317,Argyrodendron peralatum,137341-3,Malvaceae,Argyrodendron,peralatum,,False,Argyrodendron peralatum
3852091.0,564,Commersonia bartramia,822821-1,Malvaceae,Commersonia,bartramia,,False,Commersonia bartramia
10563046.0,417,Dombeya burgessiae,822960-1,Malvaceae,Dombeya,burgessiae,,False,Dombeya mastersii
6757342.0,506,Hibiscus calyphyllus,560057-1,Malvaceae,Hibiscus,calyphyllus,,False,Hibiscus calyphyllus
8297750.0,317,Argyrodendron trifoliolatum,822044-1,Malvaceae,Argyrodendron,trifoliolatum,,False,Heritiera trifoliolata
3852021.0,317,Argyrodendron sp.,38613-1,Malvaceae,Argyrodendron,,,True,Argyrodendron sp.
3852036.0,284,Argyrodendron peralatum,137341-3,Malvaceae,Argyrodendron,peralatum,,False,Argyrodendron peralatum
6288558.0,383,Desplatsia dewevrei,833709-1,Malvaceae,Desplatsia,dewevrei,,False,Desplatsia dewevrei
8297613.0,373,Microcos tomentosa,834868-1,Malvaceae,Microcos,tomentosa,,False,Grewia paniculata
6188724.0,414,Hibiscus flavifolius,560242-1,Malvaceae,Hibiscus,flavifolius,,False,Hibiscus flavifolius
10563041.0,577,Hibiscus schizopetalus,560792-1,Malvaceae,Hibiscus,schizopetalus,,False,Hibiscus schizopetalus
6757340.0,547,Hibiscus calyphyllus,560057-1,Malvaceae,Hibiscus,calyphyllus,,False,Hibiscus calyphyllus
8287567.0,606,Hibiscus lunariifolius,560470-1,Malvaceae,Hibiscus,lunariifolius,,False,Hibiscus lunariifolius
15080792.0,549,Dombeya wallichii,823281-1,Malvaceae,Dombeya,wallichii,,False,Dombeya wallichii
6757354.0,475,Abutilon mauritianum,1094644-2,Malvaceae,Abutilon,mauritianum,,False,Abutilon mauritianum
4301931.0,567,Hibiscus tiliaceus,2849858-4,Malvaceae,Hibiscus,tiliaceus,,True,Hibiscus tiliaceus
9236505.0,633,Gossypium barbadense,559677-1,Malvaceae,Gossypium,barbadense,,False,Gossypium barbadense
10285443.0,372,Melochia pyramidata,157004-2,Malvaceae,Melochia,pyramidata,,False,Melochia pyramidata
5932279.0,403,Sida ravii,987491-1,Malvaceae,Sida,ravii,,False,Sida ravii
3818474.0,425,Brachychiton acerifolius,822254-1,Malvaceae,Brachychiton,acerifolius,,False,Brachychiton acerifolius
4934340.0,342,Cola cauliflora,822672-1,Malvaceae,Cola,cauliflora,,False,Cola cauliflora
7088167.0,427,Waltheria indica,320781-2,Malvaceae,Waltheria,indica,,False,Waltheria indica
8287572.0,491,Hibiscus mutabilis,560549-1,Malvaceae,Hibiscus,mutabilis,,False,Hibiscus mutabilis
5932299.0,443,Urena lobata,564786-1,Malvaceae,Urena,lobata,,False,Urena lobata
8261381.0,311,Scaphium macropodum,825025-1,Malvaceae,Scaphium,macropodum,,False,Scaphium macropodum
15080586,552,Pachira insignis,562668-1,Malvaceae,Pachira,insignis,,False,Pachira insignis
5895379.0,305,Thespesia grandiflora,564704-1,Malvaceae,Thespesia,grandiflora,,False,Thespesia grandiflora
5895403.0,567,Hibiscus sp.,121930-2,Malvaceae,Hibiscus,,,True,Hibiscus elatus
5932270.0,453,Sida cordifolia,563600-1,Malvaceae,Sida,cordifolia,,True,Sida cordifolia
6259095.0,465,Sida ovata,564015-1,Malvaceae,Sida,ovata,,True,Sida ovata
8287571.0,491,Hibiscus mutabilis,560549-1,Malvaceae,Hibiscus,mutabilis,,False,Hibiscus mutabilis
18052680.0,468,Theobroma lemniscatum,77340310-1,Malvaceae,Theobroma,lemniscatum,,False,Herrania lemniscata
8297736.0,439,Leptonychia caudata,824145-1,Malvaceae,Leptonychia,caudata,,False,Leptonychia glabra
6757374.0,360,Grewia similis,834566-1,Malvaceae,Grewia,similis,,False,Grewia similis
8287574.0,635,Cravenia panduriformis,77343034-1,Malvaceae,Cravenia,panduriformis,,False,Hibiscus panduriformis
5932280,452,Sida rhombifolia,235798-2,Malvaceae,Sida,rhombifolia,,False,Sida rhombifolia
3818478,317,Franciscodendron laurifolium,944835-1,Malvaceae,Franciscodendron,laurifolium,,False,Franciscodendron laurifolium
8287552,493,Hibiscus acetosella,559896-1,Malvaceae,Hibiscus,acetosella,,False,Hibiscus acetosella
6757296.0,272,Hermannia uhligii,823982-1,Malvaceae,Hermannia,uhligii,,False,Hermannia uhligii
5895686,537,Pavonia paludicola,941136-1,Malvaceae,Pavonia,paludicola,,False,Pavonia paludicola
3818479.0,317,Franciscodendron laurifolium,944835-1,Malvaceae,Franciscodendron,laurifolium,,False,Franciscodendron laurifolium
5932286.0,406,Sida rhombifolia var. scabrida,77253376-1,Malvaceae,Sida,rhombifolia,scabrida,False,Sida scabrida
8287590.0,491,Hibiscus surattensis,560886-1,Malvaceae,Hibiscus,surattensis,,False,Hibiscus surattensis
5858691.0,376,Microcos louisii,77319765-1,Malvaceae,Microcos,louisii,,False,Grewia louisii
9598521.0,488,Hibiscus sparseaculeatus,560837-1,Malvaceae,Hibiscus,sparseaculeatus,,False,Hibiscus sparseaculeatus
15080838.0,397,Grewia sp.,30123138-2,Malvaceae,Grewia,,,False,Grewia sp.
5932257.0,455,Sida acuta,235518-2,Malvaceae,Sida,acuta,,False,Sida acuta
6288600.0,307,Cola altissima,822648-1,Malvaceae,Cola,altissima,,False,Cola altissima
4934115.0,337,Cola lepidota,822723-1,Malvaceae,Cola,lepidota,,False,Cola lepidota
4934145.0,408,Microcos coriacea,834803-1,Malvaceae,Microcos,coriacea,,False,Grewia coriacea
5932287.0,406,Sida rhombifolia var. scabrida,77253376-1,Malvaceae,Sida,rhombifolia,scabrida,False,Sida scabrida
9236504.0,627,Gossypium hirsutum,30042843-2,Malvaceae,Gossypium,hirsutum,,True,Gossypium hirsutum
8287579.0,479,Hibiscus platanifolius,560650-1,Malvaceae,Hibiscus,platanifolius,,False,Hibiscus platanifolius
6259093.0,452,Sida ovata,564015-1,Malvaceae,Sida,ovata,,True,Sida ovata
5932301.0,393,Grewia hirsuta,834275-1,Malvaceae,Grewia,hirsuta,,True,Grewia hirsuta
15080845.0,520,Hibiscus ferrugineus,560232-1,Malvaceae,Hibiscus,ferrugineus,,True,Hibiscus ferrugineus
4934006.0,374,Cola lateritia,822716-1,Malvaceae,Cola,lateritia,,False,Cola lateritia
9934125.0,582,Hibiscus ovalifolius,560586-1,Malvaceae,Hibiscus,ovalifolius,,False,Hibiscus ovalifolius
5932289.0,468,Sida spinosa,235838-2,Malvaceae,Sida,spinosa,,True,Sida spinosa
5932292.0,464,Sida tiagii,564293-1,Malvaceae,Sida,tiagii,,False,Sida tiagii
8287580.0,491,Hibiscus radiatus,560722-1,Malvaceae,Hibiscus,radiatus,,True,Hibiscus radiatus
15057490.0,555,Pseudobombax ellipticum,112509-1,Malvaceae,Pseudobombax,ellipticum,,False,Pseudobombax elliptica
9597802.0,244,Grewia bicolor,834087-1,Malvaceae,Grewia,bicolor,,True,Grewia bicolor
15080863.0,483,Sidalcea oregana subsp. hydrophila,235947-2,Malvaceae,Sidalcea,oregana,hydrophila,False,Sidalcea oregana subsp. hydrophila
15057577.0,580,Phymosia umbellata,195318-2,Malvaceae,Phymosia,umbellata,,False,Phymosia umbellata
5895611.0,476,Melochia tomentosa,157023-2,Malvaceae,Melochia,tomentosa,,False,Melochia tomentosa
5901651.0,578,Abutilon virginianum,366-2,Malvaceae,Abutilon,virginianum,,False,Bastardiopsis eggersii
9934126.0,571,Hibiscus ovalifolius,560586-1,Malvaceae,Hibiscus,ovalifolius,,False,Hibiscus ovalifolius
3818542.0,332,Heritiera littoralis,823569-1,Malvaceae,Heritiera,littoralis,,False,Heritiera littoralis
8099248.0,470,Corchorus trilocularis,833682-1,Malvaceae,Corchorus,trilocularis,,True,Corchorus trilocularis
4301893.0,533,Hibiscus hamabo,560323-1,Malvaceae,Hibiscus,hamabo,,False,Hibiscus hamabo
6288685.0,312,Cola griseiflora,822703-1,Malvaceae,Cola,griseiflora,,False,Cola griseiflora
8287560.0,491,Hibiscus hispidissimus,560352-1,Malvaceae,Hibiscus,hispidissimus,,True,Hibiscus hispidissimus
15080626.0,620,Quararibea pumila,284103-2,Malvaceae,Quararibea,pumila,,False,Quararibea pumila
9236503.0,604,Abelmoschus esculentus,558006-1,Malvaceae,Abelmoschus,esculentus,,False,Abelmoschus esculentus
4934542.0,469,Leptonychia pallida,824169-1,Malvaceae,Leptonychia,pallida,,False,Leptonychia pallida
15061745.0,486,Triumfetta sp.,30001692-2,Malvaceae,Triumfetta,,,False,Triumfetta sp.
4934211.0,330,Cola semecarpophylla,822788-1,Malvaceae,Cola,semecarpophylla,,False,Cola semecarpophylla
4934101.0,328,Cola chlamydantha,822673-1,Malvaceae,Cola,chlamydantha,,False,Chlamydocola chlamydantha
4934406.0,337,Cola chlamydantha,822673-1,Malvaceae,Cola,chlamydantha,,False,Chlamydocola chlamydantha
6188737.0,398,Hibiscus aponeurus,559937-1,Malvaceae,Hibiscus,aponeurus,,False,Hibiscus aponeurus
5895667.0,479,Marcgravia rectiflora,321278-2,Marcgraviaceae,Marcgravia,rectiflora,,False,Marcgravia rectiflora
15080614.0,471,Marcgravia rectiflora,321278-2,Marcgraviaceae,Marcgravia,rectiflora,,False,Marcgravia rectiflora
15080598.0,425,Norantea guianensis,829184-1,Marcgraviaceae,Norantea,guianensis,,False,Norantea guianensis
6541626.0,341,Chamaelirium luteum,532651-1,Melanthiaceae,Chamaelirium,luteum,,False,Chamaelirium luteum
5182581.0,268,Veratrum nigrum,543516-1,Melanthiaceae,Veratrum,nigrum,,False,Veratrum nigrum
6511616.0,294,Veratrum viride,543543-1,Melanthiaceae,Veratrum,viride,,True,Veratrum viride
6511563.0,294,Veratrum viride,543543-1,Melanthiaceae,Veratrum,viride,,True,Veratrum viride
6541727.0,287,Melanthium hybridum,538192-1,Melanthiaceae,Melanthium,hybridum,,False,Veratrum latifolium
5182580.0,349,Veratrum lobelianum,30300236-2,Melanthiaceae,Veratrum,lobelianum,,False,Veratrum lobelianum
6541728.0,391,Amianthium muscitoxicum,530074-1,Melanthiaceae,Amianthium,muscitoxicum,,False,Amianthium muscitoxicum
9077806.0,291,Beccarianthus acutifolius,948452-1,Melastomataceae,Beccarianthus,acutifolius,,False,Astronidium acutifolium
4934501.0,450,Warneckea pulcherrima,576919-1,Melastomataceae,Warneckea,pulcherrima,,False,Warneckea pulcherrima
5895389.0,294,Miconia urbanii,77207669-1,Melastomataceae,Miconia,urbanii,,False,Tetrazygia urbanii
4934178.0,404,Memecylon sp.,26452-1,Melastomataceae,Memecylon,,,False,Memecylon sp.
15080700.0,308,Medinilla rubicunda,570429-1,Melastomataceae,Medinilla,rubicunda,,False,Medinilla crassifolia
8261219.0,494,Pternandra azurea,574974-1,Melastomataceae,Pternandra,azurea,,False,Pternandra azure
4934225.0,468,Memecylon englerianum,571531-1,Melastomataceae,Memecylon,englerianum,,False,Memecylon englerianum
5895679.0,255,Mouriri helleri,164563-2,Melastomataceae,Mouriri,helleri,,False,Mouriri helleri
4934109.0,439,Warneckea jasminoides,576913-1,Melastomataceae,Warneckea,jasminoides,,False,Warneckea jasminoides
8261214.0,489,Memecylon garcinioides,571558-1,Melastomataceae,Memecylon,garcinioides,,False,Memecylon garcinioides
4934267.0,446,Warneckea membranifolia,576916-1,Melastomataceae,Warneckea,membranifolia,,False,Warneckea membranifolia
4934114.0,462,Memecylon afzelii,571386-1,Melastomataceae,Memecylon,afzelii,,False,Memecylon afzelii
4934209.0,408,Memecylon sp.,26452-1,Melastomataceae,Memecylon,,,False,Memecylon sp.
5895587.0,304,Miconia crotonifolia,77131443-1,Melastomataceae,Miconia,crotonifolia,,False,Tetrazygia crotonifolia
4934398.0,446,Warneckea membranifolia,576916-1,Melastomataceae,Warneckea,membranifolia,,False,Warneckea membranifolia
5895682.0,302,Miconia calycina,158838-2,Melastomataceae,Miconia,calycina,,False,Miconia calycina
5895544.0,291,Miconia crenata,77164247-1,Melastomataceae,Miconia,crenata,,False,Clidemia hirta
4934164.0,462,Memecylon afzelii,571386-1,Melastomataceae,Memecylon,afzelii,,False,Memecylon afzelii
4934226.0,457,Memecylon lateriflorum,571626-1,Melastomataceae,Memecylon,lateriflorum,,False,Memecylon lateriflorum
5895687.0,272,Miconia prasina,1069702-2,Melastomataceae,Miconia,prasina,,False,Miconia prasina
5895417.0,268,Miconia pycnoneura,159590-2,Melastomataceae,Miconia,pycnoneura,,False,Miconia pycnoneura
5895564.0,294,Miconia elaeagnoides,1168864-2,Melastomataceae,Miconia,elaeagnoides,,False,Tetrazygia elaeagnoides
9048303.0,312,Beccarianthus acutifolius,948452-1,Melastomataceae,Beccarianthus,acutifolius,,False,Astronidium acutifolium
5895432.0,294,Miconia angustifolia,1198849-2,Melastomataceae,Miconia,angustifolia,,False,Tetrazygia angustifolia
4934366.0,445,Warneckea pulcherrima,576919-1,Melastomataceae,Warneckea,pulcherrima,,False,Warneckea pulcherrima
5895368.0,296,Miconia thomasiana,573287-1,Melastomataceae,Miconia,thomasiana,,False,Miconia thomasiana
4301965.0,262,Blastus cochinchinensis,566788-1,Melastomataceae,Blastus,cochinchinensis,,False,Blastus cochinchinensis
3580636.0,422,Warneckea sp.,26654-1,Melastomataceae,Warneckea,,,False,Warneckea sp.
3580637.0,439,Warneckea sp.,26654-1,Melastomataceae,Warneckea,,,False,Warneckea sp.
5895388.0,299,Miconia krugiana,77139654-1,Melastomataceae,Miconia,krugiana,,False,Ossaea krugiana
8296602.0,311,Astronia papetaria,566439-1,Melastomataceae,Astronia,papetaria,,False,Astronia papetaria
5895394.0,268,Miconia serrulata,1000103-2,Melastomataceae,Miconia,serrulata,,True,Miconia serrulata
4934481.0,447,Warneckea jasminoides,576913-1,Melastomataceae,Warneckea,jasminoides,,False,Warneckea jasminoides
5895446.0,272,Miconia foveolata,159088-2,Melastomataceae,Miconia,foveolata,,False,Miconia foveolata
5895363.0,297,Miconia umbellata,77131441-1,Melastomataceae,Miconia,umbellata,,False,Clidemia eggersii
5895425.0,280,Miconia borinquensis,77205971-1,Melastomataceae,Miconia,borinquensis,,False,Mecranium latifolium
8335960.0,447,Memecylon edule,571520-1,Melastomataceae,Memecylon,edule,,False,Memecylon edule
9048306.0,293,Astronidium morobiense,940733-1,Melastomataceae,Astronidium,morobiense,,False,Astronidium morobiense
4934250.0,475,Memecylon englerianum,571531-1,Melastomataceae,Memecylon,englerianum,,False,Memecylon englerianum
4617938.0,303,Melastoma pentapetalum,943908-1,Melastomataceae,Melastoma,pentapetalum,,False,Melastoma tetramerum var. pentapetalum
5895494.0,269,Miconia sintenisii,159732-2,Melastomataceae,Miconia,sintenisii,,False,Miconia sintenisii
5895705.0,238,Miconia borinquensis,77205971-1,Melastomataceae,Miconia,borinquensis,,False,Mecranium latifolium
8335967.0,435,Memecylon lilacinum,571641-1,Melastomataceae,Memecylon,lilacinum,,False,Memecylon myrsinoides
15080765.0,294,Arthrostemma parvifolium,566347-1,Melastomataceae,Arthrostemma,parvifolium,,True,Arthrostemma parvifolium
8261406.0,358,Lijndenia laurina,569785-1,Melastomataceae,Lijndenia,laurina,,False,Memecylon oligoneurum
4934347.0,423,Memecylon laurentii,571628-1,Melastomataceae,Memecylon,laurentii,,False,Memecylon laurentii
5895708.0,212,Miconia serrulata,1000103-2,Melastomataceae,Miconia,serrulata,,True,Miconia serrulata
5895678.0,431,Mouriri helleri,164563-2,Melastomataceae,Mouriri,helleri,,False,Mouriri helleri
4934179.0,407,Memecylon laurentii,571628-1,Melastomataceae,Memecylon,laurentii,,False,Memecylon laurentii
5895719.0,303,Miconia laevigata,572641-1,Melastomataceae,Miconia,laevigata,,False,Miconia laevigata
5895562.0,295,Miconia pachyphylla,159456-2,Melastomataceae,Miconia,pachyphylla,,False,Miconia pachyphylla
5895574.0,288,Henriettea macfadyenii,120341-2,Melastomataceae,Henriettea,macfadyenii,,False,Henriettea macfadyenii
5895448.0,294,Miconia biflora,77207358-1,Melastomataceae,Miconia,biflora,,False,Tetrazygia biflora
5895738.0,288,Henriettea macfadyenii,120341-2,Melastomataceae,Henriettea,macfadyenii,,False,Henriettea macfadyenii
5895734.0,286,Henriettea squamulosa,278118-2,Melastomataceae,Henriettea,squamulosa,,False,Henriettea squamulosa
4617415.0,303,Melastoma pentapetalum,943908-1,Melastomataceae,Melastoma,pentapetalum,,False,Melastoma tetramerum var. pentapetalum
5895426.0,302,Henriettea squamulosa,278118-2,Melastomataceae,Henriettea,squamulosa,,False,Henriettea squamulosa
3604342.0,431,Toona ciliata,579299-1,Meliaceae,Toona,ciliata,,False,Toona ciliata
6288626.0,434,Leplaea thompsonii,77120946-1,Meliaceae,Leplaea,thompsonii,,False,Leplaea thompsonii
3852058.0,486,Prasoxylon klanderi,77222472-1,Meliaceae,Prasoxylon,klanderi,,False,Dysoxylum klanderi
9232306.0,372,Melia azedarach,578949-1,Meliaceae,Melia,azedarach,,False,Melia azedarach
6288598.0,440,Entandrophragma cylindricum,578406-1,Meliaceae,Entandrophragma,cylindricum,,False,Entandrophragma cylindricum
3852000.0,432,Didymocheton gaudichaudianus,577997-1,Meliaceae,Didymocheton,gaudichaudianus,,False,Dysoxylum gaudichaudianum
6288722.0,307,Trichilia gilgiana,579438-1,Meliaceae,Trichilia,gilgiana,,False,Trichilia gilgiana
8297609.0,433,Chisocheton pentandrus,577920-1,Meliaceae,Chisocheton,pentandrus,,False,Chisocheton pentandrus
6288665.0,407,Trichilia gilgiana,579438-1,Meliaceae,Trichilia,gilgiana,,False,Trichilia gilgiana
9041072.0,513,Toona sureni,579316-1,Meliaceae,Toona,sureni,,False,Toona sureni
9232324.0,349,Melia dubia,578966-1,Meliaceae,Melia,dubia,,False,Melia dubia
9232309.0,396,Melia azedarach,578949-1,Meliaceae,Melia,azedarach,,False,Melia azedarach
5895441.0,457,Trichilia triacantha,256934-2,Meliaceae,Trichilia,triacantha,,False,Trichilia triacantha
8335922.0,438,Aglaia crassinervia,577033-1,Meliaceae,Aglaia,crassinervia,,False,Aglaia crassinervia
7088138.0,560,Turraea mombassana,579804-1,Meliaceae,Turraea,mombassana,,False,Turraea mombassana
9048275.0,462,Epicharis brevipanicula,77222466-1,Meliaceae,Epicharis,brevipanicula,,False,Dysoxylum brevipaniculum
6143888.0,521,Aglaia elaeagnoidea,577065-1,Meliaceae,Aglaia,elaeagnoidea,,False,Aglaia elaeagnoidea
3923149.0,363,Cipadessa baccifera,577971-1,Meliaceae,Cipadessa,baccifera,,False,Cipadessa baccifera
7088092.0,543,Turraea mombassana,579804-1,Meliaceae,Turraea,mombassana,,False,Turraea mombassana
9232321.0,343,Melia dubia,578966-1,Meliaceae,Melia,dubia,,False,Melia dubia
3852013.0,477,Toona ciliata,579299-1,Meliaceae,Toona,ciliata,,False,Toona ciliata
9041069.0,488,Dysoxylum latifolium,578192-1,Meliaceae,Dysoxylum,latifolium,,False,Dysoxylum latifolium
6288537.0,370,Lovoa trichilioides,578918-1,Meliaceae,Lovoa,trichilioides,,False,Lovoa trichilioides
3852027.0,440,Didymocheton papuanus,77222448-1,Meliaceae,Didymocheton,papuanus,,False,Dysoxylum papuanum
3852096.0,394,Aglaia brownii,968393-1,Meliaceae,Aglaia,brownii,,False,Aglaia brownii
9041050.0,513,Toona sureni,579316-1,Meliaceae,Toona,sureni,,False,Toona sureni
4934431.0,448,Leplaea thompsonii,77120946-1,Meliaceae,Leplaea,thompsonii,,False,Guarea thompsonii
3580539.0,464,Carapa procera,577711-1,Meliaceae,Carapa,procera,,False,Carapa procera
10285462.0,351,Trichilia pallida,579573-1,Meliaceae,Trichilia,pallida,,False,Trichilia pallida
3818347.0,409,Didymocheton pettigrewianus,77222449-1,Meliaceae,Didymocheton,pettigrewianus,,False,Dysoxylum pettigrewianum
4934171.0,484,Trichilia sp.,332027-2,Meliaceae,Trichilia,,,False,Trichilia sp.
8297605.0,470,Lansium domesticum,578879-1,Meliaceae,Lansium,domesticum,,False,Lansium domesticum
8301098.0,311,Chisocheton koordersii,577882-1,Meliaceae,Chisocheton,koordersii,,False,Chisocheton koordersii
8335971.0,453,Aglaia lawii,577159-1,Meliaceae,Aglaia,lawii,,False,Aglaia lowii
6288723.0,317,Trichilia prieureana,579598-1,Meliaceae,Trichilia,prieureana,,False,Trichilia prieuriana
6288666.0,313,Trichilia prieureana,579598-1,Meliaceae,Trichilia,prieureana,,False,Trichilia prieuriana
3851972.0,417,Didymocheton pettigrewianus,77222449-1,Meliaceae,Didymocheton,pettigrewianus,,False,Dysoxylum pettigrewianum
3852115.0,410,Dysoxylum sp.,77248788-1,Meliaceae,Dysoxylum,,,False,Dysoxylum sp.
9048285.0,449,Epicharis cuneata,578440-1,Meliaceae,Epicharis,cuneata,,True,Dysoxylum cauliflorum
3923147.0,363,Cipadessa baccifera,577971-1,Meliaceae,Cipadessa,baccifera,,False,Cipadessa baccifera
4934482.0,467,Turraeanthus mannii,579879-1,Meliaceae,Turraeanthus,mannii,,False,Turraeanthus mannii
8301109.0,279,Aglaia argentea,576972-1,Meliaceae,Aglaia,argentea,,False,Aglaia argentea
4934441.0,484,Trichilia sp.,332027-2,Meliaceae,Trichilia,,,False,Trichilia sp.
4934086.0,454,Carapa procera,577711-1,Meliaceae,Carapa,procera,,False,Carapa procera
3852104.0,370,Dysoxylum latifolium,578192-1,Meliaceae,Dysoxylum,latifolium,,False,Dysoxylum latifolium
3818349.0,427,Didymocheton papuanus,77222448-1,Meliaceae,Didymocheton,papuanus,,False,Dysoxylum papuanum
9077821.0,395,Epicharis parasitica,77222489-1,Meliaceae,Epicharis,parasitica,,False,Dysoxylum parasiticum
5858695.0,293,Leplaea laurentii,77120944-1,Meliaceae,Leplaea,laurentii,,False,Guarea laurentii
6288523.0,293,Turraeanthus africanus,579875-1,Meliaceae,Turraeanthus,africanus,,False,Turraeanthus africanus
3852099.0,395,Didymocheton fraserianus,77222440-1,Meliaceae,Didymocheton,fraserianus,,False,Dysoxylum fraserianum
3818350.0,418,Didymocheton gaudichaudianus,577997-1,Meliaceae,Didymocheton,gaudichaudianus,,False,Dysoxylum gaudichaudianum
5895447.0,466,Trichilia hirta,322348-2,Meliaceae,Trichilia,hirta,,False,Trichilia hirta
3852106.0,339,Didymocheton rufus,578017-1,Meliaceae,Didymocheton,rufus,,False,Dysoxylum rufum
8261389.0,324,Reinwardtiodendron humile,911228-1,Meliaceae,Reinwardtiodendron,humile,,False,Reinwardtiodendron humile
12197064.0,301,Guarea guidonia,114060-2,Meliaceae,Guarea,guidonia,,False,Guarea guidonia
5895380.0,291,Swietenia mahagoni,1080203-2,Meliaceae,Swietenia,mahagoni,,False,Swietenia mahagoni
9041096.0,469,Epicharis parasitica,77222489-1,Meliaceae,Epicharis,parasitica,,False,Dysoxylum parasiticum
15080865.0,544,Azadirachta indica,1213180-2,Meliaceae,Azadirachta,indica,,False,Azadirachta indica
3851995.0,467,Dysoxylum oppositifolium,578254-1,Meliaceae,Dysoxylum,oppositifolium,,False,Dysoxylum oppositifolium
9077856.0,291,Aglaia rimosa,577291-1,Meliaceae,Aglaia,rimosa,,False,Aglaia rimosa
9232314.0,368,Azadirachta indica,1213180-2,Meliaceae,Azadirachta,indica,,False,Azadirachta indica
3818346.0,436,Aglaia tomentosa,577360-1,Meliaceae,Aglaia,tomentosa,,False,Aglaia tomentosa
4934215.0,502,Turraeanthus mannii,579879-1,Meliaceae,Turraeanthus,mannii,,False,Turraeanthus mannii
3852103.0,348,Aglaia argentea,576972-1,Meliaceae,Aglaia,argentea,,False,Aglaia argentea
3852040.0,329,Aglaia tomentosa,577360-1,Meliaceae,Aglaia,tomentosa,,False,Aglaia tomentosa
9048309.0,467,Epicharis brevipanicula,77222466-1,Meliaceae,Epicharis,brevipanicula,,False,Dysoxylum brevipaniculum
6288726.0,287,Turraeanthus africanus,579875-1,Meliaceae,Turraeanthus,africanus,,False,Turraeanthus africanus
8297747.0,300,Chisocheton ceramicus,577842-1,Meliaceae,Chisocheton,ceramicus,,False,Chisocheton ceramicus
8335965.0,412,Epicharis cuneata,578440-1,Meliaceae,Epicharis,cuneata,,True,Dysoxylum cauliflorum
3852097.0,374,Aglaia brownii,968393-1,Meliaceae,Aglaia,brownii,,False,Aglaia brownii
6288525.0,286,Trichilia rubescens,579635-1,Meliaceae,Trichilia,rubescens,,False,Trichilia rubescens
10927908.0,348,Trichilia hirta,322348-2,Meliaceae,Trichilia,hirta,,False,Trichilia hirta
6288522.0,287,Trichilia monadelpha,579542-1,Meliaceae,Trichilia,monadelpha,,False,Trichilia monadelpha
8267572.0,426,Aglaia odoratissima,577229-1,Meliaceae,Aglaia,odoratissima,,True,Aglaia odoratissima
9048301.0,281,Aglaia rimosa,577291-1,Meliaceae,Aglaia,rimosa,,False,Aglaia rimosa
6288620.0,459,Entandrophragma utile,578428-1,Meliaceae,Entandrophragma,utile,,False,Entandrophragma utile
8297638.0,405,Chisocheton pentandrus,577920-1,Meliaceae,Chisocheton,pentandrus,,False,Chisocheton pentandrus
8301100.0,387,Lansium domesticum,578879-1,Meliaceae,Lansium,domesticum,,False,Lansium domesticum
8267524.0,418,Aglaia crassinervia,577033-1,Meliaceae,Aglaia,crassinervia,,False,Aglaia crassinervia
17045200.0,480,Guarea sp.,331634-2,Meliaceae,Guarea,,,False,Guarea sp.
8297737.0,420,Aglaia sapindina,577310-1,Meliaceae,Aglaia,sapindina,,False,Aglaia sapindina
3851999.0,432,Dysoxylum oppositifolium,578254-1,Meliaceae,Dysoxylum,oppositifolium,,False,Dysoxylum oppositifolium
3604314.0,600,Tinospora smilacina,581639-1,Menispermaceae,Tinospora,smilacina,,False,Tinospora smilacina
9813125.0,449,Menispermum canadense,581040-1,Menispermaceae,Menispermum,canadense,,False,Menispermum canadense
6575316.0,634,Menispermum canadense,581040-1,Menispermaceae,Menispermum,canadense,,False,Menispermum canadense
4617681.0,527,Nephroia orbiculata,77260870-1,Menispermaceae,Nephroia,orbiculata,,False,Cocculus trilobus
4287807.0,573,Nephroia orbiculata,77260870-1,Menispermaceae,Nephroia,orbiculata,,False,Cocculus trilobus
6288677.0,552,Beirnaertia cabindensis,580222-1,Menispermaceae,Beirnaertia,cabindensis,,False,Beirnaertia cabindensis
6143929.0,604,Tiliacora acuminata,581532-1,Menispermaceae,Tiliacora,acuminata,,False,Tiliacora acuminata
4618037.0,631,Stephania japonica,581449-1,Menispermaceae,Stephania,japonica,,False,Stephania japonica
10507178.0,608,Pachygone laurifolia,77318398-1,Menispermaceae,Pachygone,laurifolia,,False,Cocculus laurifolius
3852064.0,346,Stephania japonica,581449-1,Menispermaceae,Stephania,japonica,,False,Stephania japonica
10507180.0,566,Pachygone laurifolia,77318398-1,Menispermaceae,Pachygone,laurifolia,,False,Cocculus laurifolius
3604330.0,518,Legnephora moorei,94728-3,Menispermaceae,Legnephora,moorei,,False,Legnephora moorei
6143928.0,626,Tinospora cordifolia,907828-1,Menispermaceae,Tinospora,cordifolia,,False,Tinospora cordifolia
5895656.0,577,Cissampelos pareira,59219-2,Menispermaceae,Cissampelos,pareira,,False,Cissampelos pareira
15080757.0,513,Ornduffia albiflora,77105265-1,Menyanthaceae,Ornduffia,albiflora,,False,Ornduffia albiflora
8297644.0,459,Platea latifolia,608234-1,Metteniusaceae,Platea,latifolia,,False,Platea latifolia
5895703.0,353,Ottoschulzia rhodoxylon,177485-2,Metteniusaceae,Ottoschulzia,rhodoxylon,,False,Ottoschulzia rhodoxylon
3604338.0,396,Apodytes brachystylis,607610-1,Metteniusaceae,Apodytes,brachystylis,,False,Apodytes brachystylis
3818375.0,465,Apodytes brachystylis,607610-1,Metteniusaceae,Apodytes,brachystylis,,False,Apodytes brachystylis
5901588.0,289,Ottoschulzia rhodoxylon,177485-2,Metteniusaceae,Ottoschulzia,rhodoxylon,,False,Ottoschulzia rhodoxylon
8155376.0,298,Hypertelis cerviana,77158665-1,Molluginaceae,Hypertelis,cerviana,,False,Mollugo cerviana
3818520.0,475,Steganthera laxiflora,77081970-1,Monimiaceae,Steganthera,laxiflora,,False,Steganthera laxiflora
3852047.0,454,Wilkiea angustifolia,582497-1,Monimiaceae,Wilkiea,angustifolia,,False,Wilkiea angustifolia
9077862.0,460,Steganthera royenii,905336-1,Monimiaceae,Steganthera,royenii,,False,Steganthera cf. royenii
3818452.0,459,Steganthera laxiflora,77081970-1,Monimiaceae,Steganthera,laxiflora,,False,Steganthera laxiflora
9041100.0,460,Steganthera hospitans,582418-1,Monimiaceae,Steganthera,hospitans,,False,Steganthera hospitans
3818521.0,463,Wilkiea angustifolia,582497-1,Monimiaceae,Wilkiea,angustifolia,,False,Wilkiea angustifolia
9041067.0,460,Palmeria arfakiana,582173-1,Monimiaceae,Palmeria,arfakiana,,False,Palmeria arfakiana
9048273.0,460,Steganthera royenii,905336-1,Monimiaceae,Steganthera,royenii,,False,Steganthera royenii
3818451.0,455,Steganthera macooraia,582423-1,Monimiaceae,Steganthera,macooraia,,False,Steganthera macooraia
6702810.0,431,Wilkiea austroqueenslandica,582498-1,Monimiaceae,Wilkiea,austroqueenslandica,,False,Wilkiea austroqueenslandica
9048302.0,460,Palmeria arfakiana,582173-1,Monimiaceae,Palmeria,arfakiana,,False,Palmeria arfakiana
3852011.0,461,Wilkiea sp.,27118-1,Monimiaceae,Wilkiea,,,False,Wilkiea sp. palmerstonii
3852045.0,460,Wilkiea macrophylla,582504-1,Monimiaceae,Wilkiea,macrophylla,,False,Wilkiea macrophylla
3852001.0,432,Wilkiea sp.,27118-1,Monimiaceae,Wilkiea,,,False,Wilkiea sp. palmerstonii
3852089.0,455,Steganthera macooraia,582423-1,Monimiaceae,Steganthera,macooraia,,False,Steganthera macooraia
9077832.0,460,Steganthera hirsuta,582417-1,Monimiaceae,Steganthera,hirsuta,,False,Steganthera hirsuta
3852046.0,460,Wilkiea macrophylla,582504-1,Monimiaceae,Wilkiea,macrophylla,,False,Wilkiea macrophylla
3232402.0,463,Claytonia caroliniana,59887-2,Montiaceae,Claytonia,caroliniana,,False,Claytonia caroliniana
15080821.0,426,Cistanthe crassifolia,77197894-1,Montiaceae,Cistanthe,crassifolia,,False,Calandrinia crassifolia
5911473.0,480,Claytonia caroliniana,59887-2,Montiaceae,Claytonia,caroliniana,,False,Claytonia caroliniana
6632193.0,485,Claytonia virginica,319144-2,Montiaceae,Claytonia,virginica,,False,Claytonia virginica
6632227.0,487,Claytonia virginica,319144-2,Montiaceae,Claytonia,virginica,,False,Claytonia virginica
15061746.0,355,Kaliphora madagascariensis,271819-1,Montiniaceae,Kaliphora,madagascariensis,,False,Kaliphora madagascariensis
4301927.0,409,Ficus benguetensis,852483-1,Moraceae,Ficus,benguetensis,,False,Ficus benguetensis
14517319.0,449,Broussonetia papyrifera,850861-1,Moraceae,Broussonetia,papyrifera,,False,Morus australis
4618831.0,403,Broussonetia monoica,850856-1,Moraceae,Broussonetia,monoica,,False,Broussonetia monoica
4301715.0,440,Broussonetia papyrifera,850861-1,Moraceae,Broussonetia,papyrifera,,False,Morus australis
9041101.0,437,Ficus rubrivestimenta,60454630-2,Moraceae,Ficus,rubrivestimenta,,False,Ficus rubrivestimenta
8301151.0,381,Ficus riedelii,853587-1,Moraceae,Ficus,riedelii,,False,Ficus riedelii
6288569.0,387,Ficus mucuso,583844-1,Moraceae,Ficus,mucuso,,False,Ficus mucuso
6288700.0,457,Milicia excelsa,910900-1,Moraceae,Milicia,excelsa,,False,Milicia excelsa
9041086.0,437,Ficus trichocerasa,584195-1,Moraceae,Ficus,trichocerasa,,False,Ficus trichocerasa
4301551.0,410,Ficus septica,853688-1,Moraceae,Ficus,septica,,False,Ficus septica
4301761.0,440,Morus cathayana,854633-1,Moraceae,Morus,cathayana,,False,Morus cathayana
4301936.0,422,Ficus virgata,853956-1,Moraceae,Ficus,virgata,,True,Ficus virgata
4934049.0,487,Treculia acuminata,856717-1,Moraceae,Treculia,acuminata,,False,Treculia acuminata
4302589.0,404,Ficus sarmentosa var. nipponica,77251059-1,Moraceae,Ficus,sarmentosa,nipponica,False,Ficus nipponica
9077800.0,264,Ficus adenosperma,852345-1,Moraceae,Ficus,adenosperma,,False,Ficus adenosperma
4618333.0,442,Ficus iidaiana,583625-1,Moraceae,Ficus,iidaiana,,False,Ficus iidaiana
3923377.0,412,Ficus simplicissima,853709-1,Moraceae,Ficus,simplicissima,,False,Ficus hirta
3923384.0,384,Ficus ischnopoda,853034-1,Moraceae,Ficus,ischnopoda,,False,Ficus ischnopoda
9077810.0,297,Ficus iodotricha,583648-1,Moraceae,Ficus,iodotricha,,False,Ficus iodotricha
8301164.0,401,Ficus benjamina,852486-1,Moraceae,Ficus,benjamina,,False,Ficus benjamina
4618380.0,404,Ficus pumila,853513-1,Moraceae,Ficus,pumila,,True,Ficus pumila
4303032.0,404,Ficus sarmentosa var. thunbergii,77250776-1,Moraceae,Ficus,sarmentosa,thunbergii,False,Ficus thunbergii
4617614.0,442,Ficus nishimurae,583868-1,Moraceae,Ficus,nishimurae,,False,Ficus nishimurae
4617770.0,442,Ficus iidaiana,583625-1,Moraceae,Ficus,iidaiana,,False,Ficus iidaiana
4933995.0,486,Treculia acuminata,856717-1,Moraceae,Treculia,acuminata,,False,Treculia acuminata
6288725.0,444,Trilepisium madagascariense,584677-1,Moraceae,Trilepisium,madagascariense,,False,Trilepisium madagascariense
8267511.0,485,Artocarpus anisophyllus,850354-1,Moraceae,Artocarpus,anisophyllus,,False,Artocarpus anisophylla
3923381.0,404,Ficus hispida,852981-1,Moraceae,Ficus,hispida,,True,Ficus hispida
9041058.0,437,Ficus trichocerasa,584195-1,Moraceae,Ficus,trichocerasa,,False,Ficus cf. trichocerasa
4302401.0,404,Ficus sarmentosa var. thunbergii,77250776-1,Moraceae,Ficus,sarmentosa,thunbergii,False,Ficus thunbergii
4618519.0,363,Ficus ampelos,852377-1,Moraceae,Ficus,ampelos,,True,Ficus ampelas
8301158.0,380,Ficus montana,77343016-1,Moraceae,Ficus,montana,,True,Ficus montana
10578498.0,401,Ficus elastica,60458499-2,Moraceae,Ficus,elastica,,False,Ficus elastica
15080842.0,457,Trilepisium madagascariense,584677-1,Moraceae,Trilepisium,madagascariense,,False,Trilepisium madagascariense
8155432.0,373,Ficus ingens,853021-1,Moraceae,Ficus,ingens,,False,Ficus ingens
8301159.0,387,Ficus variegata,853928-1,Moraceae,Ficus,variegata,,False,Ficus variegata
9048276.0,430,Ficus congesta,852649-1,Moraceae,Ficus,congesta,,True,Ficus congesta
15080549.0,439,Ficus sycomorus,853797-1,Moraceae,Ficus,sycomorus,,False,Ficus sycomorus
6730861.0,411,Morus rubra,854710-1,Moraceae,Morus,rubra,,False,Morus rubra
3852067.0,420,Ficus destruens,583425-1,Moraceae,Ficus,destruens,,False,Ficus destruens
4302780.0,405,Maclura cochinchinensis,584314-1,Moraceae,Maclura,cochinchinensis,,False,Maclura cochinchinensis var. gerontogea
10564256.0,275,Artocarpus lacucha,927744-1,Moraceae,Artocarpus,lacucha,,False,Artocarpus lakoocha
4302374.0,383,Broussonetia kaempferi,850849-1,Moraceae,Broussonetia,kaempferi,,False,Broussonetia kaempferi
10578496.0,402,Ficus neriifolia,77094094-1,Moraceae,Ficus,neriifolia,,True,Ficus nerrifolia
5895498.0,432,Ficus trigonata,316338-2,Moraceae,Ficus,trigonata,,False,Ficus trigonata
9041073.0,423,Artocarpus sepicanus,582645-1,Moraceae,Artocarpus,sepicanus,,False,Artocarpus cf. sepicanus
9077865.0,293,Ficus wassa,853973-1,Moraceae,Ficus,wassa,,False,Ficus wassa
8297743.0,430,Taxotrophis ilicifolia,856697-1,Moraceae,Taxotrophis,ilicifolia,,False,Taxotrophis ilicifolia
4302429.0,446,Broussonetia kaempferi,850849-1,Moraceae,Broussonetia,kaempferi,,False,Broussonetia kaempferi
4301904.0,409,Ficus benguetensis,852483-1,Moraceae,Ficus,benguetensis,,False,Ficus benguetensis
10927907.0,415,Ficus sp.,327905-2,Moraceae,Ficus,,,False,Ficus sp.
4618304.0,422,Ficus microcarpa,853217-1,Moraceae,Ficus,microcarpa,,True,Ficus microcarpa
3923369.0,361,Ficus triloba,1004157-1,Moraceae,Ficus,triloba,,False,Ficus esquiroliana
9077801.0,276,Ficus iodotricha,583648-1,Moraceae,Ficus,iodotricha,,False,Ficus iodotricha
5895486.0,441,Ficus crassinervia,852683-1,Moraceae,Ficus,crassinervia,,True,Ficus crassinervia
10578495.0,396,Ficus neriifolia,77094094-1,Moraceae,Ficus,neriifolia,,True,Ficus nerrifolia
11887125.0,255,Ficus luschnathiana,853154-1,Moraceae,Ficus,luschnathiana,,False,Ficus luschnathiana
8301125.0,389,Ficus virens,853954-1,Moraceae,Ficus,virens,,False,Ficus virens
4301600.0,411,Ficus microcarpa,853217-1,Moraceae,Ficus,microcarpa,,True,Ficus microcarpa
4617457.0,442,Ficus boninsimae,583262-1,Moraceae,Ficus,boninsimae,,False,Ficus boninsimae
15080786.0,443,Ficus carica,852556-1,Moraceae,Ficus,carica,,False,Ficus carica
14517638.0,404,Ficus pumila,853513-1,Moraceae,Ficus,pumila,,True,Ficus pumila
8301115.0,404,Ficus ampelos,852377-1,Moraceae,Ficus,ampelos,,True,Ficus ampelas
4302781.0,431,Maclura cochinchinensis,584314-1,Moraceae,Maclura,cochinchinensis,,False,Maclura cochinchinensis var. gerontogea
4617720.0,404,Ficus sarmentosa var. nipponica,77251059-1,Moraceae,Ficus,sarmentosa,nipponica,False,Ficus nipponica
3852019.0,411,Ficus variegata,853928-1,Moraceae,Ficus,variegata,,False,Ficus variegata
4619090.0,434,Morus boninensis,584341-1,Moraceae,Morus,boninensis,,False,Morus boninensis
10564255.0,211,Artocarpus lacucha,927744-1,Moraceae,Artocarpus,lacucha,,False,Artocarpus lakoocha
10578491.0,384,Ficus lyrata,853158-1,Moraceae,Ficus,lyrata,,False,Ficus lyrata
9048240.0,421,Ficus wassa,853973-1,Moraceae,Ficus,wassa,,False,Ficus wassa
3818556.0,443,Ficus racemifera,853537-1,Moraceae,Ficus,racemifera,,False,Ficus nodosa
4934143.0,432,Treculia africana,856719-1,Moraceae,Treculia,africana,,False,Treculia africana
10578492.0,406,Ficus lyrata,853158-1,Moraceae,Ficus,lyrata,,False,Ficus lyrata
6288689.0,391,Ficus mucuso,583844-1,Moraceae,Ficus,mucuso,,False,Ficus mucuso
4618256.0,434,Morus boninensis,584341-1,Moraceae,Morus,boninensis,,False,Morus boninensis
9077784.0,273,Ficus pungens,853522-1,Moraceae,Ficus,pungens,,False,Ficus pungens
8297689.0,456,Ficus congesta,852649-1,Moraceae,Ficus,congesta,,True,Ficus congesta
9048280.0,452,Streblus sp.,41006-1,Moraceae,Streblus,,,False,Streblus sp. 1
6288672.0,461,Antiaris toxicaria,850341-1,Moraceae,Antiaris,toxicaria,,False,Antiaris toxicaria
3580612.0,426,Treculia obovoidea,856722-1,Moraceae,Treculia,obovoidea,,False,Treculia obovoidea
9077830.0,249,Ficus pungens,853522-1,Moraceae,Ficus,pungens,,False,Ficus pungens
4618806.0,413,Ficus erecta,852802-1,Moraceae,Ficus,erecta,,False,Ficus erecta var. beecheyana
8336024.0,406,Ficus subcuneata,853765-1,Moraceae,Ficus,subcuneata,,False,Ficus subcuneata
9077790.0,273,Ficus calopilina,583303-1,Moraceae,Ficus,calopilina,,False,Ficus calopilina
5182567.0,344,Ficus benjamina,852486-1,Moraceae,Ficus,benjamina,,False,Ficus benjamina
6143948.0,437,Ficus benghalensis,852482-1,Moraceae,Ficus,benghalensis,,False,Ficus benghalensis
9048290.0,411,Ficus hombroniana,583606-1,Moraceae,Ficus,hombroniana,,False,Ficus hombroniana
4618846.0,366,Ficus subpisocarpa,584145-1,Moraceae,Ficus,subpisocarpa,,False,Ficus subpisocarpa
8155005.0,378,Ficus sycomorus,853797-1,Moraceae,Ficus,sycomorus,,False,Ficus sycomorus
3923392.0,387,Ficus semicordata,927561-1,Moraceae,Ficus,semicordata,,True,Ficus semicordata
8296645.0,368,Ficus subulata,853785-1,Moraceae,Ficus,subulata,,False,Ficus subulata
10578499.0,371,Ficus elastica,60458499-2,Moraceae,Ficus,elastica,,False,Ficus elastica
8335977.0,432,Prainea limpato,584566-1,Moraceae,Prainea,limpato,,False,Prainea limpato
4618265.0,434,Morus acidosa,854613-1,Moraceae,Morus,acidosa,,False,Morus kagayamae
4618302.0,440,Morus cathayana,854633-1,Moraceae,Morus,cathayana,,False,Morus cathayana
8268301.0,447,Ficus subulata,853785-1,Moraceae,Ficus,subulata,,False,Ficus subulata
14517581.0,395,Ficus subpisocarpa,584145-1,Moraceae,Ficus,subpisocarpa,,False,Ficus subpisocarpa
9041097.0,292,Ficus hombroniana,583606-1,Moraceae,Ficus,hombroniana,,False,Ficus hombroniana
3923400.0,374,Ficus variolosa,853930-1,Moraceae,Ficus,variolosa,,False,Ficus variolosa
3923389.0,387,Ficus semicordata,927561-1,Moraceae,Ficus,semicordata,,True,Ficus semicordata
8301119.0,380,Ficus montana,77343016-1,Moraceae,Ficus,montana,,True,Ficus montana
15080674.0,499,Dorstenia contrajerva,319180-2,Moraceae,Dorstenia,contrajerva,,False,Dorstenia contrajerva
8267578.0,488,Artocarpus odoratissimus,850422-1,Moraceae,Artocarpus,odoratissimus,,False,Artocarpus odoratissima
3818389.0,415,Ficus crassipes,852684-1,Moraceae,Ficus,crassipes,,False,Ficus crassipes
3923396.0,384,Ficus tinctoria,853840-1,Moraceae,Ficus,tinctoria,,False,Ficus tinctoria
8335941.0,434,Parartocarpus venenosus,854869-1,Moraceae,Parartocarpus,venenosus,,False,Parartocarpus venenosa
3923368.0,384,Ficus cyrtophylla,60458498-2,Moraceae,Ficus,cyrtophylla,,False,Ficus cyrtophylla
4287782.0,442,Broussonetia monoica,850856-1,Moraceae,Broussonetia,monoica,,False,Broussonetia monoica
8297755.0,383,Ficus benghalensis,852482-1,Moraceae,Ficus,benghalensis,,True,Ficus procera
3923371.0,384,Ficus glaberrima,852893-1,Moraceae,Ficus,glaberrima,,False,Ficus glaberrima
8297756.0,427,Ficus glaberrima,852893-1,Moraceae,Ficus,glaberrima,,False,Ficus glaberrima
9077835.0,274,Ficus morobensis,60433117-2,Moraceae,Ficus,morobensis,,False,Ficus morobensis
6541781.0,450,Morus rubra,854710-1,Moraceae,Morus,rubra,,False,Morus rubra
9048263.0,352,Ficus hesperidiiformis,852968-1,Moraceae,Ficus,hesperidiiformis,,False,Ficus xylosycia
3923363.0,382,Ficus altissima,852369-1,Moraceae,Ficus,altissima,,False,Ficus altissima
4617455.0,442,Ficus nishimurae,583868-1,Moraceae,Ficus,nishimurae,,False,Ficus nishimurae
4301549.0,412,Ficus virgata,853956-1,Moraceae,Ficus,virgata,,True,Ficus virgata
9041110.0,437,Ficus erythrosperma,852808-1,Moraceae,Ficus,erythrosperma,,False,Ficus erythrosperma
9077826.0,406,Ficus dammaropsis,583413-1,Moraceae,Ficus,dammaropsis,,False,Ficus dammaropsis
4934459.0,432,Treculia africana,856719-1,Moraceae,Treculia,africana,,False,Treculia africana
8261221.0,409,Ficus obscura,853311-1,Moraceae,Ficus,obscura,,False,Ficus obscura
8267559.0,434,Ficus simplicissima,853709-1,Moraceae,Ficus,simplicissima,,False,Ficus hirta
9077851.0,454,Streblus sp.,41006-1,Moraceae,Streblus,,,False,Streblus sp. 1
9077828.0,407,Ficus dammaropsis,583413-1,Moraceae,Ficus,dammaropsis,,False,Ficus dammaropsis
9077789.0,274,Ficus sp.,327905-2,Moraceae,Ficus,,,False,Ficus sp.
8297622.0,482,Artocarpus elasticus,850378-1,Moraceae,Artocarpus,elasticus,,False,Artocarpus elasticus
3923366.0,394,Ficus cyrtophylla,60458498-2,Moraceae,Ficus,cyrtophylla,,False,Ficus cyrtophylla
8267561.0,439,Ficus annulata,852394-1,Moraceae,Ficus,annulata,,False,Ficus annulata
3818391.0,414,Ficus destruens,583425-1,Moraceae,Ficus,destruens,,False,Ficus destruens
9041102.0,303,Artocarpus sepicanus,582645-1,Moraceae,Artocarpus,sepicanus,,False,Artocarpus cf. sepicanus
8336005.0,390,Ficus gul,852942-1,Moraceae,Ficus,gul,,False,Ficus gul
12197060.0,395,Clarisia biflora,851228-1,Moraceae,Clarisia,biflora,,False,Clarisia biflora
8297624.0,422,Ficus depressa,852736-1,Moraceae,Ficus,depressa,,True,Ficus depressa
4619173.0,442,Ficus boninsimae,583262-1,Moraceae,Ficus,boninsimae,,False,Ficus boninsimae
9048264.0,401,Ficus erythrosperma,852808-1,Moraceae,Ficus,erythrosperma,,False,Ficus erythrosperma
8301161.0,459,Artocarpus dadah,850373-1,Moraceae,Artocarpus,dadah,,False,Artocarpus dadah
5895629.0,347,Maclura tinctoria,1151750-2,Moraceae,Maclura,tinctoria,,False,Maclura tinctoria
22847302.0,454,Moringa oleifera,584736-1,Moringaceae,Moringa,oleifera,,False,Moringa oleifera
6143921.0,407,Moringa oleifera,584736-1,Moringaceae,Moringa,oleifera,,False,Moringa oleifera
4302955.0,427,Myrica rubra,585602-1,Myricaceae,Myrica,rubra,,False,Myrica rubra
5911331.0,413,Myrica gale,300581-2,Myricaceae,Myrica,gale,,False,Myrica gale
6143981.0,445,Myrica esculenta,585517-1,Myricaceae,Myrica,esculenta,,False,Myrica esculenta
4618339.0,426,Myrica rubra,585602-1,Myricaceae,Myrica,rubra,,False,Myrica rubra
4619191.0,427,Myrica gale,300581-2,Myricaceae,Myrica,gale,,False,Myrica gale var. tomentosa
8335963.0,405,Gymnacranthera forbesii,585680-1,Myristicaceae,Gymnacranthera,forbesii,,False,Gymnacranthera forbesii
8268328.0,381,Horsfieldia irya,585725-1,Myristicaceae,Horsfieldia,irya,,False,Horsfieldia irya
8261256.0,418,Knema cinerea,585847-1,Myristicaceae,Knema,cinerea,,False,Knema cinerea
8301108.0,385,Knema cinerea,585847-1,Myristicaceae,Knema,cinerea,,False,Knema cinerea
8296598.0,504,Myristica fatua,586067-1,Myristicaceae,Myristica,fatua,,True,Myristica fatua
8267549.0,384,Knema latericia,585879-1,Myristicaceae,Knema,latericia,,False,Knema latericia
8267541.0,384,Myristica maxima,586196-1,Myristicaceae,Myristica,maxima,,False,Myristica maxima
8297746.0,337,Gymnacranthera farquhariana var. paniculata,952549-1,Myristicaceae,Gymnacranthera,farquhariana,paniculata,False,Gymnacranthera paniculata
4934458.0,415,Coelocaryon preussii,585646-1,Myristicaceae,Coelocaryon,preussii,,False,Coelocaryon preussii
6288539.0,388,Staudtia kamerunensis,586541-1,Myristicaceae,Staudtia,kamerunensis,,False,Staudtia kamerunensis
8335998.0,279,Myristica fatua,586067-1,Myristicaceae,Myristica,fatua,,True,Myristica fatua
8336059.0,384,Horsfieldia sylvestris,585788-1,Myristicaceae,Horsfieldia,sylvestris,,False,Horsfieldia sylvestris
3580661.0,203,Scyphocephalium mannii,586537-1,Myristicaceae,Scyphocephalium,mannii,,False,Scyphocephalium ochocoa
8297742.0,370,Horsfieldia parviflora,585759-1,Myristicaceae,Horsfieldia,parviflora,,False,Horsfieldia bivalvis
8268273.0,349,Gymnacranthera farquhariana var. paniculata,952549-1,Myristicaceae,Gymnacranthera,farquhariana,paniculata,False,Gymnacranthera paniculata
4934490.0,400,Coelocaryon preussii,585646-1,Myristicaceae,Coelocaryon,preussii,,False,Coelocaryon preussii
8261395.0,384,Myristica cinnamomea,586016-1,Myristicaceae,Myristica,cinnamomea,,False,Myristica cinnamomea
8297732.0,384,Horsfieldia sylvestris,585788-1,Myristicaceae,Horsfieldia,sylvestris,,False,Horsfieldia sylvestris
4934274.0,420,Staudtia kamerunensis,586541-1,Myristicaceae,Staudtia,kamerunensis,,False,Staudtia kamerunensis
8336001.0,385,Myristica maxima,586196-1,Myristicaceae,Myristica,maxima,,False,Myristica maxima
3580476.0,320,Staudtia kamerunensis var. gabonensis,886919-1,Myristicaceae,Staudtia,kamerunensis,gabonensis,False,Staudtia gabonensis
8335951.0,384,Knema galeata,585858-1,Myristicaceae,Knema,galeata,,False,Knema galeata
8336061.0,354,Horsfieldia parviflora,585759-1,Myristicaceae,Horsfieldia,parviflora,,False,Horsfieldia bivalvis
8261212.0,391,Knema laurina,585881-1,Myristicaceae,Knema,laurina,,False,Knema laurina
6288576.0,387,Pycnanthus angolensis,586520-1,Myristicaceae,Pycnanthus,angolensis,,False,Pycnanthus angolensis
8261397.0,403,Gymnacranthera contracta,585675-1,Myristicaceae,Gymnacranthera,contracta,,False,Gymnacranthera contracta
8261187.0,386,Knema latifolia,585880-1,Myristicaceae,Knema,latifolia,,False,Knema latifolia
9077791.0,394,Myristica subalulata,586319-1,Myristicaceae,Myristica,subalulata,,False,Myristica subalulata
8268288.0,384,Horsfieldia irya,585725-1,Myristicaceae,Horsfieldia,irya,,False,Horsfieldia irya
3852003.0,384,Myristica insipida,586132-1,Myristicaceae,Myristica,insipida,,False,Myristica insipida
8297683.0,302,Myristica lancifolia subsp. montana,956647-1,Myristicaceae,Myristica,lancifolia,montana,False,Myristica montana
8261243.0,411,Knema latericia,585879-1,Myristicaceae,Knema,latericia,,False,Knema latericia
8301146.0,372,Gymnacranthera farquhariana var. zippeliana,952550-1,Myristicaceae,Gymnacranthera,farquhariana,zippeliana,False,Gymnacranthera farquhariana var. zippeliana
8336007.0,363,Myristica lancifolia subsp. montana,956647-1,Myristicaceae,Myristica,lancifolia,montana,False,Myristica montana
8267546.0,381,Knema conferta,585849-1,Myristicaceae,Knema,conferta,,False,Knema conferta
3818351.0,384,Myristica insipida,586132-1,Myristicaceae,Myristica,insipida,,False,Myristica insipida
8297708.0,370,Horsfieldia glabra,585718-1,Myristicaceae,Horsfieldia,glabra,,False,Horsfieldia glabra
3580475.0,336,Scyphocephalium mannii,586537-1,Myristicaceae,Scyphocephalium,mannii,,False,Scyphocephalium ochocoa
5895577.0,547,Eugenia pseudopsidium,595646-1,Myrtaceae,Eugenia,pseudopsidium,,False,Eugenia pseudopsidium
5895401.0,550,Syzygium malaccense,601907-1,Myrtaceae,Syzygium,malaccense,,False,Syzygium malaccense
4619189.0,398,Metrosideros boninensis,598170-1,Myrtaceae,Metrosideros,boninensis,,False,Metrosideros boninensis
10556248.0,543,Melaleuca citrina,77108602-1,Myrtaceae,Melaleuca,citrina,,False,Callistemon citrinus
8297690.0,567,Eucalyptus deglupta,592872-1,Myrtaceae,Eucalyptus,deglupta,,False,Eucalyptus deglupta
3818357.0,516,Gossia shepherdii,70027646-1,Myrtaceae,Gossia,shepherdii,,False,Gossia shepherdii
18052677.0,487,Myrcia splendens,599170-1,Myrtaceae,Myrcia,splendens,,False,Myrcia fallax
10556249.0,543,Melaleuca citrina,77108602-1,Myrtaceae,Melaleuca,citrina,,False,Callistemon citrinus
3818369.0,542,Syzygium unipunctatum,77072423-1,Myrtaceae,Syzygium,unipunctatum,,False,Waterhousea unipunctata
9048243.0,561,Syzygium nemorale,601982-1,Myrtaceae,Syzygium,nemorale,,False,Syzygium nemorale
4934425.0,587,Eugenia talbotii,596129-1,Myrtaceae,Eugenia,talbotii,,False,Eugenia talbotii
15080873.0,520,Melaleuca sparsa,77140976-1,Myrtaceae,Melaleuca,sparsa,,False,Beaufortia sparsa
5895450.0,541,Myrcia krugii,77199451-1,Myrtaceae,Myrcia,krugii,,False,Calyptranthes krugii
15080764.0,518,Melaleuca viridiflora,598143-1,Myrtaceae,Melaleuca,viridiflora,,False,Melaleuca viridiflora
5895414.0,564,Myrcia luquillensis,77164253-1,Myrtaceae,Myrcia,luquillensis,,False,Calyptranthes luquillensis
3852080.0,320,Leptospermum wooroonooran,140638-3,Myrtaceae,Leptospermum,wooroonooran,,False,Leptospermum wooroonooran
15080568.0,567,Eugenia sp.,326088-2,Myrtaceae,Eugenia,,,False,Eugenia sp.
8261202.0,555,Syzygium urceolatum subsp. palembanicum,77118475-1,Myrtaceae,Syzygium,urceolatum,palembanicum,False,Syzygium palembanica
8335919.0,548,Syzygium oligomyrum,602023-1,Myrtaceae,Syzygium,oligomyrum,,False,Syzygium ochneocarpa
15080657.0,529,Pimenta dioica,196799-2,Myrtaceae,Pimenta,dioica,,False,Pimenta dioica
8261189.0,591,Syzygium hirtum,601768-1,Myrtaceae,Syzygium,hirtum,,False,Syzygium hirtum
5895582.0,547,Eugenia foetida,30311015-2,Myrtaceae,Eugenia,foetida,,False,Eugenia foetida
3818516.0,470,Syzygium johnsonii,913382-1,Myrtaceae,Syzygium,johnsonii,,False,Syzygium johnsonii
8268272.0,542,Kjellbergiodendron celebicum,597169-1,Myrtaceae,Kjellbergiodendron,celebicum,,False,Kjellbergiodendron celebicum
3818517.0,588,Lindsayomyrtus racemoides,962276-1,Myrtaceae,Lindsayomyrtus,racemoides,,False,Lindsayomyrtus racemoides
3818363.0,551,Backhousia enata,60442380-2,Myrtaceae,Backhousia,enata,,False,Backhousia enata
5895455.0,529,Myrcia fenzliana,328930-2,Myrtaceae,Myrcia,fenzliana,,False,Gomidesia lindeniana
5895375.0,565,Eugenia monticola,595185-1,Myrtaceae,Eugenia,monticola,,False,Eugenia monticola
8261265.0,619,Syzygium urceolatum subsp. palembanicum,77118475-1,Myrtaceae,Syzygium,urceolatum,palembanicum,False,Syzygium palembanica
5895538.0,544,Myrcia guianensis,598851-1,Myrtaceae,Myrcia,guianensis,,False,Myrcia guianensis
4618850.0,525,Syzygium buxifolium,601489-1,Myrtaceae,Syzygium,buxifolium,,False,Syzygium buxifolium
3818355.0,543,Rhodamnia blairiana,601110-1,Myrtaceae,Rhodamnia,blairiana,,False,Rhodamnia blairiana
9748933.0,318,Eugenia punicifolia,1046564-2,Myrtaceae,Eugenia,punicifolia,,False,Eugenia punicifolia
3818365.0,554,Syzygium endophloium,903172-1,Myrtaceae,Syzygium,endophloium,,False,Syzygium endophloium
15057676.0,532,Myrcianthes fragrans,166091-2,Myrtaceae,Myrcianthes,fragrans,,False,Myrcianthes fragrans
15080673.0,544,Syzygium jambos,601802-1,Myrtaceae,Syzygium,jambos,,False,Syzygium jambos
3818366.0,542,Syzygium wesa,903179-1,Myrtaceae,Syzygium,wesa,,False,Syzygium wesa
4934317.0,576,Eugenia talbotii,596129-1,Myrtaceae,Eugenia,talbotii,,False,Eugenia talbotii
5895493.0,537,Eugenia biflora,593768-1,Myrtaceae,Eugenia,biflora,,False,Eugenia biflora
4617602.0,398,Metrosideros boninensis,598170-1,Myrtaceae,Metrosideros,boninensis,,False,Metrosideros boninensis
10578482.0,537,Myrtus communis,599719-1,Myrtaceae,Myrtus,communis,,True,Myrtus communis
10578521.0,487,Melaleuca viminalis,914221-1,Myrtaceae,Melaleuca,viminalis,,False,Callistemon viminalis
3818367.0,542,Syzygium unipunctatum,77072423-1,Myrtaceae,Syzygium,unipunctatum,,False,Waterhousea unipunctata
5895622.0,546,Eugenia haematocarpa,98463-2,Myrtaceae,Eugenia,haematocarpa,,False,Eugenia haematocarpa
8268243.0,506,Syzygium racemosum,602139-1,Myrtaceae,Syzygium,racemosum,,False,Syzygium racemosum
3818359.0,515,Gossia grayi,70027643-1,Myrtaceae,Gossia,grayi,,False,Gossia grayi
4619186.0,515,Syzygium cleyerifolium,601554-1,Myrtaceae,Syzygium,cleyerifolium,,False,Syzygium cleyerifolium
10578484.0,537,Myrtus communis,599719-1,Myrtaceae,Myrtus,communis,,True,Myrtus communis
3851993.0,488,Melaleuca viminalis,914221-1,Myrtaceae,Melaleuca,viminalis,,False,Callistemon viminalis
5895754.0,521,Myrcia krugii,77199451-1,Myrtaceae,Myrcia,krugii,,False,Calyptranthes krugii
3818354.0,543,Rhodamnia sessiliflora,601135-1,Myrtaceae,Rhodamnia,sessiliflora,,False,Rhodamnia sessiliflora
11887155.0,553,Myrcianthes cisplatensis,30076995-2,Myrtaceae,Myrcianthes,cisplatensis,,False,Myrcianthes cisplatensis
8261246.0,571,Syzygium leptostemon,601861-1,Myrtaceae,Syzygium,leptostemon,,False,Syzygium leptostemon
8297682.0,432,Syzygium versteegii,602385-1,Myrtaceae,Syzygium,versteegii,,False,Syzygium versteegii
4618162.0,524,Syzygium cleyerifolium,601554-1,Myrtaceae,Syzygium,cleyerifolium,,False,Syzygium cleyerifolium
3818364.0,546,Syzygium johnsonii,913382-1,Myrtaceae,Syzygium,johnsonii,,False,Syzygium johnsonii
3818555.0,559,Syzygium claviflorum,601551-1,Myrtaceae,Syzygium,claviflorum,,False,Acmenosperma claviflorum
5895673.0,525,Eugenia pseudopsidium,595646-1,Myrtaceae,Eugenia,pseudopsidium,,False,Eugenia pseudopsidium
9077817.0,491,Archirhodomyrtus beckleri,590660-1,Myrtaceae,Archirhodomyrtus,beckleri,,False,Archirhodomyrtus beckleri
15057510.0,532,Myrcianthes fragrans,166091-2,Myrtaceae,Myrcianthes,fragrans,,False,Myrcianthes fragrans
8297728.0,560,Syzygium amplum,601399-1,Myrtaceae,Syzygium,amplum,,False,Syzygium amplum
5895484.0,531,Eugenia axillaris,593692-1,Myrtaceae,Eugenia,axillaris,,True,Eugenia axillaris
9048294.0,561,Syzygium hylophilum,601779-1,Myrtaceae,Syzygium,hylophilum,,False,Syzygium hylophilum
9077836.0,563,Syzygium aqueum,601415-1,Myrtaceae,Syzygium,aqueum,,False,Syzygium aqueum
5895741.0,545,Myrciaria borinquena,599309-1,Myrtaceae,Myrciaria,borinquena,,False,Myrciaria borinquena
3818360.0,456,Gossia grayi,70027643-1,Myrtaceae,Gossia,grayi,,False,Gossia grayi
11887148.0,555,Myrrhinium atropurpureum var. octandrum,50908361-1,Myrtaceae,Myrrhinium,atropurpureum,octandrum,False,Myrrhinium octandrum
9041074.0,492,Syzygium acuminatissimum,601372-1,Myrtaceae,Syzygium,acuminatissimum,,False,Syzygium acuminatissimum
8267547.0,413,Syzygium leptostemon,601861-1,Myrtaceae,Syzygium,leptostemon,,False,Syzygium sandakanensis
5895452.0,229,Eugenia cordata,594092-1,Myrtaceae,Eugenia,cordata,,True,Eugenia cordata
11887127.0,571,Myrcianthes pungens,599290-1,Myrtaceae,Myrcianthes,pungens,,False,Myrcianthes pungens
5895443.0,510,Myrcia woodburyi,77199626-1,Myrtaceae,Myrcia,woodburyi,,False,Calyptranthes woodburyi
3818356.0,534,Rhodamnia blairiana,601110-1,Myrtaceae,Rhodamnia,blairiana,,False,Rhodamnia blairiana
3818515.0,493,Gossia shepherdii,70027646-1,Myrtaceae,Gossia,shepherdii,,False,Gossia shepherdii
15080665.0,526,Melaleuca linariifolia,598003-1,Myrtaceae,Melaleuca,linariifolia,,False,Melaleuca linariifolia
5895746.0,549,Myrcia guianensis,598851-1,Myrtaceae,Myrcia,guianensis,,False,Myrcia guianensis
9567966.0,505,Myrcia bracteata,598646-1,Myrtaceae,Myrcia,bracteata,,False,Myrcia bracteata
5895736.0,218,Eugenia padronii,276972-2,Myrtaceae,Eugenia,padronii,,False,Eugenia padronii
5895365.0,549,Eugenia borinquensis,98116-2,Myrtaceae,Eugenia,borinquensis,,False,Eugenia borinquensis
5895615.0,559,Myrcia sintenisiana,77210449-1,Myrtaceae,Myrcia,sintenisiana,,False,Marlierea sintenisii
6143879.0,543,Psidium guajava,600841-1,Myrtaceae,Psidium,guajava,,False,Psidium guajava
5895697.0,466,Eugenia ligustrina,1162264-2,Myrtaceae,Eugenia,ligustrina,,True,Eugenia ligustrina
5895428.0,523,Pimenta racemosa,196820-2,Myrtaceae,Pimenta,racemosa,,False,Pimenta racemosa
5895700.0,528,Psidium amplexicaule,600710-1,Myrtaceae,Psidium,amplexicaule,,False,Psidium amplexicaule
4934289.0,592,Syzygium rowlandii,602184-1,Myrtaceae,Syzygium,rowlandii,,False,Syzygium rowlandii
4934298.0,592,Syzygium rowlandii,602184-1,Myrtaceae,Syzygium,rowlandii,,False,Syzygium rowlandii
6073044.0,554,Syzygium cumini,601603-1,Myrtaceae,Syzygium,cumini,,False,Syzygium cumini
9077823.0,563,Syzygium nemorale,601982-1,Myrtaceae,Syzygium,nemorale,,False,Syzygium nemorale
6702805.0,391,Decaspermum humile,592510-1,Myrtaceae,Decaspermum,humile,,False,Decaspermum humile
8267550.0,369,Syzygium claviflorum,601551-1,Myrtaceae,Syzygium,claviflorum,,False,Syzygium claviflorum
5895639.0,479,Myrciaria floribunda,599327-1,Myrtaceae,Myrciaria,floribunda,,False,Myrciaria floribunda
5895711.0,230,Eugenia padronii,276972-2,Myrtaceae,Eugenia,padronii,,False,Eugenia padronii
3604346.0,549,Rhodamnia sessiliflora,601135-1,Myrtaceae,Rhodamnia,sessiliflora,,False,Rhodamnia sessiliflora
5895427.0,548,Eugenia confusa,594073-1,Myrtaceae,Eugenia,confusa,,False,Eugenia confusa
5895672.0,560,Eugenia rhombea,98934-2,Myrtaceae,Eugenia,rhombea,,False,Eugenia rhombea
5895580.0,518,Psidium amplexicaule,600710-1,Myrtaceae,Psidium,amplexicaule,,False,Psidium amplexicaule
15057565.0,513,Feijoa sellowiana,596467-1,Myrtaceae,Feijoa,sellowiana,,False,Acca sellowiana
3818368.0,542,Syzygium wesa,903179-1,Myrtaceae,Syzygium,wesa,,False,Syzygium wesa
3818352.0,543,Rhodamnia costata,601113-1,Myrtaceae,Rhodamnia,costata,,False,Rhodamnia costata
8268278.0,549,Syzygium richardsonianum,602161-1,Myrtaceae,Syzygium,richardsonianum,,False,Syzygium richardsonianum
3580541.0,484,Syzygium sp.,327906-2,Myrtaceae,Syzygium,,,False,Syzygium sp.
5895437.0,523,Eugenia ligustrina,1162264-2,Myrtaceae,Eugenia,ligustrina,,True,Eugenia ligustrina
11887121.0,521,Feijoa sellowiana,596467-1,Myrtaceae,Feijoa,sellowiana,,False,Acca sellowiana
4618058.0,525,Syzygium buxifolium,601489-1,Myrtaceae,Syzygium,buxifolium,,False,Syzygium buxifolium
5895709.0,566,Eugenia foetida,30311015-2,Myrtaceae,Eugenia,foetida,,False,Eugenia foetida
8335918.0,533,Syzygium bankense,601439-1,Myrtaceae,Syzygium,bankense,,False,Syzygium bankense
8335928.0,558,Syzygium acuminatissimum,601372-1,Myrtaceae,Syzygium,acuminatissimum,,False,Syzygium acuminatissima
8268256.0,404,Syzygium decipiens,601624-1,Myrtaceae,Syzygium,decipiens,,False,Syzygium decipiens
8268265.0,528,Syzygium rosaceum,602177-1,Myrtaceae,Syzygium,rosaceum,,False,Syzygium rosaceum
5895429.0,537,Eugenia biflora,593768-1,Myrtaceae,Eugenia,biflora,,False,Eugenia biflora
5895491.0,552,Myrcia neosintenisii,77199583-1,Myrtaceae,Myrcia,neosintenisii,,False,Calyptranthes sintenisii
5895510.0,229,Eugenia sessiliflora,595937-1,Myrtaceae,Eugenia,sessiliflora,,True,Eugenia sessiliflora
3818362.0,557,Backhousia bancroftii,591025-1,Myrtaceae,Backhousia,bancroftii,,False,Backhousia bancroftii
3818353.0,543,Rhodamnia costata,601113-1,Myrtaceae,Rhodamnia,costata,,False,Rhodamnia costata
15080635.0,548,Psidium guajava,600841-1,Myrtaceae,Psidium,guajava,,False,Psidium guajava
8335936.0,542,Rhodamnia cinerea,601111-1,Myrtaceae,Rhodamnia,cinerea,,False,Rhodamnia cinerea
8261394.0,465,Syzygium leucoxylon,601866-1,Myrtaceae,Syzygium,leucoxylon,,False,Syzygium alcinea
3852044.0,551,Backhousia enata,60442380-2,Myrtaceae,Backhousia,enata,,False,Backhousia enata
3852084.0,318,Leptospermum wooroonooran,140638-3,Myrtaceae,Leptospermum,wooroonooran,,False,Leptospermum wooroonooran
5874169.0,250,Archirhodomyrtus beckleri,590660-1,Myrtaceae,Archirhodomyrtus,beckleri,,False,Archirhodomyrtus beckleri
5895407.0,548,Eugenia rhombea,98934-2,Myrtaceae,Eugenia,rhombea,,False,Eugenia rhombea
3924335.0,347,Nelumbo nucifera,605422-1,Nelumbonaceae,Nelumbo,nucifera,,False,Nelumbo nucifera
3924337.0,342,Nelumbo nucifera,605422-1,Nelumbonaceae,Nelumbo,nucifera,,False,Nelumbo nucifera
3924375.0,562,Nitraria roborowskii,873340-1,Nitrariaceae,Nitraria,roborowskii,,False,Nitraria roborowskii
3924376.0,554,Nitraria sibirica,873344-1,Nitrariaceae,Nitraria,sibirica,,True,Nitraria sibirica
3924378.0,554,Nitraria sibirica,873344-1,Nitrariaceae,Nitraria,sibirica,,True,Nitraria sibirica
3924380.0,555,Nitraria sphaerocarpa,873346-1,Nitrariaceae,Nitraria,sphaerocarpa,,False,Nitraria sphaerocarpa
7088130.0,304,Commicarpus pedunculosus,604473-1,Nyctaginaceae,Commicarpus,pedunculosus,,False,Commicarpus pedunculosus
15057682.0,246,Nyctaginia capitata,171132-2,Nyctaginaceae,Nyctaginia,capitata,,False,Nyctaginia capitata
18514732.0,560,Pisonia aculeata,326897-2,Nyctaginaceae,Pisonia,aculeata,,False,Pisonia aculeata
5895505.0,495,Guapira fragrans,113934-2,Nyctaginaceae,Guapira,fragrans,,False,Guapira fragrans
8268266.0,573,Ceodes umbellifera,604437-1,Nyctaginaceae,Ceodes,umbellifera,,False,Pisonia umbellifera
7088107.0,304,Commicarpus pedunculosus,604473-1,Nyctaginaceae,Commicarpus,pedunculosus,,False,Commicarpus pedunculosus
5895600.0,533,Guapira discolor,113927-2,Nyctaginaceae,Guapira,discolor,,False,Guapira discolor
9754213.0,508,Neea macrophylla,604776-1,Nyctaginaceae,Neea,macrophylla,,True,Neea macrophylla
15057475.0,277,Okenia hypogaea,326881-2,Nyctaginaceae,Okenia,hypogaea,,False,Okenia hypogaea
6143898.0,364,Boerhavia diffusa,326899-2,Nyctaginaceae,Boerhavia,diffusa,,True,Boerhavia diffusa
5895563.0,497,Neea buxifolia,167992-2,Nyctaginaceae,Neea,buxifolia,,False,Neea buxifolia
6143922.0,319,Mirabilis jalapa,162591-2,Nyctaginaceae,Mirabilis,jalapa,,False,Mirabilis jalapa
10285469.0,501,Guapira suborbiculata,113985-2,Nyctaginaceae,Guapira,suborbiculata,,False,Guapira suborbiculata
3923341.0,479,Euryale ferox,605350-1,Nymphaeaceae,Euryale,ferox,,False,Euryale ferox
3923344.0,479,Euryale ferox,605350-1,Nymphaeaceae,Euryale,ferox,,False,Euryale ferox
6143956.0,516,Nymphaea nouchali var. nouchali,77224882-1,Nymphaeaceae,Nymphaea,nouchali,nouchali,False,Nymphaea stellata
3924383.0,421,Nyssa sinensis,271952-1,Nyssaceae,Nyssa,sinensis,,False,Nyssa shangzeensis
3924385.0,421,Nyssa sinensis,271952-1,Nyssaceae,Nyssa,sinensis,,False,Nyssa shweliensis
15080647.0,452,Davidia involucrata,430593-1,Nyssaceae,Davidia,involucrata,,False,Davidia involucrata
3923000.0,416,Camptotheca acuminata,271482-1,Nyssaceae,Camptotheca,acuminata,,False,Camptotheca acuminata
3923002.0,416,Camptotheca acuminata,271482-1,Nyssaceae,Camptotheca,acuminata,,False,Camptotheca acuminata
8261235.0,476,Mastixia rostrata,271901-1,Nyssaceae,Mastixia,rostrata,,False,Mastixia rostrata
3923240.0,425,Davidia involucrata,430593-1,Nyssaceae,Davidia,involucrata,,False,Davidia involucrate
8261215.0,502,Mastixia cuspidata,271872-1,Nyssaceae,Mastixia,cuspidata,,False,Mastixia bracteata
6730859.0,445,Nyssa sylvatica,271953-1,Nyssaceae,Nyssa,sylvatica,,False,Nyssa sylvatica
3924389.0,427,Nyssa sylvatica,271953-1,Nyssaceae,Nyssa,sylvatica,,False,Nyssa sylvatica
6288692,446,Idertia axillaris,606356-1,Ochnaceae,Idertia,axillaris,,False,Gomphia mildbraedii
8261254.0,465,Campylospermum serratum,975825-1,Ochnaceae,Campylospermum,serratum,,False,Gomphia serrata
4934434,511,Campylospermum flavum,605885-1,Ochnaceae,Campylospermum,flavum,,False,Campylospermum flavum
4934110,492,Campylospermum flavum,605885-1,Ochnaceae,Campylospermum,flavum,,False,Campylospermum flavum
4934167.0,492,Campylospermum sulcatum,605927-1,Ochnaceae,Campylospermum,sulcatum,,False,Campylospermum sulcatum
9048238.0,527,Schuurmansia henningsii,867480-1,Ochnaceae,Schuurmansia,henningsii,,False,Schuurmansia henningsii
4934025.0,494,Campylospermum sulcatum,605927-1,Ochnaceae,Campylospermum,sulcatum,,False,Campylospermum sulcatum
3851965,463,Brackenridgea nitida subsp. australiana,71807-3,Ochnaceae,Brackenridgea,nitida,australiana,False,Brackenridgea australiana
4934567.0,477,Campylospermum laxiflorum,605897-1,Ochnaceae,Campylospermum,laxiflorum,,False,Campylospermum laxiflorum
8267583,385,Euthemis leucocarpa,606140-1,Ochnaceae,Euthemis,leucocarpa,,False,Euthemis leucocarpa
15080754.0,464,Ochna serrulata,606778-1,Ochnaceae,Ochna,serrulata,,False,Ochna serrulata
4934471.0,501,Campylospermum calanthum,605866-1,Ochnaceae,Campylospermum,calanthum,,False,Campylospermum calanthum
5895625.0,432,Ouratea striata,177656-2,Ochnaceae,Ouratea,striata,,True,Ouratea striata
3580620.0,432,Rhabdophyllum sp.,28101-1,Ochnaceae,Rhabdophyllum,,,False,Rhabdophyllum sp.
5895433.0,406,Ouratea litoralis,177576-2,Ochnaceae,Ouratea,litoralis,,False,Ouratea litoralis
4934234.0,490,Campylospermum mannii,605902-1,Ochnaceae,Campylospermum,mannii,,False,Campylospermum mannii
9754216.0,416,Sauvagesia tenella,867474-1,Ochnaceae,Sauvagesia,tenella,,False,Sauvagesia tenella
3818482.0,461,Brackenridgea nitida subsp. australiana,71807-3,Ochnaceae,Brackenridgea,nitida,australiana,False,Brackenridgea australiana
5895758,460,Ouratea litoralis,177576-2,Ochnaceae,Ouratea,litoralis,,False,Ouratea litoralis
4934432.0,498,Campylospermum mannii,605902-1,Ochnaceae,Campylospermum,mannii,,False,Campylospermum mannii
4934230.0,501,Campylospermum calanthum,605866-1,Ochnaceae,Campylospermum,calanthum,,False,Campylospermum calanthum
6288650.0,424,Ongokea gore,608169-1,Olacaceae,Ongokea,gore,,False,Ongokea gore
3580625.0,523,Olax sp.,28242-1,Olacaceae,Olax,,,False,Olax sp.
8335980.0,384,Anacolosa frutescens,607588-1,Olacaceae,Anacolosa,frutescens,,False,Anacolosa frutescens
4934476.0,516,Diogoa zenkeri,607761-1,Olacaceae,Diogoa,zenkeri,,False,Diogoa zenkeri
4934491.0,509,Strombosia sp.,28294-1,Olacaceae,Strombosia,,,False,Strombosia sp.
4934526.0,514,Strombosia scheffleri,608493-1,Olacaceae,Strombosia,scheffleri,,False,Strombosia scheffleri
8261419.0,510,Ochanostachys amentacea,608062-1,Olacaceae,Ochanostachys,amentacea,,False,Ochanostachys amentacea
4934433.0,507,Ptychopetalum petiolatum,608274-1,Olacaceae,Ptychopetalum,petiolatum,,False,Ptychopetalum petiolatum
6288564.0,478,Strombosia grandifolia,608471-1,Olacaceae,Strombosia,grandifolia,,False,Strombosia grandifolia
3580574.0,488,Strombosia pustulata,608489-1,Olacaceae,Strombosia,pustulata,,False,Strombosia pustulata
10285467.0,273,Heisteria sp.,118629-2,Olacaceae,Heisteria,,,True,Heisteria coccinea
3580526.0,491,Heisteria parvifolia,607895-1,Olacaceae,Heisteria,parvifolia,,False,Heisteria parvifolia
3580640.0,488,Strombosia grandifolia,608471-1,Olacaceae,Strombosia,grandifolia,,False,Strombosia grandifolia
4934168.0,510,Diogoa zenkeri,607761-1,Olacaceae,Diogoa,zenkeri,,False,Diogoa zenkeri
4934300.0,579,Strombosiopsis tetrandra,608500-1,Olacaceae,Strombosiopsis,tetrandra,,False,Strombosiopsis tetrandra
9754188.0,596,Ximenia americana,316341-2,Olacaceae,Ximenia,americana,,False,Ximenia americana
4933978.0,457,Octoknema affinis,608064-1,Olacaceae,Octoknema,affinis,,False,Octoknema affinis
9754217.0,386,Heisteria ovata,607892-1,Olacaceae,Heisteria,ovata,,False,Heisteria ovata
4933975.0,514,Strombosia scheffleri,608493-1,Olacaceae,Strombosia,scheffleri,,False,Strombosia scheffleri
3580486.0,402,Heisteria parvifolia,607895-1,Olacaceae,Heisteria,parvifolia,,False,Heisteria parvifolia
4934378.0,579,Strombosiopsis tetrandra,608500-1,Olacaceae,Strombosiopsis,tetrandra,,False,Strombosiopsis tetrandra
4933986.0,510,Strombosia sp.,28294-1,Olacaceae,Strombosia,,,False,Strombosia sp.
4934326.0,574,Olax latifolia,608108-1,Olacaceae,Olax,latifolia,,False,Olax latifolia
4933988.0,507,Strombosia pustulata,608489-1,Olacaceae,Strombosia,pustulata,,False,Strombosia pustulata
3580638.0,551,Coula edulis,607746-1,Olacaceae,Coula,edulis,,False,Coula edulis
4934569.0,459,Octoknema affinis,608064-1,Olacaceae,Octoknema,affinis,,False,Octoknema affinis
8261213.0,426,Strombosia ceylanica,608465-1,Olacaceae,Strombosia,ceylanica,,False,Strombosia ceylanica
6288702.0,424,Ongokea gore,608169-1,Olacaceae,Ongokea,gore,,False,Ongokea gore
4302616.0,447,Fraxinus sieboldiana,609216-1,Oleaceae,Fraxinus,sieboldiana,,False,Fraxinus sieboldiana
14517626,448,Fraxinus sieboldiana,609216-1,Oleaceae,Fraxinus,sieboldiana,,False,Fraxinus sieboldiana
7088188.0,466,Jasminum fluminense,609490-1,Oleaceae,Jasminum,fluminense,,False,Jasminum fluminense
10556267.0,555,Chrysojasminum humile,77144222-1,Oleaceae,Chrysojasminum,humile,,True,Jasminum humile
7088075.0,482,Jasminum fluminense,609490-1,Oleaceae,Jasminum,fluminense,,False,Jasminum fluminense
4301514.0,446,Fraxinus lanuginosa,609071-1,Oleaceae,Fraxinus,lanuginosa,,False,Fraxinus lanuginosa
10507208.0,601,Chrysojasminum humile,77144222-1,Oleaceae,Chrysojasminum,humile,,True,Jasminum humile
15080769.0,499,Ligustrum lucidum,610017-1,Oleaceae,Ligustrum,lucidum,,False,Ligustrum lucidum
10556280,537,Jasminum sambac,609755-1,Oleaceae,Jasminum,sambac,,False,Jasminum samabc
10556275.0,559,Jasminum sambac,609755-1,Oleaceae,Jasminum,sambac,,False,Jasminum sambac
4618986.0,448,Fraxinus lanuginosa,609071-1,Oleaceae,Fraxinus,lanuginosa,,False,Fraxinus lanuginosa f. serrata
15057692.0,526,Forestiera pubescens,608873-1,Oleaceae,Forestiera,pubescens,,False,Forestiera pubescens
4617691,483,Ligustrum micranthum,610031-1,Oleaceae,Ligustrum,micranthum,,False,Ligustrum micranthum
4301238.0,479,Osmanthus heterophyllus,610885-1,Oleaceae,Osmanthus,heterophyllus,,False,Osmanthus heterophyllus
3924031.0,481,Ligustrum robustum,1072274-2,Oleaceae,Ligustrum,robustum,,False,Ligustrum robustum
5895633.0,527,Forestiera segregata,105319-2,Oleaceae,Forestiera,segregata,,False,Forestiera segregata
3924026.0,486,Ligustrum pricei,610070-1,Oleaceae,Ligustrum,pricei,,False,Ligustrum pricei
4301632.0,498,Fraxinus platypoda,609162-1,Oleaceae,Fraxinus,platypoda,,False,Fraxinus platypoda
15057558.0,431,Ligustrum sinense,610100-1,Oleaceae,Ligustrum,sinense,,False,Ligustrum sinense
3232457.0,519,Fraxinus nigra,609112-1,Oleaceae,Fraxinus,nigra,,False,Fraxinus nigra
3232456.0,519,Fraxinus americana,105770-2,Oleaceae,Fraxinus,americana,,False,Fraxinus americana
5182565.0,314,Ligustrum japonicum,610001-1,Oleaceae,Ligustrum,japonicum,,False,Ligustrum japonicum
3924033.0,481,Ligustrum robustum,1072274-2,Oleaceae,Ligustrum,robustum,,False,Ligustrum robustum
4619084.0,393,Fraxinus longicuspis,609077-1,Oleaceae,Fraxinus,longicuspis,,False,Fraxinus longicuspis var. latifolia
4303230.0,482,Ligustrum obtusifolium,610053-1,Oleaceae,Ligustrum,obtusifolium,,False,Ligustrum obtusifolium var. obtusifolium
5911433.0,517,Fraxinus americana,105770-2,Oleaceae,Fraxinus,americana,,False,Fraxinus americana
8261237.0,576,Chionanthus oliganthus,908019-1,Oleaceae,Chionanthus,oliganthus,,False,Chionanthus oliganthus
4618413.0,501,Fraxinus mandshurica,609086-1,Oleaceae,Fraxinus,mandshurica,,False,Fraxinus mandshurica
3818415.0,528,Chionanthus axillaris,608702-1,Oleaceae,Chionanthus,axillaris,,False,Chionanthus axillaris
5911378.0,521,Fraxinus nigra,609112-1,Oleaceae,Fraxinus,nigra,,False,Fraxinus nigra
3232458.0,519,Fraxinus pennsylvanica,105864-2,Oleaceae,Fraxinus,pennsylvanica,,False,Fraxinus pennsylvanica
4617659,491,Ligustrum tschonoskii,610119-1,Oleaceae,Ligustrum,tschonoskii,,False,Ligustrum tschonoskii f. glabrescens
4287728.0,482,Ligustrum obtusifolium,610053-1,Oleaceae,Ligustrum,obtusifolium,,False,Ligustrum obtusifolium var. obtusifolium
4301451.0,501,Fraxinus mandshurica,609086-1,Oleaceae,Fraxinus,mandshurica,,False,Fraxinus mandshurica
3924016,482,Ligustrum henryi,609987-1,Oleaceae,Ligustrum,henryi,,False,Ligustrum henryi
4617927.0,481,Ligustrum ibota,77131217-1,Oleaceae,Ligustrum,ibota,,True,Ligustrum ibota
4302990.0,481,Ligustrum liukiuense,610013-1,Oleaceae,Ligustrum,liukiuense,,False,Ligustrum liukiuense
5182564.0,314,Ligustrum lucidum,610017-1,Oleaceae,Ligustrum,lucidum,,False,Ligustrum lucidum
6541612.0,490,Ligustrum vulgare,610130-1,Oleaceae,Ligustrum,vulgare,,False,Ligustrum vulgare
4617815.0,447,Fraxinus apertisquamifera,608917-1,Oleaceae,Fraxinus,apertisquamifera,,False,Fraxinus apertisquamifera
4617977.0,482,Ligustrum ovalifolium var. ovalifolium,77172233-1,Oleaceae,Ligustrum,ovalifolium,ovalifolium,False,Ligustrum ovalifolium var. ovalifolium
4301822.0,508,Forsythia japonica,608892-1,Oleaceae,Forsythia,japonica,,False,Forsythia japonica
3924030.0,484,Ligustrum quihoui,610077-1,Oleaceae,Ligustrum,quihoui,,False,Ligustrum quihoui
8267580,537,Chionanthus oliganthus,908019-1,Oleaceae,Chionanthus,oliganthus,,False,Chionanthus oliganthus
4301043,437,Fraxinus apertisquamifera,608917-1,Oleaceae,Fraxinus,apertisquamifera,,False,Fraxinus apertisquamifera
5895702,514,Chionanthus domingensis,608731-1,Oleaceae,Chionanthus,domingensis,,False,Chionanthus domingensis
5895601.0,423,Chionanthus holdridgii,56618-2,Oleaceae,Chionanthus,holdridgii,,False,Chionanthus holdridgei
4618512.0,494,Ligustrum ovalifolium var. ovalifolium,77172233-1,Oleaceae,Ligustrum,ovalifolium,ovalifolium,False,Ligustrum ovalifolium var. ovalifolium
4618150,511,Osmanthus heterophyllus,610885-1,Oleaceae,Osmanthus,heterophyllus,,False,Osmanthus heterophyllus
6574518,518,Chionanthus virginicus,319141-2,Oleaceae,Chionanthus,virginicus,,False,Chionanthus virginicus
4301994,447,Fraxinus insularis,609051-1,Oleaceae,Fraxinus,insularis,,False,Fraxinus insularis
4617986,483,Ligustrum micranthum,610031-1,Oleaceae,Ligustrum,micranthum,,False,Ligustrum micranthum
5895760,501,Chionanthus domingensis,608731-1,Oleaceae,Chionanthus,domingensis,,False,Chionanthus domingensis
15057509.0,518,Menodora sp.,30003654-2,Oleaceae,Menodora,,,False,Menodora sp.
15080557,475,Olea europaea,610675-1,Oleaceae,Olea,europaea,,False,Olea europaea
5182563.0,401,Ligustrum vulgare,610130-1,Oleaceae,Ligustrum,vulgare,,False,Ligustrum vulgare
3604345.0,529,Chionanthus axillaris,608702-1,Oleaceae,Chionanthus,axillaris,,False,Chionanthus axillaris
4302361,506,Fraxinus platypoda,609162-1,Oleaceae,Fraxinus,platypoda,,False,Fraxinus platypoda
4301852,494,Ligustrum salicinum,610093-1,Oleaceae,Ligustrum,salicinum,,False,Ligustrum salicinum
5895717.0,523,Forestiera segregata,105319-2,Oleaceae,Forestiera,segregata,,False,Forestiera segregata
3924037.0,484,Ligustrum sinense,610100-1,Oleaceae,Ligustrum,sinense,,False,Ligustrum sinense
5895599,422,Forestiera eggersiana,105294-2,Oleaceae,Forestiera,eggersiana,,False,Forestiera eggersiana
10003966.0,581,Ludwigia adscendens subsp. diffusa,104698-3,Onagraceae,Ludwigia,adscendens,diffusa,False,Ludwigia stolonifera
5911534.0,449,Circaea alpina,58893-2,Onagraceae,Circaea,alpina,,False,Circaea alpina
3923326.0,483,Epilobium angustifolium,92411-2,Onagraceae,Epilobium,angustifolium,,False,Epilobium angustifolium
10003967.0,560,Ludwigia adscendens subsp. diffusa,104698-3,Onagraceae,Ludwigia,adscendens,diffusa,False,Ludwigia stolonifera
5911497.0,418,Circaea alpina,58893-2,Onagraceae,Circaea,alpina,,False,Circaea alpina
3818512.0,424,Opilia amentacea,608174-1,Opiliaceae,Opilia,amentacea,,True,Opilia amentacea
3818386.0,381,Opilia amentacea,608174-1,Opiliaceae,Opilia,amentacea,,True,Opilia amentacea
8297288.0,438,Champereia manillana,614476-1,Opiliaceae,Champereia,manillana,,False,Champereia manillana
8268304.0,444,Champereia manillana,614476-1,Opiliaceae,Champereia,manillana,,False,Champereia manillana
12896079.0,646,Trichoceros antennifer,660481-1,Orchidaceae,Trichoceros,antennifer,,False,Trichoceros antennifer
15174087.0,589,Catasetum discolor,621811-1,Orchidaceae,Catasetum,discolor,,False,Catasetum discolor
3232422.0,634,Cypripedium parviflorum,75375-2,Orchidaceae,Cypripedium,parviflorum,,False,Cypripedium parviflorum
3924982,484,Pedicularis umbelliformis,807770-1,Orobanchaceae,Pedicularis,umbelliformis,,False,Pedicularis umbelliformis
3924756.0,543,Pedicularis densispica,806981-1,Orobanchaceae,Pedicularis,densispica,,False,Pedicularis densispica
3924766.0,565,Pedicularis dolichocymba,806993-1,Orobanchaceae,Pedicularis,dolichocymba,,False,Pedicularis dolichocymba
3924675,416,Pedicularis alopecuros,806761-1,Orobanchaceae,Pedicularis,alopecuros,,False,Pedicularis alopecuros
3924755,531,Pedicularis densispica,806981-1,Orobanchaceae,Pedicularis,densispica,,False,Pedicularis densispica
3924788,453,Pedicularis gruina,807120-1,Orobanchaceae,Pedicularis,gruina,,False,Pedicularis gruina
9813075,236,Orobanche uniflora,281725-2,Orobanchaceae,Orobanche,uniflora,,False,Orobanche uniflora
3925467.0,332,Pterygiella cylindrica,808562-1,Orobanchaceae,Pterygiella,cylindrica,,False,Pterygiella cylindrica
3924792.0,441,Pedicularis gruina,807120-1,Orobanchaceae,Pedicularis,gruina,,False,Pedicularis gruina
3924770.0,459,Pedicularis elwesii,807019-1,Orobanchaceae,Pedicularis,elwesii,,False,Pedicularis elwesii
3924892.0,490,Pedicularis rex,807561-1,Orobanchaceae,Pedicularis,rex,,False,Pedicularis rex
3924909,520,Pedicularis rigida,807573-1,Orobanchaceae,Pedicularis,rigida,,False,Pedicularis rigida
3924739.0,484,Pedicularis cymbalaria,806962-1,Orobanchaceae,Pedicularis,cymbalaria,,True,Pedicularis cymbalaria
3924911.0,520,Pedicularis rigida,807573-1,Orobanchaceae,Pedicularis,rigida,,False,Pedicularis rigida
3924681.0,438,Pedicularis amplituba,806771-1,Orobanchaceae,Pedicularis,amplituba,,False,Pedicularis amplituba
3926323,339,Pterygiella bartschioides,808561-1,Orobanchaceae,Pterygiella,bartschioides,,False,Xizangia bartschioides
3924795,554,Pedicularis gyrorhyncha,807127-1,Orobanchaceae,Pedicularis,gyrorhyncha,,False,Pedicularis gyrorhycha
3924714.0,329,Pedicularis confertiflora,806925-1,Orobanchaceae,Pedicularis,confertiflora,,False,Pedicularis confertiflora
3924806.0,522,Pedicularis kansuensis,807205-1,Orobanchaceae,Pedicularis,kansuensis,,False,Pedicularis kansuensis
3924972.0,572,Pedicularis tongolensis,807740-1,Orobanchaceae,Pedicularis,tongolensis,,False,Pedicularis tongolensis
3924987.0,515,Pedicularis urceolata,807774-1,Orobanchaceae,Pedicularis,urceolata,,False,Pedicularis urceolata
3924962.0,490,Pedicularis thamnophila,807734-1,Orobanchaceae,Pedicularis,thamnophila,,False,Pedicularis thamnophila
3926322,338,Pterygiella bartschioides,808561-1,Orobanchaceae,Pterygiella,bartschioides,,False,Xizangia bartschioides
3925481,332,Pterygiella suffruticosa,993245-1,Orobanchaceae,Pterygiella,suffruticosa,,False,Pterygiella suffruticosa
3924772.0,457,Pedicularis elwesii,807019-1,Orobanchaceae,Pedicularis,elwesii,,False,Pedicularis elwesii
3924812,448,Pedicularis labordei,807234-1,Orobanchaceae,Pedicularis,labordei,,False,Pedicularis labordei
3924991,521,Pedicularis vialii,807790-1,Orobanchaceae,Pedicularis,vialii,,False,Pedicularis vialii
3924711,520,Pedicularis comptoniifolia,806923-1,Orobanchaceae,Pedicularis,comptoniifolia,,False,Pedicularis comptoniifolia
3924768.0,500,Pedicularis dunniana,807004-1,Orobanchaceae,Pedicularis,dunniana,,False,Pedicularis duniana
3924763.0,435,Pedicularis dissectifolia,806990-1,Orobanchaceae,Pedicularis,dissectifolia,,False,Pedicularis dissectifolia
3924781,525,Pedicularis glabrescens,807100-1,Orobanchaceae,Pedicularis,glabrescens,,False,Pedicularis glabrescens
3924827.0,530,Pedicularis longicaulis,807286-1,Orobanchaceae,Pedicularis,longicaulis,,False,Pedicularis longicaulis
3925476,333,Pterygiella nigrescens,808564-1,Orobanchaceae,Pterygiella,nigrescens,,False,Pterygiella nigrescens
3924836.0,517,Pedicularis lutescens,807306-1,Orobanchaceae,Pedicularis,lutescens,,False,Pedicularis lutescens
3924677,416,Pedicularis alopecuros,806761-1,Orobanchaceae,Pedicularis,alopecuros,,False,Pedicularis alopecuros
3924744,493,Pedicularis davidii,806973-1,Orobanchaceae,Pedicularis,davidii,,False,Pedicularis davidii
3924977.0,463,Pedicularis tricolor,807752-1,Orobanchaceae,Pedicularis,tricolor,,False,Pedicularis tricolor
9813057,274,Orobanche minor,53607-3,Orobanchaceae,Orobanche,minor,,False,Orobanche minor
3924776.0,434,Pedicularis fengii,807043-1,Orobanchaceae,Pedicularis,fengii,,False,Pedicularis fengii
3924731.0,490,Pedicularis cyathophylla,806959-1,Orobanchaceae,Pedicularis,cyathophylla,,False,Pedicularis cyathophylla
3924816,434,Pedicularis lachnoglossa,807238-1,Orobanchaceae,Pedicularis,lachnoglossa,,False,Pedicularis lachnoglossa
3924855,217,Pedicularis megalantha,807335-1,Orobanchaceae,Pedicularis,megalantha,,False,Pedicularis megalantha
3924779,522,Pedicularis glabrescens,807100-1,Orobanchaceae,Pedicularis,glabrescens,,False,Pedicularis glabrescens
3924708,551,Pedicularis clarkei,806913-1,Orobanchaceae,Pedicularis,clarkei,,False,Pedicularis clarkei
3924928,440,Pedicularis sigmoidea,807640-1,Orobanchaceae,Pedicularis,sigmoidea,,False,Pedicularis sigmoidea
3924820,482,Pedicularis latituba,807263-1,Orobanchaceae,Pedicularis,latituba,,False,Pedicularis latituba
9812784.0,621,Kopsiopsis hookeri,1022109-2,Orobanchaceae,Kopsiopsis,hookeri,,False,Boschniakia hookeri
3924760.0,508,Pedicularis dichotoma,806983-1,Orobanchaceae,Pedicularis,dichotoma,,False,Pedicularis dichotoma
3924701,434,Pedicularis cephalantha,806898-1,Orobanchaceae,Pedicularis,cephalantha,,False,Pedicularis cephalantha
3924759,506,Pedicularis dichotoma,806983-1,Orobanchaceae,Pedicularis,dichotoma,,False,Pedicularis dichotoma
3924871,446,Pedicularis oxycarpa,807430-1,Orobanchaceae,Pedicularis,oxycarpa,,False,Pedicularis oxycarpa
3924814,435,Pedicularis lachnoglossa,807238-1,Orobanchaceae,Pedicularis,lachnoglossa,,False,Pedicularis lachnoglossa
3924727,429,Pedicularis crenata,806946-1,Orobanchaceae,Pedicularis,crenata,,False,Pedicularis crenata
3924765,565,Pedicularis dolichocymba,806993-1,Orobanchaceae,Pedicularis,dolichocymba,,False,Pedicularis dolichocymba
3924833,482,Pedicularis longipes,807290-1,Orobanchaceae,Pedicularis,longipes,,False,Pedicularis longipes
3924890,490,Pedicularis rex,807561-1,Orobanchaceae,Pedicularis,rex,,False,Pedicularis rex
3924973,588,Pedicularis trichoglossa,807750-1,Orobanchaceae,Pedicularis,trichoglossa,,False,Pedicularis trichoglossa
9813110.0,274,Orobanche minor,53607-3,Orobanchaceae,Orobanche,minor,,False,Orobanche minor
3924672.0,529,Pedicularis alaschanica,806749-1,Orobanchaceae,Pedicularis,alaschanica,,False,Pedicularis alaschanica
3924929.0,479,Pedicularis verticillata subsp. verticillata,77226047-1,Orobanchaceae,Pedicularis,verticillata,verticillata,False,Pedicularis sikangensis
3925479,333,Pterygiella suffruticosa,993245-1,Orobanchaceae,Pterygiella,suffruticosa,,False,Pterygiella suffruticosa
3924965,444,Pedicularis tibetica,807737-1,Orobanchaceae,Pedicularis,tibetica,,False,Pedicularis tibetica
3924881,521,Pedicularis pseudomelampyriflora,807512-1,Orobanchaceae,Pedicularis,pseudomelampyriflora,,False,Pedicularis pseudomelampyriflora
3924774,435,Pedicularis fengii,807043-1,Orobanchaceae,Pedicularis,fengii,,False,Pedicularis fengii
3924902.0,579,Pedicularis rhodotricha,807569-1,Orobanchaceae,Pedicularis,rhodotricha,,False,Pedicularis rhodotricha
9813074,236,Orobanche uniflora,281725-2,Orobanchaceae,Orobanche,uniflora,,False,Orobanche uniflora
3924764,413,Pedicularis dissectifolia,806990-1,Orobanchaceae,Pedicularis,dissectifolia,,False,Pedicularis dissectifolia
3925473,333,Pterygiella duclouxii,808563-1,Orobanchaceae,Pterygiella,duclouxii,,False,Pterygiella duclouxii
3924807,525,Pedicularis kansuensis,807205-1,Orobanchaceae,Pedicularis,kansuensis,,False,Pedicularis kansuensis
15057497,515,Castilleja indivisa,800998-1,Orobanchaceae,Castilleja,indivisa,,False,Castilleja indivisa
9813071.0,310,Orobanche ramosa,662640-1,Orobanchaceae,Orobanche,ramosa,,True,Orobanche ramosa
3924921,537,Pedicularis rupicola,807598-1,Orobanchaceae,Pedicularis,rupicola,,False,Pedicularis rupicola
3924740.0,484,Pedicularis cymbalaria,806962-1,Orobanchaceae,Pedicularis,cymbalaria,,True,Pedicularis cymbalaria
3925478,333,Pterygiella nigrescens,808564-1,Orobanchaceae,Pterygiella,nigrescens,,False,Pterygiella nigrescens
3924715.0,531,Pedicularis confertiflora,806925-1,Orobanchaceae,Pedicularis,confertiflora,,False,Pedicularis confertiflora
3924896.0,427,Pedicularis rhinanthoides,186463-2,Orobanchaceae,Pedicularis,rhinanthoides,,True,Pedicularis rhinanthoides
3924989.0,459,Pedicularis variegata,807777-1,Orobanchaceae,Pedicularis,variegata,,False,Pedicularis variegata
3924710,519,Pedicularis comptoniifolia,806923-1,Orobanchaceae,Pedicularis,comptoniifolia,,False,Pedicularis comptoniifolia
3924723,480,Pedicularis cranolopha,806942-1,Orobanchaceae,Pedicularis,cranolopha,,False,Pedicularis cranolopha
3924877,543,Pedicularis przewalskii,807505-1,Orobanchaceae,Pedicularis,przewalskii,,False,Pedicularis przewalskii
3924876.0,543,Pedicularis przewalskii,807505-1,Orobanchaceae,Pedicularis,przewalskii,,False,Pedicularis przewalskii
3924830,468,Pedicularis longiflora,807287-1,Orobanchaceae,Pedicularis,longiflora,,False,Pedicularis longiflora
3924886,556,Pedicularis resupinata,807557-1,Orobanchaceae,Pedicularis,resupinata,,False,Pedicularis resupinata
3924913.0,499,Pedicularis rizhaoensis,939472-1,Orobanchaceae,Pedicularis,rizhaoensis,,False,Pedicularis rizhaoensis
3924969.0,572,Pedicularis tongolensis,807740-1,Orobanchaceae,Pedicularis,tongolensis,,False,Pedicularis tongolensis
3924840.0,484,Pedicularis lyrata,807307-1,Orobanchaceae,Pedicularis,lyrata,,False,Pedicularis lyrata
3924705.0,434,Pedicularis cephalantha,806898-1,Orobanchaceae,Pedicularis,cephalantha,,False,Pedicularis cephalantha
3924858.0,456,Pedicularis mussotii,807376-1,Orobanchaceae,Pedicularis,mussotii,,False,Pedicularis mussotii
3924767.0,507,Pedicularis dunniana,807004-1,Orobanchaceae,Pedicularis,dunniana,,False,Pedicularis duniana
6541785.0,524,Aureolaria levigata,799460-1,Orobanchaceae,Aureolaria,levigata,,False,Aureolaria levigata
3924915.0,523,Pedicularis roylei,807590-1,Orobanchaceae,Pedicularis,roylei,,False,Pedicularis roylei
3924917,557,Pedicularis rupicola,807598-1,Orobanchaceae,Pedicularis,rupicola,,False,Pedicularis rupicola
3924900.0,566,Pedicularis rhodotricha,807569-1,Orobanchaceae,Pedicularis,rhodotricha,,False,Pedicularis rhodotricha
3924745.0,457,Pedicularis debilis,806974-1,Orobanchaceae,Pedicularis,debilis,,False,Pedicularis debilis
3924955.0,451,Pedicularis tachanensis,807694-1,Orobanchaceae,Pedicularis,tachanensis,,False,Pedicularis tachanensis
3924924.0,317,Pedicularis salviiflora,807606-1,Orobanchaceae,Pedicularis,salviiflora,,False,Pedicularis salviiflora
3924984,515,Pedicularis urceolata,807774-1,Orobanchaceae,Pedicularis,urceolata,,False,Pedicularis urceolata
3924686.0,428,Pedicularis anas,806772-1,Orobanchaceae,Pedicularis,anas,,False,Pedicularis anas
3924732,490,Pedicularis cyathophylla,806959-1,Orobanchaceae,Pedicularis,cyathophylla,,False,Pedicularis cyathophylla
3924810.0,479,Pedicularis labordei,807234-1,Orobanchaceae,Pedicularis,labordei,,False,Pedicularis labordei
3924697,511,Pedicularis brevilabris,806867-1,Orobanchaceae,Pedicularis,brevilabris,,False,Pedicularis brevilabirs
3924885.0,358,Pedicularis pseudoversicolor,807522-1,Orobanchaceae,Pedicularis,pseudoversicolor,,False,Pedicularis pseudoversicolor
3924733,490,Pedicularis cyathophylloides,806960-1,Orobanchaceae,Pedicularis,cyathophylloides,,False,Pedicularis cyathophylloides
3924699.0,511,Pedicularis brevilabris,806867-1,Orobanchaceae,Pedicularis,brevilabris,,False,Pedicularis brevilabirs
3924856,450,Pedicularis mussotii,807376-1,Orobanchaceae,Pedicularis,mussotii,,False,Pedicularis mussotii
3924978.0,470,Pedicularis tsekouensis,807761-1,Orobanchaceae,Pedicularis,tsekouensis,,False,Pedicularis tsekouensis
3924939.0,442,Pedicularis siphonantha,807646-1,Orobanchaceae,Pedicularis,siphonantha,,False,Pedicularis siphonantha
3924931.0,485,Pedicularis verticillata subsp. verticillata,77226047-1,Orobanchaceae,Pedicularis,verticillata,verticillata,False,Pedicularis sikangensis
3924828.0,468,Pedicularis longiflora,807287-1,Orobanchaceae,Pedicularis,longiflora,,False,Pedicularis longiflora
3924940.0,466,Pedicularis sorbifolia,807651-1,Orobanchaceae,Pedicularis,sorbifolia,,False,Pedicularis sorbifolia
3924960.0,490,Pedicularis thamnophila,807734-1,Orobanchaceae,Pedicularis,thamnophila,,False,Pedicularis thamnophila
9812918.0,260,Orobanche cumana,662284-1,Orobanchaceae,Orobanche,cumana,,False,Orobanche cumana
3924905.0,358,Pedicularis rhynchodonta,807570-1,Orobanchaceae,Pedicularis,rhynchodonta,,False,Pedicularis rhynchodonta
3924693.0,284,Pedicularis batangensis,806827-1,Orobanchaceae,Pedicularis,batangensis,,False,Pedicularis batangensis
3924722,473,Pedicularis cranolopha,806942-1,Orobanchaceae,Pedicularis,cranolopha,,False,Pedicularis cranolopha
3924784.0,526,Pedicularis gracilis,807109-1,Orobanchaceae,Pedicularis,gracilis,,False,Pedicularis gracilis
3924847.0,362,Pedicularis macrorhyncha,807317-1,Orobanchaceae,Pedicularis,macrorhyncha,,False,Pedicularis macrorhyncha
3924964.0,444,Pedicularis tibetica,807737-1,Orobanchaceae,Pedicularis,tibetica,,False,Pedicularis tibetica
3924904.0,365,Pedicularis rhynchodonta,807570-1,Orobanchaceae,Pedicularis,rhynchodonta,,False,Pedicularis rhynchodonta
3924777,520,Pedicularis floribunda,807067-1,Orobanchaceae,Pedicularis,floribunda,,False,Pedicularis floribunda
3924838.0,517,Pedicularis lutescens,807306-1,Orobanchaceae,Pedicularis,lutescens,,False,Pedicularis lutescens
3924925.0,310,Pedicularis salviiflora,807606-1,Orobanchaceae,Pedicularis,salviiflora,,False,Pedicularis salviiflora
3924691.0,460,Pedicularis axillaris,806822-1,Orobanchaceae,Pedicularis,axillaris,,False,Pedicularis axillaris
3924884,357,Pedicularis pseudoversicolor,807522-1,Orobanchaceae,Pedicularis,pseudoversicolor,,False,Pedicularis pseudoversicolor
3925470.0,299,Pterygiella duclouxii,808563-1,Orobanchaceae,Pterygiella,duclouxii,,False,Pterygiella duclouxii
9813252,622,Kopsiopsis hookeri,1022109-2,Orobanchaceae,Kopsiopsis,hookeri,,False,Boschniakia hookeri
3924867,318,Pedicularis orthocoryne,807429-1,Orobanchaceae,Pedicularis,orthocoryne,,False,Pedicularis orthocoryne
3924880.0,521,Pedicularis pseudomelampyriflora,807512-1,Orobanchaceae,Pedicularis,pseudomelampyriflora,,False,Pedicularis pseudomelampyriflora
3924802.0,541,Pedicularis integrifolia,807189-1,Orobanchaceae,Pedicularis,integrifolia,,False,Pedicularis integrifolia
3924751.0,472,Pedicularis decorissima,806976-1,Orobanchaceae,Pedicularis,decorissima,,False,Pedicularis decorissima
3924742.0,491,Pedicularis davidii,806973-1,Orobanchaceae,Pedicularis,davidii,,False,Pedicularis davidii
3924980.0,470,Pedicularis tsekouensis,807761-1,Orobanchaceae,Pedicularis,tsekouensis,,False,Pedicularis tsekouensis
3924786.0,526,Pedicularis gracilis,807109-1,Orobanchaceae,Pedicularis,gracilis,,False,Pedicularis gracilis
3924927.0,449,Pedicularis sigmoidea,807640-1,Orobanchaceae,Pedicularis,sigmoidea,,False,Pedicularis sigmoidea
3924844,484,Pedicularis lyrata,807307-1,Orobanchaceae,Pedicularis,lyrata,,False,Pedicularis lyrata
3924942.0,466,Pedicularis sorbifolia,807651-1,Orobanchaceae,Pedicularis,sorbifolia,,False,Pedicularis sorbifolia
3924797.0,569,Pedicularis ingens,807183-1,Orobanchaceae,Pedicularis,ingens,,False,Pedicularis ingens
3924749.0,510,Pedicularis decora,806975-1,Orobanchaceae,Pedicularis,decora,,False,Pedicularis decora
3924976.0,463,Pedicularis tricolor,807752-1,Orobanchaceae,Pedicularis,tricolor,,False,Pedicularis tricolor
3924748.0,505,Pedicularis decora,806975-1,Orobanchaceae,Pedicularis,decora,,False,Pedicularis decora
3924706,581,Pedicularis cinerascens,806912-1,Orobanchaceae,Pedicularis,cinerascens,,False,Pedicularis cinerascens
3924888,550,Pedicularis resupinata,807557-1,Orobanchaceae,Pedicularis,resupinata,,False,Pedicularis resupinata
3924957.0,444,Pedicularis tenuisecta,807727-1,Orobanchaceae,Pedicularis,tenuisecta,,False,Pedicularis tenuisecta
3924935,465,Pedicularis siphonantha,807646-1,Orobanchaceae,Pedicularis,siphonantha,,False,Pedicularis siphonantha
3924747.0,474,Pedicularis debilis,806974-1,Orobanchaceae,Pedicularis,debilis,,False,Pedicularis debilis
3924734,490,Pedicularis cyathophylloides,806960-1,Orobanchaceae,Pedicularis,cyathophylloides,,False,Pedicularis cyathophylloides
3924990.0,521,Pedicularis vialii,807790-1,Orobanchaceae,Pedicularis,vialii,,False,Pedicularis vialii
3924753.0,485,Pedicularis deltoidea,806979-1,Orobanchaceae,Pedicularis,deltoidea,,False,Pedicularis deltoidea
3924725.0,429,Pedicularis crenata,806946-1,Orobanchaceae,Pedicularis,crenata,,False,Pedicularis crenata
9813502.0,311,Orobanche ramosa,662640-1,Orobanchaceae,Orobanche,ramosa,,True,Orobanche ramosa
3924872.0,446,Pedicularis oxycarpa,807430-1,Orobanchaceae,Pedicularis,oxycarpa,,False,Pedicularis oxycarpa
3924865.0,356,Pedicularis oederi,807415-1,Orobanchaceae,Pedicularis,oederi,,False,Pedicularis oederi
3924953.0,452,Pedicularis tachanensis,807694-1,Orobanchaceae,Pedicularis,tachanensis,,False,Pedicularis tachanensis
3924981.0,484,Pedicularis umbelliformis,807770-1,Orobanchaceae,Pedicularis,umbelliformis,,False,Pedicularis umbelliformis
3925469.0,332,Pterygiella cylindrica,808562-1,Orobanchaceae,Pterygiella,cylindrica,,False,Pterygiella cylindrica
3924916.0,523,Pedicularis roylei,807590-1,Orobanchaceae,Pedicularis,roylei,,False,Pedicularis roylei
3924958.0,456,Pedicularis tenuisecta,807727-1,Orobanchaceae,Pedicularis,tenuisecta,,False,Pedicularis tenuisecta
3924800.0,541,Pedicularis integrifolia,807189-1,Orobanchaceae,Pedicularis,integrifolia,,False,Pedicularis integrifolia
3924897.0,433,Pedicularis rhinanthoides,186463-2,Orobanchaceae,Pedicularis,rhinanthoides,,True,Pedicularis rhinanthoides
3924798.0,544,Pedicularis ingens,807183-1,Orobanchaceae,Pedicularis,ingens,,False,Pedicularis ingens
3924951.0,491,Pedicularis superba,807689-1,Orobanchaceae,Pedicularis,superba,,False,Pedicularis superba
3924850.0,467,Pedicularis macrosiphon,807318-1,Orobanchaceae,Pedicularis,macrosiphon,,False,Pedicularis macrosiphon
3924974.0,569,Pedicularis trichoglossa,807750-1,Orobanchaceae,Pedicularis,trichoglossa,,False,Pedicularis trichoglossa
3924818.0,482,Pedicularis latituba,807263-1,Orobanchaceae,Pedicularis,latituba,,False,Pedicularis latituba
3924861.0,437,Pedicularis nigra,807393-1,Orobanchaceae,Pedicularis,nigra,,False,Pedicularis nigra
3924684.0,557,Pedicularis anas,806772-1,Orobanchaceae,Pedicularis,anas,,False,Pedicularis anas
3924853.0,556,Pedicularis maxonii,807333-1,Orobanchaceae,Pedicularis,maxonii,,False,Pedicularis maxionii
3924794.0,554,Pedicularis gyrorhyncha,807127-1,Orobanchaceae,Pedicularis,gyrorhyncha,,False,Pedicularis gyrorhycha
3924825.0,530,Pedicularis longicaulis,807286-1,Orobanchaceae,Pedicularis,longicaulis,,False,Pedicularis longicaulis
3924863.0,357,Pedicularis oederi,807415-1,Orobanchaceae,Pedicularis,oederi,,False,Pedicularis oederi
3924949.0,491,Pedicularis superba,807689-1,Orobanchaceae,Pedicularis,superba,,False,Pedicularis superba
3924750.0,456,Pedicularis decorissima,806976-1,Orobanchaceae,Pedicularis,decorissima,,False,Pedicularis decorissima
3924944.0,527,Pedicularis confertiflora subsp. parvifolia,77251810-1,Orobanchaceae,Pedicularis,confertiflora,parvifolia,False,Pedicularis subacaulis
6574555.0,538,Aureolaria virginica,27016-2,Orobanchaceae,Aureolaria,virginica,,False,Aureolaria virginica
3924778.0,520,Pedicularis floribunda,807067-1,Orobanchaceae,Pedicularis,floribunda,,False,Pedicularis floribunda
6541791.0,519,Pedicularis canadensis,806885-1,Orobanchaceae,Pedicularis,canadensis,,False,Pedicularis canadensis
3924752.0,484,Pedicularis deltoidea,806979-1,Orobanchaceae,Pedicularis,deltoidea,,False,Pedicularis deltoidea
3924946.0,575,Pedicularis confertiflora subsp. parvifolia,77251810-1,Orobanchaceae,Pedicularis,confertiflora,parvifolia,False,Pedicularis subacaulis
9813000.0,274,Orobanche crenata,662275-1,Orobanchaceae,Orobanche,crenata,,True,Orobanche crenata
3924695.0,286,Pedicularis batangensis,806827-1,Orobanchaceae,Pedicularis,batangensis,,False,Pedicularis batangensis
9754220.0,549,Buchnera carajasensis,77161219-1,Orobanchaceae,Buchnera,carajasensis,,False,Buchnera carajasensis
3924674.0,529,Pedicularis alaschanica,806749-1,Orobanchaceae,Pedicularis,alaschanica,,False,Pedicularis alaschanica
3924914.0,499,Pedicularis rizhaoensis,939472-1,Orobanchaceae,Pedicularis,rizhaoensis,,False,Pedicularis rizhaoensis
3924821.0,361,Pedicularis lecomtei,807266-1,Orobanchaceae,Pedicularis,lecomtei,,False,Pedicularis lecomtei
3924988.0,459,Pedicularis variegata,807777-1,Orobanchaceae,Pedicularis,variegata,,False,Pedicularis variegata
3924689.0,459,Pedicularis axillaris,806822-1,Orobanchaceae,Pedicularis,axillaris,,False,Pedicularis axillaris
6511561.0,434,Oxalis violacea,178590-2,Oxalidaceae,Oxalis,violacea,,False,Oxalis violacea
6511605.0,408,Oxalis stricta,178499-2,Oxalidaceae,Oxalis,stricta,,False,Oxalis stricta
5911568.0,478,Oxalis acetosella,30012601-2,Oxalidaceae,Oxalis,acetosella,,False,Oxalis acetosella
5911562.0,421,Oxalis acetosella,30012601-2,Oxalidaceae,Oxalis,acetosella,,False,Oxalis acetosella
15080883.0,506,Biophytum sensitivum,371965-1,Oxalidaceae,Biophytum,sensitivum,,False,Biophytum sensitivum
8155035.0,286,Oxalis corniculata,177893-2,Oxalidaceae,Oxalis,corniculata,,False,Oxalis corniculata
5911501.0,407,Oxalis stricta,178499-2,Oxalidaceae,Oxalis,stricta,,False,Oxalis stricta
15080667.0,563,Averrhoa carambola,371870-1,Oxalidaceae,Averrhoa,carambola,,False,Averrhoa carambola
8155036.0,259,Oxalis corniculata,177893-2,Oxalidaceae,Oxalis,corniculata,,False,Oxalis corniculata
4934388.0,242,Microdesmis puberula,352299-1,Pandaceae,Microdesmis,puberula,,False,Microdesmis puberula
6288704.0,496,Panda oleosa,670339-1,Pandaceae,Panda,oleosa,,False,Panda oleosa
6288565,513,Panda oleosa,670339-1,Pandaceae,Panda,oleosa,,False,Panda oleosa
4934495.0,236,Microdesmis puberula,352299-1,Pandaceae,Microdesmis,puberula,,False,Microdesmis puberula
4618525.0,604,Freycinetia formosana,670456-1,Pandanaceae,Freycinetia,formosana,,False,Freycinetia boninensis
4618198.0,469,Pandanus odorifer,671284-1,Pandanaceae,Pandanus,odorifer,,True,Pandanus odoratissimus
4618816.0,468,Pandanus odorifer,671284-1,Pandanaceae,Pandanus,odorifer,,True,Pandanus odoratissimus
4618947.0,468,Pandanus boninensis,670765-1,Pandanaceae,Pandanus,boninensis,,False,Pandanus boninensis
4619137.0,468,Pandanus boninensis,670765-1,Pandanaceae,Pandanus,boninensis,,False,Pandanus boninensis
15080615.0,486,Benstonea copelandii,77124034-1,Pandanaceae,Benstonea,copelandii,,False,Pandanus copelandii
4619261.0,603,Freycinetia formosana,670456-1,Pandanaceae,Freycinetia,formosana,,False,Freycinetia boninensis
9041075.0,329,Benstonea rostellata,77157764-1,Pandanaceae,Benstonea,rostellata,,False,Pandanus rostellatus
15057557.0,417,Hunnemannia fumariifolia,673220-1,Papaveraceae,Hunnemannia,fumariifolia,,False,Hunnemannia fumariifolia
6632241.0,544,Sanguinaria canadensis,673993-1,Papaveraceae,Sanguinaria,canadensis,,False,Sanguinaria canadensis
5211235.0,342,Corydalis solida,60454743-2,Papaveraceae,Corydalis,solida,,False,Corydalis solida
15080592.0,565,Eomecon chionantha,672708-1,Papaveraceae,Eomecon,chionantha,,False,Eomecon chionantha
5895553.0,294,Bocconia frutescens,316358-2,Papaveraceae,Bocconia,frutescens,,False,Bocconia frutescens
6541733.0,574,Sanguinaria canadensis,673993-1,Papaveraceae,Sanguinaria,canadensis,,False,Sanguinaria canadensis
15080839.0,460,Bocconia frutescens,316358-2,Papaveraceae,Bocconia,frutescens,,False,Bocconia frutescens
5911375.0,484,Dicentra cucullaria,672639-1,Papaveraceae,Dicentra,cucullaria,,False,Dicentra cucullaria
3232429.0,457,Dicentra canadensis,672637-1,Papaveraceae,Dicentra,canadensis,,False,Dicentra canadensis
5911356.0,483,Dicentra cucullaria,672639-1,Papaveraceae,Dicentra,cucullaria,,False,Dicentra cucullaria
15080639.0,466,Argemone pleiacantha,18856-2,Papaveraceae,Argemone,pleiacantha,,False,Argemone pleiacantha
15080783.0,558,Lamprocapnos spectabilis,995841-1,Papaveraceae,Lamprocapnos,spectabilis,,False,Lamprocapnos spectabilis
3232392.0,459,Chelidonium majus,303589-2,Papaveraceae,Chelidonium,majus,,False,Chelidonium majus
3852094.0,498,Quintinia quatrefagesii,792507-1,Paracryphiaceae,Quintinia,quatrefagesii,,False,Quintinia quatrefagesii
6757317.0,233,Adenia volkensii,674203-1,Passifloraceae,Adenia,volkensii,,False,Adenia volkensii
15080776.0,356,Passiflora citrina,282176-2,Passifloraceae,Passiflora,citrina,,False,Passiflora citrina
6757315.0,243,Adenia volkensii,674203-1,Passifloraceae,Adenia,volkensii,,False,Adenia volkensii
4934105.0,465,Barteria fistulosa,674233-1,Passifloraceae,Barteria,fistulosa,,False,Barteria fistulosa
17045194.0,304,Turnera diffusa,836578-1,Passifloraceae,Turnera,diffusa,,False,Turnera diffusa
4933979.0,469,Barteria fistulosa,674233-1,Passifloraceae,Barteria,fistulosa,,False,Barteria fistulosa
15080590,356,Passiflora vitifolia,30044451-2,Passifloraceae,Passiflora,vitifolia,,False,Passiflora vitifolia
9754240,309,Turnera glaziovii,314313-2,Passifloraceae,Turnera,glaziovii,,False,Turnera glaziovii
9754222,589,Turnera glaziovii,314313-2,Passifloraceae,Turnera,glaziovii,,False,Turnera glaziovii
15080784.0,312,Passiflora yucatanensis,185248-2,Passifloraceae,Passiflora,yucatanensis,,False,Passiflora yucatanensis
6143926.0,361,Passiflora foetida,321966-2,Passifloraceae,Passiflora,foetida,,False,Passiflora foetida
6143965.0,371,Sesamum indicum,675971-1,Pedaliaceae,Sesamum,indicum,,False,Sesamum indicum
15080812.0,371,Uncarina grandidieri,676020-1,Pedaliaceae,Uncarina,grandidieri,,False,Uncarina grandidieri
3852092.0,466,Pennantia cunninghamii,608195-1,Pennantiaceae,Pennantia,cunninghamii,,False,Pennantia cunninghamii
5895634.0,432,Ternstroemia stahlii,251472-2,Pentaphylacaceae,Ternstroemia,stahlii,,False,Ternstroemia stahlii
4617778,420,Ternstroemia gymnanthera,830525-1,Pentaphylacaceae,Ternstroemia,gymnanthera,,False,Ternstroemia gymnanthera
14517398,426,Eurya japonica var. japonica,77230516-1,Pentaphylacaceae,Eurya,japonica,japonica,False,Eurya japonica var. japonica
4618166.0,433,Cleyera japonica,828636-1,Pentaphylacaceae,Cleyera,japonica,,True,Cleyera japonica
4301987,426,Eurya japonica var. japonica,77230516-1,Pentaphylacaceae,Eurya,japonica,japonica,False,Eurya japonica var. japonica
4302889,433,Cleyera japonica,828636-1,Pentaphylacaceae,Cleyera,japonica,,True,Cleyera japonica
14517573.0,424,Eurya yakushimensis,830238-1,Pentaphylacaceae,Eurya,yakushimensis,,False,Eurya yakushimensis
4617570,421,Ternstroemia gymnanthera,830525-1,Pentaphylacaceae,Ternstroemia,gymnanthera,,False,Ternstroemia gymnanthera
4618760,424,Eurya boninensis,830076-1,Pentaphylacaceae,Eurya,boninensis,,False,Eurya boninensis
4301566,426,Adinandra yaeyamensis,829844-1,Pentaphylacaceae,Adinandra,yaeyamensis,,False,Adinandra yaeyamensis
4618329.0,426,Eurya boninensis,830076-1,Pentaphylacaceae,Eurya,boninensis,,False,Eurya boninensis
5895608,440,Ternstroemia heptasepala,250718-2,Pentaphylacaceae,Ternstroemia,heptasepala,,False,Ternstroemia heptasepala
14517596,424,Eurya yakushimensis,830238-1,Pentaphylacaceae,Eurya,yakushimensis,,False,Eurya yakushimensis
15057530.0,444,Adinandra glischroloma,829785-1,Pentaphylacaceae,Adinandra,glischroloma,,False,Adinandra glischroloma
8335952.0,451,Adinandra borneensis,829758-1,Pentaphylacaceae,Adinandra,borneensis,,False,Adinandra borneensis
4302982.0,426,Eurya osimensis,830166-1,Pentaphylacaceae,Eurya,osimensis,,False,Eurya osimensis
5895471,432,Ternstroemia stahlii,251472-2,Pentaphylacaceae,Ternstroemia,stahlii,,False,Ternstroemia stahlii
4934349.0,609,Soyauxia gabonensis,675630-1,Peridiscaceae,Soyauxia,gabonensis,,False,Soyauxia gabonensis
4934176.0,609,Soyauxia gabonensis,675630-1,Peridiscaceae,Soyauxia,gabonensis,,False,Soyauxia gabonensis
15057658.0,490,Rivina humilis,221479-2,Petiveriaceae,Rivina,humilis,,False,Rivina humilis
15080572.0,475,Rivina humilis,221479-2,Petiveriaceae,Rivina,humilis,,False,Rivina humilis
15080708.0,334,Philydrum lanuginosum,676146-1,Philydraceae,Philydrum,lanuginosum,,False,Philydrum lanuginosum
3852109.0,333,Helmholtzia sp.,31890-1,Philydraceae,Helmholtzia,,,False,Helmholtzia sp.
6575330.0,564,Mimulus alatus,162108-2,Phrymaceae,Mimulus,alatus,,True,Mimulus alatus
3232545.0,553,Phryma leptostachya,282742-2,Phrymaceae,Phryma,leptostachya,,False,Phryma leptostachya
6575287.0,308,Phryma leptostachya,282742-2,Phrymaceae,Phryma,leptostachya,,False,Phryma leptostachya
6541762.0,561,Mimulus alatus,162108-2,Phrymaceae,Mimulus,alatus,,True,Mimulus alatus
4302422,344,Phyllanthus flexuosus,353893-1,Phyllanthaceae,Phyllanthus,flexuosus,,False,Phyllanthus flexuosus
8261225.0,594,Baccaurea sumatrana,339692-1,Phyllanthaceae,Baccaurea,sumatrana,,False,Baccaurea sumatrana
4934484.0,589,Maesobotrya staudtii,351467-1,Phyllanthaceae,Maesobotrya,staudtii,,False,Maesobotrya staudtii
8267577.0,544,Baccaurea racemosa,339676-1,Phyllanthaceae,Baccaurea,racemosa,,False,Baccaurea racemosa
8261245.0,579,Aporosa sarawakensis,986052-1,Phyllanthaceae,Aporosa,sarawakensis,,False,Aporosa sarawakensis
4287758.0,344,Phyllanthus flexuosus,353893-1,Phyllanthaceae,Phyllanthus,flexuosus,,False,Phyllanthus flexuosus
3580656,509,Amanoa sp.,15005-1,Phyllanthaceae,Amanoa,,,False,Amanoa sp.
8267533.0,564,Baccaurea dulcis,339619-1,Phyllanthaceae,Baccaurea,dulcis,,False,Baccaurea dulcis
8261226.0,591,Aporosa subcaudata,339276-1,Phyllanthaceae,Aporosa,subcaudata,,False,Aporosa subcaudata
4934000.0,601,Maesobotrya staudtii,351467-1,Phyllanthaceae,Maesobotrya,staudtii,,False,Maesobotrya staudtii
4617466.0,483,Antidesma japonicum,338948-1,Phyllanthaceae,Antidesma,japonicum,,False,Antidesma japonicum
8335999.0,543,Aporosa prainiana,339259-1,Phyllanthaceae,Aporosa,prainiana,,False,Aporosa prainiana
8297610.0,541,Cleistanthus macrophyllus,341396-1,Phyllanthaceae,Cleistanthus,macrophyllus,,False,Cleistanthus macrophyllus
4303037,515,Bischofia javanica,339921-1,Phyllanthaceae,Bischofia,javanica,,False,Bischofia javanica
3818525,405,Phyllanthus cernuus,353673-1,Phyllanthaceae,Phyllanthus,cernuus,,True,Breynia stipitata
5895613.0,303,Phyllanthus juglandifolius,354080-1,Phyllanthaceae,Phyllanthus,juglandifolius,,False,Phyllanthus juglandifolius
3580643,546,Maesobotrya sp.,15616-1,Phyllanthaceae,Maesobotrya,,,False,Maesobotrya sp.
3580653.0,509,Amanoa strobilacea,338596-1,Phyllanthaceae,Amanoa,strobilacea,,False,Amanoa strobilacea
8261222,591,Aporosa nervosa,339251-1,Phyllanthaceae,Aporosa,nervosa,,False,Aporosa nervosa
10285465.0,229,Phyllanthus ovatus,354401-1,Phyllanthaceae,Phyllanthus,ovatus,,True,Phyllanthus ovatus
8261224.0,590,Aporosa subcaudata,339276-1,Phyllanthaceae,Aporosa,subcaudata,,False,Aporosa subcaudata
10285450.0,258,Phyllanthus urinaria,354815-1,Phyllanthaceae,Phyllanthus,urinaria,,False,Phyllanthus urinaria
14517576,328,Phyllanthus obliquus var. obliquus,77168508-1,Phyllanthaceae,Phyllanthus,obliquus,obliquus,False,Phyllanthus gaertneri
3852054.0,318,Phyllanthus cernuus,353673-1,Phyllanthaceae,Phyllanthus,cernuus,,True,Breynia stipitata
4302957.0,345,Phyllanthus obliquus var. obliquus,77168508-1,Phyllanthaceae,Phyllanthus,obliquus,obliquus,False,Phyllanthus gaertneri
6259221.0,382,Phyllanthus sepialis,354666-1,Phyllanthaceae,Phyllanthus,sepialis,,False,Phyllanthus sepialis
5895619,278,Phyllanthus cuneifolius,194703-2,Phyllanthaceae,Phyllanthus,cuneifolius,,False,Phyllanthus cuneifolius
8267579,546,Baccaurea lanceolata,339637-1,Phyllanthaceae,Baccaurea,lanceolata,,False,Baccaurea lanceolata
6785998,382,Phyllanthus sepialis,354666-1,Phyllanthaceae,Phyllanthus,sepialis,,False,Phyllanthus sepialis
6288683.0,477,Cleistanthus caudatus,341322-1,Phyllanthaceae,Cleistanthus,caudatus,,False,Cleistanthus mildbraedii
4934478.0,596,Uapaca staudtii,358174-1,Phyllanthaceae,Uapaca,staudtii,,False,Uapaca staudtii
3580565.0,539,Cleistanthus sp.,15213-1,Phyllanthaceae,Cleistanthus,,,False,Cleistanthus sp. 1
3818500.0,363,Glochidion sessiliflorum,349633-1,Phyllanthaceae,Glochidion,sessiliflorum,,False,Glochidion sessiliflorum var. pedicellatum
3580507,546,Protomegabaria stapfiana,355056-1,Phyllanthaceae,Protomegabaria,stapfiana,,False,Protomegabaria stapfiana
8335927.0,505,Cleistanthus erycibifolius,341352-1,Phyllanthaceae,Cleistanthus,erycibifolius,,False,Cleistanthus erycibifolius
4302907.0,345,Phyllanthus sieboldianus,77155911-1,Phyllanthaceae,Phyllanthus,sieboldianus,,False,Phyllanthus sieboldianus
4934473.0,600,Protomegabaria stapfiana,355056-1,Phyllanthaceae,Protomegabaria,stapfiana,,False,Protomegabaria stapfiana
4934515.0,226,Thecacoris sp.,15981-1,Phyllanthaceae,Thecacoris,,,False,Thecacoris sp.
4934335.0,593,Maesobotrya barteri,351435-1,Phyllanthaceae,Maesobotrya,barteri,,False,Maesobotrya barteri
3580658.0,540,Cleistanthus sp.,15213-1,Phyllanthaceae,Cleistanthus,,,False,Cleistanthus sp.
8336004.0,318,Glochidion novoguineense,349536-1,Phyllanthaceae,Glochidion,novoguineense,,False,Glochidion novoguineense
8301156.0,363,Glochidion philippicum,95198-3,Phyllanthaceae,Glochidion,philippicum,,False,Glochidion philippicum
5901587.0,530,Savia sessiliflora,356125-1,Phyllanthaceae,Savia,sessiliflora,,False,Savia sessiliflora
8267526.0,469,Baccaurea minor,339649-1,Phyllanthaceae,Baccaurea,minor,,False,Baccaurea pendula
9748914.0,300,Phyllanthus hyssopifolioides,354038-1,Phyllanthaceae,Phyllanthus,hyssopifolioides,,False,Phyllanthus hyssopifolioides
9759194,347,Phyllanthus rosellus,194991-2,Phyllanthaceae,Phyllanthus,rosellus,,False,Phyllanthus rosellus
8296604,484,Antidesma stipulare,339121-1,Phyllanthaceae,Antidesma,stipulare,,False,Antidesma stipulare
6288570.0,341,Margaritaria discoidea,352071-1,Phyllanthaceae,Margaritaria,discoidea,,False,Margaritaria discoidea
4617410.0,345,Phyllanthus sieboldianus,77155911-1,Phyllanthaceae,Phyllanthus,sieboldianus,,False,Phyllanthus sieboldianus
8297711,363,Phyllanthus mollis,354287-1,Phyllanthaceae,Phyllanthus,mollis,,True,Glochidion molle
8268281.0,493,Cleistanthus oblongifolius,341422-1,Phyllanthaceae,Cleistanthus,oblongifolius,,False,Cleistanthus myrianthus
3580652.0,509,Amanoa strobilacea,338596-1,Phyllanthaceae,Amanoa,strobilacea,,False,Amanoa strobilacea
4934412.0,526,Antidesma vogelianum,339153-1,Phyllanthaceae,Antidesma,vogelianum,,False,Antidesma vogelianum
3580504.0,533,Uapaca guineensis,358131-1,Phyllanthaceae,Uapaca,guineensis,,False,Uapaca guineensis
8261269,524,Antidesma coriaceum,338879-1,Phyllanthaceae,Antidesma,coriaceum,,False,Antidesma coriaceum
4618225,516,Bischofia javanica,339921-1,Phyllanthaceae,Bischofia,javanica,,False,Bischofia javanica
4934202.0,225,Thecacoris sp.,15981-1,Phyllanthaceae,Thecacoris,,,False,Thecacoris sp.
4301582.0,521,Bridelia balansae,340128-1,Phyllanthaceae,Bridelia,balansae,,False,Bridelia balansae
8261239.0,589,Aporosa chondroneura,986037-1,Phyllanthaceae,Aporosa,chondroneura,,False,Aporosa chondroneura
3851967,363,Glochidion harveyanum,349409-1,Phyllanthaceae,Glochidion,harveyanum,,False,Glochidion harveyanum
3852020.0,579,Antidesma bunius,338853-1,Phyllanthaceae,Antidesma,bunius,,True,Antidesma bunius
8335974,559,Baccaurea sarawakensis,339684-1,Phyllanthaceae,Baccaurea,sarawakensis,,False,Baccaurea sarawakensis
4301921.0,344,Phyllanthus triandrus,354786-1,Phyllanthaceae,Phyllanthus,triandrus,,True,Phyllanthus triandrus
4301594.0,345,Glochidion lanceolatum,349453-1,Phyllanthaceae,Glochidion,lanceolatum,,False,Phyllanthus keelungensis
4934400,596,Uapaca staudtii,358174-1,Phyllanthaceae,Uapaca,staudtii,,False,Uapaca staudtii
4301949.0,330,Glochidion lanceolatum,349453-1,Phyllanthaceae,Glochidion,lanceolatum,,False,Phyllanthus keelungensis
8297665,564,Baccaurea dulcis,339619-1,Phyllanthaceae,Baccaurea,dulcis,,False,Baccaurea dulcis
8155398.0,333,Phyllanthus suffrutescens,354734-1,Phyllanthaceae,Phyllanthus,suffrutescens,,False,Phyllanthus suffrutescens
13959296.0,344,Phyllanthus amarus,326408-2,Phyllanthaceae,Phyllanthus,amarus,,False,Phyllanthus amarus
3818560,379,Phyllanthus clamboides,353707-1,Phyllanthaceae,Phyllanthus,clamboides,,False,Phyllanthus clamboides
4934280,567,Maesobotrya barteri,351435-1,Phyllanthaceae,Maesobotrya,barteri,,False,Maesobotrya barteri
5858694,524,Cleistanthus caudatus,341322-1,Phyllanthaceae,Cleistanthus,caudatus,,False,Cleistanthus mildbraedii
9048257,424,Glochidion sp.,328249-2,Phyllanthaceae,Glochidion,,,False,Glochidion sp. 1
8336057,342,Phyllanthus mollis,354287-1,Phyllanthaceae,Phyllanthus,mollis,,True,Glochidion molle
8267585.0,517,Baccaurea macrocarpa,339641-1,Phyllanthaceae,Baccaurea,macrocarpa,,False,Baccaurea macrocarpa
8335969,563,Baccaurea angulata,339592-1,Phyllanthaceae,Baccaurea,angulata,,False,Baccaurea angulata
3818499,374,Glochidion harveyanum,349409-1,Phyllanthaceae,Glochidion,harveyanum,,False,Glochidion harveyanum
8261236,571,Baccaurea bracteata,339602-1,Phyllanthaceae,Baccaurea,bracteata,,False,Baccaurea bracteata
4303030,345,Phyllanthus triandrus,354786-1,Phyllanthaceae,Phyllanthus,triandrus,,True,Phyllanthus triandrus
4934161.0,496,Antidesma vogelianum,339153-1,Phyllanthaceae,Antidesma,vogelianum,,False,Antidesma vogelianum
6288648.0,433,Cleistanthus polystachyus,341446-1,Phyllanthaceae,Cleistanthus,polystachyus,,False,Cleistanthus polystachyus
5895727.0,358,Phyllanthus cuneifolius,194703-2,Phyllanthaceae,Phyllanthus,cuneifolius,,False,Phyllanthus cuneifolius
8267568,564,Aporosa confusa,339211-1,Phyllanthaceae,Aporosa,confusa,,False,Aporosa confusa
3818497.0,384,Glochidion sessiliflorum,349633-1,Phyllanthaceae,Glochidion,sessiliflorum,,False,Glochidion sessiliflorum
6288695.0,551,Hymenocardia ulmoides,350107-1,Phyllanthaceae,Hymenocardia,ulmoides,,False,Hymenocardia ulmoides
9934130,509,Phyllanthus maderaspatensis,354211-1,Phyllanthaceae,Phyllanthus,maderaspatensis,,True,Phyllanthus maderaspatensis
8297658.0,475,Baccaurea minor,339649-1,Phyllanthaceae,Baccaurea,minor,,False,Baccaurea pendula
5182566.0,405,Phytolacca americana,323290-2,Phytolaccaceae,Phytolacca,americana,,False,Phytolacca americana
6541675.0,530,Phytolacca americana,323290-2,Phytolaccaceae,Phytolacca,americana,,False,Phytolacca americana
5895677.0,426,Picramnia pentandra,813923-1,Picramniaceae,Picramnia,pentandra,,False,Picramnia pentandra
5895501.0,346,Picramnia pentandra,813923-1,Picramniaceae,Picramnia,pentandra,,False,Picramnia pentandra
3818558,434,Choriceras tricorne,340937-1,Picrodendraceae,Choriceras,tricorne,,False,Choriceras tricorne
15080686.0,279,Piper jacquemontianum,681789-1,Piperaceae,Piper,jacquemontianum,,False,Piper jacquemontianum
4302998.0,259,Piper kadsura,681817-1,Piperaceae,Piper,kadsura,,False,Piper kadsura
15080548.0,280,Peperomia trinervis,30209353-2,Piperaceae,Peperomia,trinervis,,False,Peperomia trinervis
10285477.0,224,Piper amalago,680359-1,Piperaceae,Piper,amalago,,False,Piper amalago
5901653.0,251,Piper marginatum,682138-1,Piperaceae,Piper,marginatum,,True,Piper marginatum
10285446.0,229,Piper aequale,680300-1,Piperaceae,Piper,aequale,,False,Piper aequale
5895438.0,297,Piper amalago,680359-1,Piperaceae,Piper,amalago,,False,Piper amalago
4302229.0,259,Piper kadsura,681817-1,Piperaceae,Piper,kadsura,,False,Piper kadsura
3604322.0,280,Peperomia hunteriana,1012073-1,Piperaceae,Peperomia,hunteriana,,False,Peperomia hunteriana
5895402.0,294,Piper jacquemontianum,681789-1,Piperaceae,Piper,jacquemontianum,,False,Piper jacquemontianum
10285452.0,224,Piper reticulatum,198988-2,Piperaceae,Piper,reticulatum,,True,Piper reticulatum
10285449.0,229,Piper dilatatum,681193-1,Piperaceae,Piper,dilatatum,,True,Piper dilatatum
6073038.0,356,Piper longum,682031-1,Piperaceae,Piper,longum,,True,Piper longum
6143937.0,360,Piper nigrum,682369-1,Piperaceae,Piper,nigrum,,False,Piper nigrum
3818539.0,372,Pittosporum spinescens,1018115-1,Pittosporaceae,Pittosporum,spinescens,,False,Pittosporum spinescens
4617575.0,298,Pittosporum boninense var. chichijimense,955812-1,Pittosporaceae,Pittosporum,boninense,chichijimense,False,Pittosporum boninense var. chichijimense
4302047.0,298,Pittosporum tobira,684716-1,Pittosporaceae,Pittosporum,tobira,,False,Pittosporum tobira
15080654.0,293,Billardiera cymosa,684252-1,Pittosporaceae,Billardiera,cymosa,,False,Billardiera cymosa
4301944.0,287,Pittosporum tobira,684716-1,Pittosporaceae,Pittosporum,tobira,,False,Pittosporum tobira
4619096.0,291,Pittosporum parvifolium,684624-1,Pittosporaceae,Pittosporum,parvifolium,,False,Pittosporum parvifolium
4618742.0,296,Pittosporum parvifolium var. beecheyi,955814-1,Pittosporaceae,Pittosporum,parvifolium,beecheyi,False,Pittosporum beecheyi
4619224.0,289,Pittosporum boninense var. boninense,77227018-1,Pittosporaceae,Pittosporum,boninense,boninense,False,Pittosporum boninense var. boninense
4618312.0,298,Pittosporum boninense var. chichijimense,955812-1,Pittosporaceae,Pittosporum,boninense,chichijimense,False,Pittosporum boninense var. chichijimense
3818538.0,328,Pittosporum rubiginosum,684679-1,Pittosporaceae,Pittosporum,rubiginosum,,False,Pittosporum rubiginosum
15080868.0,324,Pittosporum sp.,326028-2,Pittosporaceae,Pittosporum,,,False,Pittosporum sp.
3852039.0,260,Pittosporum rubiginosum,684679-1,Pittosporaceae,Pittosporum,rubiginosum,,False,Pittosporum rubiginosum
4617604.0,291,Pittosporum parvifolium,684624-1,Pittosporaceae,Pittosporum,parvifolium,,False,Pittosporum parvifolium
3818540.0,369,Pittosporum spinescens,1018115-1,Pittosporaceae,Pittosporum,spinescens,,False,Pittosporum spinescens
4618341.0,291,Pittosporum boninense var. boninense,77227018-1,Pittosporaceae,Pittosporum,boninense,boninense,False,Pittosporum boninense var. boninense
15057653.0,326,Linaria texana,279678-2,Plantaginaceae,Linaria,texana,,False,Nuttallanthus texanus
15057585.0,326,Plantago aristata,684890-1,Plantaginaceae,Plantago,aristata,,False,Plantago aristata
3232641.0,418,Veronica peregrina,812460-1,Plantaginaceae,Veronica,peregrina,,False,Veronica peregrina
15080780.0,347,Antirrhinum latifolium,799157-1,Plantaginaceae,Antirrhinum,latifolium,,True,Antirrhinum latifolium
6632215.0,350,Veronica persica,30198355-2,Plantaginaceae,Veronica,persica,,False,Veronica persica
3232642.0,418,Veronica serpyllifolia,812650-1,Plantaginaceae,Veronica,serpyllifolia,,False,Veronica serpyllifolia
6541773.0,340,Plantago rugelii,685608-1,Plantaginaceae,Plantago,rugelii,,False,Plantago rugelii
5911409.0,339,Plantago major,321286-2,Plantaginaceae,Plantago,major,,False,Plantago major
6541664.0,302,Penstemon laevigatus,187582-2,Plantaginaceae,Penstemon,laevigatus,,False,Penstemon laevigatus
5911512.0,339,Plantago rugelii,685608-1,Plantaginaceae,Plantago,rugelii,,False,Plantago rugelii
5211225.0,355,Veronica hederifolia,812075-1,Plantaginaceae,Veronica,hederifolia,,False,Veronica hederifolia
10556242,368,Russelia equisetiformis,808903-1,Plantaginaceae,Russelia,equisetiformis,,False,Russelia juncea
15057545,431,Stemodia lanata,809856-1,Plantaginaceae,Stemodia,lanata,,False,Stemodia lanata
10556245,368,Russelia equisetiformis,808903-1,Plantaginaceae,Russelia,equisetiformis,,False,Russelia juncea
3232503,329,Linaria vulgaris,325777-2,Plantaginaceae,Linaria,vulgaris,,True,Linaria vulgaris
3232393.0,297,Chelone glabra,274468-2,Plantaginaceae,Chelone,glabra,,False,Chelone glabra
15080929.0,307,Plantago arborescens,684873-1,Plantaginaceae,Plantago,arborescens,,False,Plantago arborescens
5911461.0,384,Veronica officinalis,812402-1,Plantaginaceae,Veronica,officinalis,,False,Veronica officinalis
3232640.0,386,Veronica officinalis,812402-1,Plantaginaceae,Veronica,officinalis,,False,Veronica officinalis
5911584,338,Plantago major,321286-2,Plantaginaceae,Plantago,major,,False,Plantago major
5211251.0,361,Veronica persica,30198355-2,Plantaginaceae,Veronica,persica,,False,Veronica persica
17472457,362,Plantago atrata,684903-1,Plantaginaceae,Plantago,atrata,,False,Plantago atrata
5211233.0,355,Veronica hederifolia,812075-1,Plantaginaceae,Veronica,hederifolia,,False,Veronica hederifolia
3232990,418,Veronica serpyllifolia,812650-1,Plantaginaceae,Veronica,serpyllifolia,,False,Veronica serpyllifolia
15080847.0,335,Sairocarpus virga,284518-2,Plantaginaceae,Sairocarpus,virga,,False,Sairocarpus virga
15080722.0,368,Globularia sarcophylla,383335-1,Plantaginaceae,Globularia,sarcophylla,,False,Globularia sarcophylla
3232639.0,429,Veronica americana,316066-2,Plantaginaceae,Veronica,americana,,False,Veronica americana
6632207.0,430,Veronica peregrina,812460-1,Plantaginaceae,Veronica,peregrina,,False,Veronica peregrina
15057462.0,280,Maurandella antirrhiniflora,805502-1,Plantaginaceae,Maurandella,antirrhiniflora,,False,Maurandya antirrhiniflora
6541602.0,533,Platanus occidentalis,685871-1,Platanaceae,Platanus,occidentalis,,True,Platanus occidentalis
6632250.0,536,Platanus occidentalis,685871-1,Platanaceae,Platanus,occidentalis,,True,Platanus occidentalis
10556306.0,259,Plumbago auriculata,687056-1,Plumbaginaceae,Plumbago,auriculata,,False,Plumbago auriculata
12541042.0,429,Plumbago indica,687077-1,Plumbaginaceae,Plumbago,indica,,False,Plumbago indica
15080915.0,333,Ceratostigma abyssinicum,686550-1,Plumbaginaceae,Ceratostigma,abyssinicum,,False,Ceratostigma abyssinicum
10556307.0,298,Plumbago auriculata,687056-1,Plumbaginaceae,Plumbago,auriculata,,False,Plumbago auriculata
11695583.0,421,Plumbago zeylanica,687109-1,Plumbaginaceae,Plumbago,zeylanica,,False,Plumbago zeylanica L.
15080779.0,273,Limonium preauxii,686930-1,Plumbaginaceae,Limonium,preauxii,,False,Limonium preauxii
3785847,635,Phippsia algida,415728-1,Poaceae,Phippsia,algida,,False,Phippsia algida
3442921,610,Poa macrantha,204345-2,Poaceae,Poa,macrantha,,False,Poa macrantha
9812834,650,Pseudoroegneria spicata,1159330-2,Poaceae,Pseudoroegneria,spicata,,False,Pseudoroegneria spicata
3442960,592,Phleum pratense,415868-1,Poaceae,Phleum,pratense,,False,Phleum pratense
3442750,605,Poa alpina,320036-2,Poaceae,Poa,alpina,,True,Poa alpina
3442889,605,Alopecurus geniculatus,387091-1,Poaceae,Alopecurus,geniculatus,,True,Alopecurus geniculatus
3442833,613,Bromus inermis,393784-1,Poaceae,Bromus,inermis,,True,Bromus inermis
3442645,613,Bromus sterilis,332081-2,Poaceae,Bromus,sterilis,,True,Bromus sterilis
7088212,561,Setaria verticillata,421857-1,Poaceae,Setaria,verticillata,,False,Setaria verticillata
5911415,611,Cinna latifolia,30361556-2,Poaceae,Cinna,latifolia,,False,Cinna latifolia
3442908,637,Triticum aestivum,332110-2,Poaceae,Triticum,aestivum,,False,Triticum aestivum
5211212,619,Poa compressa,204172-2,Poaceae,Poa,compressa,,True,Poa compressa
3442806,519,Torreyochloa pallida,255177-2,Poaceae,Torreyochloa,pallida,,False,Torreyochloa pallida
3232541,619,Phalaris arundinacea,415571-1,Poaceae,Phalaris,arundinacea,,False,Phalaris arundinacea
9812983,619,Alopecurus myosuroides,387143-1,Poaceae,Alopecurus,myosuroides,,False,Alopecurus myosuroides
3442637,628,Eriocoma nelsonii,77199079-1,Poaceae,Eriocoma,nelsonii,,False,Achnatherum nelsonii
9813206.0,618,Microstegium vimineum,408546-1,Poaceae,Microstegium,vimineum,,False,Microstegium vimineum
3442874,602,Bromus marginatus,37093-2,Poaceae,Bromus,marginatus,,False,Bromus marginatus
3442968,618,Elymus diversiglumis,90235-2,Poaceae,Elymus,diversiglumis,,False,Elymus diversiglumis
3442906,621,Miscanthus sinensis,408768-1,Poaceae,Miscanthus,sinensis,,False,Miscanthus sinensis
3442898,600,Lolium perenne,407493-1,Poaceae,Lolium,perenne,,False,Lolium perenne
3442691,619,Vahlodea atropurpurea,426293-1,Poaceae,Vahlodea,atropurpurea,,False,Vahlodea atropurpurea
9812903.0,646,Paspalum dilatatum,414070-1,Poaceae,Paspalum,dilatatum,,False,Paspalum dilatatum
8155394,532,Sporobolus stapfianus,422955-1,Poaceae,Sporobolus,stapfianus,,False,Sporobolus stapfianus
3442936,619,Festuca subuliflora,314301-2,Poaceae,Festuca,subuliflora,,False,Festuca subuliflora
6569230,617,Panicum sumatrense,413287-1,Poaceae,Panicum,sumatrense,,False,Panicum sumatrense
3442644,624,Melica subulata,408166-1,Poaceae,Melica,subulata,,False,Melica subulata
3785831,631,Puccinellia vahliana,214446-2,Poaceae,Puccinellia,vahliana,,False,Puccinellia vahliana
6259167,616,Megathyrsus maximus,60426565-2,Poaceae,Megathyrsus,maximus,,False,Panicum maximum
9812985,565,Alopecurus arundinaceus,387025-1,Poaceae,Alopecurus,arundinaceus,,False,Alopecurus arundinaceus
9812771,647,Aegilops tauschii,384652-1,Poaceae,Aegilops,tauschii,,False,Aegilops tauschii
3442795,597,Bromus pumpellianus,37137-2,Poaceae,Bromus,pumpellianus,,False,Bromus pumpellianus
3442738,503,Schizachne purpurascens,229305-2,Poaceae,Schizachne,purpurascens,,False,Schizachne purpurascens
9812781,643,Aegilops triuncialis,384658-1,Poaceae,Aegilops,triuncialis,,False,Aegilops triuncialis
9813193,562,Psathyrostachys juncea,418806-1,Poaceae,Psathyrostachys,juncea,,False,Psathyrostachys juncea
11827317,584,Phleum pratense,415868-1,Poaceae,Phleum,pratense,,False,Phleum pratense
8099260,542,Hyparrhenia papillipes,405560-1,Poaceae,Hyparrhenia,papillipes,,False,Hyparrhenia papillipes
3442865,606,Bromus commutatus,393635-1,Poaceae,Bromus,commutatus,,False,Bromus commutatus
3442917,495,Agropyron cristatum,7365-2,Poaceae,Agropyron,cristatum,,False,Agropyron cristatum
9813025.0,628,Nassella trichotoma,167243-2,Poaceae,Nassella,trichotoma,,False,Nassella trichotoma
6575302,618,Microstegium vimineum,408546-1,Poaceae,Microstegium,vimineum,,False,Microstegium vimineum
8155395,525,Eustachys paspaloides,402230-1,Poaceae,Eustachys,paspaloides,,False,Eustachys paspaloides
3785827,631,Puccinellia vahliana,214446-2,Poaceae,Puccinellia,vahliana,,False,Puccinellia vahliana
9812923,587,Cenchrus tribuloides,395330-1,Poaceae,Cenchrus,tribuloides,,False,Cenchrus tribuloides
6574510,604,Dichanthelium boscii,79342-2,Poaceae,Dichanthelium,boscii,,False,Dichanthelium boscii
3232533,630,Oryzopsis asperifolia,325232-2,Poaceae,Oryzopsis,asperifolia,,False,Oryzopsis asperifolia
7088146,570,Enneapogon cenchroides,1080584-2,Poaceae,Enneapogon,cenchroides,,False,Enneapogon cenchroides
9934111,604,Cymbopogon commutatus,396901-1,Poaceae,Cymbopogon,commutatus,,False,Cymbopogon commutatus
3442730,605,Alopecurus aequalis,387005-1,Poaceae,Alopecurus,aequalis,,False,Alopecurus aequalis
3442714,580,Poa nemoralis,320039-2,Poaceae,Poa,nemoralis,,False,Poa nemoralis
9934116,603,Urochloa dictyoneura,992521-1,Poaceae,Urochloa,dictyoneura,,False,Brachiaria dictyoneura
3442659,620,Arrhenatherum elatius,389923-1,Poaceae,Arrhenatherum,elatius,,False,Arrhenatherum elatius
6786040.0,572,Eragrostis papposa,401392-1,Poaceae,Eragrostis,papposa,,False,Eragrostis papposa
3442824,618,Distichlis spicata,82343-2,Poaceae,Distichlis,spicata,,False,Distichlis spicata
6188833,617,Eragrostis cylindriflora,400993-1,Poaceae,Eragrostis,cylindriflora,,False,Eragrostis rigidior
3581018,613,Anthoxanthum odoratum,389034-1,Poaceae,Anthoxanthum,odoratum,,False,Anthoxanthum odoratum
9813480,632,Alopecurus myosuroides,387143-1,Poaceae,Alopecurus,myosuroides,,False,Alopecurus myosuroides
9813012,563,Paspalum notatum,414477-1,Poaceae,Paspalum,notatum,,False,Paspalum notatum
3580973,615,Eriocoma hymenoides,94498-2,Poaceae,Eriocoma,hymenoides,,False,Achnatherum hymenoides
3442787,626,Calamagrostis lapponica,40477-2,Poaceae,Calamagrostis,lapponica,,False,Calamagrostis lapponica
6569220,613,Eleusine coracana,399945-1,Poaceae,Eleusine,coracana,,False,Eleusine coracana
6188800,615,Moorochloa eruciformis,77065028-1,Poaceae,Moorochloa,eruciformis,,False,Brachiaria eruciformis
8155075,565,Eragrostis paniciformis,1164114-2,Poaceae,Eragrostis,paniciformis,,False,Eragrostis paniciformis
7088114,561,Ischaemum afrum,406103-1,Poaceae,Ischaemum,afrum,,False,Ischaemum afrum
6786039,571,Melinis repens,2945817-1,Poaceae,Melinis,repens,,False,Melinis repens
3442814,586,Calamagrostis nutkaensis,394684-1,Poaceae,Calamagrostis,nutkaensis,,False,Calamagrostis nutkaensis
9812929,645,Schizachyrium scoparium,420956-1,Poaceae,Schizachyrium,scoparium,,False,Schizachyrium scoparium
9748912,395,Oryza rufipogon,410115-1,Poaceae,Oryza,rufipogon,,False,Oryza glumaepatula
5911657.0,583,Brachyelytrum aristosum,35906-2,Poaceae,Brachyelytrum,aristosum,,False,Brachyelytrum aristosum
3442942,626,Aira praecox,386818-1,Poaceae,Aira,praecox,,False,Aira praecox
9813208,642,Andropogon gerardi,30435428-2,Poaceae,Andropogon,gerardi,,False,Andropogon gerardii
3442820,598,Bromus sterilis,332081-2,Poaceae,Bromus,sterilis,,True,Bromus sterilis
3442778,598,Bromus inermis,393784-1,Poaceae,Bromus,inermis,,True,Bromus inermis
8155410,465,Eragrostis braunii,400882-1,Poaceae,Eragrostis,braunii,,False,Eragrostis braunii
9813490,642,Nassella tenuissima,281184-2,Poaceae,Nassella,tenuissima,,False,Nassella tenuissima
3442651,619,Danthonia californica,397487-1,Poaceae,Danthonia,californica,,False,Danthonia californica
10003977,632,Cenchrus hohenackeri,77106004-1,Poaceae,Cenchrus,hohenackeri,,False,Pennisetum hohenackeri
7088182,572,Ischaemum afrum,406103-1,Poaceae,Ischaemum,afrum,,False,Ischaemum afrum
3442912,620,Poa compressa,204172-2,Poaceae,Poa,compressa,,True,Poa compressa
3442724,609,Festuca idahoensis,103883-2,Poaceae,Festuca,idahoensis,,False,Festuca idahoensis
3785798,631,Puccinellia phryganodes,214418-2,Poaceae,Puccinellia,phryganodes,,False,Puccinellia phryganodes
6259227,616,Megathyrsus maximus,60426565-2,Poaceae,Megathyrsus,maximus,,False,Panicum maximum
11887134,639,Paspalum urvillei,414828-1,Poaceae,Paspalum,urvillei,,False,Paspalum urvillei
3232362,619,Avena fatua,391443-1,Poaceae,Avena,fatua,,False,Avena fatua
9812876,572,Eriocoma hymenoides,94498-2,Poaceae,Eriocoma,hymenoides,,False,Oryzopsis hymenoides
3232600,616,Setaria pumila,421764-1,Poaceae,Setaria,pumila,,False,Setaria pumila
7088178,567,Digitaria macroblephara,398939-1,Poaceae,Digitaria,macroblephara,,False,Digitaria macroblephara
8155431,470,Eragrostis japonica,401189-1,Poaceae,Eragrostis,japonica,,False,Eragrostis japonica
3580988,620,Elymus glaucus,400271-1,Poaceae,Elymus,glaucus,,True,Elymus glaucus
3232631,636,Triticum aestivum,332110-2,Poaceae,Triticum,aestivum,,False,Triticum aestivum
3442963,605,Elymus canadensis,400194-1,Poaceae,Elymus,canadensis,,False,Elymus canadensis
11827287,512,Arrhenatherum elatius,389923-1,Poaceae,Arrhenatherum,elatius,,False,Arrhenatherum elatius
3442783,591,Puccinellia nuttalliana,214404-2,Poaceae,Puccinellia,nuttalliana,,False,Puccinellia nuttalliana
3442731,605,Deschampsia cespitosa,397953-1,Poaceae,Deschampsia,cespitosa,,False,Deschampsia cespitosa
9812951,617,Bothriochloa ischaemum,1191417-2,Poaceae,Bothriochloa,ischaemum,,False,Bothriochloa ischaemum
10003961,631,Echinochloa pyramidalis,88106-2,Poaceae,Echinochloa,pyramidalis,,False,Echinochloa pyramidalis
3581013,605,Koeleria macrantha,406615-1,Poaceae,Koeleria,macrantha,,False,Koeleria macrantha
3785858.0,640,Poa arctica,416515-1,Poaceae,Poa,arctica,,False,Poa arctica
3442879,628,Eriocoma occidentalis,77199082-1,Poaceae,Eriocoma,occidentalis,,False,Achnatherum occidentale
3232507,619,Lolium arundinaceum,973267-1,Poaceae,Lolium,arundinaceum,,False,Lolium arundinaceum
3442937,633,Elymus glaucus,400271-1,Poaceae,Elymus,glaucus,,True,Elymus glaucus
3442920,609,Calamagrostis breviligulata,77165977-1,Poaceae,Calamagrostis,breviligulata,,False,Ammophila breviligulata
3442727,468,Schizachne purpurascens,229305-2,Poaceae,Schizachne,purpurascens,,False,Schizachne purpurascens
11827278,566,Lolium pratense,1138205-2,Poaceae,Lolium,pratense,,True,Festuca pratensis
3442667,601,Cinna latifolia,30361556-2,Poaceae,Cinna,latifolia,,False,Cinna latifolia
4592088,611,Pseudoxytenanthera bourdillonii,963109-1,Poaceae,Pseudoxytenanthera,bourdillonii,,False,Pseudoxytenanthera bourdillonii
10003979,626,Cenchrus hohenackeri,77106004-1,Poaceae,Cenchrus,hohenackeri,,False,Pennisetum hohenackeri
11887137,580,Paspalum notatum,414477-1,Poaceae,Paspalum,notatum,,False,Paspalum notatum
3442895,615,Panicum capillare,181618-2,Poaceae,Panicum,capillare,,False,Panicum capillare
3442838,620,Leymus mollis,139357-2,Poaceae,Leymus,mollis,,False,Leymus mollis
3442692,626,Calamagrostis sesquiflora,394826-1,Poaceae,Calamagrostis,sesquiflora,,False,Calamagrostis sesquiflora
9934132,602,Cenchrus mezianus,77106014-1,Poaceae,Cenchrus,mezianus,,False,Pennisetum mezianum
9934120,616,Leptothrium senegalense,407223-1,Poaceae,Leptothrium,senegalense,,False,Leptothrium senegalense
9597760,312,Urochloa leersioides,60457347-2,Poaceae,Urochloa,leersioides,,False,Brachiaria leersoides
6574527,611,Dichanthelium boscii,79342-2,Poaceae,Dichanthelium,boscii,,False,Dichanthelium boscii
6574494,620,Sphenopholis nitida,242042-2,Poaceae,Sphenopholis,nitida,,False,Sphenopholis nitida
9813486,644,Nassella tenuissima,281184-2,Poaceae,Nassella,tenuissima,,False,Nassella tenuissima
9812882,587,Sporobolus vaginiflorus,30120612-2,Poaceae,Sporobolus,vaginiflorus,,False,Sporobolus vaginiflorus
6188799,615,Moorochloa eruciformis,77065028-1,Poaceae,Moorochloa,eruciformis,,False,Brachiaria eruciformis
9812753,628,Arthraxon hispidus,390037-1,Poaceae,Arthraxon,hispidus,,False,Arthraxon hispidus
3442755,626,Calamagrostis montanensis,1192461-2,Poaceae,Calamagrostis,montanensis,,False,Calamagrostis montanensis
3442855,627,Leymus cinereus,139352-2,Poaceae,Leymus,cinereus,,False,Leymus cinereus
3785865,635,Poa glauca,204239-2,Poaceae,Poa,glauca,,True,Poa glauca
9812739,620,Cenchrus echinatus,316518-2,Poaceae,Cenchrus,echinatus,,True,Cenchrus echinatus
9813133,636,Leersia virginica,316778-2,Poaceae,Leersia,virginica,,False,Leersia virginica
3442673,614,Bromus marginatus,37093-2,Poaceae,Bromus,marginatus,,False,Bromus marginatus
7088246,555,Echinochloa colona,399655-1,Poaceae,Echinochloa,colona,,False,Echinochloa colona
7088172,550,Leptothrium senegalense,407223-1,Poaceae,Leptothrium,senegalense,,False,Leptothrium senegalense
7088132,567,Digitaria velutina,399215-1,Poaceae,Digitaria,velutina,,True,Digitaria velutina
9812916,633,Alopecurus aequalis,387005-1,Poaceae,Alopecurus,aequalis,,False,Alopecurus aequalis
9812993,633,Alopecurus geniculatus,387091-1,Poaceae,Alopecurus,geniculatus,,True,Alopecurus geniculatus
9812919,592,Cenchrus ciliaris,395214-1,Poaceae,Cenchrus,ciliaris,,False,Cenchrus ciliaris
3232544,617,Phragmites australis,30337627-2,Poaceae,Phragmites,australis,,False,Phragmites australis
9812889,624,Echinochloa colona,399655-1,Poaceae,Echinochloa,colona,,False,Echinochloa colona
9813195,591,Alopecurus arundinaceus,387025-1,Poaceae,Alopecurus,arundinaceus,,False,Alopecurus arundinaceus
8155414,497,Bothriochloa insculpta,392721-1,Poaceae,Bothriochloa,insculpta,,False,Bothriochloa insculpta
11887144,594,Schizachyrium microstachyum,420918-1,Poaceae,Schizachyrium,microstachyum,,False,Schizachyrium microstachyum
9813288,647,Sorghastrum nutans,240823-2,Poaceae,Sorghastrum,nutans,,False,Sorghastrum nutans
9813121,631,Cenchrus longispinus,51256-2,Poaceae,Cenchrus,longispinus,,False,Cenchrus longispinus
9813056,593,Echinochloa crus-galli,399660-1,Poaceae,Echinochloa,crus-galli,,False,Echinochloa crus-galli
3442927,620,Aira caryophyllea,386633-1,Poaceae,Aira,caryophyllea,,True,Aira caryophyllea
6541764,612,Muhlenbergia schreberi,409143-1,Poaceae,Muhlenbergia,schreberi,,False,Muhlenbergia schreberi
9813290,638,Echinochloa muricata,88087-2,Poaceae,Echinochloa,muricata,,False,Echinochloa muricata
6259168.0,619,Eragrostis superba,401614-1,Poaceae,Eragrostis,superba,,False,Eragrostis superba
9813119,634,Alopecurus carolinianus,387058-1,Poaceae,Alopecurus,carolinianus,,True,Alopecurus carolinianus
15057591,633,Elymus canadensis,400194-1,Poaceae,Elymus,canadensis,,False,Elymus canadensis
3442735,604,Festuca rubra,30010036-2,Poaceae,Festuca,rubra,,False,Festuca rubra
9812892.0,591,Echinochloa crus-galli,399660-1,Poaceae,Echinochloa,crus-galli,,False,Echinochloa crus-galli
9812905,615,Paspalum distichum,184275-2,Poaceae,Paspalum,distichum,,True,Paspalum distichum
9812757,636,Aegilops cylindrica,384583-1,Poaceae,Aegilops,cylindrica,,True,Aegilops cylindrica
9813229,642,Hesperostipa comata,969792-1,Poaceae,Hesperostipa,comata,,False,Hesperostipa comata
3442665,619,Danthonia unispicata,76666-2,Poaceae,Danthonia,unispicata,,False,Danthonia unispicata
9812994,591,Cenchrus spinifex,395325-1,Poaceae,Cenchrus,spinifex,,False,Cenchrus spinifex
10003962,618,Echinochloa pyramidalis,88106-2,Poaceae,Echinochloa,pyramidalis,,False,Echinochloa pyramidalis
9813148,615,Paspalum dilatatum,414070-1,Poaceae,Paspalum,dilatatum,,False,Paspalum dilatatum
7088215,583,Enneapogon cenchroides,1080584-2,Poaceae,Enneapogon,cenchroides,,False,Enneapogon cenchroides
9748875,558,Paspalum axillare,184163-2,Poaceae,Paspalum,axillare,,False,Paspalum axilare
6786038,572,Melinis repens,2945817-1,Poaceae,Melinis,repens,,False,Melinis repens
3442794,625,Poa arctica,416515-1,Poaceae,Poa,arctica,,False,Poa arctica
3442753,618,Leymus innovatus,139355-2,Poaceae,Leymus,innovatus,,False,Leymus innovatus
3604310,627,Mullerochloa moreheadiana,77069415-1,Poaceae,Mullerochloa,moreheadiana,,False,Mullerochloa moreheadiana
3232508,578,Lolium perenne,407493-1,Poaceae,Lolium,perenne,,False,Lolium perenne
7088090,559,Cymbopogon commutatus,396901-1,Poaceae,Cymbopogon,commutatus,,False,Cymbopogon commutatus
11827289,561,Dactylis glomerata,397309-1,Poaceae,Dactylis,glomerata,,False,Dactylis glomerata
3442980,521,Leersia oryzoides,1109632-2,Poaceae,Leersia,oryzoides,,False,Leersia oryzoides
3442774,605,Poa interior,204296-2,Poaceae,Poa,interior,,False,Poa interior
3442721,613,Poa pratensis,417792-1,Poaceae,Poa,pratensis,,False,Poa pratensis
3442800,598,Bromus richardsonii,1197192-2,Poaceae,Bromus,richardsonii,,False,Bromus richardsonii
3442680,624,Torreyochloa pallida,255177-2,Poaceae,Torreyochloa,pallida,,False,Torreyochloa pallida
3442873,620,Dichanthelium acuminatum,79328-2,Poaceae,Dichanthelium,acuminatum,,False,Dichanthelium acuminatum
5300576,599,Bambusa vulgaris,392574-1,Poaceae,Bambusa,vulgaris,,True,Bambusa vulgaris
3442809,614,Bromus carinatus,30065892-2,Poaceae,Bromus,carinatus,,False,Bromus carinatus
9813028.0,641,Aegilops triuncialis,384658-1,Poaceae,Aegilops,triuncialis,,False,Aegilops triuncialis
3580983,607,Phalaris arundinacea,415571-1,Poaceae,Phalaris,arundinacea,,False,Phalaris arundinacea
9812768.0,648,Aegilops neglecta,384624-1,Poaceae,Aegilops,neglecta,,True,Aegilops ovata
3442668.0,628,Eriocoma richardsonii,77199089-1,Poaceae,Eriocoma,richardsonii,,False,Achnatherum richardsonii
5211196.0,634,Brachypodium sylvaticum,393196-1,Poaceae,Brachypodium,sylvaticum,,False,Brachypodium sylvaticum
9812726,616,Eriochloa villosa,402069-1,Poaceae,Eriochloa,villosa,,False,Eriochloa villosa
9813048,562,Psathyrostachys juncea,418806-1,Poaceae,Psathyrostachys,juncea,,False,Psathyrostachys juncea
3442931,621,Cynosurus cristatus,397168-1,Poaceae,Cynosurus,cristatus,,False,Cynosurus cristatus
3785870.0,635,Poa hartzii,204269-2,Poaceae,Poa,hartzii,,False,Poa hartzii
6188820.0,617,Chrysopogon plumulosus,77066931-1,Poaceae,Chrysopogon,plumulosus,,False,Chrysopogon plumosus
10003935.0,612,Sporobolus africanus,422594-1,Poaceae,Sporobolus,africanus,,False,Sporobolus africanus
3442804.0,597,Bromus vulgaris,37201-2,Poaceae,Bromus,vulgaris,,False,Bromus vulgaris
3442796.0,597,Bromus pumpellianus,37137-2,Poaceae,Bromus,pumpellianus,,False,Bromus pumpellianus
11827316.0,569,Cynosurus cristatus,397168-1,Poaceae,Cynosurus,cristatus,,False,Cynosurus cristatus
3785862.0,635,Poa abbreviata,416409-1,Poaceae,Poa,abbreviata,,True,Poa abbreviata
3785824.0,631,Puccinellia arctica,214357-2,Poaceae,Puccinellia,arctica,,False,Puccinellia arctica
9598472,615,Chloris gayana,395891-1,Poaceae,Chloris,gayana,,False,Chloris gayana
3232433,616,Digitaria sanguinalis,399115-1,Poaceae,Digitaria,sanguinalis,,False,Digitaria sanguinalis
7088117,566,Urochloa lachnantha,60457346-2,Poaceae,Urochloa,lachnantha,,False,Brachiaria lachnantha
11887124,589,Nassella filiculmis,948387-1,Poaceae,Nassella,filiculmis,,False,Nassella filiculmis
9812873,648,Hesperostipa comata,969792-1,Poaceae,Hesperostipa,comata,,False,Hesperostipa comata
3442785,620,Dupontia fulva,77210900-1,Poaceae,Dupontia,fulva,,False,Arctophila fulva
6569232,615,Paspalum scrobiculatum,414702-1,Poaceae,Paspalum,scrobiculatum,,False,Paspalum scrobiculatum
6259170,616,Aristida congesta,389336-1,Poaceae,Aristida,congesta,,False,Aristida congesta
7088202,539,Digitaria macroblephara,398939-1,Poaceae,Digitaria,macroblephara,,False,Digitaria macroblephara
7088141,572,Hyparrhenia filipendula,405519-1,Poaceae,Hyparrhenia,filipendula,,False,Hyparrhenia filipendula
6188815,617,Cenchrus stramineus,77106051-1,Poaceae,Cenchrus,stramineus,,False,Pennisetum stramineum
9598517.0,616,Digitaria thouarsiana,399185-1,Poaceae,Digitaria,thouarsiana,,False,Digitaria thouaresiana
6569222.0,617,Eleusine coracana,399945-1,Poaceae,Eleusine,coracana,,False,Eleusine coracana
9813308,641,Sorghastrum nutans,240823-2,Poaceae,Sorghastrum,nutans,,False,Sorghastrum nutans
10003936,609,Sporobolus africanus,422594-1,Poaceae,Sporobolus,africanus,,False,Sporobolus africanus
3442700,620,Deschampsia cespitosa,397953-1,Poaceae,Deschampsia,cespitosa,,False,Deschampsia cespitosa
7088234,580,Setaria verticillata,421857-1,Poaceae,Setaria,verticillata,,False,Setaria verticillata
9812995,587,Cenchrus spinifex,395325-1,Poaceae,Cenchrus,spinifex,,False,Cenchrus pauciflorus
6757377.0,299,Cenchrus stramineus,77106051-1,Poaceae,Cenchrus,stramineus,,False,Pennisetum stramineum
9812855,555,Alopecurus japonicus,387115-1,Poaceae,Alopecurus,japonicus,,False,Alopecurus japonicus
7088208.0,567,Chloris nutans,60468989-2,Poaceae,Chloris,nutans,,False,Chloris nutans
6188832,617,Eragrostis cylindriflora,400993-1,Poaceae,Eragrostis,cylindriflora,,False,Eragrostis rigidior
3442675,613,Bromus vulgaris,37201-2,Poaceae,Bromus,vulgaris,,False,Bromus vulgaris
3785863,635,Poa abbreviata,416409-1,Poaceae,Poa,abbreviata,,True,Poa abbreviata
5911465,589,Phragmites australis,30337627-2,Poaceae,Phragmites,australis,,False,Phragmites australis
3442853,573,Bromus tectorum,394163-1,Poaceae,Bromus,tectorum,,False,Bromus tectorum
9812729.0,599,Hesperostipa spartea,969795-1,Poaceae,Hesperostipa,spartea,,False,Hesperostipa spartea
9813135,570,Paspalum urvillei,414828-1,Poaceae,Paspalum,urvillei,,False,Paspalum urvillei
3442741.0,617,Glyceria striata,111020-2,Poaceae,Glyceria,striata,,False,Glyceria striata
3442959.0,581,Bromus riparius,394067-1,Poaceae,Bromus,riparius,,False,Bromus riparius
3442736,605,Festuca campestris,402515-1,Poaceae,Festuca,campestris,,False,Festuca campestris
9934117,607,Cenchrus ciliaris,395214-1,Poaceae,Cenchrus,ciliaris,,False,Cenchrus ciliaris
3442688,624,Melica subulata,408166-1,Poaceae,Melica,subulata,,False,Melica subulata
9813059,631,Alopecurus carolinianus,387058-1,Poaceae,Alopecurus,carolinianus,,True,Alopecurus carolinianus
11827304,568,Trisetum flavescens,425194-1,Poaceae,Trisetum,flavescens,,False,Trisetum flavescens
11887150.0,641,Axonopus argentinus,27278-2,Poaceae,Axonopus,argentinus,,False,Axonopus argentinus
3442964,590,Sporobolus rigidus var. rigidus,77172803-1,Poaceae,Sporobolus,rigidus,rigidus,False,Calamovilfa longifolia
3442911,616,Eragrostis minor,401317-1,Poaceae,Eragrostis,minor,,False,Eragrostis minor
3442711.0,605,Anthoxanthum monticola,914833-1,Poaceae,Anthoxanthum,monticola,,False,Anthoxanthum monticola
9813294,562,Cenchrus tribuloides,395330-1,Poaceae,Cenchrus,tribuloides,,False,Cenchrus tribuloides
7088093,553,Urochloa lachnantha,60457346-2,Poaceae,Urochloa,lachnantha,,False,Brachiaria lachnantha
3442664,626,Calamagrostis canadensis,1121202-2,Poaceae,Calamagrostis,canadensis,,False,Calamagrostis canadensis
3581012,606,Holcus lanatus,405034-1,Poaceae,Holcus,lanatus,,False,Holcus lanatus
3442751,620,Poa alpina,320036-2,Poaceae,Poa,alpina,,True,Poa alpina
3442697,620,Koeleria spicata,77217043-1,Poaceae,Koeleria,spicata,,False,Trisetum spicatum
3785845,631,Puccinellia pumila,214424-2,Poaceae,Puccinellia,pumila,,False,Puccinellia pumila
9598513,616,Dinebra caudata,60458608-2,Poaceae,Dinebra,caudata,,False,Diplachne caudata
8155419.0,404,Sporobolus fimbriatus,422729-1,Poaceae,Sporobolus,fimbriatus,,False,Sporobolus fimbriatus
3442790,614,Poa annua,320035-2,Poaceae,Poa,annua,,True,Poa annua
9748919,599,Taquara micrantha,77205432-1,Poaceae,Taquara,micrantha,,False,Parodiolyra micrantha
9812774,647,Aegilops tauschii,384652-1,Poaceae,Aegilops,tauschii,,False,Aegilops tauschii
6569236.0,617,Setaria italica,1207294-2,Poaceae,Setaria,italica,,False,Setaria italica
3580994.0,620,Elymus violaceus,942109-1,Poaceae,Elymus,violaceus,,False,Elymus trachycaulus
9812931,639,Andropogon gerardi,30435428-2,Poaceae,Andropogon,gerardi,,False,Andropogon gerardii
8099261,517,Hyparrhenia papillipes,405560-1,Poaceae,Hyparrhenia,papillipes,,False,Hyparrhenia papillipes
3442812,571,Vahlodea atropurpurea,426293-1,Poaceae,Vahlodea,atropurpurea,,False,Vahlodea atropurpurea
3442766,576,Leymus innovatus,139355-2,Poaceae,Leymus,innovatus,,False,Leymus innovatus
3442674,625,Poa macrantha,204345-2,Poaceae,Poa,macrantha,,False,Poa macrantha
3581009,593,Bromus racemosus,394050-1,Poaceae,Bromus,racemosus,,False,Bromus racemosus
9813010,617,Bothriochloa ischaemum,1191417-2,Poaceae,Bothriochloa,ischaemum,,False,Bothriochloa ischaemum
6786010.0,579,Hyparrhenia sp.,18258-1,Poaceae,Hyparrhenia,,,False,Hyparrhenia sp. aff. Nubica
5911453,631,Elymus hystrix,90266-2,Poaceae,Elymus,hystrix,,True,Elymus hystrix
3442875.0,606,Bromus japonicus,60459493-2,Poaceae,Bromus,japonicus,,True,Bromus japonicus
11827276.0,576,Dactylis glomerata,397309-1,Poaceae,Dactylis,glomerata,,False,Dactylis glomerata
9812909.0,608,Paspalum paniculatum,184526-2,Poaceae,Paspalum,paniculatum,,True,Paspalum paniculatum
3442780.0,605,Poa glauca,204239-2,Poaceae,Poa,glauca,,True,Poa glauca
6569229.0,616,Panicum sumatrense,413287-1,Poaceae,Panicum,sumatrense,,False,Panicum sumatrense
8099243.0,526,Setaria pumila,421764-1,Poaceae,Setaria,pumila,,False,Setaria pumila
3442861.0,614,Festuca idahoensis,103883-2,Poaceae,Festuca,idahoensis,,False,Festuca idahoensis
3442893.0,633,Elymus violaceus,942109-1,Poaceae,Elymus,violaceus,,False,Elymus trachycaulus
3442717,599,Festuca saximontana,104039-2,Poaceae,Festuca,saximontana,,False,Festuca saximontana
3483381,605,Poa palustris,204398-2,Poaceae,Poa,palustris,,True,Poa palustris
9813156,540,Brachyelytrum erectum,1055019-2,Poaceae,Brachyelytrum,erectum,,False,Brachyelytrum erectum
3442941,644,Agrostis exarata,385720-1,Poaceae,Agrostis,exarata,,True,Agrostis exarata
5911702,624,Agrostis gigantea,385783-1,Poaceae,Agrostis,gigantea,,False,Agrostis gigantea
3580998,619,Podagrostis aequivalvis,204545-2,Poaceae,Podagrostis,aequivalvis,,False,Agrostis aequivalvis
7088097,584,Microchloa kunthii,408467-1,Poaceae,Microchloa,kunthii,,False,Microchloa kunthii
9813179,618,Milium vernale,408697-1,Poaceae,Milium,vernale,,False,Milium vernale
3604331,551,Pogonatherum crinitum,418488-1,Poaceae,Pogonatherum,crinitum,,False,Pogonatherum crinitum
3442953,616,Agrostis scabra,386271-1,Poaceae,Agrostis,scabra,,True,Agrostis scabra
11827280,567,Lolium multiflorum,407486-1,Poaceae,Lolium,multiflorum,,False,Lolium multiflorum
3442808,620,Leymus mollis,139357-2,Poaceae,Leymus,mollis,,False,Leymus mollis
3442869,626,Calamagrostis rubescens,394794-1,Poaceae,Calamagrostis,rubescens,,False,Calamagrostis rubescens
3442670,626,Calamagrostis canadensis,1121202-2,Poaceae,Calamagrostis,canadensis,,False,Calamagrostis canadensis
3442938,608,Bromus diandrus,393675-1,Poaceae,Bromus,diandrus,,True,Bromus diandrus
8099238.0,462,Eragrostis pilosa,1180620-2,Poaceae,Eragrostis,pilosa,,False,Eragrostis tenuiflora
11827291.0,553,Lolium pratense,1138205-2,Poaceae,Lolium,pratense,,True,Festuca pratensis
3442685.0,626,Calamagrostis nutkaensis,394684-1,Poaceae,Calamagrostis,nutkaensis,,False,Calamagrostis nutkaensis
8099237.0,521,Dactyloctenium aegyptium,397387-1,Poaceae,Dactyloctenium,aegyptium,,False,Dactyloctenium aegyptium
6574554.0,614,Dichanthelium dichotomum,79351-2,Poaceae,Dichanthelium,dichotomum,,False,Dichanthelium dichotomum
9813304.0,620,Cenchrus echinatus,316518-2,Poaceae,Cenchrus,echinatus,,True,Cenchrus echinatus
6786041.0,559,Eragrostis papposa,401392-1,Poaceae,Eragrostis,papposa,,False,Eragrostis papposa
3442826.0,606,Festuca saximontana,104039-2,Poaceae,Festuca,saximontana,,False,Festuca saximontana
6757279.0,573,Setaria sphacelata,421814-1,Poaceae,Setaria,sphacelata,,False,Setaria sphacelata
3442746.0,596,Festuca rubra,30010036-2,Poaceae,Festuca,rubra,,False,Festuca rubra
3442695.0,626,Calamagrostis sesquiflora,394826-1,Poaceae,Calamagrostis,sesquiflora,,False,Calamagrostis sesquiflora
3442683.0,621,Beckmannia syzigachne,30332-2,Poaceae,Beckmannia,syzigachne,,False,Beckmannia syzigachne
3232475.0,616,Glyceria striata,111020-2,Poaceae,Glyceria,striata,,False,Glyceria striata
8155417.0,527,Hyparrhenia anamesa,405474-1,Poaceae,Hyparrhenia,anamesa,,False,Hyparrhenia anamesa
9813498.0,634,Eriochloa villosa,402069-1,Poaceae,Eriochloa,villosa,,False,Eriochloa villosa
3442863.0,610,Thinopyrum intermedium,1003651-1,Poaceae,Thinopyrum,intermedium,,False,Thinopyrum intermedium
7088086.0,578,Digitaria velutina,399215-1,Poaceae,Digitaria,velutina,,True,Digitaria velutina
8099271.0,524,Eleusine indica,74675-3,Poaceae,Eleusine,indica,,False,Eleusine indica
9812724,636,Aegilops cylindrica,384583-1,Poaceae,Aegilops,cylindrica,,True,Aegilops cylindrica
3785867.0,635,Poa hartzii,204269-2,Poaceae,Poa,hartzii,,False,Poa hartzii
9813009.0,541,Brachyelytrum erectum,1055019-2,Poaceae,Brachyelytrum,erectum,,False,Brachyelytrum erectum
3785808.0,631,Puccinellia phryganodes,214418-2,Poaceae,Puccinellia,phryganodes,,False,Puccinellia phryganodes
3580999.0,600,Bromus pacificus,393948-1,Poaceae,Bromus,pacificus,,False,Bromus pacificus
4592087.0,607,Pseudoxytenanthera ritchiei,963110-1,Poaceae,Pseudoxytenanthera,ritchiei,,False,Pseudoxytenanthera ritcheyi
5911345.0,617,Festuca subverticillata,104076-2,Poaceae,Festuca,subverticillata,,False,Festuca subverticillata
3442646.0,622,Agrostis capillaris,30197865-2,Poaceae,Agrostis,capillaris,,False,Agrostis capillaris
3442732.0,605,Glyceria grandis,110976-2,Poaceae,Glyceria,grandis,,False,Glyceria grandis
9748910,496,Paspalum foliiforme,60440769-2,Poaceae,Paspalum,foliiforme,,False,Paspalum foliiforme
3442974.0,609,Sporobolus michauxianus,77145291-1,Poaceae,Sporobolus,michauxianus,,False,Spartina pectinata
9748923.0,625,Guadua paniculata,113758-2,Poaceae,Guadua,paniculata,,False,Guadua paniculata
9813497.0,619,Milium vernale,408697-1,Poaceae,Milium,vernale,,False,Milium vernale
3442784.0,572,Dupontia fulva,77210900-1,Poaceae,Dupontia,fulva,,False,Arctophila fulva
3442661.0,609,Festuca occidentalis,277172-2,Poaceae,Festuca,occidentalis,,False,Festuca occidentalis
3442976.0,618,Cynodon dactylon,397065-1,Poaceae,Cynodon,dactylon,,False,Cynodon dactylon
9598516,616,Digitaria thouarsiana,399185-1,Poaceae,Digitaria,thouarsiana,,False,Digitaria thouaresiana
3232339.0,625,Agrostis stolonifera,386353-1,Poaceae,Agrostis,stolonifera,,True,Agrostis stolonifera
9813004.0,636,Sporobolus vaginiflorus,30120612-2,Poaceae,Sporobolus,vaginiflorus,,False,Sporobolus vaginiflorus
6259234.0,615,Aristida congesta,389336-1,Poaceae,Aristida,congesta,,False,Aristida congesta
6569242.0,618,Sorghum bicolor,422090-1,Poaceae,Sorghum,bicolor,,True,Sorghum bicolor
3442860.0,605,Apera interrupta,389070-1,Poaceae,Apera,interrupta,,False,Apera interrupta
6575282.0,611,Elymus hystrix,90266-2,Poaceae,Elymus,hystrix,,True,Elymus hystrix
9813002.0,615,Paspalum distichum,184275-2,Poaceae,Paspalum,distichum,,True,Paspalum distichum
3442770.0,633,Elymus lanceolatus subsp. psammophilus,90284-2,Poaceae,Elymus,lanceolatus,psammophilus,False,Elymus calderi
6569201.0,624,Echinochloa colona subsp. edulis,77307924-1,Poaceae,Echinochloa,colona,edulis,False,Echinochloa frumentacea
15080901.0,508,Otatea acuminata,1081783-2,Poaceae,Otatea,acuminata,,False,Otatea acuminata
8155030.0,553,Dinebra polycarpha,399375-1,Poaceae,Dinebra,polycarpha,,False,Dinebra polycarpha
6757325.0,416,Aristida adoensis,389215-1,Poaceae,Aristida,adoensis,,False,Aristida adoensis
6569237.0,616,Setaria italica,1207294-2,Poaceae,Setaria,italica,,False,Setaria italica
3785806.0,631,Puccinellia bruggemannii,214362-2,Poaceae,Puccinellia,bruggemannii,,False,Puccinellia bruggemannii
3442773.0,607,Calamagrostis purpurascens,40564-2,Poaceae,Calamagrostis,purpurascens,,False,Calamagrostis purpurascens
3442884.0,628,Eriocoma nelsonii,77199079-1,Poaceae,Eriocoma,nelsonii,,False,Achnatherum nelsonii
3442749.0,605,Phleum alpinum,415775-1,Poaceae,Phleum,alpinum,,False,Phleum alpinum
3442983.0,618,Muhlenbergia racemosa,164863-2,Poaceae,Muhlenbergia,racemosa,,False,Muhlenbergia racemosa
9812763.0,648,Aegilops neglecta,384624-1,Poaceae,Aegilops,neglecta,,True,Aegilops ovata
3442872.0,587,Distichlis spicata,82343-2,Poaceae,Distichlis,spicata,,False,Distichlis spicata
3442955.0,600,Nassella viridula,281187-2,Poaceae,Nassella,viridula,,False,Nassella viridula
3442966.0,588,Puccinellia distans,1026660-2,Poaceae,Puccinellia,distans,,False,Puccinellia distans
8155070.0,541,Eragrostis cilianensis,1104599-2,Poaceae,Eragrostis,cilianensis,,False,Eragrostis cilianensis
4592091.0,596,Gigantochloa parviflora,914056-1,Poaceae,Gigantochloa,parviflora,,False,Oxytenanthera parviflora
3442693.0,620,Phleum alpinum,415775-1,Poaceae,Phleum,alpinum,,False,Phleum alpinum
9813494.0,641,Nassella neesiana,948410-1,Poaceae,Nassella,neesiana,,False,Nassella neesiana
7088066.0,567,Chloris pycnothrix,395997-1,Poaceae,Chloris,pycnothrix,,False,Chloris pycnothrix
3785804.0,631,Puccinellia bruggemannii,214362-2,Poaceae,Puccinellia,bruggemannii,,False,Puccinellia bruggemannii
9812814.0,540,Hesperostipa spartea,969795-1,Poaceae,Hesperostipa,spartea,,False,Hesperostipa spartea
3897869.0,631,Puccinellia hauptiana,1171089-2,Poaceae,Puccinellia,hauptiana,,False,Puccinellia hauptiana
11887140.0,643,Rottboellia selloana,284421-2,Poaceae,Rottboellia,selloana,,False,Mnesithea selloana
3442828.0,606,Bromus racemosus,394050-1,Poaceae,Bromus,racemosus,,False,Bromus racemosus
6569203.0,617,Echinochloa colona subsp. edulis,77307924-1,Poaceae,Echinochloa,colona,edulis,False,Echinochloa frumentacea
3785805.0,631,Puccinellia angustata,214353-2,Poaceae,Puccinellia,angustata,,False,Puccinellia angustata
9598497.0,617,Eragrostis heteromera,401146-1,Poaceae,Eragrostis,heteromera,,False,Eragrostis heteromera
9598499.0,617,Disakisperma obtusiflorum,60458638-2,Poaceae,Disakisperma,obtusiflorum,,True,Leptochloa obtusiflora
3442671.0,620,Glyceria grandis,110976-2,Poaceae,Glyceria,grandis,,False,Glyceria grandis
9812911.0,611,Arthraxon hispidus,390037-1,Poaceae,Arthraxon,hispidus,,False,Arthraxon hispidus
9597759.0,312,Urochloa leersioides,60457347-2,Poaceae,Urochloa,leersioides,,False,Brachiaria leersoides
3442733.0,579,Bromus porteri,37124-2,Poaceae,Bromus,porteri,,False,Bromus porteri
3442970.0,609,Nassella viridula,281187-2,Poaceae,Nassella,viridula,,False,Nassella viridula
7088186.0,572,Hyparrhenia filipendula,405519-1,Poaceae,Hyparrhenia,filipendula,,False,Hyparrhenia filipendula
9812941.0,575,Bothriochloa saccharoides,35205-2,Poaceae,Bothriochloa,saccharoides,,False,Bothriochloa saccharoides
8155060.0,500,Sporobolus agrostoides,422595-1,Poaceae,Sporobolus,agrostoides,,False,Sporobolus agrostoides
3442678.0,644,Agrostis exarata,385720-1,Poaceae,Agrostis,exarata,,True,Agrostis exarata
3442918.0,425,Poa annua,320035-2,Poaceae,Poa,annua,,True,Poa annua
8155058.0,553,Urochloa brachyura,426247-1,Poaceae,Urochloa,brachyura,,False,Urochloa brachyura
3442696.0,620,Poa secunda,329501-2,Poaceae,Poa,secunda,,True,Poa secunda
6786011.0,583,Hyparrhenia sp.,18258-1,Poaceae,Hyparrhenia,,,False,Hyparrhenia sp. aff. Nubica
9812910.0,629,Paspalum paniculatum,184526-2,Poaceae,Paspalum,paniculatum,,True,Paspalum paniculatum
11827286.0,576,Poa pratensis,417792-1,Poaceae,Poa,pratensis,,False,Poa pratensis
8155397.0,525,Cynodon nlemfuensis,126195-3,Poaceae,Cynodon,nlemfuensis,,False,Cynodon nlemfuensis
3442797.0,598,Bromus ciliatus,37003-2,Poaceae,Bromus,ciliatus,,True,Bromus ciliatus
9934114.0,617,Cenchrus mezianus,77106014-1,Poaceae,Cenchrus,mezianus,,False,Pennisetum mezianum
3580982.0,604,Glyceria elata,110967-2,Poaceae,Glyceria,elata,,False,Glyceria elata
3785797.0,631,Puccinellia arctica,214357-2,Poaceae,Puccinellia,arctica,,False,Puccinellia arctica
10003932.0,630,Urochloa brachyura,426247-1,Poaceae,Urochloa,brachyura,,False,Urochloa brachyura
9813484.0,640,Nassella neesiana,948410-1,Poaceae,Nassella,neesiana,,False,Nassella neesiana
9812871.0,573,Cenchrus longispinus,51256-2,Poaceae,Cenchrus,longispinus,,False,Cenchrus longispinus
3232438,624,Echinochloa muricata,88087-2,Poaceae,Echinochloa,muricata,,False,Echinochloa muricata
6574504.0,619,Festuca subverticillata,104076-2,Poaceae,Festuca,subverticillata,,False,Festuca subverticillata
9813203.0,583,Alopecurus pratensis,387176-1,Poaceae,Alopecurus,pratensis,,True,Alopecurus pratensis
3442835.0,589,Bromus carinatus,30065892-2,Poaceae,Bromus,carinatus,,False,Bromus carinatus
3442851.0,612,Elymus repens,90320-2,Poaceae,Elymus,repens,,False,Elymus repens
9812740.0,639,Cenchrus myosuroides,51261-2,Poaceae,Cenchrus,myosuroides,,False,Cenchrus myosuroides
3442793.0,605,Arctagrostis latifolia,389173-1,Poaceae,Arctagrostis,latifolia,,False,Arctagrostis latifolia
6569241.0,618,Sorghum bicolor,422090-1,Poaceae,Sorghum,bicolor,,True,Sorghum bicolor
6574532.0,612,Bromus pubescens,37133-2,Poaceae,Bromus,pubescens,,True,Bromus pubescens
3442958.0,597,Sporobolus heterolepis,1026241-2,Poaceae,Sporobolus,heterolepis,,False,Sporobolus heterolepis
5911369.0,629,Brachyelytrum aristosum,35906-2,Poaceae,Brachyelytrum,aristosum,,False,Brachyelytrum aristosum
6143978.0,618,Desmostachya bipinnata,398084-1,Poaceae,Desmostachya,bipinnata,,False,Desmostachya bipinnata
3785815.0,631,Puccinellia andersonii,214352-2,Poaceae,Puccinellia,andersonii,,False,Puccinellia andersonii
6541633.0,598,Bromus pubescens,37133-2,Poaceae,Bromus,pubescens,,True,Bromus pubescens
3442722.0,605,Koeleria macrantha,406615-1,Poaceae,Koeleria,macrantha,,False,Koeleria macrantha
9812816.0,534,Hesperostipa curtiseta,1027815-2,Poaceae,Hesperostipa,curtiseta,,False,Hesperostipa curtiseta
8155059.0,567,Digitaria ternata,1052355-2,Poaceae,Digitaria,ternata,,False,Digitaria ternata
6188821.0,617,Chrysopogon plumulosus,77066931-1,Poaceae,Chrysopogon,plumulosus,,False,Chrysopogon plumosus
7088144.0,580,Microchloa kunthii,408467-1,Poaceae,Microchloa,kunthii,,False,Microchloa kunthii
11887143.0,611,Tridens brasiliensis,257758-2,Poaceae,Tridens,brasiliensis,,False,Tridens brasiliensis
7088151.0,582,Eriochloa barbatus,77142952-1,Poaceae,Eriochloa,barbatus,,False,Eriochloa fatmensis
17648046.0,610,Leymus cinereus,139352-2,Poaceae,Leymus,cinereus,,False,Leymus cinereus
3442978.0,567,Muhlenbergia richardsonis,164872-2,Poaceae,Muhlenbergia,richardsonis,,False,Muhlenbergia richardsonis
6541600.0,619,Dichanthelium dichotomum,79351-2,Poaceae,Dichanthelium,dichotomum,,False,Dichanthelium dichotomum
6730822.0,633,Elymus virginicus,90367-2,Poaceae,Elymus,virginicus,,False,Elymus virginicus
5211210.0,634,Brachypodium pinnatum,393166-1,Poaceae,Brachypodium,pinnatum,,False,Brachypodium pinnatum
9812925.0,641,Miscanthus sinensis,408768-1,Poaceae,Miscanthus,sinensis,,False,Miscanthus sinensis
3442701.0,609,Festuca occidentalis,277172-2,Poaceae,Festuca,occidentalis,,False,Festuca occidentalis
3442952.0,598,Hordeum jubatum,405267-1,Poaceae,Hordeum,jubatum,,False,Hordeum jubatum
9813245.0,645,Schizachyrium scoparium,420956-1,Poaceae,Schizachyrium,scoparium,,False,Schizachyrium scoparium
9813164.0,596,Alopecurus pratensis,387176-1,Poaceae,Alopecurus,pratensis,,True,Alopecurus pratensis
3232430.0,619,Dichanthelium acuminatum,79328-2,Poaceae,Dichanthelium,acuminatum,,False,Dichanthelium acuminatum
11827293.0,551,Lolium multiflorum,407486-1,Poaceae,Lolium,multiflorum,,False,Lolium multiflorum
11887122.0,537,Sorghastrum pellitum,240828-2,Poaceae,Sorghastrum,pellitum,,False,Sorghastrum pellitum
6143882.0,634,Bambusa bambos,392256-1,Poaceae,Bambusa,bambos,,True,Bambusa arundinacea
3580986.0,593,Bromus commutatus,393635-1,Poaceae,Bromus,commutatus,,False,Bromus commutatus
3580990.0,606,Festuca subulata,403583-1,Poaceae,Festuca,subulata,,False,Festuca subulata
5911666.0,586,Oryzopsis asperifolia,325232-2,Poaceae,Oryzopsis,asperifolia,,False,Oryzopsis asperifolia
3581016.0,604,Holcus lanatus,405034-1,Poaceae,Holcus,lanatus,,False,Holcus lanatus
6786046.0,567,Tragus berteronianus,256481-2,Poaceae,Tragus,berteronianus,,False,Tragus berteronianus
3232988.0,613,Agrostis stolonifera,386353-1,Poaceae,Agrostis,stolonifera,,True,Agrostis stolonifera
3581004.0,607,Festuca brachyphylla,103770-2,Poaceae,Festuca,brachyphylla,,False,Festuca brachyphylla
3442849.0,618,Danthonia intermedia,397597-1,Poaceae,Danthonia,intermedia,,False,Danthonia intermedia
3442878.0,610,Hordeum jubatum,405267-1,Poaceae,Hordeum,jubatum,,False,Hordeum jubatum
3442891.0,617,Digitaria sanguinalis,399115-1,Poaceae,Digitaria,sanguinalis,,False,Digitaria sanguinalis
3442903.0,558,Melica altissima,325334-2,Poaceae,Melica,altissima,,True,Melica altissima
3442909.0,616,Eragrostis minor,401317-1,Poaceae,Eragrostis,minor,,False,Eragrostis minor
3442924.0,620,Aira praecox,386818-1,Poaceae,Aira,praecox,,False,Aira praecox
3442943.0,619,Festuca subuliflora,314301-2,Poaceae,Festuca,subuliflora,,False,Festuca subuliflora
3604309.0,618,Microlaena stipoides,408485-1,Poaceae,Microlaena,stipoides,,False,Microlaena stipoides
3442947.0,620,Zizania palustris,304686-2,Poaceae,Zizania,palustris,,False,Zizania palustris
3442961.0,590,Setaria viridis,1171009-2,Poaceae,Setaria,viridis,,False,Setaria viridis
3442979.0,463,Elymus virginicus,90367-2,Poaceae,Elymus,virginicus,,False,Elymus virginicus
3232550.0,615,Poa alsodes,416462-1,Poaceae,Poa,alsodes,,False,Poa alsodes
3442718.0,606,Piptatheropsis micrantha,77117362-1,Poaceae,Piptatheropsis,micrantha,,False,Piptatherum micranthum
3232454.0,578,Lolium arundinaceum,973267-1,Poaceae,Lolium,arundinaceum,,True,Festuca arundinacea
15057537.0,597,Tripsacum dactyloides,424990-1,Poaceae,Tripsacum,dactyloides,,False,Tripsacum dactyloides
9813362.0,638,Echinochloa walteri,88109-2,Poaceae,Echinochloa,walteri,,False,Echinochloa walteri
3785807.0,631,Puccinellia angustata,214353-2,Poaceae,Puccinellia,angustata,,False,Puccinellia angustata
3442729.0,620,Agropyron cristatum,7365-2,Poaceae,Agropyron,cristatum,,False,Agropyron cristatum
3442762.0,610,Puccinellia nuttalliana,214404-2,Poaceae,Puccinellia,nuttalliana,,False,Puccinellia nuttalliana
3442816.0,598,Bromus richardsonii,1197192-2,Poaceae,Bromus,richardsonii,,False,Bromus richardsonii
3442933.0,619,Danthonia intermedia,397597-1,Poaceae,Danthonia,intermedia,,False,Danthonia intermedia
3442973.0,618,Thinopyrum intermedium,1003651-1,Poaceae,Thinopyrum,intermedium,,False,Thinopyrum intermedium
3442648.0,608,Falona echinata,77240264-1,Poaceae,Falona,echinata,,False,Cynosurus echinatus
10293824.0,548,Jarava filifolia,77123318-1,Poaceae,Jarava,filifolia,,False,Jarava filifolia
6569226.0,615,Panicum miliaceum,412217-1,Poaceae,Panicum,miliaceum,,True,Panicum miliaceum
3442715.0,574,Muhlenbergia frondosa,164779-2,Poaceae,Muhlenbergia,frondosa,,False,Muhlenbergia frondosa
3442819.0,601,Bromus tectorum,394163-1,Poaceae,Bromus,tectorum,,False,Bromus tectorum
6259226.0,618,Themeda triandra,424213-1,Poaceae,Themeda,triandra,,False,Themeda triandra
3442867.0,590,Bromus hordeaceus,30016331-2,Poaceae,Bromus,hordeaceus,,True,Bromus hordeaceus
6757278.0,549,Setaria sphacelata,421814-1,Poaceae,Setaria,sphacelata,,False,Setaria sphacelata
3442638.0,611,Festuca microstachys,403088-1,Poaceae,Festuca,microstachys,,False,Vulpia microstachys
3580974.0,612,Hordeum brachyantherum,289446-2,Poaceae,Hordeum,brachyantherum,,False,Hordeum brachyantherum
9813026.0,636,Leersia virginica,316778-2,Poaceae,Leersia,virginica,,False,Leersia virginica
17648051.0,587,Bromus japonicus,60459493-2,Poaceae,Bromus,japonicus,,True,Bromus japonicus
9754231.0,441,Paspalum reticulinerve,300042-2,Poaceae,Paspalum,reticulinerve,,False,Paspalum reticulinerve
3442719.0,597,Helictochloa hookeri,77113490-1,Poaceae,Helictochloa,hookeri,,False,Avenula hookeri
3580979.0,613,Hordeum murinum,405301-1,Poaceae,Hordeum,murinum,,False,Hordeum murinum
3442801.0,336,Hordeum brachyantherum,289446-2,Poaceae,Hordeum,brachyantherum,,False,Hordeum brachyantherum
9812874.0,576,Hesperostipa curtiseta,1027815-2,Poaceae,Hesperostipa,curtiseta,,False,Hesperostipa curtiseta
3232445.0,617,Eragrostis pectinacea,1015280-2,Poaceae,Eragrostis,pectinacea,,False,Eragrostis pectinacea
3580997.0,606,Festuca subulata,403583-1,Poaceae,Festuca,subulata,,False,Festuca subulata
6188871.0,623,Enteropogon macrostachyus,400675-1,Poaceae,Enteropogon,macrostachyus,,False,Enteropogon macrostachyus
3442687.0,613,Bromus pacificus,393948-1,Poaceae,Bromus,pacificus,,False,Bromus pacificus
7088191.0,552,Sporobolus festivus,422722-1,Poaceae,Sporobolus,festivus,,False,Sporobolus festivus
3442910.0,611,Digitaria ischaemum,398891-1,Poaceae,Digitaria,ischaemum,,False,Digitaria ischaemum
3442642.0,633,Deschampsia elongata,1146358-2,Poaceae,Deschampsia,elongata,,False,Deschampsia elongata
3442742.0,601,Puccinellia distans,1026660-2,Poaceae,Puccinellia,distans,,False,Puccinellia distans
3442900.0,571,Panicum dichotomiflorum,325362-2,Poaceae,Panicum,dichotomiflorum,,False,Panicum dichotomiflorum
8155412.0,533,Digitaria ternata,1052355-2,Poaceae,Digitaria,ternata,,False,Digitaria ternata
3442847.0,624,Pseudoroegneria spicata,1159330-2,Poaceae,Pseudoroegneria,spicata,,False,Pseudoroegneria spicata
8155019.0,564,Batochloa deusta,77319971-1,Poaceae,Batochloa,deusta,,True,Panicum deustum
17648048.0,581,Elymus smithii,90334-2,Poaceae,Elymus,smithii,,False,Pascopyrum smithii
3580989.0,610,Lolium temulentum,407516-1,Poaceae,Lolium,temulentum,,True,Lolium temulentum
3442689.0,626,Calamagrostis arenaria,1159397-2,Poaceae,Calamagrostis,arenaria,,False,Ammophila arenaria
3580996.0,613,Calamagrostis stricta,394847-1,Poaceae,Calamagrostis,stricta,,True,Calamagrostis stricta
3442725.0,605,Helictochloa hookeri,77113490-1,Poaceae,Helictochloa,hookeri,,False,Avenula hookeri
3442771.0,623,Calamagrostis stricta,394847-1,Poaceae,Calamagrostis,stricta,,True,Calamagrostis stricta
3442946.0,608,Poa palustris,204398-2,Poaceae,Poa,palustris,,True,Poa palustris
3442798.0,626,Calamagrostis lapponica,40477-2,Poaceae,Calamagrostis,lapponica,,False,Calamagrostis lapponica
3442817.0,600,Festuca myuros,403134-1,Poaceae,Festuca,myuros,,False,Vulpia myuros
3442939.0,623,Falona echinata,77240264-1,Poaceae,Falona,echinata,,False,Cynosurus echinatus
9934121.0,616,Dactyloctenium aegyptium,397387-1,Poaceae,Dactyloctenium,aegyptium,,False,Dactyloctenium aegyptium
3442854.0,608,Sporobolus cryptandrus,422687-1,Poaceae,Sporobolus,cryptandrus,,False,Sporobolus cryptandrus
8155029.0,577,Dinebra polycarpha,399375-1,Poaceae,Dinebra,polycarpha,,False,Dinebra polycarpha
3442758.0,598,Bromus ciliatus,37003-2,Poaceae,Bromus,ciliatus,,True,Bromus ciliatus
6259217.0,616,Aristida adscensionis,319759-2,Poaceae,Aristida,adscensionis,,False,Aristida adscensionis
9812898.0,524,Echinochloa walteri,88109-2,Poaceae,Echinochloa,walteri,,False,Echinochloa walteri
3442681.0,620,Graphephorum cernuum,77210907-1,Poaceae,Graphephorum,cernuum,,False,Trisetum cernuum
6259228.0,619,Eragrostis superba,401614-1,Poaceae,Eragrostis,superba,,False,Eragrostis superba
3442852.0,601,Aristida purpurea,327975-2,Poaceae,Aristida,purpurea,,False,Aristida purpurea
9748916.0,629,Olyra latifolia,316519-2,Poaceae,Olyra,latifolia,,False,Olyra latifolia
3442902.0,566,Panicum capillare,181618-2,Poaceae,Panicum,capillare,,False,Panicum capillare
3442792.0,619,Festuca altaica,30026446-2,Poaceae,Festuca,altaica,,False,Festuca altaica
3232601.0,617,Setaria viridis,1171009-2,Poaceae,Setaria,viridis,,False,Setaria viridis
3442886.0,561,Eriocoma lemmonii,77199075-1,Poaceae,Eriocoma,lemmonii,,False,Achnatherum lemmonii
3442708.0,605,Bromus hordeaceus,30016331-2,Poaceae,Bromus,hordeaceus,,True,Bromus hordeaceus
9934127,618,Tetrapogon roxburghiana,60469011-2,Poaceae,Tetrapogon,roxburghiana,,False,Chloris roxburghiana
11887123,565,Chascolytrum subaristatum,395667-1,Poaceae,Chascolytrum,subaristatum,,False,Chascolytrum subaristatum
9812940.0,585,Bothriochloa saccharoides,35205-2,Poaceae,Bothriochloa,saccharoides,,False,Bothriochloa saccharoides
3442899.0,589,Digitaria ischaemum,398891-1,Poaceae,Digitaria,ischaemum,,False,Digitaria ischaemum
6757321.0,453,Sporobolus agrostoides,422595-1,Poaceae,Sporobolus,agrostoides,,False,Sporobolus agrostoides
10003927.0,618,Sporobolus stapfianus,422955-1,Poaceae,Sporobolus,stapfianus,,False,Sporobolus stapfianus
6259165,618,Heteropogon contortus,404772-1,Poaceae,Heteropogon,contortus,,False,Heteropogon contortus
9812833.0,593,Aegilops ventricosa,384668-1,Poaceae,Aegilops,ventricosa,,False,Aegilops ventricosa
9812743.0,649,Aegilops ventricosa,384668-1,Poaceae,Aegilops,ventricosa,,False,Aegilops ventricosa
15080691.0,617,Setaria palmifolia,421711-1,Poaceae,Setaria,palmifolia,,False,Setaria palmifolia
3442666,628,Eriocoma richardsonii,77199089-1,Poaceae,Eriocoma,richardsonii,,False,Achnatherum richardsonii
3785800,631,Puccinellia andersonii,214352-2,Poaceae,Puccinellia,andersonii,,False,Puccinellia andersonii
3232538.0,617,Panicum miliaceum,412217-1,Poaceae,Panicum,miliaceum,,True,Panicum miliaceum
3442647,633,Campeiostachys dahurica,77323248-1,Poaceae,Campeiostachys,dahurica,,False,Elymus dahuricus
3232425.0,618,Danthonia spicata,1167024-2,Poaceae,Danthonia,spicata,,False,Danthonia spicata
4592086.0,608,Pseudoxytenanthera stocksii,963438-1,Poaceae,Pseudoxytenanthera,stocksii,,False,Pseudoxytenanthera stocksii
3442763.0,616,Poa interior,204296-2,Poaceae,Poa,interior,,False,Poa interior
3442915,638,Sporobolus  townsendii,77144702-1,Poaceae,Sporobolus,townsendii,,False,Spartina x townsendii
3442640.0,627,Deschampsia danthonioides,397965-1,Poaceae,Deschampsia,danthonioides,,False,Deschampsia danthonioides
3442761,603,Koeleria spicata,77217043-1,Poaceae,Koeleria,spicata,,False,Trisetum spicatum
3232338,625,Agrostis gigantea,385783-1,Poaceae,Agrostis,gigantea,,False,Agrostis gigantea
8155428.0,468,Eragrostis cilianensis,1104599-2,Poaceae,Eragrostis,cilianensis,,False,Eragrostis cilianensis
9813439,582,Echinochloa crus-galli subsp. utilis,954136-1,Poaceae,Echinochloa,crus-galli,utilis,False,Echinochloa esculenta
6541585.0,617,Oplismenus hirtellus,1004002-1,Poaceae,Oplismenus,hirtellus,,False,Oplismenus hirtellus
3442977.0,619,Leersia oryzoides,1109632-2,Poaceae,Leersia,oryzoides,,False,Leersia oryzoides
3442857.0,623,Elymus lanceolatus,90283-2,Poaceae,Elymus,lanceolatus,,False,Elymus lanceolatus
3442739,596,Catabrosa aquatica,395086-1,Poaceae,Catabrosa,aquatica,,False,Catabrosa aquatica
6786045.0,568,Tragus berteronianus,256481-2,Poaceae,Tragus,berteronianus,,False,Tragus berteronianus
9812950,628,Nassella trichotoma,167243-2,Poaceae,Nassella,trichotoma,,False,Nassella trichotoma
3581007,607,Festuca brachyphylla,103770-2,Poaceae,Festuca,brachyphylla,,False,Festuca brachyphylla
3232431.0,619,Dichanthelium sabulorum,79386-2,Poaceae,Dichanthelium,sabulorum,,False,Dichanthelium sabulorum
9597815,312,Urochloa semiundulata,1006974-1,Poaceae,Urochloa,semiundulata,,False,Brachiaria semiundulata
3442767.0,596,Festuca altaica,30026446-2,Poaceae,Festuca,altaica,,False,Festuca altaica
7088105.0,561,Eriochloa barbatus,77142952-1,Poaceae,Eriochloa,barbatus,,False,Eriochloa fatmensis
6730865.0,602,Panicum virgatum,413537-1,Poaceae,Panicum,virgatum,,True,Panicum virgatum
3442636.0,600,Sporobolus rigidus var. rigidus,77172803-1,Poaceae,Sporobolus,rigidus,rigidus,False,Calamovilfa longifolia
9754229.0,599,Panicum millegrana,412226-1,Poaceae,Panicum,millegrana,,False,Panicum millegrana
3442776,620,Arctagrostis latifolia,389173-1,Poaceae,Arctagrostis,latifolia,,False,Arctagrostis latifolia
3442836.0,593,Bromus diandrus,393675-1,Poaceae,Bromus,diandrus,,True,Bromus diandrus
6574541,632,Elymus macgregorii,20008015-1,Poaceae,Elymus,macgregorii,,False,Elymus macgregorii
9597816,312,Urochloa semiundulata,1006974-1,Poaceae,Urochloa,semiundulata,,False,Brachiaria semiundulata
8155054.0,543,Chloris amethystea,395791-1,Poaceae,Chloris,amethystea,,False,Chloris amethystea
3442945.0,619,Danthonia californica,397487-1,Poaceae,Danthonia,californica,,False,Danthonia californica
7088163,568,Chloris nutans,60468989-2,Poaceae,Chloris,nutans,,False,Chloris nutans
3442887.0,606,Aira caryophyllea,386633-1,Poaceae,Aira,caryophyllea,,True,Aira caryophyllea
8099270.0,553,Eleusine indica,74675-3,Poaceae,Eleusine,indica,,False,Eleusine indica
3442702.0,635,Leymus  vancouverensis,139370-2,Poaceae,Leymus,vancouverensis,,False,Leymus x vancouverensis
9748904.0,641,Raddiella esenbeckii,216748-2,Poaceae,Raddiella,esenbeckii,,False,Raddiella esenbeckii
3442904.0,605,Avena sativa,391732-1,Poaceae,Avena,sativa,,False,Avena sativa
9748936.0,610,Axonopus rupestris,273004-2,Poaceae,Axonopus,rupestris,,False,Axonopus rupestris
8155429.0,525,Digitaria abyssinica,1209084-2,Poaceae,Digitaria,abyssinica,,False,Digitaria abyssinica
4592090.0,433,Dendrocalamus strictus,397912-1,Poaceae,Dendrocalamus,strictus,,False,Dendrocalamus strictus
6569234.0,615,Paspalum scrobiculatum,414702-1,Poaceae,Paspalum,scrobiculatum,,False,Paspalum scrobiculatum
6541679.0,422,Muhlenbergia schreberi,409143-1,Poaceae,Muhlenbergia,schreberi,,False,Muhlenbergia schreberi
9812836.0,639,Cenchrus myosuroides,51261-2,Poaceae,Cenchrus,myosuroides,,False,Cenchrus myosuroides
9748935.0,509,Axonopus rupestris,273004-2,Poaceae,Axonopus,rupestris,,False,Axonopus rupestris
4592089.0,563,Pseudoxytenanthera monadelpha,945939-1,Poaceae,Pseudoxytenanthera,monadelpha,,False,Pseudoxytenanthera monadelpha
3785796.0,631,Puccinellia pumila,214424-2,Poaceae,Puccinellia,pumila,,False,Puccinellia alaskana
3581011.0,618,Elymus lanceolatus,90283-2,Poaceae,Elymus,lanceolatus,,False,Elymus lanceolatus
3442922.0,584,Glyceria elata,110967-2,Poaceae,Glyceria,elata,,False,Glyceria elata
7088112.0,553,Chloris pycnothrix,395997-1,Poaceae,Chloris,pycnothrix,,False,Chloris pycnothrix
9754230.0,475,Paspalum foliiforme,60440769-2,Poaceae,Paspalum,foliiforme,,False,Paspalum foliiforme
3442868.0,622,Agrostis capillaris,30197865-2,Poaceae,Agrostis,capillaris,,False,Agrostis capillaris
5911456.0,576,Milium effusum,408599-1,Poaceae,Milium,effusum,,True,Milium effusum
3442907.0,620,Glyceria maxima,404141-1,Poaceae,Glyceria,maxima,,False,Glyceria maxima
3442962.0,596,Bouteloua sp.,1049662-2,Poaceae,Bouteloua,,,True,Bouteloua gracilis
3442871.0,628,Eriocoma occidentalis,77199082-1,Poaceae,Eriocoma,occidentalis,,False,Achnatherum occidentale
3442948.0,605,Glyceria pulchella,111015-2,Poaceae,Glyceria,pulchella,,False,Glyceria pulchella
5211232,605,Bromus arvensis,393536-1,Poaceae,Bromus,arvensis,,True,Bromus arvensis
9748888.0,601,Olyra caudata,409692-1,Poaceae,Olyra,caudata,,False,Olyra caudata
9812933.0,579,Andropogon hallii,12866-2,Poaceae,Andropogon,hallii,,False,Andropogon hallii
3581005,606,Festuca campestris,402515-1,Poaceae,Festuca,campestris,,False,Festuca campestris
8155409.0,523,Digitaria abyssinica,1209084-2,Poaceae,Digitaria,abyssinica,,False,Digitaria abyssinica
3604312,608,Ottochloa nodosa,410269-1,Poaceae,Ottochloa,nodosa,,False,Ottochloa nodosa
11887141.0,636,Paspalum plicatulum,184571-2,Poaceae,Paspalum,plicatulum,,False,Paspalum plicatulum
9812854.0,573,Alopecurus japonicus,387115-1,Poaceae,Alopecurus,japonicus,,False,Alopecurus japonicus
3442815,612,Calamagrostis rubescens,394794-1,Poaceae,Calamagrostis,rubescens,,False,Calamagrostis rubescens
3442657,633,Elymus repens,90320-2,Poaceae,Elymus,repens,,False,Elymus repens
8099239.0,532,Eragrostis pilosa,1180620-2,Poaceae,Eragrostis,pilosa,,False,Eragrostis tenuiflora
9598498.0,617,Eragrostis heteromera,401146-1,Poaceae,Eragrostis,heteromera,,False,Eragrostis heteromera
11827303.0,571,Trisetum flavescens,425194-1,Poaceae,Trisetum,flavescens,,False,Trisetum flavescens
6757326.0,416,Hyparrhenia anamesa,405474-1,Poaceae,Hyparrhenia,anamesa,,False,Hyparrhenia anamesa
9813223.0,590,Andropogon hallii,12866-2,Poaceae,Andropogon,hallii,,False,Andropogon hallii
3232995.0,617,Eragrostis pectinacea,1015280-2,Poaceae,Eragrostis,pectinacea,,False,Eragrostis pectinacea
3442845,624,Piptatheropsis exigua,77117361-1,Poaceae,Piptatheropsis,exigua,,False,Piptatherum exiguum
6757329.0,369,Bothriochloa insculpta,392721-1,Poaceae,Bothriochloa,insculpta,,False,Bothriochloa insculpta
6188877,617,Cynodon nlemfuensis,126195-3,Poaceae,Cynodon,nlemfuensis,,False,Cynodon nlemfuensis
3442981.0,587,Muhlenbergia uniflora,164919-2,Poaceae,Muhlenbergia,uniflora,,False,Muhlenbergia uniflora
8155430.0,437,Sporobolus confinis,422676-1,Poaceae,Sporobolus,confinis,,False,Sporobolus confinis
11887138.0,638,Axonopus fissifolius,27338-2,Poaceae,Axonopus,fissifolius,,False,Axonopus affinis
3442982.0,591,Zizania aquatica,271175-2,Poaceae,Zizania,aquatica,,False,Zizania aquatica
8155077.0,536,Tetrapogon cenchriformis,424115-1,Poaceae,Tetrapogon,cenchriformis,,False,Tetrapogon cenchriformis
3442726,620,Poa nemoralis,320039-2,Poaceae,Poa,nemoralis,,False,Poa nemoralis
3442662.0,620,Poa secunda,329501-2,Poaceae,Poa,secunda,,True,Poa secunda
11887135,637,Stapfochloa canterae,60469004-2,Poaceae,Stapfochloa,canterae,,False,Chloris canterae
8155018.0,558,Batochloa deusta,77319971-1,Poaceae,Batochloa,deusta,,True,Panicum deustum
3442669,633,Deschampsia elongata,1146358-2,Poaceae,Deschampsia,elongata,,False,Deschampsia elongata
3232991,618,Danthonia spicata,1167024-2,Poaceae,Danthonia,spicata,,False,Danthonia spicata
3442822,620,Poa bulbosa,320038-2,Poaceae,Poa,bulbosa,,True,Poa bulbosa
3442888,620,Avena fatua,391443-1,Poaceae,Avena,fatua,,False,Avena fatua
9598512.0,619,Dinebra caudata,60458608-2,Poaceae,Dinebra,caudata,,False,Diplachne caudata
3442926,626,Anthoxanthum odoratum,389034-1,Poaceae,Anthoxanthum,odoratum,,False,Anthoxanthum odoratum
3442765,622,Calamagrostis purpurascens,40564-2,Poaceae,Calamagrostis,purpurascens,,False,Calamagrostis purpurascens
6757327,340,Eragrostis racemosa,401493-1,Poaceae,Eragrostis,racemosa,,False,Eragrostis racemosa
8155076,550,Tetrapogon cenchriformis,424115-1,Poaceae,Tetrapogon,cenchriformis,,False,Tetrapogon cenchriformis
9748920.0,636,Sporobolus multiramosus,304998-2,Poaceae,Sporobolus,multiramosus,,False,Sporobolus multiramosus
5911585,482,Milium effusum,408599-1,Poaceae,Milium,effusum,,True,Milium effusum
8155421.0,525,Urochloa xantholeuca,947917-1,Poaceae,Urochloa,xantholeuca,,False,Brachiaria xantholeuca
4933982,417,Carpolobia lutea,690168-1,Polygalaceae,Carpolobia,lutea,,False,Carpolobia lutea
9748871,414,Senega adenophora,77321431-1,Polygalaceae,Senega,adenophora,,False,Polygala adenophora
6188803.0,320,Polygala erioptera,691413-1,Polygalaceae,Polygala,erioptera,,False,Polygala erioptera
4934291,402,Carpolobia lutea,690168-1,Polygalaceae,Carpolobia,lutea,,False,Carpolobia lutea
5895713.0,374,Phlebotaenia cowellii,193312-2,Polygalaceae,Phlebotaenia,cowellii,,False,Phlebotaenia cowellii
10285474,292,Hebecarpa ovata,77342240-1,Polygalaceae,Hebecarpa,ovata,,False,Polygala antillensis
7088196,347,Polygala sphenoptera,692362-1,Polygalaceae,Polygala,sphenoptera,,False,Polygala sphenoptera
3818405,384,Xanthophyllum octandrum,692877-1,Polygalaceae,Xanthophyllum,octandrum,,False,Xanthophyllum octandrum
5895763.0,329,Badiera penaea,690092-1,Polygalaceae,Badiera,penaea,,False,Badiera penaea
8335950.0,383,Xanthophyllum stipitatum var. pachyphyllum,3240559-4,Polygalaceae,Xanthophyllum,stipitatum,pachyphyllum,False,Xanthophyllum amoenum
6259914.0,349,Polygala sphenoptera,692362-1,Polygalaceae,Polygala,sphenoptera,,False,Polygala sphenoptera
5895662,298,Securidaca virgata,231608-2,Polygalaceae,Securidaca,virgata,,True,Securidaca virgata
5895721.0,385,Badiera penaea,690092-1,Polygalaceae,Badiera,penaea,,False,Badiera penaea
8261249.0,413,Xanthophyllum stipitatum,692902-1,Polygalaceae,Xanthophyllum,stipitatum,,False,Xanthophyllum stipitatum
5895391.0,540,Coccoloba swartzii,693902-1,Polygonaceae,Coccoloba,swartzii,,False,Coccoloba swartzii
5134906.0,476,Koenigia mollis,77152603-1,Polygonaceae,Koenigia,mollis,,True,Polygonum molle
3232584.0,322,Rumex crispus,224413-2,Polygonaceae,Rumex,crispus,,True,Rumex crispus
9759191.0,392,Coccoloba sp.,693874-1,Polygonaceae,Coccoloba,,,True,Coccoloba scandens
3925225.0,320,Bistorta macrophylla,693213-1,Polygonaceae,Bistorta,macrophylla,,False,Polygonum macrophyllum
5911311.0,347,Persicaria maculosa,695052-1,Polygonaceae,Persicaria,maculosa,,False,Persicaria maculosa
3232969.0,450,Persicaria hydropiper,77069479-1,Polygonaceae,Persicaria,hydropiper,,False,Polygonum hydropiper
3925221.0,305,Persicaria hydropiper,77069479-1,Polygonaceae,Persicaria,hydropiper,,False,Polygonum hydropiper
6730842.0,347,Persicaria pensylvanica,695100-1,Polygonaceae,Persicaria,pensylvanica,,True,Polygonum pensylvanicum
6541579.0,313,Rumex obtusifolius,310739-2,Polygonaceae,Rumex,obtusifolius,,True,Rumex obtusifolius
9813496.0,440,Persicaria perfoliata,695101-1,Polygonaceae,Persicaria,perfoliata,,False,Persicaria perfoliata
3925234.0,331,Persicaria nepalensis,60433514-2,Polygonaceae,Persicaria,nepalensis,,True,Polygonum nepalense
9813419.0,366,Persicaria bungeana,694932-1,Polygonaceae,Persicaria,bungeana,,False,Persicaria bungeana
10003974.0,442,Persicaria decipiens,945550-1,Polygonaceae,Persicaria,decipiens,,False,Persicaria decipiens
5895398.0,531,Coccoloba pubescens,62241-2,Polygonaceae,Coccoloba,pubescens,,False,Coccoloba pubescens
10003973.0,474,Persicaria decipiens,945550-1,Polygonaceae,Persicaria,decipiens,,False,Persicaria decipiens
15079789.0,361,Polygonum ramosissimum,696331-1,Polygonaceae,Polygonum,ramosissimum,,False,Polygonum ramosissimum
3925245.0,359,Bistorta vivipara,60430544-2,Polygonaceae,Bistorta,vivipara,,False,Polygonum viviparum
3232583.0,331,Rumex acetosella,224391-2,Polygonaceae,Rumex,acetosella,,False,Rumex acetosella
5911491.0,452,Persicaria lapathifolia,77069480-1,Polygonaceae,Persicaria,lapathifolia,,False,Persicaria lapathifolia
9813160.0,477,Persicaria arifolia,694912-1,Polygonaceae,Persicaria,arifolia,,False,Persicaria arifolia
9812808.0,408,Persicaria sagittata,695143-1,Polygonaceae,Persicaria,sagittata,,False,Persicaria sagittata
6632186.0,348,Persicaria pensylvanica,695100-1,Polygonaceae,Persicaria,pensylvanica,,True,Polygonum pensylvanicum
6541760.0,306,Persicaria cespitosa,694934-1,Polygonaceae,Persicaria,cespitosa,,False,Polygonum cespitosum
6541666.0,315,Persicaria cespitosa,694934-1,Polygonaceae,Persicaria,cespitosa,,False,Polygonum cespitosum
9813147.0,569,Persicaria sagittata,695143-1,Polygonaceae,Persicaria,sagittata,,False,Persicaria sagittata
9813465.0,371,Persicaria bungeana,694932-1,Polygonaceae,Persicaria,bungeana,,False,Persicaria bungeana
6259855.0,400,Oxygonum sinuatum,694848-1,Polygonaceae,Oxygonum,sinuatum,,False,Oxygonum sinuatum
5895517.0,501,Coccoloba krugii,62116-2,Polygonaceae,Coccoloba,krugii,,False,Coccoloba krugii
3925852.0,320,Rumex patientia,697388-1,Polygonaceae,Rumex,patientia,,False,Rumex patientia
9813400.0,396,Persicaria arifolia,694912-1,Polygonaceae,Persicaria,arifolia,,False,Persicaria arifolia
6259900.0,429,Oxygonum sinuatum,694848-1,Polygonaceae,Oxygonum,sinuatum,,False,Oxygonum sinuatum
9812954.0,277,Persicaria longiseta,695043-1,Polygonaceae,Persicaria,longiseta,,False,Persicaria longiseta
5134903.0,482,Persicaria barbata,694917-1,Polygonaceae,Persicaria,barbata,,True,Polygonum barbatum
9812828.0,543,Persicaria longiseta,695043-1,Polygonaceae,Persicaria,longiseta,,False,Persicaria longiseta
9813475.0,420,Persicaria meisneriana,1050850-2,Polygonaceae,Persicaria,meisneriana,,False,Persicaria meisneriana
6541796.0,299,Rumex obtusifolius,310739-2,Polygonaceae,Rumex,obtusifolius,,True,Rumex obtusifolius
5895430.0,540,Coccoloba microstachya,693752-1,Polygonaceae,Coccoloba,microstachya,,False,Coccoloba microstachya
10003971.0,449,Persicaria setosula,948336-1,Polygonaceae,Persicaria,setosula,,False,Polygonum setosulum
5134905.0,631,Persicaria chinensis,60433516-2,Polygonaceae,Persicaria,chinensis,,False,Persicaria chinensis
3925218.0,224,Koenigia filicaulis,77152596-1,Polygonaceae,Koenigia,filicaulis,,False,Polygonum filicaule
15079793.0,258,Rumex maritimus,300184-2,Polygonaceae,Rumex,maritimus,,True,Rumex maritimus
3924488.0,307,Oxyria digyna,694858-1,Polygonaceae,Oxyria,digyna,,False,Oxyria digyna
3925241.0,371,Bistorta sinomontana,1013192-1,Polygonaceae,Bistorta,sinomontana,,False,Polygonum sinomontanum
5911330.0,476,Parogonum ciliinode,77315140-1,Polygonaceae,Parogonum,ciliinode,,False,Fallopia cilinodis
3924491.0,286,Oxyria sinensis,694864-1,Polygonaceae,Oxyria,sinensis,,False,Oxyria sinensis
5895371.0,501,Coccoloba krugii,62116-2,Polygonaceae,Coccoloba,krugii,,False,Coccoloba krugii
9813466.0,475,Persicaria meisneriana,1050850-2,Polygonaceae,Persicaria,meisneriana,,False,Persicaria meisneriana
5134902.0,489,Persicaria glabra,1005755-2,Polygonaceae,Persicaria,glabra,,True,Polygonum glabrum
3924493.0,286,Oxyria sinensis,694864-1,Polygonaceae,Oxyria,sinensis,,False,Oxyria sinensis
3925227.0,359,Bistorta macrophylla,693213-1,Polygonaceae,Bistorta,macrophylla,,False,Polygonum macrophyllum
3925237.0,411,Knorringia sibirica,944917-1,Polygonaceae,Knorringia,sibirica,,True,Polygonum sibiricum
9812953.0,421,Persicaria perfoliata,695101-1,Polygonaceae,Persicaria,perfoliata,,False,Persicaria perfoliata
3925235.0,303,Koenigia polystachya,77152610-1,Polygonaceae,Koenigia,polystachya,,False,Polygonum polystachyum
5895415.0,511,Coccoloba sintenisii,62284-2,Polygonaceae,Coccoloba,sintenisii,,False,Coccoloba sintenisii
3925845.0,346,Rumex nepalensis,697338-1,Polygonaceae,Rumex,nepalensis,,False,Rumex nepalensis
3925844.0,368,Rumex crispus,224413-2,Polygonaceae,Rumex,crispus,,True,Rumex crispus
10003972.0,441,Persicaria setosula,948336-1,Polygonaceae,Persicaria,setosula,,False,Persicaria setosula
3925232.0,337,Persicaria nepalensis,60433514-2,Polygonaceae,Persicaria,nepalensis,,True,Polygonum nepalense
3925848.0,321,Rumex patientia subsp. pamiricus,77251702-1,Polygonaceae,Rumex,patientia,pamiricus,False,Rumex pamiricus
3925231.0,328,Koenigia mollis,77152603-1,Polygonaceae,Koenigia,mollis,,True,Polygonum molle
6632235.0,448,Persicaria virginiana,1129367-2,Polygonaceae,Persicaria,virginiana,,False,Polygonum virginianum
3924486.0,307,Oxyria digyna,694858-1,Polygonaceae,Oxyria,digyna,,False,Oxyria digyna
3925847.0,298,Rumex nepalensis,697338-1,Polygonaceae,Rumex,nepalensis,,False,Rumex nepalensis
3925851.0,320,Rumex patientia,697388-1,Polygonaceae,Rumex,patientia,,False,Rumex patientia
15079790.0,280,Rumex paucifolius,224479-2,Polygonaceae,Rumex,paucifolius,,False,Rumex paucifolius
6541752.0,443,Persicaria virginiana,1129367-2,Polygonaceae,Persicaria,virginiana,,False,Persicaria virginiana
3925238.0,411,Knorringia sibirica,944917-1,Polygonaceae,Knorringia,sibirica,,True,Polygonum sibiricum
3925243.0,359,Bistorta vivipara,60430544-2,Polygonaceae,Bistorta,vivipara,,False,Polygonum viviparum
3925849.0,320,Rumex patientia subsp. pamiricus,77251702-1,Polygonaceae,Rumex,patientia,pamiricus,False,Rumex pamiricus
10003960.0,473,Persicaria pulchra,695123-1,Polygonaceae,Persicaria,pulchra,,False,Persicaria pulchra
5895561.0,564,Coccoloba venosa,693921-1,Polygonaceae,Coccoloba,venosa,,False,Coccoloba venosa
15080636.0,342,Pontederia cordata,283610-2,Pontederiaceae,Pontederia,cordata,,True,Pontederia cordata
9813111.0,271,Portulaca oleracea,323270-2,Portulacaceae,Portulaca,oleracea,,False,Portulaca oleracea
9812809.0,281,Portulaca oleracea,323270-2,Portulacaceae,Portulaca,oleracea,,False,Portulaca oleracea
9813118.0,290,Portulaca grandiflora,208592-2,Portulacaceae,Portulaca,grandiflora,,False,Portulaca grandiflora
9813100.0,293,Portulaca grandiflora,208592-2,Portulacaceae,Portulaca,grandiflora,,False,Portulaca grandiflora
8099236.0,262,Portulaca wightiana,699415-1,Portulacaceae,Portulaca,wightiana,,False,Portulaca wightiana
6259883.0,345,Portulaca kermesina,699242-1,Portulacaceae,Portulaca,kermesina,,False,Portulaca kermesina
6259875.0,360,Portulaca kermesina,699242-1,Portulacaceae,Portulaca,kermesina,,False,Portulaca kermesina
8099265.0,314,Portulaca quadrifida,699334-1,Portulacaceae,Portulaca,quadrifida,,False,Portulaca quadrifida
9754234.0,633,Portulaca sedifolia,208695-2,Portulacaceae,Portulaca,sedifolia,,True,Portulaca sedifolia
15057480.0,297,Portulaca sp.,325899-2,Portulacaceae,Portulaca,,,False,Portulaca sp.
3232557.0,369,Potamogeton natans,208872-2,Potamogetonaceae,Potamogeton,natans,,False,Potamogeton natans
3925252.0,306,Potamogeton maackianus,603293-1,Potamogetonaceae,Potamogeton,maackianus,,False,Potamogeton maackianus
3925250.0,307,Potamogeton maackianus,603293-1,Potamogetonaceae,Potamogeton,maackianus,,False,Potamogeton maackianus
14517531.0,450,Maesa perlaria var. formosana,1009037-1,Primulaceae,Maesa,perlaria,formosana,False,Maesa montana var. formosana
3925339,452,Primula munroi,702310-1,Primulaceae,Primula,munroi,,False,Primula munroi
3925257.0,478,Primula alpicola,701526-1,Primulaceae,Primula,alpicola,,False,Primula alpicola
3925309,428,Primula epilosa,701881-1,Primulaceae,Primula,epilosa,,False,Primula epilosa
3924146,473,Lysimachia heterobotrys,701161-1,Primulaceae,Lysimachia,heterobotrys,,False,Lysimachia heterobotrys
3924114,454,Lysimachia decurrens,701098-1,Primulaceae,Lysimachia,decurrens,,False,Lysimachia decurrens
3925308,493,Primula duclouxii,701853-1,Primulaceae,Primula,duclouxii,,False,Primula duclouxii
3925306,244,Primula diantha,701829-1,Primulaceae,Primula,diantha,,False,Primula diantha
4303260.0,476,Myrsine seguinii,589274-1,Primulaceae,Myrsine,seguinii,,False,Myrsine seguinii
3925302.0,427,Primula denticulata,701821-1,Primulaceae,Primula,denticulata,,True,Primula denticulata
4301985,372,Myrsine seguinii,589274-1,Primulaceae,Myrsine,seguinii,,False,Myrsine seguinii
3925342,449,Primula obconica,702340-1,Primulaceae,Primula,obconica,,False,Primula obconica
8267563.0,510,Embelia coriacea,588318-1,Primulaceae,Embelia,coriacea,,False,Embelia coriacea
3925385,452,Primula spicata,702648-1,Primulaceae,Primula,spicata,,False,Primula spicata
4618749,466,Ardisia japonica var. japonica,77228258-1,Primulaceae,Ardisia,japonica,japonica,False,Ardisia japonica var. japonica
3924147.0,473,Lysimachia heterobotrys,701161-1,Primulaceae,Lysimachia,heterobotrys,,False,Lysimachia heterobotrys
3925315,485,Primula fasciculata,701916-1,Primulaceae,Primula,fasciculata,,False,Primula fasciculata
4619039.0,484,Maesa japonica,588831-1,Primulaceae,Maesa,japonica,,False,Maesa japonica
3924090,450,Lysimachia capillipes,701063-1,Primulaceae,Lysimachia,capillipes,,False,Lysimachia capillipes
9048250.0,498,Myrsine involucrata,77102575-1,Primulaceae,Myrsine,involucrata,,False,Rapanea involucrata
3924132,392,Lysimachia fortunei,701131-1,Primulaceae,Lysimachia,fortunei,,False,Lysimachia fortunei
3925262,410,Primula amethystina,701542-1,Primulaceae,Primula,amethystina,,False,Primula amethystina
5895481.0,503,Ardisia luquillensis,18211-2,Primulaceae,Ardisia,luquillensis,,False,Ardisia luquillensis
8267567.0,509,Ardisia keithleyi,587123-1,Primulaceae,Ardisia,keithleyi,,False,Ardisia keithleyi
5211270,402,Lysimachia arvensis,77100386-1,Primulaceae,Lysimachia,arvensis,,False,Anagallis arvensis
3924156.0,467,Lysimachia insignis,701177-1,Primulaceae,Lysimachia,insignis,,False,Lysimachia insignis
3924141.0,436,Lysimachia hemsleyana,701157-1,Primulaceae,Lysimachia,hemsleyana,,False,Lysimachia hemsleyana
3924142.0,436,Lysimachia hemsleyi,701158-1,Primulaceae,Lysimachia,hemsleyi,,False,Lysimachia hemsleyi
3924086.0,447,Lysimachia alfredi,701033-1,Primulaceae,Lysimachia,alfredi,,False,Lysimachia alfredii
3924111,455,Lysimachia crispidens,701088-1,Primulaceae,Lysimachia,crispidens,,False,Lysimachia crispidens
14517580.0,493,Ardisia quinquegona,587496-1,Primulaceae,Ardisia,quinquegona,,False,Ardisia quinquegona
3925344,448,Primula obconica,702340-1,Primulaceae,Primula,obconica,,False,Primula obconica
3924163,442,Lysimachia longipes,701214-1,Primulaceae,Lysimachia,longipes,,False,Lysimachia longipes
3925273.0,466,Primula blattariformis,701622-1,Primulaceae,Primula,blattariformis,,False,Primula blattariformis
4618364.0,509,Maesa japonica,588831-1,Primulaceae,Maesa,japonica,,False,Maesa japonica
3924178.0,435,Lysimachia patungensis,701281-1,Primulaceae,Lysimachia,patungensis,,False,Lysimachia patungensis
3924107.0,436,Lysimachia congestiflora,701082-1,Primulaceae,Lysimachia,congestiflora,,False,Lysimachia congestiflora
3924101,392,Lysimachia clethroides,701080-1,Primulaceae,Lysimachia,clethroides,,False,Lysimachia clethroides
3924168,436,Lysimachia omeiensis,701265-1,Primulaceae,Lysimachia,omeiensis,,False,Lysimachia omeiensis
3925263.0,395,Primula amethystina,701542-1,Primulaceae,Primula,amethystina,,False,Primula amethystina
3925372.0,464,Primula sikkimensis,702611-1,Primulaceae,Primula,sikkimensis,,False,Primula sikkimensis
3924175.0,434,Lysimachia patungensis,701281-1,Primulaceae,Lysimachia,patungensis,,False,Lysimachia patungensis
3924160.0,487,Lysimachia laxa,701196-1,Primulaceae,Lysimachia,laxa,,False,Lysimachia laxa
4619270,489,Ardisia crenata,586890-1,Primulaceae,Ardisia,crenata,,False,Ardisia crenata
3924153.0,466,Lysimachia insignis,701177-1,Primulaceae,Lysimachia,insignis,,False,Lysimachia insignis
3924140.0,436,Lysimachia hemsleyana,701157-1,Primulaceae,Lysimachia,hemsleyana,,False,Lysimachia hemsleyana
3924128.0,392,Lysimachia fortunei,701131-1,Primulaceae,Lysimachia,fortunei,,False,Lysimachia fortunei
3924110.0,441,Lysimachia congestiflora,701082-1,Primulaceae,Lysimachia,congestiflora,,False,Lysimachia congestiflora
3924173.0,436,Lysimachia paridiformis,701278-1,Primulaceae,Lysimachia,paridiformis,,False,Lysimachia paridiformis
3924159.0,478,Lysimachia laxa,701196-1,Primulaceae,Lysimachia,laxa,,False,Lysimachia laxa
4618436.0,489,Ardisia crenata,586890-1,Primulaceae,Ardisia,crenata,,False,Ardisia crenata
3925276,475,Primula blinii,701623-1,Primulaceae,Primula,blinii,,False,Primula blinii
3925255.0,485,Primula agleniana,701509-1,Primulaceae,Primula,agleniana,,False,Primula agleniana
3925322,356,Primula heucherifolia,702034-1,Primulaceae,Primula,heucherifolia,,False,Primula heucherifolia
10578458.0,256,Jacquinia armillaris,312066-2,Primulaceae,Jacquinia,armillaris,,False,Jacquinia armillaris
5895683,382,Myrsine coriacea,1028287-2,Primulaceae,Myrsine,coriacea,,True,Myrsine coriacea
3925389,428,Primula tardiflora,977776-1,Primulaceae,Primula,tardiflora,,False,Primula tardiflora
3924104,398,Lysimachia clethroides,701080-1,Primulaceae,Lysimachia,clethroides,,False,Lysimachia clethroides
6541624,344,Lysimachia ciliata,148117-2,Primulaceae,Lysimachia,ciliata,,True,Lysimachia ciliata
3924157,443,Lysimachia klattiana,701188-1,Primulaceae,Lysimachia,klattiana,,False,Lysimachia klattiana
3924404,221,Omphalogramma forrestii,701478-1,Primulaceae,Omphalogramma,forrestii,,False,Omphalogramma forrestii
8261421,507,Ardisia teysmanniana,587673-1,Primulaceae,Ardisia,teysmanniana,,False,Ardisia teijsmanniana
4617891.0,488,Ardisia sieboldii,587600-1,Primulaceae,Ardisia,sieboldii,,False,Ardisia sieboldii
3924162.0,454,Lysimachia lobelioides,701210-1,Primulaceae,Lysimachia,lobelioides,,False,Lysimachia lobelioides
8261240.0,534,Ardisia colorata,586857-1,Primulaceae,Ardisia,colorata,,True,Ardisia colorata
11887131.0,536,Myrsine laetevirens,166568-2,Primulaceae,Myrsine,laetevirens,,False,Myrsine laetevirens
6575317,470,Lysimachia ciliata,148117-2,Primulaceae,Lysimachia,ciliata,,True,Lysimachia ciliata
3924127,435,Lysimachia fordiana,701129-1,Primulaceae,Lysimachia,fordiana,,False,Lysimachia fordiana
3818547,532,Maesa dependens,588786-1,Primulaceae,Maesa,dependens,,False,Maesa dependens
3818543,533,Ardisia pachyrhachis,587363-1,Primulaceae,Ardisia,pachyrhachis,,False,Ardisia pachyrrhachis
14517517.0,488,Ardisia sieboldii,587600-1,Primulaceae,Ardisia,sieboldii,,False,Ardisia sieboldii
3924414.0,225,Omphalogramma souliei,701482-1,Primulaceae,Omphalogramma,souliei,,False,Omphalogramma souliei
3924166.0,436,Lysimachia melampyroides,701230-1,Primulaceae,Lysimachia,melampyroides,,False,Lysimachia melampyroides
4618159.0,446,Myrsine maximowiczii,589187-1,Primulaceae,Myrsine,maximowiczii,,False,Myrsine maximowiczii
3924099.0,409,Lysimachia christinae,701074-1,Primulaceae,Lysimachia,christinae,,False,Lysimachia christinae
3924120.0,436,Lysimachia erosipetala,701112-1,Primulaceae,Lysimachia,erosipetala,,False,Lysimachia erosipetala
3924396,223,Omphalogramma delavayi,701473-1,Primulaceae,Omphalogramma,delavayi,,False,Omphalogramma delavayi
3925327,489,Primula malvacea,702245-1,Primulaceae,Primula,malvacea,,False,Primula malvacea
3924158,443,Lysimachia klattiana,701188-1,Primulaceae,Lysimachia,klattiana,,False,Lysimachia klattiana
15080742.0,485,Primula meadia,60447606-2,Primulaceae,Primula,meadia,,False,Dodecatheon meadia
3924185.0,436,Lysimachia rubiginosa,701340-1,Primulaceae,Lysimachia,rubiginosa,,False,Lysimachia rubiginosa
3924183,469,Lysimachia pittosporoides,895903-1,Primulaceae,Lysimachia,pittosporoides,,False,Lysimachia pittosporoides
3924118,409,Lysimachia dextrorsiflora,77077760-1,Primulaceae,Lysimachia,dextrorsiflora,,False,Lysimachia dextrosiflora
3925382.0,463,Primula sonchifolia,702635-1,Primulaceae,Primula,sonchifolia,,False,Primula sonchifolia
3924135.0,435,Lysimachia grammica,701149-1,Primulaceae,Lysimachia,grammica,,False,Lysimachia grammica
3925320,461,Primula gemmifera,701961-1,Primulaceae,Primula,gemmifera,,False,Primula gemmifera
10578455.0,256,Jacquinia armillaris,312066-2,Primulaceae,Jacquinia,armillaris,,False,Jacquinia armillaris
3924187,436,Lysimachia rubiginosa,701340-1,Primulaceae,Lysimachia,rubiginosa,,False,Lysimachia rubiginosa
3924123,437,Lysimachia fistulosa,701124-1,Primulaceae,Lysimachia,fistulosa,,False,Lysimachia fistulosa
14517572.0,493,Myrsine stolonifera,589284-1,Primulaceae,Myrsine,stolonifera,,False,Myrsine stolonifera
4618675.0,446,Myrsine okabeana,589216-1,Primulaceae,Myrsine,okabeana,,False,Myrsine okabeana
4303004.0,509,Maesa perlaria var. formosana,1009037-1,Primulaceae,Maesa,perlaria,formosana,False,Maesa montana var. formosana
3925246.0,485,Androsace filicula,77352238-1,Primulaceae,Androsace,filicula,,False,Pomatosace filicula
3925311.0,470,Primula epilosa,701881-1,Primulaceae,Primula,epilosa,,False,Primula epilosa
6688473,420,Aegiceras corniculatum,586618-1,Primulaceae,Aegiceras,corniculatum,,False,Aegiceras corniculatum
3925288.0,494,Primula chapaensis,701708-1,Primulaceae,Primula,chapaensis,,False,Primula chapaensis
5895598,442,Cybianthus sintenisii,73564-2,Primulaceae,Cybianthus,sintenisii,,False,Cybianthus sintenisii
3924418.0,225,Omphalogramma souliei,701482-1,Primulaceae,Omphalogramma,souliei,,False,Omphalogramma souliei
3925378,273,Primula sinensis,702622-1,Primulaceae,Primula,sinensis,,True,Primula sinensis
3925287,450,Primula calliantha,701666-1,Primulaceae,Primula,calliantha,,False,Primula calliantha
3925364.0,455,Primula pycnoloba,702495-1,Primulaceae,Primula,pycnoloba,,False,Primula pycnoloba
3924406.0,221,Omphalogramma forrestii,701478-1,Primulaceae,Omphalogramma,forrestii,,False,Omphalogramma forrestii
3925362.0,452,Primula pulchella,702476-1,Primulaceae,Primula,pulchella,,False,Primula pulchella
3924167.0,436,Lysimachia melampyroides,701230-1,Primulaceae,Lysimachia,melampyroides,,False,Lysimachia melampyroides
3924117,436,Lysimachia deltoidea,701100-1,Primulaceae,Lysimachia,deltoidea,,False,Lysimachia deltoidea
3924089.0,454,Lysimachia candida,701062-1,Primulaceae,Lysimachia,candida,,False,Lysimachia candida
3925376.0,478,Primula sikkimensis,702611-1,Primulaceae,Primula,sikkimensis,,False,Primula sikkimensis
3924121.0,436,Lysimachia erosipetala,701112-1,Primulaceae,Lysimachia,erosipetala,,False,Lysimachia erosipetala
3925325.0,489,Primula malvacea,702245-1,Primulaceae,Primula,malvacea,,False,Primula malvacea
3925391.0,374,Primula virginis,702771-1,Primulaceae,Primula,virginis,,False,Primula virginis
3924143.0,435,Lysimachia hemsleyi,701158-1,Primulaceae,Lysimachia,hemsleyi,,False,Lysimachia hemsleyi
3924126.0,435,Lysimachia fordiana,701129-1,Primulaceae,Lysimachia,fordiana,,False,Lysimachia fordiana
3924394,223,Omphalogramma delavayi,701473-1,Primulaceae,Omphalogramma,delavayi,,False,Omphalogramma delavayi
14517640,444,Ardisia crispa,586896-1,Primulaceae,Ardisia,crispa,,False,Ardisia crispa
3924097.0,409,Lysimachia christinae,701074-1,Primulaceae,Lysimachia,christinae,,False,Lysimachia christinae
3924181,436,Lysimachia phyllocephala,701287-1,Primulaceae,Lysimachia,phyllocephala,,False,Lysimachia phyllocephala
3925298,479,Primula deflexa,701811-1,Primulaceae,Primula,deflexa,,False,Primula deflexa
3925348.0,428,Primula ovalifolia,702380-1,Primulaceae,Primula,ovalifolia,,False,Primula ovalifolia
3925336.0,436,Primula moupinensis,702303-1,Primulaceae,Primula,moupinensis,,False,Primula moupinensis
3924165.0,451,Lysimachia longipes,701214-1,Primulaceae,Lysimachia,longipes,,False,Lysimachia longipes
3925282.0,490,Primula calderiana,701665-1,Primulaceae,Primula,calderiana,,False,Primula calderiana
3924088,454,Lysimachia candida,701062-1,Primulaceae,Lysimachia,candida,,False,Lysimachia candida
3924182.0,436,Lysimachia phyllocephala,701287-1,Primulaceae,Lysimachia,phyllocephala,,False,Lysimachia phyllocephala
3925280,479,Primula boreiocalliantha,701630-1,Primulaceae,Primula,boreiocalliantha,,False,Primula boreiocalliantha
3925284.0,477,Primula calderiana,701665-1,Primulaceae,Primula,calderiana,,False,Primula calderiana
3925366,452,Primula pycnoloba,702495-1,Primulaceae,Primula,pycnoloba,,False,Primula pycnoloba
3925264,305,Primula aromatica,701543-1,Primulaceae,Primula,aromatica,,False,Primula aromatica
3924093,466,Lysimachia chapaensis,701068-1,Primulaceae,Lysimachia,chapaensis,,False,Lysimachia chapaensis
3924171.0,436,Lysimachia paridiformis,701278-1,Primulaceae,Lysimachia,paridiformis,,False,Lysimachia paridiformis
5911697.0,489,Lysimachia borealis,77100389-1,Primulaceae,Lysimachia,borealis,,False,Trientalis borealis
3232626.0,523,Lysimachia borealis,77100389-1,Primulaceae,Lysimachia,borealis,,False,Trientalis borealis
3925371,487,Primula septemloba,702587-1,Primulaceae,Primula,septemloba,,False,Primula septemloba
3925354,482,Primula polyneura,702441-1,Primulaceae,Primula,polyneura,,False,Primula polyneura
3924122,436,Lysimachia fistulosa,701124-1,Primulaceae,Lysimachia,fistulosa,,False,Lysimachia fistulosa
3925291,468,Primula chionantha,701712-1,Primulaceae,Primula,chionantha,,False,Primula chionantha
3852076.0,512,Maesa dependens,588786-1,Primulaceae,Maesa,dependens,,False,Maesa dependens
5895752,458,Wallenia lamarckiana,267667-2,Primulaceae,Wallenia,lamarckiana,,False,Wallenia lamarckiana
3924412,217,Omphalogramma minus,701479-1,Primulaceae,Omphalogramma,minus,,False,Omphalogramma minus
3925395.0,449,Primula yunnanensis,702813-1,Primulaceae,Primula,yunnanensis,,False,Primula yunnanensis
3925357.0,436,Primula pulchella subsp. prattii,970209-1,Primulaceae,Primula,pulchella,prattii,False,Primula prattii
3924113.0,454,Lysimachia decurrens,701098-1,Primulaceae,Lysimachia,decurrens,,False,Lysimachia decurrens
3925253,486,Primula agleniana,701509-1,Primulaceae,Primula,agleniana,,False,Primula agleniana
3924119,409,Lysimachia dextrorsiflora,77077760-1,Primulaceae,Lysimachia,dextrorsiflora,,False,Lysimachia dextrosiflora
11887152,522,Myrsine parvifolia,166583-2,Primulaceae,Myrsine,parvifolia,,False,Myrsine parvifolia
3924134,468,Lysimachia baviensis,968505-1,Primulaceae,Lysimachia,baviensis,,False,Lysimachia gesnerioides
3924410.0,217,Omphalogramma minus,701479-1,Primulaceae,Omphalogramma,minus,,False,Omphalogramma minus
3852005,498,Ardisia pachyrhachis,587363-1,Primulaceae,Ardisia,pachyrhachis,,False,Ardisia pachyrrhachis
3924161.0,454,Lysimachia lobelioides,701210-1,Primulaceae,Lysimachia,lobelioides,,False,Lysimachia lobelioides
4618063,475,Myrsine maximowiczii,589187-1,Primulaceae,Myrsine,maximowiczii,,False,Myrsine maximowiczii
3925387.0,244,Primula szechuanica,702680-1,Primulaceae,Primula,szechuanica,,False,Primula szechuanica
3925324.0,432,Primula kialensis,702130-1,Primulaceae,Primula,kialensis,,False,Primula kialensis
3925331,454,Primula yunnanensis subsp. membranifolia,970211-1,Primulaceae,Primula,yunnanensis,membranifolia,False,Primula membranifolia
3924095,436,Lysimachia chekiangensis,701069-1,Primulaceae,Lysimachia,chekiangensis,,False,Lysimachia chekiangensis
4301467,462,Ardisia japonica var. japonica,77228258-1,Primulaceae,Ardisia,japonica,japonica,False,Ardisia japonica var. japonica
3924421,219,Omphalogramma tibeticum,701483-1,Primulaceae,Omphalogramma,tibeticum,,False,Omphalogramma tibeticum
3925341,465,Primula munroi,702310-1,Primulaceae,Primula,munroi,,False,Primula munroi
3924148,464,Lysimachia heterogenea,701162-1,Primulaceae,Lysimachia,heterogenea,,True,Lysimachia heterogenea
3924091.0,467,Lysimachia capillipes,701063-1,Primulaceae,Lysimachia,capillipes,,False,Lysimachia capillipes
3924115.0,436,Lysimachia deltoidea,701100-1,Primulaceae,Lysimachia,deltoidea,,False,Lysimachia deltoidea
3925293.0,468,Primula chionantha,701712-1,Primulaceae,Primula,chionantha,,False,Primula chionantha
3924150,464,Lysimachia heterogenea,701162-1,Primulaceae,Lysimachia,heterogenea,,True,Lysimachia heterogenea
3924179,454,Lysimachia pentapetala,701284-1,Primulaceae,Lysimachia,pentapetala,,False,Lysimachia pentaletala
15080796.0,503,Myrsine africana,589037-1,Primulaceae,Myrsine,africana,,False,Myrsine africana
3925368,262,Primula rugosa,702544-1,Primulaceae,Primula,rugosa,,False,Primula rugosa
9041091.0,492,Myrsine involucrata,77102575-1,Primulaceae,Myrsine,involucrata,,False,Rapanea involucrata
3925353.0,284,Primula partschiana,702394-1,Primulaceae,Primula,partschiana,,False,Primula partschiana
3925350,428,Primula ovalifolia,702380-1,Primulaceae,Primula,ovalifolia,,False,Primula ovalifolia
3924169.0,436,Lysimachia omeiensis,701265-1,Primulaceae,Lysimachia,omeiensis,,False,Lysimachia omeiensis
3924184.0,469,Lysimachia pittosporoides,895903-1,Primulaceae,Lysimachia,pittosporoides,,False,Lysimachia pittosporoides
3925318.0,496,Primula gemmifera,701961-1,Primulaceae,Primula,gemmifera,,False,Primula gemmifera
3925380.0,491,Primula sonchifolia,702635-1,Primulaceae,Primula,sonchifolia,,False,Primula sonchifolia
3925269.0,497,Primula bellidifolia,701608-1,Primulaceae,Primula,bellidifolia,,False,Primula bellidifolia
3925259.0,478,Primula alpicola,701526-1,Primulaceae,Primula,alpicola,,False,Primula alpicola
5211227.0,402,Lysimachia arvensis,77100386-1,Primulaceae,Lysimachia,arvensis,,False,Anagallis arvensis
3925247,485,Androsace filicula,77352238-1,Primulaceae,Androsace,filicula,,False,Pomatosace filicula
3924092,467,Lysimachia chapaensis,701068-1,Primulaceae,Lysimachia,chapaensis,,False,Lysimachia chapaensis
5895581,503,Ardisia obovata,18256-2,Primulaceae,Ardisia,obovata,,True,Ardisia obovata
3924180,454,Lysimachia pentapetala,701284-1,Primulaceae,Lysimachia,pentapetala,,False,Lysimachia pentaletala
5211243.0,476,Lysimachia nemorum,701254-1,Primulaceae,Lysimachia,nemorum,,True,Lysimachia nemorum
3925271.0,497,Primula bellidifolia,701608-1,Primulaceae,Primula,bellidifolia,,False,Primula bellidifolia
4302986,488,Ardisia quinquegona,587496-1,Primulaceae,Ardisia,quinquegona,,False,Ardisia quinquegona
3925296,453,Primula deflexa,701811-1,Primulaceae,Primula,deflexa,,False,Primula deflexa
5895568.0,489,Parathesis crenulata,589453-1,Primulaceae,Parathesis,crenulata,,False,Parathesis crenulata
3925278.0,473,Primula blinii,701623-1,Primulaceae,Primula,blinii,,False,Primula blinii
3924400,223,Omphalogramma elegans,701474-1,Primulaceae,Omphalogramma,elegans,,False,Omphalogramma elegance
3852012.0,301,Alloxylon wickhamii,962862-1,Proteaceae,Alloxylon,wickhamii,,False,Alloxylon wickhamii
15080941.0,431,Banksia oblongifolia,703149-1,Proteaceae,Banksia,oblongifolia,,True,Banksia oblongifolia
3818465.0,293,Stenocarpus reticulatus,706788-1,Proteaceae,Stenocarpus,reticulatus,,False,Stenocarpus reticulatus
3818463.0,433,Darlingia darlingiana,703378-1,Proteaceae,Darlingia,darlingiana,,False,Darlingia darlingiana
3818541.0,324,Stenocarpus davallioides,934886-1,Proteaceae,Stenocarpus,davallioides,,False,Stenocarpus davallioides
3818458.0,359,Carnarvonia araliifolia var. montana,990235-1,Proteaceae,Carnarvonia,araliifolia,montana,False,Carnarvonia araliifolia var. montana
4302303.0,250,Helicia cochinchinensis,704393-1,Proteaceae,Helicia,cochinchinensis,,False,Helicia cochinchinensis
15080858.0,344,Hakea trineura,704355-1,Proteaceae,Hakea,trineura,,False,Hakea trineura
4617620.0,249,Helicia cochinchinensis,704393-1,Proteaceae,Helicia,cochinchinensis,,False,Helicia cochinchinensis
3818464.0,306,Cardwellia sublimis,703237-1,Proteaceae,Cardwellia,sublimis,,False,Cardwellia sublimis
3818456.0,359,Carnarvonia araliifolia var. montana,990235-1,Proteaceae,Carnarvonia,araliifolia,montana,False,Carnarvonia araliifolia var. montana
9048291.0,268,Helicia latifolia,704436-1,Proteaceae,Helicia,latifolia,,False,Helicia latifolia
3818460.0,292,Buckinghamia celsissima,703236-1,Proteaceae,Buckinghamia,celsissima,,False,Buckinghamia celsissima
3851966.0,295,Stenocarpus davallioides,934886-1,Proteaceae,Stenocarpus,davallioides,,False,Stenocarpus davallioides
3818459.0,331,Austromuellera trinervia,703060-1,Proteaceae,Austromuellera,trinervia,,False,Austromuellera trinervia
9041107.0,268,Helicia latifolia,704436-1,Proteaceae,Helicia,latifolia,,False,Helicia latifolia
8297645,518,Drypetes longifolia,345093-1,Putranjivaceae,Drypetes,longifolia,,False,Drypetes macrophylla
6288520.0,449,Drypetes gossweileri,345047-1,Putranjivaceae,Drypetes,gossweileri,,False,Drypetes gossweileri
4934149.0,544,Drypetes laciniata,345080-1,Putranjivaceae,Drypetes,laciniata,,False,Drypetes laciniata
4934288,536,Drypetes staudtii,345186-1,Putranjivaceae,Drypetes,staudtii,,False,Drypetes staudtii
4934163.0,535,Drypetes similis,345180-1,Putranjivaceae,Drypetes,similis,,False,Sibangea similis
4934299,545,Drypetes ivorensis,345071-1,Putranjivaceae,Drypetes,ivorensis,,False,Drypetes ivorensis
8261231.0,556,Drypetes kikir,345076-1,Putranjivaceae,Drypetes,kikir,,False,Drypetes kikir
3580558,508,Drypetes sp.,327615-2,Putranjivaceae,Drypetes,,,False,Drypetes sp.
6288531,535,Drypetes sp.,327615-2,Putranjivaceae,Drypetes,,,False,Drypetes sp.
5895504.0,485,Drypetes lateriflora,85501-2,Putranjivaceae,Drypetes,lateriflora,,False,Drypetes lateriflora
4934568.0,547,Drypetes ivorensis,345071-1,Putranjivaceae,Drypetes,ivorensis,,False,Drypetes ivorensis
5895757.0,502,Drypetes alba,344954-1,Putranjivaceae,Drypetes,alba,,False,Drypetes alba
4934254.0,536,Drypetes staudtii,345186-1,Putranjivaceae,Drypetes,staudtii,,False,Drypetes staudtii
4617711.0,518,Drypetes integerrima,345068-1,Putranjivaceae,Drypetes,integerrima,,False,Drypetes integerrima
4934467.0,546,Drypetes principum,345155-1,Putranjivaceae,Drypetes,principum,,False,Drypetes principum
8296610,517,Drypetes neglecta,345120-1,Putranjivaceae,Drypetes,neglecta,,False,Drypetes neglecta
8301139.0,531,Drypetes neglecta,345120-1,Putranjivaceae,Drypetes,neglecta,,False,Drypetes neglecta
4934444.0,543,Drypetes principum,345155-1,Putranjivaceae,Drypetes,principum,,False,Drypetes principum
8301145.0,523,Drypetes minahassae,60461526-2,Putranjivaceae,Drypetes,minahassae,,False,Drypetes minahassae
8261414.0,537,Drypetes longifolia,345093-1,Putranjivaceae,Drypetes,longifolia,,False,Drypetes macrophylla
4618182.0,518,Drypetes integerrima,345068-1,Putranjivaceae,Drypetes,integerrima,,False,Drypetes integerrima
4934341,537,Drypetes laciniata,345080-1,Putranjivaceae,Drypetes,laciniata,,False,Drypetes laciniata
4934470.0,543,Drypetes similis,345180-1,Putranjivaceae,Drypetes,similis,,False,Sibangea similis
5895485.0,426,Drypetes ilicifolia,85498-2,Putranjivaceae,Drypetes,ilicifolia,,False,Drypetes ilicifolia
5895695.0,509,Drypetes lateriflora,85501-2,Putranjivaceae,Drypetes,lateriflora,,False,Drypetes lateriflora
3922610.0,300,Aconitum longe-crassidatum,707545-1,Ranunculaceae,Aconitum,longe-crassidatum,,False,Aconitum longecassidatum
9813268.0,313,Nigella arvensis,711626-1,Ranunculaceae,Nigella,arvensis,,True,Nigella arvensis
4302566.0,371,Clematis japonica,709806-1,Ranunculaceae,Clematis,japonica,,False,Clematis japonica var. villosula
9813065.0,202,Nigella damascena,711645-1,Ranunculaceae,Nigella,damascena,,False,Nigella damascena
6511623.0,375,Hepatica americana,711389-1,Ranunculaceae,Hepatica,americana,,False,Anemone americana
5911364.0,331,Clematis virginiana,710188-1,Ranunculaceae,Clematis,virginiana,,True,Clematis virginiana
5911314.0,388,Caltha palustris,42867-2,Ranunculaceae,Caltha,palustris,,False,Caltha palustris
5911689.0,362,Coptis trifolia,710328-1,Ranunculaceae,Coptis,trifolia,,False,Coptis trifolia
5911517.0,344,Clematis virginiana,710188-1,Ranunculaceae,Clematis,virginiana,,True,Clematis virginiana
5911572.0,405,Actaea pachypoda,330907-2,Ranunculaceae,Actaea,pachypoda,,False,Actaea pachypoda
3922623.0,302,Aconitum sinomontanum,707823-1,Ranunculaceae,Aconitum,sinomontanum,,False,Aconitum sinomontanum
5911304.0,392,Actaea rubra,1082557-2,Ranunculaceae,Actaea,rubra,,False,Actaea rubra
6541643.0,389,Caltha palustris,42867-2,Ranunculaceae,Caltha,palustris,,False,Caltha palustris
6541772.0,556,Aquilegia sp.,77228053-1,Ranunculaceae,Aquilegia,,formosa,True,Aquilegia canadensis
6574546.0,385,Ranunculus hispidus,712908-1,Ranunculaceae,Ranunculus,hispidus,,False,Ranunculus hispidus
6632248.0,355,Ranunculus abortivus,712111-1,Ranunculaceae,Ranunculus,abortivus,,False,Ranunculus abortivus
3232569.0,337,Ranunculus sceleratus,713776-1,Ranunculaceae,Ranunculus,sceleratus,,False,Ranunculus sceleratus
3232955.0,276,Anemone virginiana,708711-1,Ranunculaceae,Anemone,virginiana,,False,Anemone virginiana
6574503.0,370,Ranunculus recurvatus,713669-1,Ranunculaceae,Ranunculus,recurvatus,,True,Ranunculus recurvatus
6541625.0,282,Anemone virginiana,708711-1,Ranunculaceae,Anemone,virginiana,,False,Anemone virginiana
3922616.0,298,Aconitum scaposum,707794-1,Ranunculaceae,Aconitum,scaposum,,False,Aconitum scaposum
3232347.0,357,Hepatica americana var. acuta,77330585-1,Ranunculaceae,Hepatica,americana,acuta,False,Anemone acutiloba
3922621.0,299,Aconitum sinomontanum,707823-1,Ranunculaceae,Aconitum,sinomontanum,,False,Aconitum sinomontanum
4287789.0,371,Clematis apiifolia var. apiifolia,77229604-1,Ranunculaceae,Clematis,apiifolia,apiifolia,False,Clematis apiifolia var. apiifolia
5911527.0,296,Coptis trifolia,710328-1,Ranunculaceae,Coptis,trifolia,,False,Coptis trifolia
5211216.0,365,Ranunculus ficaria,712703-1,Ranunculaceae,Ranunculus,ficaria,,True,Ranunculus ficaria
5911407.0,570,Aquilegia sp.,77228053-1,Ranunculaceae,Aquilegia,,formosa,True,Aquilegia canadensis
3922594.0,299,Aconitum sinomontanum var. angustius,77250009-1,Ranunculaceae,Aconitum,sinomontanum,angustius,False,Aconitum angustius
9748899.0,267,Clematis dioica,60325-2,Ranunculaceae,Clematis,dioica,,True,Clematis dioica
3922602.0,298,Aconitum barbatum,707190-1,Ranunculaceae,Aconitum,barbatum,,False,Aconitum barbatum
6541596.0,387,Ranunculus hispidus,712908-1,Ranunculaceae,Ranunculus,hispidus,,False,Ranunculus hispidus
5911329.0,405,Actaea pachypoda,330907-2,Ranunculaceae,Actaea,pachypoda,,False,Actaea pachypoda
5911533.0,374,Hepatica americana,711389-1,Ranunculaceae,Hepatica,americana,,False,Hepatica americana
3922584.0,299,Aconitum sinomontanum var. angustius,77250009-1,Ranunculaceae,Aconitum,sinomontanum,angustius,False,Aconitum angustius
6730845.0,362,Ranunculus recurvatus,713669-1,Ranunculaceae,Ranunculus,recurvatus,,True,Ranunculus recurvatus
3923281.0,311,Delphinium tatsienense,711062-1,Ranunculaceae,Delphinium,tatsienense,,False,Delphinium tatsienense
5911483.0,392,Actaea rubra,1082557-2,Ranunculaceae,Actaea,rubra,,False,Actaea rubra
15057655.0,348,Clematis pitcheri,60399-2,Ranunculaceae,Clematis,pitcheri,,False,Clematis pitcheri
3922598.0,299,Aconitum barbatum,707190-1,Ranunculaceae,Aconitum,barbatum,,False,Aconitum barbatum
3922613.0,303,Aconitum monticola,707602-1,Ranunculaceae,Aconitum,monticola,,False,Aconitum monticola
9813274.0,309,Nigella arvensis,711626-1,Ranunculaceae,Nigella,arvensis,,True,Nigella arvensis
9812746.0,210,Nigella damascena,711645-1,Ranunculaceae,Nigella,damascena,,False,Nigella damascena
6632244.0,375,Ranunculus ficaria,712703-1,Ranunculaceae,Ranunculus,ficaria,,True,Ranunculus ficaria
4302176.0,371,Clematis apiifolia var. apiifolia,77229604-1,Ranunculaceae,Clematis,apiifolia,apiifolia,False,Clematis apiifolia var. apiifolia
3232567.0,293,Ranunculus acris,712125-1,Ranunculaceae,Ranunculus,acris,,False,Ranunculus acris
15057520.0,521,Aquilegia longissima,708941-1,Ranunculaceae,Aquilegia,longissima,,False,Aquilegia longissima
5182587.0,218,Aconitum anthora,707158-1,Ranunculaceae,Aconitum,anthora,,False,Aconitum anthora
14517494.0,368,Clematis stans var. stans,77229527-1,Ranunculaceae,Clematis,stans,stans,False,Clematis stans var. stans
6632263.0,407,Actaea racemosa,316204-2,Ranunculaceae,Actaea,racemosa,,True,Actaea racemosa
14517501.0,368,Clematis stans var. stans,77229527-1,Ranunculaceae,Clematis,stans,stans,False,Clematis stans var. stans
3232348.0,339,Hepatica americana var. acuta,77330585-1,Ranunculaceae,Hepatica,americana,acuta,False,Anemone acutiloba
3923266.0,298,Delphinium pseudohamatum,901892-1,Ranunculaceae,Delphinium,pseudohamatum,,False,Delphinium pseudohamatum
6541572.0,342,Ranunculus abortivus,712111-1,Ranunculaceae,Ranunculus,abortivus,,False,Ranunculus abortivus
3922582.0,299,Aconitum alboviolaceum,707137-1,Ranunculaceae,Aconitum,alboviolaceum,,False,Aconitum alboviolaceum
5211222.0,273,Anemone nemorosa,13472-2,Ranunculaceae,Anemone,nemorosa,,True,Anemone nemorosa
5182584.0,238,Aconitum lycoctonum,707564-1,Ranunculaceae,Aconitum,lycoctonum,,True,Aconitum lycoctonum
5911699.0,326,Anemone quinquefolia,13497-2,Ranunculaceae,Anemone,quinquefolia,,False,Anemone quinquefolia
5182585.0,222,Aconitum napellus,707615-1,Ranunculaceae,Aconitum,napellus,,True,Aconitum napellus
6575319.0,489,Anemonella thalictroides,708732-1,Ranunculaceae,Anemonella,thalictroides,,False,Thalictrum thalictroides
3922611.0,299,Aconitum monticola,707602-1,Ranunculaceae,Aconitum,monticola,,False,Aconitum monticola
5911546.0,324,Anemone quinquefolia,13497-2,Ranunculaceae,Anemone,quinquefolia,,False,Anemone quinquefolia
5182586.0,218,Aconitum degenii subsp. paniculatum,973504-1,Ranunculaceae,Aconitum,degenii,paniculatum,False,Aconitum degenii subsp. paniculatum
3922580.0,299,Aconitum alboviolaceum,707137-1,Ranunculaceae,Aconitum,alboviolaceum,,False,Aconitum alboviolaceum
3922608.0,300,Aconitum longe-crassidatum,707545-1,Ranunculaceae,Aconitum,longe-crassidatum,,False,Aconitum longecassidatum
3923261.0,319,Delphinium omeiense,710859-1,Ranunculaceae,Delphinium,omeiense,,False,Delphinium omeiense
7088124.0,347,Caylusea abyssinica,715358-1,Resedaceae,Caylusea,abyssinica,,False,Caylusea abyssinica
7088169.0,347,Caylusea abyssinica,715358-1,Resedaceae,Caylusea,abyssinica,,False,Caylusea abyssinica
5895387.0,396,Colubrina elliptica,63435-2,Rhamnaceae,Colubrina,elliptica,,False,Colubrina elliptica
5895442.0,223,Sarcomphalus reticulatus,227794-2,Rhamnaceae,Sarcomphalus,reticulatus,,False,Ziziphus reticulata
6143952.0,406,Ziziphus xylopyrus,719451-1,Rhamnaceae,Ziziphus,xylopyrus,,False,Ziziphus xylopyrus
4302576.0,391,Rhamnella franguloides var. franguloides,77226082-1,Rhamnaceae,Rhamnella,franguloides,franguloides,False,Rhamnella franguloides var. franguloides
5911701.0,439,Frangula alnus,717344-1,Rhamnaceae,Frangula,alnus,,False,Frangula alnus
4617780.0,402,Berchemia longiracemosa,716703-1,Rhamnaceae,Berchemia,longiracemosa,,False,Berchemia longiracemosa
10563059.0,413,Sageretia thea,718819-1,Rhamnaceae,Sageretia,thea,,False,Sageretia thea
4617920.0,381,Rhamnus japonica var. japonica,77226637-1,Rhamnaceae,Rhamnus,japonica,japonica,False,Rhamnus japonica var. japonica
4617965.0,301,Hovenia tomentella,717565-1,Rhamnaceae,Hovenia,tomentella,,False,Hovenia trichocarpa var. robusta
7088077.0,423,Scutia myrtina,718872-1,Rhamnaceae,Scutia,myrtina,,False,Scutia myrtina
10578508.0,360,Ziziphus nummularia,20010326-1,Rhamnaceae,Ziziphus,nummularia,,False,Ziziphus nimmularia
5895458.0,412,Reynosia vivesiana,60450631-2,Rhamnaceae,Reynosia,vivesiana,,False,Reynosia vivesiana
9597794.0,207,Helinus mystacinus,717551-1,Rhamnaceae,Helinus,mystacinus,,False,Helinus mystacinus
4618377.0,287,Hovenia dulcis,717558-1,Rhamnaceae,Hovenia,dulcis,,False,Hovenia dulcis
15080917.0,355,Sageretia minutiflora,225164-2,Rhamnaceae,Sageretia,minutiflora,,False,Sageretia minutiflora
10285476.0,248,Gouania lupuloides,112858-2,Rhamnaceae,Gouania,lupuloides,,False,Gouania lupuloides
5895496.0,334,Colubrina arborescens,63423-2,Rhamnaceae,Colubrina,arborescens,,False,Colubrina arborescens
5895526.0,300,Sarcomphalus domingensis,227788-2,Rhamnaceae,Sarcomphalus,domingensis,,False,Ziziphus rignonii
4618783.0,422,Berchemiella berchemiifolia,716734-1,Rhamnaceae,Berchemiella,berchemiifolia,,False,Berchemiella berchemiifolia
9077807.0,364,Alphitonia incana,716623-1,Rhamnaceae,Alphitonia,incana,,False,Alphitonia incana
4301158.0,292,Hovenia tomentella,717565-1,Rhamnaceae,Hovenia,tomentella,,False,Hovenia trichocarpa var. robusta
10563056.0,413,Sageretia thea,718819-1,Rhamnaceae,Sageretia,thea,,False,Sageretia thea
4618044.0,402,Berchemia pauciflora,716712-1,Rhamnaceae,Berchemia,pauciflora,,False,Berchemia pauciflora
5895559.0,272,Colubrina verrucosa,63487-2,Rhamnaceae,Colubrina,verrucosa,,False,Colubrina verrucosa
5911670.0,439,Frangula alnus,717344-1,Rhamnaceae,Frangula,alnus,,False,Frangula alnus
6288579.0,430,Maesopsis eminii,717624-1,Rhamnaceae,Maesopsis,eminii,,False,Maesopsis eminii
10578506.0,364,Ziziphus nummularia,20010326-1,Rhamnaceae,Ziziphus,nummularia,,False,Ziziphus nimmularia
4617390.0,397,Rhamnus japonica var. decipiens,77252322-1,Rhamnaceae,Rhamnus,japonica,decipiens,False,Rhamnus japonica var. decipiens
9077822.0,364,Alphitonia incana,716623-1,Rhamnaceae,Alphitonia,incana,,False,Alphitonia incana
4618272.0,292,Hovenia dulcis,717558-1,Rhamnaceae,Hovenia,dulcis,,False,Hovenia dulcis
6143951.0,399,Ziziphus mauritiana,719349-1,Rhamnaceae,Ziziphus,mauritiana,,False,Ziziphus mauritiana
7088213.0,425,Scutia myrtina,718872-1,Rhamnaceae,Scutia,myrtina,,False,Scutia myrtina
15057474.0,434,Frangula caroliniana,717360-1,Rhamnaceae,Frangula,caroliniana,,False,Rhamnus caroliniana
5895767.0,400,Reynosia krugii,218815-2,Rhamnaceae,Reynosia,krugii,,False,Reynosia krugii
4301823.0,397,Rhamnus yoshinoi,718757-1,Rhamnaceae,Rhamnus,yoshinoi,,False,Rhamnus chugokuensis
9597791.0,207,Helinus mystacinus,717551-1,Rhamnaceae,Helinus,mystacinus,,False,Helinus mystacinus
4619082.0,397,Rhamnus japonica var. decipiens,77252322-1,Rhamnaceae,Rhamnus,japonica,decipiens,False,Rhamnus japonica var. decipiens
5895421.0,344,Colubrina arborescens,63423-2,Rhamnaceae,Colubrina,arborescens,,False,Colubrina arborescens
5895607.0,410,Reynosia krugii,218815-2,Rhamnaceae,Reynosia,krugii,,False,Reynosia krugii
4301404.0,399,Berchemia longiracemosa,716703-1,Rhamnaceae,Berchemia,longiracemosa,,False,Berchemia longiracemosa
4617767.0,391,Rhamnella franguloides var. franguloides,77226082-1,Rhamnaceae,Rhamnella,franguloides,franguloides,False,Rhamnella franguloides var. franguloides
5895465.0,385,Reynosia uncinata,218832-2,Rhamnaceae,Reynosia,uncinata,,False,Reynosia uncinata
15080719.0,399,Ziziphus spina-christi,719427-1,Rhamnaceae,Ziziphus,spina-christi,,False,Ziziphus spina-christi
5895688.0,419,Reynosia vivesiana,60450631-2,Rhamnaceae,Reynosia,vivesiana,,False,Reynosia vivesiana
4618096.0,397,Rhamnus davurica var. nipponica,306312-2,Rhamnaceae,Rhamnus,davurica,nipponica,False,Rhamnus davurica var. nipponica
4934130.0,450,Maesopsis eminii,717624-1,Rhamnaceae,Maesopsis,eminii,,False,Maesopsis eminii
4618103.0,408,Rhamnus japonica var. japonica,77226637-1,Rhamnaceae,Rhamnus,japonica,japonica,False,Rhamnus japonica var. japonica
4302316.0,402,Berchemia floribunda,1013645-1,Rhamnaceae,Berchemia,floribunda,,False,Berchemia magna
8155081.0,344,Rhamnus staddo,718680-1,Rhamnaceae,Rhamnus,staddo,,False,Rhamnus staddo
15057477.0,441,Frangula purshiana,30426867-2,Rhamnaceae,Frangula,purshiana,,False,Frangula purshiana
5895473.0,389,Krugiodendron ferreum,133956-2,Rhamnaceae,Krugiodendron,ferreum,,False,Krugiodendron ferreum
5895515.0,314,Reynosia uncinata,218832-2,Rhamnaceae,Reynosia,uncinata,,False,Reynosia uncinata
4301827.0,409,Berchemiella berchemiifolia,716734-1,Rhamnaceae,Berchemiella,berchemiifolia,,False,Berchemiella berchemiifolia
4301639.0,402,Berchemia floribunda,1013645-1,Rhamnaceae,Berchemia,floribunda,,False,Berchemia magna
8155422.0,344,Ziziphus mucronata,719359-1,Rhamnaceae,Ziziphus,mucronata,,False,Ziziphus mucronata
3232570.0,415,Rhamnus cathartica,718256-1,Rhamnaceae,Rhamnus,cathartica,,False,Rhamnus cathartica
5895406.0,434,Frangula sphaerosperma,980492-1,Rhamnaceae,Frangula,sphaerosperma,,False,Rhamnus sphaerosperma
4301562.0,456,Bruguiera gymnorhiza,719532-1,Rhizophoraceae,Bruguiera,gymnorhiza,,False,Bruguiera gymnorhiza
8297651,372,Carallia brachiata,719554-1,Rhizophoraceae,Carallia,brachiata,,False,Carallia brachiata
4301563,471,Bruguiera gymnorhiza,719532-1,Rhizophoraceae,Bruguiera,gymnorhiza,,False,Bruguiera gymnorhiza
8267515,337,Carallia brachiata,719554-1,Rhizophoraceae,Carallia,brachiata,,False,Carallia brachiata
3852061.0,583,Ripogonum album,540399-1,Ripogonaceae,Ripogonum,album,,False,Ripogonum album
3852053.0,582,Ripogonum album,540399-1,Ripogonaceae,Ripogonum,album,,False,Ripogonum album
3232337.0,393,Agrimonia gryposepala,720273-1,Rosaceae,Agrimonia,gryposepala,,False,Agrimonia gryposepala
4618772.0,299,Prunus ssiori,730304-1,Rosaceae,Prunus,ssiori,,False,Prunus ssiori
5182596.0,358,Prunus armeniaca,729463-1,Rosaceae,Prunus,armeniaca,,False,Prunus armeniaca
6575313.0,248,Geum canadense,30065568-2,Rosaceae,Geum,canadense,,False,Geum canadense
14517176.0,350,Prunus jamasakura var. jamasakura,77231415-1,Rosaceae,Prunus,jamasakura,jamasakura,False,Prunus jamasakura var. jamasakura
3925450.0,310,Prunus persica,1212858-2,Rosaceae,Prunus,persica,,False,Prunus persica
4486167.0,285,Crataegus suksdorfii,69061-2,Rosaceae,Crataegus,suksdorfii,,False,Crataegus suksdorfii
3789839.0,276,Crataegus iracunda,68464-2,Rosaceae,Crataegus,iracunda,,False,Crataegus aemula
14517268.0,339,Prunus leveilleana,729903-1,Rosaceae,Prunus,leveilleana,,False,Prunus leveilleana
3789812.0,267,Crataegus germanica,723452-1,Rosaceae,Crataegus,germanica,,False,Crataegus germanica
4486168.0,284,Crataegus suksdorfii,69061-2,Rosaceae,Crataegus,suksdorfii,,False,Crataegus suksdorfii
4486163.0,276,Crataegus macracantha,723745-1,Rosaceae,Crataegus,macracantha,,True,Crataegus macracantha
14517257.0,338,Prunus nipponica var. nipponica,77231107-1,Rosaceae,Prunus,nipponica,nipponica,False,Prunus nipponica var. nipponica
3789819.0,273,Crataegus pentagyna,723990-1,Rosaceae,Crataegus,pentagyna,,False,Crataegus pentagyna
3789783.0,268,Crataegus crus-galli,68112-2,Rosaceae,Crataegus,crus-galli,,True,Crataegus crus-galli
4618191.0,303,Prunus padus,730076-1,Rosaceae,Prunus,padus,,True,Prunus padus
3789814.0,267,Crataegus germanica,723452-1,Rosaceae,Crataegus,germanica,,False,Crataegus germanica
3925463.0,276,Prunus zhengheensis,77194790-1,Rosaceae,Prunus,zhengheensis,,False,Prunus zhengheensis
3789728.0,278,Crataegus castlegarensis,323991-2,Rosaceae,Crataegus,castlegarensis,,False,Crataegus castlegarensis
3789732.0,283,Crataegus enderbyensis,323994-2,Rosaceae,Crataegus,enderbyensis,,False,Crataegus enderbyensis
4302065.0,368,Rubus croceacanthus,736102-1,Rosaceae,Rubus,croceacanthus,,False,Rubus croceacanthus
3789842.0,276,Crataegus harbisonii,68386-2,Rosaceae,Crataegus,harbisonii,,False,Crataegus harbisonii
4618449.0,349,Rubus palmatus,738914-1,Rosaceae,Rubus,palmatus,,False,Rubus palmatus var. coptophyllus
6574547.0,308,Rubus occidentalis,223350-2,Rosaceae,Rubus,occidentalis,,True,Rubus occidentalis
3789774.0,264,Crataegus  canescens,77085051-1,Rosaceae,Crataegus,canescens,,False,Crataegus canescens
3789857.0,280,Crataegus maximowiczii,723770-1,Rosaceae,Crataegus,maximowiczii,,False,Crataegus maximowiczii
6730780.0,316,Rubus phoenicolasius,895791-1,Rosaceae,Rubus,phoenicolasius,,False,Rubus phoenicolasius
4618968.0,346,Rubus ikenoensis,737534-1,Rosaceae,Rubus,ikenoensis,,False,Rubus ikenoensis
4618274.0,314,Rubus grayanus var. grayanus,77231964-1,Rosaceae,Rubus,grayanus,grayanus,False,Rubus grayanus var. grayanus
4618376.0,344,Prunus jamasakura var. chikusiensis,77252555-1,Rosaceae,Prunus,jamasakura,chikusiensis,False,Prunus jamasakura var. chikusiensis
4618174.0,363,Prunus grayana,729764-1,Rosaceae,Prunus,grayana,,False,Prunus grayana
14517270.0,350,Prunus leveilleana,729903-1,Rosaceae,Prunus,leveilleana,,False,Prunus leveilleana
14517253.0,352,Prunus nipponica var. nipponica,77231107-1,Rosaceae,Prunus,nipponica,nipponica,False,Prunus nipponica var. nipponica
4303277.0,350,Rosa onoei var. onoei,20003505-1,Rosaceae,Rosa,onoei,onoei,False,Rosa onoei var. onoei
5017413.0,385,Crataegus sheila-phippsiae var. sheila-phippsiae,77231339-1,Rosaceae,Crataegus,sheila-phippsiae,sheila-phippsiae,False,Crataegus sheila-phippsiae var. sheila-phippsiae
4617797.0,346,Rubus buergeri,735581-1,Rosaceae,Rubus,buergeri,,True,Rubus buergeri
4287746.0,362,Rubus crataegifolius,736083-1,Rosaceae,Rubus,crataegifolius,,False,Rubus crataegifolius
14331387.0,337,Rubus grayanus var. grayanus,77231964-1,Rosaceae,Rubus,grayanus,grayanus,False,Rubus grayanus var. grayanus
5017430.0,385,Crataegus brazoria,67957-2,Rosaceae,Crataegus,brazoria,,False,Crataegus brazoria
3232414.0,309,Crataegus macracantha,723745-1,Rosaceae,Crataegus,macracantha,,True,Crataegus macracantha
3232417.0,309,Crataegus mollis,723817-1,Rosaceae,Crataegus,mollis,,True,Crataegus mollis
3232472.0,267,Geum canadense,30065568-2,Rosaceae,Geum,canadense,,False,Geum canadense
4617468.0,323,Neillia incisa var. incisa,77231804-1,Rosaceae,Neillia,incisa,incisa,False,Neillia incisa var. incisa
6730841.0,334,Prunus avium,30093848-2,Rosaceae,Prunus,avium,,False,Prunus avium
3232517.0,292,Malus domestica,726282-1,Rosaceae,Malus,domestica,,False,Malus pumila
4486103.0,270,Crataegus monogyna,723820-1,Rosaceae,Crataegus,monogyna,,False,Crataegus monogyna
3789679.0,270,Crataegus punctata,68847-2,Rosaceae,Crataegus,punctata,,False,Crataegus punctata
4618662.0,371,Rubus palmatus,738914-1,Rosaceae,Rubus,palmatus,,False,Rubus palmatus var. coptophyllus
4617970.0,300,Neillia incisa var. incisa,77231804-1,Rosaceae,Neillia,incisa,incisa,False,Neillia incisa var. incisa
4486117.0,283,Crataegus douglasii,723298-1,Rosaceae,Crataegus,douglasii,,True,Crataegus douglasii
9041060.0,382,Rubus diclinis,736316-1,Rosaceae,Rubus,diclinis,,False,Rubus diclinis
4302600.0,347,Prunus jamasakura var. jamasakura,77231415-1,Rosaceae,Prunus,jamasakura,jamasakura,False,Prunus jamasakura var. jamasakura
5911538.0,292,Aronia  prunifolia,20144-2,Rosaceae,Aronia,prunifolia,,False,Aronia prunifolia
14517169.0,351,Prunus apetala var. pilosa,20002134-1,Rosaceae,Prunus,apetala,pilosa,False,Prunus apetala subsp. pilosa
3925504.0,304,Pyracantha crenulata,730613-1,Rosaceae,Pyracantha,crenulata,,True,Pyracantha crenulata
14517292.0,349,Prunus maximowiczii,729953-1,Rosaceae,Prunus,maximowiczii,,False,Prunus maximowiczii
4618735.0,282,Malus toringo,60451760-2,Rosaceae,Malus,toringo,,False,Malus toringo
3789676.0,268,Crataegus crus-galli,68112-2,Rosaceae,Crataegus,crus-galli,,True,Crataegus crus-galli
8268323.0,377,Prunus arborea,729456-1,Rosaceae,Prunus,arborea,,False,Prunus arborea
3789845.0,276,Crataegus harbisonii,68386-2,Rosaceae,Crataegus,harbisonii,,False,Crataegus harbisonii
4302877.0,350,Rosa onoei var. onoei,20003505-1,Rosaceae,Rosa,onoei,onoei,False,Rosa onoei var. onoei
3789825.0,272,Crataegus hupehensis,723537-1,Rosaceae,Crataegus,hupehensis,,False,Crataegus hupehensis
3925428.0,310,Prunus kansuensis,729859-1,Rosaceae,Prunus,kansuensis,,False,Prunus kansuensis
3789840.0,276,Crataegus iracunda,68464-2,Rosaceae,Crataegus,iracunda,,False,Crataegus aemula
3925497.0,304,Pyracantha angustifolia,730608-1,Rosaceae,Pyracantha,angustifolia,,False,Pyracantha angustifolia
4301314.0,343,Prunus grayana,729764-1,Rosaceae,Prunus,grayana,,False,Prunus grayana
4486169.0,283,Crataegus douglasii,723298-1,Rosaceae,Crataegus,douglasii,,True,Crataegus douglasii
3789688.0,275,Crataegus punctata,68847-2,Rosaceae,Crataegus,punctata,,False,Crataegus punctata
3789775.0,264,Crataegus  canescens,77085051-1,Rosaceae,Crataegus,canescens,,False,Crataegus canescens
14517227.0,347,Prunus maximowiczii,729953-1,Rosaceae,Prunus,maximowiczii,,False,Prunus maximowiczii
6574522.0,369,Rosa multiflora,927374-1,Rosaceae,Rosa,multiflora,,True,Rosa multiflora
3923232.0,340,Dasiphora parvifolia,724598-1,Rosaceae,Dasiphora,parvifolia,,False,Dasiphora parvifolia
4287793.0,338,Rubus hirsutus,737361-1,Rosaceae,Rubus,hirsutus,,True,Rubus hirsutus
3789684.0,270,Crataegus laevigata,723644-1,Rosaceae,Crataegus,laevigata,,False,Crataegus laevigata
3789700.0,272,Crataegus triflora,69112-2,Rosaceae,Crataegus,triflora,,False,Crataegus triflora
5017421.0,303,Crataegus calpodendron,30097127-2,Rosaceae,Crataegus,calpodendron,,False,Crataegus calpodendron
4301633.0,350,Rosa onoei var. oligantha,1015798-1,Rosaceae,Rosa,onoei,oligantha,False,Rosa onoei var. oligantha
5911617.0,347,Aronia  prunifolia,20144-2,Rosaceae,Aronia,prunifolia,,False,Aronia prunifolia
4302584.0,339,Rosa sambucina,734120-1,Rosaceae,Rosa,sambucina,,False,Rosa sambucina
3789706.0,269,Crataegus uniflora,724431-1,Rosaceae,Crataegus,uniflora,,True,Crataegus uniflora
3232580.0,326,Rosa palustris,30140073-2,Rosaceae,Rosa,palustris,,True,Rosa palustris
6632209.0,369,Rosa multiflora,927374-1,Rosaceae,Rosa,multiflora,,True,Rosa multiflora
3604363.0,377,Prunus turneriana,730378-1,Rosaceae,Prunus,turneriana,,False,Prunus turneriana
3789787.0,270,Crataegus monogyna,723820-1,Rosaceae,Crataegus,monogyna,,False,Crataegus monogyna
4303236.0,350,Rubus phoenicolasius,895791-1,Rosaceae,Rubus,phoenicolasius,,False,Rubus phoenicolasius
4619227.0,279,Prunus spinulosa,730300-1,Rosaceae,Prunus,spinulosa,,False,Prunus spinulosa
4302357.0,366,Rubus crataegifolius,736083-1,Rosaceae,Rubus,crataegifolius,,False,Rubus crataegifolius
4486115.0,285,Crataegus gaylussacia,68344-2,Rosaceae,Crataegus,gaylussacia,,False,Crataegus gaylussacia
4302205.0,351,Rosa multiflora var. multiflora,77231459-1,Rosaceae,Rosa,multiflora,multiflora,False,Rosa multiflora var. multiflora
3789849.0,275,Crataegus ashei,67891-2,Rosaceae,Crataegus,ashei,,False,Crataegus ashei
3789860.0,279,Crataegus maximowiczii,723770-1,Rosaceae,Crataegus,maximowiczii,,False,Crataegus maximowiczii
6632264.0,355,Potentilla canadensis,727821-1,Rosaceae,Potentilla,canadensis,,False,Potentilla canadensis
3789823.0,271,Crataegus spathulata,724278-1,Rosaceae,Crataegus,spathulata,,True,Crataegus spathulata
6511584.0,338,Rubus flagellaris,30083253-2,Rosaceae,Rubus,flagellaris,,True,Rubus flagellaris
5017435.0,326,Malus baccata,726243-1,Rosaceae,Malus,baccata,,False,Malus baccata
5017434.0,318,Malus baccata,726243-1,Rosaceae,Malus,baccata,,False,Malus baccata
3923218.0,339,Dasiphora glabrata,941996-1,Rosaceae,Dasiphora,glabrata,,False,Dasiphora davurica
3926032.0,513,Sorbaria kirilowii,741576-1,Rosaceae,Sorbaria,kirilowii,,False,Sorbaria kirilowii
4301770.0,359,Prunus buergeriana,729526-1,Rosaceae,Prunus,buergeriana,,False,Prunus buergeriana
3789781.0,267,Crataegus pulcherrima,68843-2,Rosaceae,Crataegus,pulcherrima,,False,Crataegus robur
4617698.0,359,Prunus buergeriana,729526-1,Rosaceae,Prunus,buergeriana,,False,Prunus buergeriana
4486164.0,275,Crataegus phippsii,316583-2,Rosaceae,Crataegus,phippsii,,False,Crataegus phippsii
4302020.0,335,Rosa multiflora var. multiflora,77231459-1,Rosaceae,Rosa,multiflora,multiflora,False,Rosa multiflora var. multiflora
6511610.0,411,Potentilla simplex,728987-1,Rosaceae,Potentilla,simplex,,False,Potentilla simplex
3925499.0,304,Pyracantha angustifolia,730608-1,Rosaceae,Pyracantha,angustifolia,,False,Pyracantha angustifolia
6541709.0,419,Rosa carolina,731982-1,Rosaceae,Rosa,carolina,,False,Rosa carolina
3789685.0,270,Crataegus laevigata,723644-1,Rosaceae,Crataegus,laevigata,,False,Crataegus laevigata
3789744.0,278,Crataegus okennonii,316580-2,Rosaceae,Crataegus,okennonii,,False,Crataegus okennonii
3232563.0,371,Prunus virginiana,30003056-2,Rosaceae,Prunus,virginiana,,False,Prunus virginiana
5017437.0,243,Holodiscus discolor,1027403-2,Rosaceae,Holodiscus,discolor,,False,Holodiscus discolor
3789803.0,279,Crataegus williamsii,69188-2,Rosaceae,Crataegus,williamsii,,False,Crataegus williamsii
6511597.0,411,Potentilla simplex,728987-1,Rosaceae,Potentilla,simplex,,False,Potentilla simplex
6541703.0,299,Crataegus chrysocarpa,723119-1,Rosaceae,Crataegus,chrysocarpa,,False,Crataegus chrysocarpa
5182597.0,358,Prunus avium,30093848-2,Rosaceae,Prunus,avium,,False,Prunus avium
3925513.0,304,Pyracantha crenulata,730613-1,Rosaceae,Pyracantha,crenulata,,False,Pyracantha fortuneana
4618029.0,277,Rhaphiolepis umbellata,731413-1,Rosaceae,Rhaphiolepis,umbellata,,False,Rhaphiolepis indica var. umbellata
14517171.0,359,Prunus itosakura,729838-1,Rosaceae,Prunus,itosakura,,False,Prunus spachiana f. ascendens
14517250.0,350,Prunus nipponica var. kurilensis,77252220-1,Rosaceae,Prunus,nipponica,kurilensis,False,Prunus nipponica var. kurilensis
14517191.0,351,Prunus apetala var. pilosa,20002134-1,Rosaceae,Prunus,apetala,pilosa,False,Prunus apetala subsp. pilosa
4619002.0,467,Kerria japonica,725814-1,Rosaceae,Kerria,japonica,,False,Kerria japonica
3789820.0,271,Crataegus pentagyna,723990-1,Rosaceae,Crataegus,pentagyna,,False,Crataegus pentagyna
4619238.0,346,Rubus pectinellus,895789-1,Rosaceae,Rubus,pectinellus,,False,Rubus pectinellus
3789707.0,270,Crataegus uniflora,724431-1,Rosaceae,Crataegus,uniflora,,True,Crataegus uniflora
15080593.0,289,Eriobotrya japonica,724793-1,Rosaceae,Eriobotrya,japonica,,False,Eriobotrya japonica
6511596.0,339,Rubus flagellaris,30083253-2,Rosaceae,Rubus,flagellaris,,True,Rubus flagellaris
3789782.0,268,Crataegus lassa,68501-2,Rosaceae,Crataegus,lassa,,False,Crataegus lassa
3789805.0,272,Crataegus mollis,723817-1,Rosaceae,Crataegus,mollis,,True,Crataegus mollis
4618971.0,277,Rhaphiolepis umbellata,731413-1,Rosaceae,Rhaphiolepis,umbellata,,False,Rhaphiolepis indica var. umbellata
3789856.0,279,Crataegus dahurica,723227-1,Rosaceae,Crataegus,dahurica,,False,Crataegus dahurica
5895723.0,323,Prunus myrtifolia,210824-2,Rosaceae,Prunus,myrtifolia,,False,Prunus myrtifolia
5895467.0,272,Prunus occidentalis,1084070-2,Rosaceae,Prunus,occidentalis,,True,Prunus occidentalis
14517163.0,358,Prunus itosakura,729838-1,Rosaceae,Prunus,itosakura,,False,Prunus spachiana f. ascendens
4618383.0,350,Rosa fujisanensis,732556-1,Rosaceae,Rosa,fujisanensis,,False,Rosa fujisanensis
3924332.0,363,Neillia thyrsiflora,726826-1,Rosaceae,Neillia,thyrsiflora,,False,Neillia thyrsiflora
4301690.0,354,Rubus pseudojaponicus,739485-1,Rosaceae,Rubus,pseudojaponicus,,False,Rubus pseudojaponicus
5911490.0,371,Agrimonia striata,316552-2,Rosaceae,Agrimonia,striata,,True,Agrimonia striata
3789742.0,279,Crataegus okennonii,316580-2,Rosaceae,Crataegus,okennonii,,False,Crataegus okennonii
3851983.0,377,Prunus turneriana,730378-1,Rosaceae,Prunus,turneriana,,False,Prunus turneriana
3789739.0,279,Crataegus shuswapensis,323992-2,Rosaceae,Crataegus,shuswapensis,,False,Crataegus shuswapensis
6511603.0,433,Potentilla indica,728289-1,Rosaceae,Potentilla,indica,,False,Duchesnea indica
4301650.0,337,Rosa onoei var. oligantha,1015798-1,Rosaceae,Rosa,onoei,oligantha,False,Rosa onoei var. oligantha
4300879.0,337,Rubus mesogaeus var. mesogaeus,77232911-1,Rosaceae,Rubus,mesogaeus,mesogaeus,False,Rubus mesogaeus var. mesogaeus
4618659.0,366,Rubus sumatranus,740705-1,Rosaceae,Rubus,sumatranus,,False,Rubus sumatranus
3925455.0,315,Prunus persica,1212858-2,Rosaceae,Prunus,persica,,False,Prunus persica
3789710.0,274,Crataegus persimilis,68764-2,Rosaceae,Crataegus,persimilis,,False,Crataegus persimilis
4618656.0,367,Rubus peltatus,895790-1,Rosaceae,Rubus,peltatus,,False,Rubus peltatus
4617664.0,351,Rubus microphyllus,738390-1,Rosaceae,Rubus,microphyllus,,True,Rubus microphyllus
15057552.0,260,Vauquelinia corymbosa,30131406-2,Rosaceae,Vauquelinia,corymbosa,,False,Vauquelinia corymbosa
4301240.0,467,Kerria japonica,725814-1,Rosaceae,Kerria,japonica,,False,Kerria japonica
4619274.0,319,Spiraea media subsp. media,77232416-1,Rosaceae,Spiraea,media,media,False,Spiraea media var. sericea
4618561.0,303,Rubus buergeri,735581-1,Rosaceae,Rubus,buergeri,,True,Rubus buergeri
3789721.0,275,Crataegus cupressocollina,77095416-1,Rosaceae,Crataegus,cupressocollina,,False,Crataegus cupressocollina
4301683.0,284,Prunus ssiori,730304-1,Rosaceae,Prunus,ssiori,,False,Prunus ssiori
9077792.0,321,Prunus gazelle-peninsulae,729737-1,Rosaceae,Prunus,gazelle-peninsulae,,False,Prunus gazelle-peninsulae
4617883.0,348,Rubus parvifolius var. parvifolius,77232830-1,Rosaceae,Rubus,parvifolius,parvifolius,False,Rubus parvifolius var. parvifolius
3923229.0,333,Dasiphora parvifolia,724598-1,Rosaceae,Dasiphora,parvifolia,,False,Dasiphora parvifolia
3926034.0,513,Sorbaria kirilowii,741576-1,Rosaceae,Sorbaria,kirilowii,,False,Sorbaria kirilowii
3789735.0,279,Crataegus cupressocollina,77095416-1,Rosaceae,Crataegus,cupressocollina,,False,Crataegus cupressocollina
3924331.0,363,Neillia serratisepala,726819-1,Rosaceae,Neillia,serratisepala,,False,Neillia serratisepala
4619223.0,281,Photinia wrightiana,727464-1,Rosaceae,Photinia,wrightiana,,False,Photinia wrightiana
5911338.0,266,Geum aleppicum,30094401-2,Rosaceae,Geum,aleppicum,,False,Geum aleppicum
3925435.0,314,Prunus mandshurica,729939-1,Rosaceae,Prunus,mandshurica,,False,Prunus mandshurica
10556298.0,344,Spiraea cantoniensis,742160-1,Rosaceae,Spiraea,cantoniensis,,False,Spiraea cantoniensis
4619011.0,353,Rubus parvifolius var. parvifolius,77232830-1,Rosaceae,Rubus,parvifolius,parvifolius,False,Rubus parvifolius var. parvifolius
6541706.0,393,Agrimonia pubescens,316551-2,Rosaceae,Agrimonia,pubescens,,False,Agrimonia pubescens
3232558.0,365,Drymocallis arguta,84384-2,Rosaceae,Drymocallis,arguta,,False,Potentilla arguta
3925410.0,316,Prunus davidiana,729634-1,Rosaceae,Prunus,davidiana,,False,Prunus davidiana
6541808.0,372,Prunus virginiana,30003056-2,Rosaceae,Prunus,virginiana,,False,Prunus virginiana
4618092.0,343,Spiraea japonica var. japonica,77232372-1,Rosaceae,Spiraea,japonica,japonica,False,Spiraea japonica var. japonica
6541738.0,321,Fragaria vesca,30074127-2,Rosaceae,Fragaria,vesca,,False,Fragaria vesca
4618758.0,339,Rubus hirsutus,737361-1,Rosaceae,Rubus,hirsutus,,True,Rubus hirsutus
4301709.0,351,Prunus nipponica var. kurilensis,77252220-1,Rosaceae,Prunus,nipponica,kurilensis,False,Prunus nipponica var. kurilensis
4618322.0,340,Rubus idaeus subsp. idaeus,77232556-1,Rosaceae,Rubus,idaeus,idaeus,False,Rubus idaeus subsp. nipponicus
4301914.0,277,Rhaphiolepis umbellata var. liukiuensis,77221296-1,Rosaceae,Rhaphiolepis,umbellata,liukiuensis,False,Rhaphiolepis indica var. liukiuensis
3789768.0,264,Crataegus rivularis,30010571-2,Rosaceae,Crataegus,rivularis,,True,Crataegus rivularis
4619255.0,341,Rubus idaeus subsp. idaeus,77232556-1,Rosaceae,Rubus,idaeus,idaeus,False,Rubus idaeus subsp. nipponicus
3232455.0,377,Fragaria virginiana,318974-2,Rosaceae,Fragaria,virginiana,,True,Fragaria virginiana
3232562.0,360,Prunus serotina,30010850-2,Rosaceae,Prunus,serotina,,True,Prunus serotina
3789777.0,263,Crataegus nigra,723856-1,Rosaceae,Crataegus,nigra,,True,Crataegus nigra
3789758.0,267,Crataegus saligna,68951-2,Rosaceae,Crataegus,saligna,,False,Crataegus saligna
3789763.0,262,Crataegus rivularis,30010571-2,Rosaceae,Crataegus,rivularis,,True,Crataegus rivularis
4618564.0,351,Rubus pungens var. oldhamii,77148000-1,Rosaceae,Rubus,pungens,oldhamii,False,Rubus pungens var. oldhamii
3789778.0,270,Crataegus songarica,724270-1,Rosaceae,Crataegus,songarica,,False,Crataegus songarica
3789804.0,283,Crataegus castlegarensis,323991-2,Rosaceae,Crataegus,castlegarensis,,False,Crataegus castlegarensis
5182600.0,364,Prunus laurocerasus,324745-2,Rosaceae,Prunus,laurocerasus,,False,Prunus laurocerasus
6632251.0,338,Pyrus calleryana,730740-1,Rosaceae,Pyrus,calleryana,,False,Pyrus calleryana
5911472.0,266,Geum aleppicum,30094401-2,Rosaceae,Geum,aleppicum,,False,Geum aleppicum
3789703.0,273,Crataegus dodgei,275259-2,Rosaceae,Crataegus,dodgei,,False,Crataegus dodgei
4618996.0,369,Rubus vernus,741115-1,Rosaceae,Rubus,vernus,,False,Rubus vernus
3789835.0,272,Crataegus laciniata,723637-1,Rosaceae,Crataegus,laciniata,,True,Crataegus pubescens
14517511.0,329,Prunus zippeliana,730445-1,Rosaceae,Prunus,zippeliana,,False,Prunus zippeliana
4301555.0,277,Rhaphiolepis umbellata var. liukiuensis,77221296-1,Rosaceae,Rhaphiolepis,umbellata,liukiuensis,False,Rhaphiolepis indica var. liukiuensis
3789833.0,272,Crataegus marshallii,723766-1,Rosaceae,Crataegus,marshallii,,False,Crataegus marshallii
5017415.0,206,Crataegus magniflora,68587-2,Rosaceae,Crataegus,magniflora,,False,Crataegus magniflora
5017419.0,308,Crataegus sheridana,724245-1,Rosaceae,Crataegus,sheridana,,False,Crataegus sheridana
4617788.0,326,Rubus trifidus,927379-1,Rosaceae,Rubus,trifidus,,True,Rubus trifidus
3926037.0,492,Sorbaria sorbifolia,1034036-2,Rosaceae,Sorbaria,sorbifolia,,False,Sorbaria sorbifolia
3789713.0,278,Crataegus viridis,724481-1,Rosaceae,Crataegus,viridis,,True,Crataegus viridis
4617734.0,326,Spiraea thunbergii,742569-1,Rosaceae,Spiraea,thunbergii,,False,Spiraea thunbergii
6511564.0,433,Potentilla indica,728289-1,Rosaceae,Potentilla,indica,,False,Duchesnea indica
6632184.0,360,Prunus serotina,30010850-2,Rosaceae,Prunus,serotina,,True,Prunus serotina
3925399.0,314,Prunus armeniaca,729463-1,Rosaceae,Prunus,armeniaca,,False,Prunus armeniaca
5017417.0,310,Crataegus rubribracteolata,77095422-1,Rosaceae,Crataegus,rubribracteolata,,False,Crataegus rubribracteolata
3925406.0,311,Prunus davidiana,729634-1,Rosaceae,Prunus,davidiana,,False,Prunus davidiana
10556299.0,370,Spiraea cantoniensis,742160-1,Rosaceae,Spiraea,cantoniensis,,False,Spiraea cantoniensis
5017409.0,204,Crataegus orbicularis,323995-2,Rosaceae,Crataegus,orbicularis,,False,Crataegus orbicularis
3789822.0,267,Crataegus spathulata,724278-1,Rosaceae,Crataegus,spathulata,,True,Crataegus spathulata
6730788.0,392,Agrimonia parviflora,7321-2,Rosaceae,Agrimonia,parviflora,,True,Agrimonia parviflora
4302249.0,365,Prunus zippeliana,730445-1,Rosaceae,Prunus,zippeliana,,False,Prunus zippeliana
4287776.0,348,Rosa sambucina,734120-1,Rosaceae,Rosa,sambucina,,False,Rosa sambucina
8335931.0,373,Prunus javanica,729849-1,Rosaceae,Prunus,javanica,,False,Prunus javanica
4287747.0,310,Rubus corchorifolius,736023-1,Rosaceae,Rubus,corchorifolius,,False,Rubus corchorifolius
9740075.0,397,Hesperomeles obtusifolia,725484-1,Rosaceae,Hesperomeles,obtusifolia,,False,Hesperomeles obtusifolia
3232344.0,289,Amelanchier laevis,721220-1,Rosaceae,Amelanchier,laevis,,False,Amelanchier laevis
5911503.0,334,Malus domestica,726282-1,Rosaceae,Malus,domestica,,False,Malus pumila
4617784.0,370,Rubus pectinellus,895789-1,Rosaceae,Rubus,pectinellus,,False,Rubus pectinellus
5911316.0,392,Agrimonia striata,316552-2,Rosaceae,Agrimonia,striata,,True,Agrimonia striata
3789807.0,266,Crataegus brachyacantha,316832-2,Rosaceae,Crataegus,brachyacantha,,False,Crataegus brachyacantha
3789698.0,264,Crataegus wilsonii,724505-1,Rosaceae,Crataegus,wilsonii,,False,Crataegus wilsonii
3789699.0,272,Crataegus ashei,67891-2,Rosaceae,Crataegus,ashei,,False,Crataegus ashei
4302848.0,305,Rubus corchorifolius,736023-1,Rosaceae,Rubus,corchorifolius,,False,Rubus corchorifolius
15057623.0,297,Fallugia paradoxa,1212681-2,Rosaceae,Fallugia,paradoxa,,False,Fallugia paradoxa
6541735.0,313,Rubus pensilvanicus,30263954-2,Rosaceae,Rubus,pensilvanicus,,False,Rubus pensylvanicus
15057604.0,293,Pseudocydonia sinensis,730448-1,Rosaceae,Pseudocydonia,sinensis,,False,Pseudocydonia sinensis
4486135.0,266,Crataegus erythropoda,723351-1,Rosaceae,Crataegus,erythropoda,,False,Crataegus erythropoda
4301758.0,320,Spiraea sp.,2992969-4,Rosaceae,Spiraea,,,True,Spiraea dasyantha
4287750.0,340,Rubus minusculus,738412-1,Rosaceae,Rubus,minusculus,,False,Rubus minusculus
5017426.0,345,Crataegus brazoria,67957-2,Rosaceae,Crataegus,brazoria,,False,Crataegus brazoria
3926036.0,486,Sorbaria sorbifolia,1034036-2,Rosaceae,Sorbaria,sorbifolia,,False,Sorbaria sorbifolia
4301729.0,371,Rosa acicularis,30089555-2,Rosaceae,Rosa,acicularis,,False,Rosa acicularis
4302225.0,363,Rubus  ribifolius,739738-1,Rosaceae,Rubus,ribifolius,,False,Rubus x ribifolius
3789844.0,276,Crataegus opaca,723895-1,Rosaceae,Crataegus,opaca,,False,Crataegus opaca
4617394.0,342,Spiraea salicifolia,742512-1,Rosaceae,Spiraea,salicifolia,,True,Spiraea salicifolia
5211192.0,364,Rosa rubiginosa,734069-1,Rosaceae,Rosa,rubiginosa,,False,Rosa rubiginosa
3789851.0,278,Crataegus viridis,724481-1,Rosaceae,Crataegus,viridis,,True,Crataegus viridis
4302239.0,340,Rubus sieboldii,740350-1,Rosaceae,Rubus,sieboldii,,False,Rubus sieboldii
4301888.0,280,Prunus spinulosa,730300-1,Rosaceae,Prunus,spinulosa,,False,Prunus spinulosa
5017436.0,224,Holodiscus discolor,1027403-2,Rosaceae,Holodiscus,discolor,,False,Holodiscus discolor
3926031.0,521,Sorbaria kirilowii var. arborea,77215879-1,Rosaceae,Sorbaria,kirilowii,arborea,False,Sorbaria arborea
3789790.0,263,Crataegus nigra,723856-1,Rosaceae,Crataegus,nigra,,True,Crataegus nigra
5017432.0,364,Malus fusca,150114-2,Rosaceae,Malus,fusca,,False,Malus fusca
3789779.0,273,Crataegus heldreichii,723507-1,Rosaceae,Crataegus,heldreichii,,False,Crataegus heldreichii
6632201.0,377,Prunus americana,210717-2,Rosaceae,Prunus,americana,,False,Prunus americana
4301698.0,319,Spiraea media subsp. media,77232416-1,Rosaceae,Spiraea,media,media,False,Spiraea media var. sericea
6574536.0,415,Agrimonia rostellata,720312-1,Rosaceae,Agrimonia,rostellata,,False,Agrimonia rostellata
15080664.0,279,Cotoneaster zabelii,722739-1,Rosaceae,Cotoneaster,zabelii,,False,Cotoneaster zabelii
3232559.0,439,Potentilla recta,209483-2,Rosaceae,Potentilla,recta,,False,Potentilla recta
3923222.0,339,Dasiphora fruticosa,724590-1,Rosaceae,Dasiphora,fruticosa,,False,Dasiphora fruticosa
4617634.0,343,Rubus sieboldii,740350-1,Rosaceae,Rubus,sieboldii,,False,Rubus sieboldii
3789826.0,272,Crataegus hupehensis,723537-1,Rosaceae,Crataegus,hupehensis,,False,Crataegus hupehensis
3923225.0,333,Dasiphora fruticosa,724590-1,Rosaceae,Dasiphora,fruticosa,,False,Dasiphora fruticosa
3925423.0,309,Prunus hongpingensis,77194780-1,Rosaceae,Prunus,hongpingensis,,False,Prunus hongpingensis
3789780.0,268,Crataegus alleghaniensis,67833-2,Rosaceae,Crataegus,alleghaniensis,,False,Crataegus agrestina
4486126.0,285,Crataegus gaylussacia,68344-2,Rosaceae,Crataegus,gaylussacia,,False,Crataegus gaylussacia
9740072.0,397,Hesperomeles obtusifolia,725484-1,Rosaceae,Hesperomeles,obtusifolia,,False,Hesperomeles obtusifolia
4486158.0,266,Crataegus brachyacantha,316832-2,Rosaceae,Crataegus,brachyacantha,,False,Crataegus brachyacantha
3604326.0,359,Rubus probus,739332-1,Rosaceae,Rubus,probus,,False,Rubus probus
4301028.0,417,Rubus mesogaeus var. mesogaeus,77232911-1,Rosaceae,Rubus,mesogaeus,mesogaeus,False,Rubus mesogaeus var. mesogaeus
5017438.0,208,Malus coronaria,726269-1,Rosaceae,Malus,coronaria,,False,Malus coronaria
3789689.0,273,Crataegus pinnatifida,724002-1,Rosaceae,Crataegus,pinnatifida,,False,Crataegus pinnatifida
3232654.0,264,Waldsteinia fragarioides,1168107-2,Rosaceae,Waldsteinia,fragarioides,,False,Waldsteinia fragarioides
4301959.0,337,Rubus croceacanthus,736102-1,Rosaceae,Rubus,croceacanthus,,False,Rubus croceacanthus
3925446.0,314,Prunus mume,730000-1,Rosaceae,Prunus,mume,,False,Prunus mume
3789791.0,257,Crataegus kansuensis,723617-1,Rosaceae,Crataegus,kansuensis,,False,Crataegus kansuensis
4301031.0,358,Rubus kisoensis,737812-1,Rosaceae,Rubus,kisoensis,,False,Rubus kisoensis
3926029.0,567,Sorbaria kirilowii var. arborea,77215879-1,Rosaceae,Sorbaria,kirilowii,arborea,False,Sorbaria arborea
3789764.0,268,Crataegus saligna,68951-2,Rosaceae,Crataegus,saligna,,False,Crataegus saligna
4617713.0,350,Rosa onoei var. hakonensis,1015799-1,Rosaceae,Rosa,onoei,hakonensis,False,Rosa onoei var. hakonensis
5911510.0,392,Agrimonia gryposepala,720273-1,Rosaceae,Agrimonia,gryposepala,,False,Agrimonia gryposepala
5017408.0,269,Crataegus orbicularis,323995-2,Rosaceae,Crataegus,orbicularis,,False,Crataegus orbicularis
15080693.0,374,Prunus caroliniana,729552-1,Rosaceae,Prunus,caroliniana,,False,Prunus caroliniana
4301752.0,350,Rosa paniculigera,733600-1,Rosaceae,Rosa,paniculigera,,False,Rosa paniculigera
5911505.0,423,Potentilla norvegica,728596-1,Rosaceae,Potentilla,norvegica,,True,Potentilla norvegica
6730862.0,415,Agrimonia pubescens,316551-2,Rosaceae,Agrimonia,pubescens,,False,Agrimonia pubescens
3789858.0,279,Crataegus dahurica,723227-1,Rosaceae,Crataegus,dahurica,,False,Crataegus dahurica
3923215.0,339,Dasiphora glabrata,941996-1,Rosaceae,Dasiphora,glabrata,,False,Dasiphora davurica
5895638.0,360,Prunus myrtifolia,210824-2,Rosaceae,Prunus,myrtifolia,,False,Prunus myrtifolia
6541746.0,296,Rubus pensilvanicus,30263954-2,Rosaceae,Rubus,pensilvanicus,,False,Rubus pensylvanicus
3232579.0,419,Rosa blanda,222243-2,Rosaceae,Rosa,blanda,,True,Rosa blanda
5182598.0,361,Prunus cerasus,729574-1,Rosaceae,Prunus,cerasus,,False,Prunus cerasus
4486095.0,283,Crataegus chrysocarpa var. piperi,68020-2,Rosaceae,Crataegus,chrysocarpa,piperi,False,Crataegus chrysocarpa var. piperi
3232412.0,307,Crataegus chrysocarpa,723119-1,Rosaceae,Crataegus,chrysocarpa,,False,Crataegus chrysocarpa
4618531.0,350,Rosa fujisanensis,732556-1,Rosaceae,Rosa,fujisanensis,,False,Rosa fujisanensis
15080788.0,264,Waldsteinia fragarioides,1168107-2,Rosaceae,Waldsteinia,fragarioides,,False,Waldsteinia fragarioides
3789720.0,275,Crataegus persimilis,68764-2,Rosaceae,Crataegus,persimilis,,False,Crataegus persimilis
4619228.0,353,Rubus yoshinoi,741305-1,Rosaceae,Rubus,yoshinoi,,False,Rubus yoshinoi
4618005.0,322,Spiraea betulifolia var. betulifolia,77232606-1,Rosaceae,Spiraea,betulifolia,betulifolia,False,Spiraea betulifolia var. betulifolia
3789693.0,275,Crataegus aquacervensis,77095417-1,Rosaceae,Crataegus,aquacervensis,,False,Crataegus aquacervensis
4302945.0,351,Prunus incisa var. kinkiensis,77252195-1,Rosaceae,Prunus,incisa,kinkiensis,False,Prunus incisa var. kinkiensis
5017412.0,351,Crataegus phippsii,316583-2,Rosaceae,Crataegus,phippsii,,False,Crataegus phippsii
5017422.0,291,Crataegus calpodendron,30097127-2,Rosaceae,Crataegus,calpodendron,,False,Crataegus calpodendron
8296634.0,377,Prunus arborea,729456-1,Rosaceae,Prunus,arborea,,False,Prunus arborea
4302152.0,323,Spiraea japonica var. japonica,77232372-1,Rosaceae,Spiraea,japonica,japonica,False,Spiraea japonica var. japonica
4301026.0,354,Rubus kisoensis,737812-1,Rosaceae,Rubus,kisoensis,,False,Rubus kisoensis
5911475.0,349,Prunus pensylvanica,30291523-2,Rosaceae,Prunus,pensylvanica,,False,Prunus pensylvanica
3789717.0,266,Crataegus triflora,69112-2,Rosaceae,Crataegus,triflora,,False,Crataegus triflora
4618782.0,277,Rhaphiolepis indica var. tashiroi,77252166-1,Rosaceae,Rhaphiolepis,indica,tashiroi,False,Rhaphiolepis indica var. tashiroi
6574507.0,310,Rubus occidentalis,223350-2,Rosaceae,Rubus,occidentalis,,True,Rubus occidentalis
3789788.0,287,Crataegus turnerorum,275266-2,Rosaceae,Crataegus,turnerorum,,False,Crataegus turnerorum
6632211.0,363,Prunus americana,210717-2,Rosaceae,Prunus,americana,,False,Prunus americana
14331390.0,357,Rubus coreanus,736034-1,Rosaceae,Rubus,coreanus,,False,Rubus coreanus
4303231.0,351,Rubus microphyllus,738390-1,Rosaceae,Rubus,microphyllus,,True,Rubus microphyllus
3232611.0,304,Sorbus aucuparia,741641-1,Rosaceae,Sorbus,aucuparia,,False,Sorbus aucuparia
14331388.0,339,Rubus illecebrosus,737536-1,Rosaceae,Rubus,illecebrosus,,False,Rubus illecebrosus
3789690.0,273,Crataegus pinnatifida,724002-1,Rosaceae,Crataegus,pinnatifida,,False,Crataegus pinnatifida
5911388.0,317,Rubus idaeus subsp. strigosus,223189-2,Rosaceae,Rubus,idaeus,strigosus,False,Rubus strigosus
3789702.0,272,Crataegus shuswapensis,323992-2,Rosaceae,Crataegus,shuswapensis,,False,Crataegus shuswapensis
3789731.0,279,Crataegus enderbyensis,323994-2,Rosaceae,Crataegus,enderbyensis,,False,Crataegus enderbyensis
3789848.0,275,Crataegus dodgei,275259-2,Rosaceae,Crataegus,dodgei,,False,Crataegus flavida
4301821.0,479,Rhodotypos scandens,731425-1,Rosaceae,Rhodotypos,scandens,,False,Rhodotypos scandens
3789855.0,270,Crataegus chlorosarca,723117-1,Rosaceae,Crataegus,chlorosarca,,False,Crataegus chlorosarca
5017410.0,223,Crataegus okanaganensis,316581-2,Rosaceae,Crataegus,okanaganensis,,False,Crataegus okanaganensis
4617555.0,326,Rubus trifidus,927379-1,Rosaceae,Rubus,trifidus,,True,Rubus trifidus
5911632.0,387,Rubus pubescens,284431-2,Rosaceae,Rubus,pubescens,,True,Rubus pubescens
4486090.0,268,Crataegus lassa,68501-2,Rosaceae,Crataegus,lassa,,False,Crataegus lassa
4486136.0,283,Crataegus chrysocarpa var. piperi,68020-2,Rosaceae,Crataegus,chrysocarpa,piperi,False,Crataegus chrysocarpa var. piperi
5911610.0,317,Rubus allegheniensis,298725-2,Rosaceae,Rubus,allegheniensis,,False,Rubus allegheniensis
3925436.0,314,Prunus mandshurica,729939-1,Rosaceae,Prunus,mandshurica,,False,Prunus mandshurica
5017439.0,207,Malus coronaria,726269-1,Rosaceae,Malus,coronaria,,False,Malus coronaria
4486094.0,269,Crataegus dispar,68197-2,Rosaceae,Crataegus,dispar,,False,Crataegus dispar
4301728.0,322,Spiraea betulifolia var. betulifolia,77232606-1,Rosaceae,Spiraea,betulifolia,betulifolia,False,Spiraea betulifolia var. betulifolia
3789677.0,268,Crataegus  disperma,68198-2,Rosaceae,Crataegus,disperma,,False,Crataegus grandis
3789694.0,275,Crataegus rivuloadamensis,77095419-1,Rosaceae,Crataegus,rivuloadamensis,,False,Crataegus rivuloadamensis
3789724.0,258,Crataegus wilsonii,724505-1,Rosaceae,Crataegus,wilsonii,,False,Crataegus wilsonii
4618420.0,400,Rosa amblyotis,731555-1,Rosaceae,Rosa,amblyotis,,False,Rosa amblyotis
4302950.0,368,Rubus okinawensis,738787-1,Rosaceae,Rubus,okinawensis,,False,Rubus okinawensis
5911667.0,376,Fragaria virginiana,318974-2,Rosaceae,Fragaria,virginiana,,True,Fragaria virginiana
4301024.0,368,Rubus peltatus,895790-1,Rosaceae,Rubus,peltatus,,False,Rubus peltatus
3789854.0,271,Crataegus russanovii,724181-1,Rosaceae,Crataegus,russanovii,,False,Crataegus russanovii
5017418.0,294,Crataegus rubribracteolata,77095422-1,Rosaceae,Crataegus,rubribracteolata,,False,Crataegus rubribracteolata
5911305.0,292,Prunus pensylvanica,30291523-2,Rosaceae,Prunus,pensylvanica,,False,Prunus pensylvanica
3925443.0,314,Prunus mume,730000-1,Rosaceae,Prunus,mume,,False,Prunus mume
4618914.0,406,Rosa acicularis,30089555-2,Rosaceae,Rosa,acicularis,,False,Rosa acicularis
4617533.0,342,Spiraea salicifolia,742512-1,Rosaceae,Spiraea,salicifolia,,True,Spiraea salicifolia
5211228.0,458,Potentilla pusilla,728818-1,Rosaceae,Potentilla,pusilla,,False,Potentilla neumanniana
5182599.0,358,Prunus domestica,30221374-2,Rosaceae,Prunus,domestica,,False,Prunus domestica
3925439.0,310,Prunus mira,729976-1,Rosaceae,Prunus,mira,,False,Prunus mira
4301030.0,350,Rosa paniculigera,733600-1,Rosaceae,Rosa,paniculigera,,False,Rosa paniculigera
3924334.0,363,Neillia thyrsiflora,726826-1,Rosaceae,Neillia,thyrsiflora,,False,Neillia thyrsiflora
4618711.0,277,Rhaphiolepis indica var. tashiroi,77252166-1,Rosaceae,Rhaphiolepis,indica,tashiroi,False,Rhaphiolepis indica var. tashiroi
5017420.0,348,Crataegus sheridana,724245-1,Rosaceae,Crataegus,sheridana,,False,Crataegus sheridana
3789691.0,269,Crataegus  disperma,68198-2,Rosaceae,Crataegus,disperma,,False,Crataegus grandis
3925432.0,320,Prunus limeixing,77194782-1,Rosaceae,Prunus,limeixing,,False,Prunus limeixing
4302872.0,350,Rosa luciae,60464116-2,Rosaceae,Rosa,luciae,,False,Rosa luciae f. glandulifera
3789712.0,272,Crataegus marshallii,723766-1,Rosaceae,Crataegus,marshallii,,False,Crataegus marshallii
4486084.0,266,Crataegus erythropoda,723351-1,Rosaceae,Crataegus,erythropoda,,False,Crataegus erythropoda
3925430.0,309,Prunus limeixing,77194782-1,Rosaceae,Prunus,limeixing,,False,Prunus limeixing
4618033.0,322,Spiraea chamaedryfolia,742175-1,Rosaceae,Spiraea,chamaedryfolia,,False,Spiraea chamaedryfolia var. pilosa
5017414.0,348,Crataegus beata,723003-1,Rosaceae,Crataegus,beata,,False,Crataegus beata
3789692.0,275,Crataegus rivulopugnensis,77095421-1,Rosaceae,Crataegus,rivulopugnensis,,False,Crataegus rivulopugnensis
6700945,407,Abrophyllum ornans,790193-1,Rousseaceae,Abrophyllum,ornans,,False,Abrophyllum ornans
4934357.0,366,Pauridiantha floribunda,759450-1,Rubiaceae,Pauridiantha,floribunda,,False,Pauridiantha floribunda
10285464.0,288,Palicourea berteroana,77115593-1,Rubiaceae,Palicourea,berteroana,,False,Psychotria berteroana
3924313.0,341,Mussaenda pingbianensis,930083-1,Rubiaceae,Mussaenda,pingbianensis,,False,Mussaenda pingpienensis
3818406.0,326,Gardenia ovularis,751165-1,Rubiaceae,Gardenia,ovularis,,False,Gardenia ovularis
4934107.0,344,Coffea mannii,77114854-1,Rubiaceae,Coffea,mannii,,False,Psilanthus mannii
4301569.0,243,Lasianthus hirsutus,754990-1,Rubiaceae,Lasianthus,hirsutus,,False,Lasianthus hirsutus
5911650.0,308,Galium triflorum,750771-1,Rubiaceae,Galium,triflorum,,False,Galium triflorum
9748927.0,280,Spermacoce paraensis,77095410-1,Rubiaceae,Spermacoce,paraensis,,False,Borreria paraensis
8099245.0,275,Vangueria madagascariensis,769766-1,Rubiaceae,Vangueria,madagascariensis,,False,Vangueria madagascariensis
4934071.0,250,Tricalysia achoundongiana,20010521-1,Rubiaceae,Tricalysia,achoundongiana,,False,Tricalysia achoundongiana
4303008.0,296,Gardenia jasminoides,751073-1,Rubiaceae,Gardenia,jasminoides,,False,Gardenia jasminoides
3924288.0,396,Gynochthodes umbellata,77117618-1,Rubiaceae,Gynochthodes,umbellata,,False,Morinda umbellata
4933989.0,352,Pavetta sp.,327877-2,Rubiaceae,Pavetta,,,False,Pavetta sp. 1
5895412.0,360,Guettarda scabra,30058289-2,Rubiaceae,Guettarda,scabra,,False,Guettarda scabra
4934059.0,347,Euclinia longiflora,748828-1,Rubiaceae,Euclinia,longiflora,,False,Euclinia longiflora
3924303.0,340,Mussaenda sanderiana,756807-1,Rubiaceae,Mussaenda,sanderiana,,False,Mussaenda hossei
3924285.0,396,Gynochthodes officinalis,77117592-1,Rubiaceae,Gynochthodes,officinalis,,False,Morinda officinalis
4934294.0,376,Corynanthe macroceras,747601-1,Rubiaceae,Corynanthe,macroceras,,False,Pausinystalia macroceras
3924278.0,396,Gynochthodes hainanensis,77117570-1,Rubiaceae,Gynochthodes,hainanensis,,False,Morinda hainanensis
5895621.0,300,Phialanthus myrtilloides,760440-1,Rubiaceae,Phialanthus,myrtilloides,,False,Phialanthus myrtilloides
4934518.0,356,Polysphaeria macrophylla,760905-1,Rubiaceae,Polysphaeria,macrophylla,,False,Polysphaeria macrophylla
5895748.0,312,Machaonia portoricensis,755472-1,Rubiaceae,Machaonia,portoricensis,,False,Machaonia portoricensis
4934509.0,339,Tricalysia sp.,325987-2,Rubiaceae,Tricalysia,,,False,Tricalysia sp.
3924283.0,396,Gynochthodes officinalis,77117592-1,Rubiaceae,Gynochthodes,officinalis,,False,Morinda officinalis
5911622.0,372,Mitchella repens,280970-2,Rubiaceae,Mitchella,repens,,False,Mitchella repens
3923563.0,396,Exallage chrysotricha,77147284-1,Rubiaceae,Exallage,chrysotricha,,False,Hedyotis chrysotricha
3923962.0,347,Leptodermis potaninii,755295-1,Rubiaceae,Leptodermis,potaninii,,False,Leptodermis potanini
8261206.0,347,Discospermum malaccense,748561-1,Rubiaceae,Discospermum,malaccense,,False,Tricalysia malaccensis
3923556.0,398,Hedyotis loganioides,752624-1,Rubiaceae,Hedyotis,loganioides,,False,Hedyotis bodinieri
5895728.0,348,Stenostomum coriaceum,767120-1,Rubiaceae,Stenostomum,coriaceum,,False,Stenostomum coriaceum
4934440.0,351,Belonophora wernhamii,744401-1,Rubiaceae,Belonophora,wernhamii,,False,Belonophora wernhamii
3818536.0,301,Psydrax odoratus,945364-1,Rubiaceae,Psydrax,odoratus,,False,Psydrax odorata
3924318.0,339,Mussaenda pubescens,756781-1,Rubiaceae,Mussaenda,pubescens,,True,Mussaenda pubescens
4934492.0,311,Cuviera trilocularis,748081-1,Rubiaceae,Cuviera,trilocularis,,False,Cuviera trilocularis
5895614.0,427,Palicourea pubescens,77115623-1,Rubiaceae,Palicourea,pubescens,,True,Psychotria pubescens
8336050.0,307,Oxyceros patulus,77089766-1,Rubiaceae,Oxyceros,patulus,,False,Randia patula
3232464.0,317,Galium mollugo,750253-1,Rubiaceae,Galium,mollugo,,False,Galium mollugo
8268324.0,322,Pavetta indica,759752-1,Rubiaceae,Pavetta,indica,,False,Pavetta indica
3580503.0,347,Corynanthe johimbe,747599-1,Rubiaceae,Corynanthe,johimbe,,False,Pausinystalia johimbe
9748926.0,280,Spermacoce paraensis,77095410-1,Rubiaceae,Spermacoce,paraensis,,False,Borreria paraensis
8267560.0,258,Lasianthus reticulatus,755101-1,Rubiaceae,Lasianthus,reticulatus,,False,Lasianthus reticulatus
4934527.0,355,Pavetta staudtii,760050-1,Rubiaceae,Pavetta,staudtii,,False,Pavetta staudtii
5895624.0,350,Guettarda odorata,752006-1,Rubiaceae,Guettarda,odorata,,False,Guettarda odorata
4934350.0,310,Morelia senegalensis,756319-1,Rubiaceae,Morelia,senegalensis,,False,Morelia senegalensis
4934450.0,336,Schumanniophyton magnificum,766234-1,Rubiaceae,Schumanniophyton,magnificum,,False,Schumanniophyton magnificum
9041081.0,408,Psychotria micrococca,762674-1,Rubiaceae,Psychotria,micrococca,,False,Psychotria micrococca
6541591.0,335,Galium triflorum,750771-1,Rubiaceae,Galium,triflorum,,False,Galium triflorum
5911575.0,372,Mitchella repens,280970-2,Rubiaceae,Mitchella,repens,,False,Mitchella repens
9598481.0,324,Coptosperma graveolens,20009937-1,Rubiaceae,Coptosperma,graveolens,,False,Coptosperma graveolens
9598484.0,324,Coptosperma graveolens,20009937-1,Rubiaceae,Coptosperma,graveolens,,False,Coptosperma graveolens
14517584.0,392,Psychotria asiatica,761402-1,Rubiaceae,Psychotria,asiatica,,True,Psychotria asiatica
5895460.0,310,Randia aculeata,763958-1,Rubiaceae,Randia,aculeata,,False,Randia aculeata
9041085.0,343,Nauclea tenuiflora,757268-1,Rubiaceae,Nauclea,tenuiflora,,False,Nauclea tenuiflora
3924320.0,340,Mussaenda pubescens,756781-1,Rubiaceae,Mussaenda,pubescens,,True,Mussaenda pubescens
5895555.0,229,Psychotria maleolens,213047-2,Rubiaceae,Psychotria,maleolens,,False,Psychotria maleolens
8261184.0,338,Ixora grandifolia var. grandifolia,77170772-1,Rubiaceae,Ixora,grandifolia,grandifolia,False,Ixora elliptica
4933997.0,289,Calycosiphonia spathicalyx,908483-1,Rubiaceae,Calycosiphonia,spathicalyx,,False,Calycosiphonia spathicalyx
4618316.0,282,Psychotria homalosperma,762245-1,Rubiaceae,Psychotria,homalosperma,,False,Psychotria homalosperma
8297751.0,342,Atractocarpus fitzalanii,1008720-1,Rubiaceae,Atractocarpus,fitzalanii,,False,Randia fitzalanii
3232949.0,317,Galium aparine,30007294-2,Rubiaceae,Galium,aparine,,False,Galium aparine
8336044.0,384,Eumachia montana,77195624-1,Rubiaceae,Eumachia,montana,,False,Psychotria montana
3852074.0,309,Atractocarpus hirtus,1008722-1,Rubiaceae,Atractocarpus,hirtus,,False,Atractocarpus hirtus
4618686.0,296,Gardenia jasminoides,751073-1,Rubiaceae,Gardenia,jasminoides,,False,Gardenia jasminoides
3580480.0,246,Tricalysia pallens,768098-1,Rubiaceae,Tricalysia,pallens,,False,Tricalysia pallens
8296599.0,479,Morinda elliptica,756371-1,Rubiaceae,Morinda,elliptica,,False,Morinda elliptica
4618239.0,305,Tarenna subsessilis,767605-1,Rubiaceae,Tarenna,subsessilis,,False,Tarenna subsessilis
9048300.0,343,Nauclea sp.,327870-2,Rubiaceae,Nauclea,,,False,Nauclea sp. 1
4618765.0,434,Psychotria boninensis,761506-1,Rubiaceae,Psychotria,boninensis,,False,Psychotria boninensis
4617626.0,306,Tarenna subsessilis,767605-1,Rubiaceae,Tarenna,subsessilis,,False,Tarenna subsessilis
3818407.0,291,Atractocarpus merikin,1008723-1,Rubiaceae,Atractocarpus,merikin,,False,Atractocarpus merikin
3924073.0,308,Luculia yunnanensis,755400-1,Rubiaceae,Luculia,yunnanensis,,False,Luculia yunnanensis
3923573.0,484,Debia ovatifolia,77147274-1,Rubiaceae,Debia,ovatifolia,,False,Hedyotis ovatifolia
4617445.0,259,Lasianthus japonicus,755003-1,Rubiaceae,Lasianthus,japonicus,,False,Lasianthus japonicus
14517621.0,323,Adina pilulifera,742927-1,Rubiaceae,Adina,pilulifera,,False,Adina pilulifera
3924280.0,396,Gynochthodes hainanensis,77117570-1,Rubiaceae,Gynochthodes,hainanensis,,False,Morinda hainanensis
3923583.0,429,Hedyotis tenuipes,752938-1,Rubiaceae,Hedyotis,tenuipes,,False,Hedyotis tenuipes
7088180.0,251,Psydrax schimperianus,915420-1,Rubiaceae,Psydrax,schimperianus,,False,Psydrax schimperiana
3923967.0,346,Leptodermis scabrida,755300-1,Rubiaceae,Leptodermis,scabrida,,False,Leptodermis scabrida
4934157.0,380,Psychotria sp.,326020-2,Rubiaceae,Psychotria,,,False,Psychotria sp. 8
8171886.0,635,Morinda citrifolia,756359-1,Rubiaceae,Morinda,citrifolia,,False,Morinda citrifolia
5895670.0,427,Palicourea pubescens,77115623-1,Rubiaceae,Palicourea,pubescens,,True,Psychotria pubescens
5895385.0,381,Stenostomum resinosum,767136-1,Rubiaceae,Stenostomum,resinosum,,False,Neolaugeria resinosa
5895404.0,356,Guettarda ovalifolia,114580-2,Rubiaceae,Guettarda,ovalifolia,,False,Guettarda ovalifolia
4934001.0,351,Belonophora wernhamii,744401-1,Rubiaceae,Belonophora,wernhamii,,False,Belonophora wernhamii
4934269.0,488,Psychotria dorotheae,761919-1,Rubiaceae,Psychotria,dorotheae,,False,Psychotria dorotheae
6259922.0,275,Pentanisia ouranogyne,760224-1,Rubiaceae,Pentanisia,ouranogyne,,False,Pentanisia ouranogyne
3924314.0,341,Mussaenda pingbianensis,930083-1,Rubiaceae,Mussaenda,pingbianensis,,False,Mussaenda pingpienensis
4934068.0,381,Pauridiantha afzelii,759436-1,Rubiaceae,Pauridiantha,afzelii,,False,Pauridiantha afzelii
8268252.0,367,Neolamarckia macrophylla,914297-1,Rubiaceae,Neolamarckia,macrophylla,,False,Neolamarckia macrophylla
3924309.0,342,Mussaenda laxiflora,756701-1,Rubiaceae,Mussaenda,laxiflora,,True,Mussaenda laxiflora
4302235.0,438,Psychotria serpens,763361-1,Rubiaceae,Psychotria,serpens,,False,Psychotria serpens
3923559.0,408,Hedyotis cantoniensis,1016811-1,Rubiaceae,Hedyotis,cantoniensis,,False,Hedyotis cantoniensis
4619148.0,389,Leptopetalum grayi,755316-1,Rubiaceae,Leptopetalum,grayi,,True,Hedyotis leptopetala
4934329.0,357,Oxyanthus laxiflorus,758783-1,Rubiaceae,Oxyanthus,laxiflorus,,False,Oxyanthus laxiflorus
9041108.0,343,Nauclea tenuiflora,757268-1,Rubiaceae,Nauclea,tenuiflora,,False,Nauclea cf. tenuiflora
6288647.0,311,Tricalysia pallens,768098-1,Rubiaceae,Tricalysia,pallens,,False,Tricalysia pallens
4301868.0,259,Lasianthus japonicus,755003-1,Rubiaceae,Lasianthus,japonicus,,False,Lasianthus japonicus
4934147.0,374,Ixora nematopoda,754248-1,Rubiaceae,Ixora,nematopoda,,False,Ixora nematopoda
8301110.0,379,Morinda bracteata,756344-1,Rubiaceae,Morinda,bracteata,,True,Morinda bracteata
4934380.0,349,Massularia acuminata,756020-1,Rubiaceae,Massularia,acuminata,,False,Massularia acuminata
9748887.0,502,Borreria carajasensis,77126040-1,Rubiaceae,Borreria,carajasensis,,False,Borreria carajensis
3923954.0,346,Leptodermis pilosa,755294-1,Rubiaceae,Leptodermis,pilosa,,False,Leptodermis pilosa
5895588.0,431,Palicourea domingensis,759083-1,Rubiaceae,Palicourea,domingensis,,False,Psychotria domingensis
4302297.0,322,Adina pilulifera,742927-1,Rubiaceae,Adina,pilulifera,,False,Adina pilulifera
4934162.0,338,Bertiera laxa,744452-1,Rubiaceae,Bertiera,laxa,,False,Bertiera laxa
4934305.0,349,Rothmannia hispida,765127-1,Rubiaceae,Rothmannia,hispida,,False,Rothmannia hispida
8336003.0,377,Eumachia leptothyrsa,77164477-1,Rubiaceae,Eumachia,leptothyrsa,,False,Psychotria leptothyrsa
5895369.0,340,Guettarda elliptica,114528-2,Rubiaceae,Guettarda,elliptica,,True,Guettarda elliptica
8267510.0,363,Neolamarckia cadamba,914296-1,Rubiaceae,Neolamarckia,cadamba,,False,Neolamarckia cadamba
4934003.0,344,Euclinia longiflora,748828-1,Rubiaceae,Euclinia,longiflora,,False,Euclinia longiflora
15057633.0,356,Rondeletia odorata,764967-1,Rubiaceae,Rondeletia,odorata,,False,Rondeletia odorata
5895392.0,365,Stenostomum acutatum,767116-1,Rubiaceae,Stenostomum,acutatum,,False,Stenostomum acutatum
4934232.0,363,Gaertnera bieleri,749362-1,Rubiaceae,Gaertnera,bieleri,,False,Gaertnera bieleri
4934505.0,361,Aulacocalyx caudata,744266-1,Rubiaceae,Aulacocalyx,caudata,,False,Aulacocalyx caudata
15080603.0,310,Solenandra lineata,77187946-1,Rubiaceae,Solenandra,lineata,,False,Exostema lineatum
3924299.0,353,Mussaenda shikokiana,756817-1,Rubiaceae,Mussaenda,shikokiana,,False,Mussaenda esquirolii
6143967.0,373,Paederia foetida,758897-1,Rubiaceae,Paederia,foetida,,False,Paederia foetida
4934530.0,322,Psydrax sp.,35218-1,Rubiaceae,Psydrax,,,False,Psydrax sp.
3923957.0,347,Leptodermis pilosa,755294-1,Rubiaceae,Leptodermis,pilosa,,False,Leptodermis pilosa
4619094.0,398,Leptopetalum grayi,755316-1,Rubiaceae,Leptopetalum,grayi,,True,Hedyotis leptopetala
6073039.0,594,Morinda citrifolia,756359-1,Rubiaceae,Morinda,citrifolia,,False,Morinda citrifolia
3923553.0,412,Exallage auricularia,748862-1,Rubiaceae,Exallage,auricularia,,True,Hedyotis auricularia
4302794.0,259,Lasianthus japonicus subsp. japonicus,77170007-1,Rubiaceae,Lasianthus,japonicus,japonicus,False,Lasianthus japonicus f. satsumensis
9598476.0,316,Gardenia volkensii,751323-1,Rubiaceae,Gardenia,volkensii,,False,Gardenia volkensii
8268319.0,355,Timonius novoguineensis,767813-1,Rubiaceae,Timonius,novoguineensis,,False,Timonius novoguineensis
7088226.0,290,Psydrax schimperianus,915420-1,Rubiaceae,Psydrax,schimperianus,,False,Psydrax schimperiana
3232462.0,330,Galium boreale,749626-1,Rubiaceae,Galium,boreale,,True,Galium boreale
8268251.0,266,Adina multifolia,742920-1,Rubiaceae,Adina,multifolia,,False,Adina multifolia
3923567.0,254,Oldenlandia corymbosa,757791-1,Rubiaceae,Oldenlandia,corymbosa,,True,Hedyotis corymbosa
6541676.0,355,Galium circaezans,749731-1,Rubiaceae,Galium,circaezans,,False,Galium circaezans
8155074.0,301,Pavetta gardeniifolia,759695-1,Rubiaceae,Pavetta,gardeniifolia,,False,Pavetta gardeniifolia
4934258.0,377,Mitragyna stipulosa,756304-1,Rubiaceae,Mitragyna,stipulosa,,False,Hallea ledermannii
4934356.0,386,Pauridiantha afzelii,759436-1,Rubiaceae,Pauridiantha,afzelii,,False,Pauridiantha afzelii
4618465.0,407,Leptopetalum mexicanum,755318-1,Rubiaceae,Leptopetalum,mexicanum,,False,Hedyotis hookeri
3580630.0,374,Craterispermum sp.,34420-1,Rubiaceae,Craterispermum,,,False,Craterispermum sp.
4301900.0,203,Lasianthus hirsutus,754990-1,Rubiaceae,Lasianthus,hirsutus,,False,Lasianthus hirsutus
14517538.0,392,Psychotria asiatica,761402-1,Rubiaceae,Psychotria,asiatica,,True,Psychotria asiatica
4934172.0,377,Mitragyna stipulosa,756304-1,Rubiaceae,Mitragyna,stipulosa,,False,Hallea ledermannii
6541694.0,287,Houstonia longifolia,278294-2,Rubiaceae,Houstonia,longifolia,,False,Houstonia longifolia
4934365.0,364,Ixora nematopoda,754248-1,Rubiaceae,Ixora,nematopoda,,False,Ixora nematopoda
4934010.0,355,Tarenna lasiorhachis,767504-1,Rubiaceae,Tarenna,lasiorhachis,,False,Tarenna lasiorhachis
9598474.0,316,Gardenia volkensii,751323-1,Rubiaceae,Gardenia,volkensii,,False,Gardenia volkensii
3923973.0,353,Leptodermis vestita,755309-1,Rubiaceae,Leptodermis,vestita,,False,Leptodermis vestita
3925894.0,278,Schizomussaenda henryi,77093289-1,Rubiaceae,Schizomussaenda,henryi,,False,Schizomussaenda dehiscens
6574512.0,287,Houstonia longifolia,278294-2,Rubiaceae,Houstonia,longifolia,,False,Houstonia longifolia
6288577.0,380,Morinda lucida,756419-1,Rubiaceae,Morinda,lucida,,True,Morinda lucida
3924307.0,341,Mussaenda laxiflora,756701-1,Rubiaceae,Mussaenda,laxiflora,,True,Mussaenda laxiflora
8261398.0,301,Hypobathrum microcarpum,753597-1,Rubiaceae,Hypobathrum,microcarpum,,False,Petunga microcarpa
3924066.0,308,Luculia pinceana,755399-1,Rubiaceae,Luculia,pinceana,,False,Luculia pinceana
8297713.0,355,Timonius macrophyllus,767794-1,Rubiaceae,Timonius,macrophyllus,,True,Timonius macrophyllus
3232467.0,308,Galium verum,750829-1,Rubiaceae,Galium,verum,,False,Galium verum
4301583.0,321,Diplospora dubia,748497-1,Rubiaceae,Diplospora,dubia,,False,Diplospora dubia
15080650.0,455,Psychotria punctata var. punctata,77170123-1,Rubiaceae,Psychotria,punctata,punctata,False,Psychotria kirkii
8301136.0,333,Discospermum abnorme,962659-1,Rubiaceae,Discospermum,abnorme,,False,Tricalysia singularis
4934566.0,361,Pauridiantha floribunda,759450-1,Rubiaceae,Pauridiantha,floribunda,,False,Pauridiantha floribunda
5895636.0,436,Psychotria glabrata,212816-2,Rubiaceae,Psychotria,glabrata,,False,Psychotria brownei
3923587.0,411,Hedyotis yangchunensis,1016814-1,Rubiaceae,Hedyotis,yangchunensis,,False,Hedyotis yangchunensis
3923969.0,346,Leptodermis ludlowii,987288-1,Rubiaceae,Leptodermis,ludlowii,,False,Leptodermis tubicalyx
8297698.0,346,Nauclea orientalis,757181-1,Rubiaceae,Nauclea,orientalis,,False,Nauclea orientalis
4934241.0,479,Psychotria dorotheae,761919-1,Rubiaceae,Psychotria,dorotheae,,False,Psychotria dorotheae
4934507.0,376,Corynanthe macroceras,747601-1,Rubiaceae,Corynanthe,macroceras,,False,Pausinystalia macroceras
15080849.0,307,Atractocarpus fitzalanii,1008720-1,Rubiaceae,Atractocarpus,fitzalanii,,False,Atractocarpus fitzalanii
4618804.0,434,Psychotria serpens,763361-1,Rubiaceae,Psychotria,serpens,,False,Psychotria serpens
3580555.0,374,Craterispermum sp.,34420-1,Rubiaceae,Craterispermum,,,False,Craterispermum sp.
6541607.0,322,Galium concinnum,749751-1,Rubiaceae,Galium,concinnum,,True,Galium concinnum
4618729.0,438,Psychotria boninensis,761506-1,Rubiaceae,Psychotria,boninensis,,False,Psychotria boninensis
8301148.0,404,Neonauclea calycina,757384-1,Rubiaceae,Neonauclea,calycina,,False,Neonauclea calycina
9754237.0,405,Palicourea debilis,77161059-1,Rubiaceae,Palicourea,debilis,,False,Psychotria variegata
3924290.0,396,Gynochthodes umbellata,77117618-1,Rubiaceae,Gynochthodes,umbellata,,False,Morinda umbellata
4303013.0,309,Aidia canthioides,742956-1,Rubiaceae,Aidia,canthioides,,False,Aidia canthioides
3818409.0,354,Bobea myrtoides,744599-1,Rubiaceae,Bobea,myrtoides,,False,Bobea myrtoides
3232466.0,324,Galium tinctorium,750741-1,Rubiaceae,Galium,tinctorium,,True,Galium tinctorium
4933963.0,348,Massularia acuminata,756020-1,Rubiaceae,Massularia,acuminata,,False,Massularia acuminata
4933974.0,349,Rothmannia hispida,765127-1,Rubiaceae,Rothmannia,hispida,,False,Rothmannia hispida
3923585.0,419,Hedyotis uncinella,752971-1,Rubiaceae,Hedyotis,uncinella,,False,Hedyotis uncinella
5895393.0,344,Machaonia portoricensis,755472-1,Rubiaceae,Machaonia,portoricensis,,False,Machaonia portoricensis
3924068.0,308,Luculia pinceana,755399-1,Rubiaceae,Luculia,pinceana,,False,Luculia pinceana
15080573.0,317,Coffea arabica,747038-1,Rubiaceae,Coffea,arabica,,False,Coffea arabica
4301575.0,252,Lasianthus verticillatus,755176-1,Rubiaceae,Lasianthus,verticillatus,,False,Lasianthus verticillatus
15057495.0,274,Houstonia pusilla,30115995-2,Rubiaceae,Houstonia,pusilla,,True,Houstonia pusilla
5895456.0,353,Rondeletia pilosa,764992-1,Rubiaceae,Rondeletia,pilosa,,False,Rondeletia pilosa
3923575.0,416,Hedyotis pulcherrima,752793-1,Rubiaceae,Hedyotis,pulcherrima,,False,Hedyotis pulcherrima
4934074.0,368,Belonophora talbotii,744400-1,Rubiaceae,Belonophora,talbotii,,False,Belonophora talbotii
4934014.0,335,Coffea mannii,77114854-1,Rubiaceae,Coffea,mannii,,False,Psilanthus mannii
3923579.0,396,Hedyotis shenzhenensis,77086969-1,Rubiaceae,Hedyotis,shenzhenensis,,False,Hedyotis shiuyingiae
4618390.0,431,Leptopetalum mexicanum,755318-1,Rubiaceae,Leptopetalum,mexicanum,,False,Hedyotis hookeri
8155026.0,244,Kohautia attenuata,77297772-1,Rubiaceae,Kohautia,attenuata,,False,Kohautia aspera
4303011.0,259,Lasianthus fordii,754964-1,Rubiaceae,Lasianthus,fordii,,False,Lasianthus fordii
5911350.0,308,Galium mollugo,750253-1,Rubiaceae,Galium,mollugo,,False,Galium mollugo
15057619.0,610,Stenaria nigricans,1059364-2,Rubiaceae,Stenaria,nigricans,,False,Stenaria nigricans
4934293.0,315,Heinsia crinita,753022-1,Rubiaceae,Heinsia,crinita,,False,Heinsia crinita
5895739.0,346,Stenostomum obtusifolium,245033-2,Rubiaceae,Stenostomum,obtusifolium,,False,Stenostomum obtusifolium
4303022.0,310,Wendlandia formosana,770449-1,Rubiaceae,Wendlandia,formosana,,False,Wendlandia formosana
6143927.0,342,Morinda pubescens,756459-1,Rubiaceae,Morinda,pubescens,,False,Morinda pubescens
3925895.0,278,Schizomussaenda henryi,77093289-1,Rubiaceae,Schizomussaenda,henryi,,False,Schizomussaenda dehiscens
4934039.0,315,Heinsia crinita,753022-1,Rubiaceae,Heinsia,crinita,,False,Heinsia crinita
6288669.0,319,Schumanniophyton magnificum,766234-1,Rubiaceae,Schumanniophyton,magnificum,,False,Schumanniophyton magnificum
9748882.0,279,Mitracarpus carajasensis,77130411-1,Rubiaceae,Mitracarpus,carajasensis,,False,Mitracarpus carajasensis
4934488.0,405,Pauridiantha talbotii,77092233-1,Rubiaceae,Pauridiantha,talbotii,,False,Pauridiantha talbotii
8261211.0,380,Urophyllum polyneurum,769546-1,Rubiaceae,Urophyllum,polyneurum,,False,Urophyllum polyneurum
3924277.0,385,Gynochthodes callicarpifolia,77117540-1,Rubiaceae,Gynochthodes,callicarpifolia,,False,Morinda callicarpaefolia
3923944.0,355,Leptodermis buxifolia,1008532-1,Rubiaceae,Leptodermis,buxifolia,,False,Leptodermis buxifolia
3923577.0,419,Hedyotis shenzhenensis,77086969-1,Rubiaceae,Hedyotis,shenzhenensis,,False,Hedyotis shenzhenensis
5911326.0,330,Galium asprellum,749561-1,Rubiaceae,Galium,asprellum,,False,Galium asprellum
5895507.0,352,Stenostomum sintenisii,245039-2,Rubiaceae,Stenostomum,sintenisii,,False,Stenostomum sintenisii
5895420.0,305,Erithalis fruticosa,315444-2,Rubiaceae,Erithalis,fruticosa,,False,Erithalis fruticosa
5911514.0,354,Galium lanceolatum,750136-1,Rubiaceae,Galium,lanceolatum,,False,Galium lanceolatum
6288609.0,315,Rothmannia whitfieldii,765164-1,Rubiaceae,Rothmannia,whitfieldii,,False,Rothmannia whitfieldii
3923948.0,347,Leptodermis hirsutiflora,1008530-1,Rubiaceae,Leptodermis,hirsutiflora,,False,Leptodermis hirsutiflora
4934486.0,325,Sabicea gigantostipula,765864-1,Rubiaceae,Sabicea,gigantostipula,,False,Ecpoma gigantistipula
9748903.0,276,Borreria elaiosulcata,77126041-1,Rubiaceae,Borreria,elaiosulcata,,False,Borreria elaiosulcata
4933966.0,436,Craterispermum caudatum,747801-1,Rubiaceae,Craterispermum,caudatum,,False,Craterispermum caudatum
3232463.0,355,Galium lanceolatum,750136-1,Rubiaceae,Galium,lanceolatum,,False,Galium lanceolatum
9048268.0,248,Nauclea sp.,327870-2,Rubiaceae,Nauclea,,,False,Nauclea sp. 1
3923561.0,365,Hedyotis caudatifolia,752358-1,Rubiaceae,Hedyotis,caudatifolia,,False,Hedyotis caudatifolia
3924329.0,287,Mussaenda treutleri,756847-1,Rubiaceae,Mussaenda,treutleri,,False,Mussaenda treutleri
4934284.0,426,Craterispermum aristatum,747798-1,Rubiaceae,Craterispermum,aristatum,,False,Craterispermum aristatum
4302984.0,257,Lasianthus attenuatus,754885-1,Rubiaceae,Lasianthus,attenuatus,,False,Lasianthus attenuatus
3924311.0,350,Mussaenda macrophylla,756718-1,Rubiaceae,Mussaenda,macrophylla,,True,Mussaenda macrophylla
4934390.0,336,Bertiera racemosa,744478-1,Rubiaceae,Bertiera,racemosa,,False,Bertiera racemosa
4934372.0,266,Stipularia africana,767167-1,Rubiaceae,Stipularia,africana,,False,Stipularia africana
4934541.0,325,Psydrax sp.,35218-1,Rubiaceae,Psydrax,,,False,Psydrax sp.
4934499.0,355,Pavetta sp.,327877-2,Rubiaceae,Pavetta,,,False,Pavetta sp.
4934351.0,331,Polysphaeria macrophylla,760905-1,Rubiaceae,Polysphaeria,macrophylla,,False,Polysphaeria macrophylla
9041070.0,408,Psychotria murmurensis,935922-1,Rubiaceae,Psychotria,murmurensis,,False,Psychotria murmurensis
15057609.0,323,Serissa japonica,766327-1,Rubiaceae,Serissa,japonica,,False,Serissa japonica
3818563.0,388,Timonius timon,767880-1,Rubiaceae,Timonius,timon,,False,Timonius timon
4934009.0,351,Rothmannia talbotii,765160-1,Rubiaceae,Rothmannia,talbotii,,False,Rothmannia talbotii
5895735.0,348,Chione venosa,56650-2,Rubiaceae,Chione,venosa,,False,Chione venosa
4302594.0,338,Damnacanthus major,748112-1,Rubiaceae,Damnacanthus,major,,False,Damnacanthus indicus subsp. major
3852052.0,255,Psydrax tropicus,77063941-1,Rubiaceae,Psydrax,tropicus,,False,Psydrax tropica
4301567.0,315,Tarenna asiatica,60434903-2,Rubiaceae,Tarenna,asiatica,,False,Tarenna asiatica
3604367.0,231,Gardenia ovularis,751165-1,Rubiaceae,Gardenia,ovularis,,False,Gardenia ovularis
3923581.0,414,Scleromitrion tenelliflorum,766273-1,Rubiaceae,Scleromitrion,tenelliflorum,,False,Hedyotis tenelliflora
4934007.0,296,Calycosiphonia spathicalyx,908483-1,Rubiaceae,Calycosiphonia,spathicalyx,,False,Calycosiphonia spathicalyx
5901585.0,309,Rondeletia inermis,221947-2,Rubiaceae,Rondeletia,inermis,,False,Rondeletia inermis
3851978.0,345,Neonauclea glabra,946772-1,Rubiaceae,Neonauclea,glabra,,False,Neonauclea glabra
8261183.0,492,Gaertnera vaginans,749411-1,Rubiaceae,Gaertnera,vaginans,,False,Gaertnera vaginans
3923965.0,347,Leptodermis scabrida,755300-1,Rubiaceae,Leptodermis,scabrida,,False,Leptodermis scabrida
4934026.0,374,Psychotria sp.,326020-2,Rubiaceae,Psychotria,,,False,Psychotria sp. 8
4934116.0,366,Aulacocalyx talbotii,744276-1,Rubiaceae,Aulacocalyx,talbotii,,False,Aulacocalyx talbotii
15080720.0,245,Ixora masoalensis,77140750-1,Rubiaceae,Ixora,masoalensis,,False,Ixora masoalensis
6143953.0,235,Rubia cordifolia,765218-1,Rubiaceae,Rubia,cordifolia,,False,Rubia cordifolia
9048254.0,248,Hydnophytum hellwigii,753453-1,Rubiaceae,Hydnophytum,hellwigii,,False,Hydnophytum hellwigii
4934181.0,351,Aoranthe cladantha,945441-1,Rubiaceae,Aoranthe,cladantha,,False,Aoranthe cladantha
4934487.0,369,Aulacocalyx caudata,744266-1,Rubiaceae,Aulacocalyx,caudata,,False,Aulacocalyx caudata
4301589.0,309,Aidia canthioides,742956-1,Rubiaceae,Aidia,canthioides,,False,Aidia canthioides
6541623.0,322,Galium concinnum,749751-1,Rubiaceae,Galium,concinnum,,True,Galium concinnum
4933959.0,368,Belonophora talbotii,744400-1,Rubiaceae,Belonophora,talbotii,,False,Belonophora talbotii
5895635.0,311,Solenandra elliptica,77187945-1,Rubiaceae,Solenandra,elliptica,,False,Exostema ellipticum
8261413.0,268,Gardenia griffithii,751046-1,Rubiaceae,Gardenia,griffithii,,False,Gardenia griffithii
4934421.0,369,Aulacocalyx talbotii,744276-1,Rubiaceae,Aulacocalyx,talbotii,,False,Aulacocalyx talbotii
4934228.0,335,Bertiera racemosa,744478-1,Rubiaceae,Bertiera,racemosa,,False,Bertiera racemosa
9748886.0,273,Borreria carajasensis,77126040-1,Rubiaceae,Borreria,carajasensis,,False,Borreria carajensis
4934188.0,345,Oxyanthus laxiflorus,758783-1,Rubiaceae,Oxyanthus,laxiflorus,,False,Oxyanthus laxiflorus
15080676.0,346,Hoffmannia ghiesbreghtii,753195-1,Rubiaceae,Hoffmannia,ghiesbreghtii,,False,Hoffmannia ghiesbreghtii
4302918.0,316,Damnacanthus major,748112-1,Rubiaceae,Damnacanthus,major,,False,Damnacanthus indicus subsp. major
8297731.0,355,Timonius macrophyllus,767794-1,Rubiaceae,Timonius,macrophyllus,,True,Timonius macrophyllus
5211182.0,343,Galium palustre,750370-1,Rubiaceae,Galium,palustre,,True,Galium palustre
3923950.0,355,Leptodermis ovata,755291-1,Rubiaceae,Leptodermis,ovata,,False,Leptodermis ovata
3924075.0,308,Luculia yunnanensis,755400-1,Rubiaceae,Luculia,yunnanensis,,False,Luculia yunnanensis
4934303.0,351,Aoranthe cladantha,945441-1,Rubiaceae,Aoranthe,cladantha,,False,Aoranthe cladantha
4934152.0,288,Petitiocodon parviflorus,945444-1,Rubiaceae,Petitiocodon,parviflorus,,False,Petitiocodon parviflorum
3818562.0,394,Antirhea sp.,327846-2,Rubiaceae,Antirhea,,,False,Antirhea sp.
4301938.0,356,Coptosapelta diffusa,747540-1,Rubiaceae,Coptosapelta,diffusa,,False,Coptosapelta diffusa
5895558.0,359,Guettarda krugii,114552-2,Rubiaceae,Guettarda,krugii,,False,Guettarda krugii
8297629.0,380,Neonauclea calycina,757384-1,Rubiaceae,Neonauclea,calycina,,False,Nauclea purpurascens
3924274.0,396,Gynochthodes brevipes,77117536-1,Rubiaceae,Gynochthodes,brevipes,,False,Morinda brevipes
4303027.0,328,Adina racemosa,742931-1,Rubiaceae,Adina,racemosa,,False,Sinoadina racemosa
4934208.0,350,Ixora hippoperifera,754038-1,Rubiaceae,Ixora,hippoperifera,,False,Ixora hippoperifera
3924305.0,340,Mussaenda kwangtungensis,756687-1,Rubiaceae,Mussaenda,kwangtungensis,,False,Mussaenda kwantungensis
9048296.0,408,Psychotria murmurensis,935922-1,Rubiaceae,Psychotria,murmurensis,,False,Psychotria murmurensis
4619212.0,338,Damnacanthus giganteus,748105-1,Rubiaceae,Damnacanthus,giganteus,,False,Damnacanthus gianteus
6632243.0,303,Galium aparine,30007294-2,Rubiaceae,Galium,aparine,,False,Galium aparine
4934055.0,350,Ixora hippoperifera,754038-1,Rubiaceae,Ixora,hippoperifera,,False,Ixora hippoperifera
15080553.0,337,Hydnophytum formicarum,753446-1,Rubiaceae,Hydnophytum,formicarum,,True,Hydnophytum formicarum
3232465.0,324,Galium palustre,750370-1,Rubiaceae,Galium,palustre,,True,Galium palustre
4934405.0,366,Aulacocalyx jasminiflora,744270-1,Rubiaceae,Aulacocalyx,jasminiflora,,False,Aulacocalyx jasminiflora
4301929.0,311,Wendlandia formosana,770449-1,Rubiaceae,Wendlandia,formosana,,False,Wendlandia formosana
9077809.0,410,Psychotria micrococca,762674-1,Rubiaceae,Psychotria,micrococca,,False,Psychotria micrococca
3852077.0,355,Timonius singularis,767867-1,Rubiaceae,Timonius,singularis,,False,Timonius singularis
4934563.0,436,Craterispermum caudatum,747801-1,Rubiaceae,Craterispermum,caudatum,,False,Craterispermum caudatum
9077871.0,357,Mussaenda ferruginea,756621-1,Rubiaceae,Mussaenda,ferruginea,,False,Mussaenda ferruginea
8155045.0,209,Afrocanthium lactescens,77062252-1,Rubiaceae,Afrocanthium,lactescens,,False,Canthium lactescens
3818408.0,354,Bobea myrtoides,744599-1,Rubiaceae,Bobea,myrtoides,,False,Bobea myrtoides
3924271.0,396,Gynochthodes badia,77117532-1,Rubiaceae,Gynochthodes,badia,,False,Morinda badia
6632203.0,355,Galium circaezans,749731-1,Rubiaceae,Galium,circaezans,,False,Galium circaezans
4934185.0,334,Bertiera laxa,744452-1,Rubiaceae,Bertiera,laxa,,False,Bertiera laxa
15057576.0,594,Galium sp.,325955-2,Rubiaceae,Galium,,,False,Galium sp.
6259904.0,276,Pentanisia ouranogyne,760224-1,Rubiaceae,Pentanisia,ouranogyne,,False,Pentanisia ouranogyne
4934044.0,249,Tricalysia achoundongiana,20010521-1,Rubiaceae,Tricalysia,achoundongiana,,False,Tricalysia achoundongiana
4934489.0,366,Aulacocalyx jasminiflora,744270-1,Rubiaceae,Aulacocalyx,jasminiflora,,False,Aulacocalyx jasminiflora
5895431.0,315,Exostema caribaeum,1125915-2,Rubiaceae,Exostema,caribaeum,,False,Exostema caribaeum
5895706.0,359,Guettarda elliptica,114528-2,Rubiaceae,Guettarda,elliptica,,True,Guettarda elliptica
3923571.0,422,Hedyotis effusa,752450-1,Rubiaceae,Hedyotis,effusa,,False,Hedyotis effusa
15080577.0,341,Deppea splendens,275766-2,Rubiaceae,Deppea,splendens,,False,Deppea splendens
4301611.0,330,Guettarda speciosa,752069-1,Rubiaceae,Guettarda,speciosa,,False,Guettarda speciosa
3924301.0,355,Mussaenda frondosa,756632-1,Rubiaceae,Mussaenda,frondosa,,False,Mussaenda frondosa
4618898.0,313,Aidia henryi,742961-1,Rubiaceae,Aidia,henryi,,False,Aidia henryi
15080578.0,341,Deppea splendens,275766-2,Rubiaceae,Deppea,splendens,,False,Deppea splendens
10285466.0,404,Notopleura uliginosa,170751-2,Rubiaceae,Notopleura,uliginosa,,False,Notopleura uliginosa
3851984.0,318,Atractocarpus merikin,1008723-1,Rubiaceae,Atractocarpus,merikin,,False,Atractocarpus merikin
4934552.0,251,Petitiocodon parviflorus,945444-1,Rubiaceae,Petitiocodon,parviflorus,,False,Petitiocodon parviflorum
4618543.0,355,Mitchella undulata,756215-1,Rubiaceae,Mitchella,undulata,,False,Mitchella undulata
4618537.0,290,Gardenia boninensis,977936-1,Rubiaceae,Gardenia,boninensis,,False,Gardenia boninensis
4934180.0,324,Stipularia africana,767167-1,Rubiaceae,Stipularia,africana,,False,Stipularia africana
5895539.0,240,Hamelia patens,752194-1,Rubiaceae,Hamelia,patens,,False,Hamelia patens
9048299.0,248,Hydnophytum formicarum,753446-1,Rubiaceae,Hydnophytum,formicarum,,True,Hydnophytum formicarum
8335937.0,245,Hypobathrum microcarpum,753597-1,Rubiaceae,Hypobathrum,microcarpum,,False,Petunga microcarpa
3923569.0,405,Exallage auricularia,748862-1,Rubiaceae,Exallage,auricularia,,True,Hedyotis costata
3924296.0,284,Mussaenda divaricata,756604-1,Rubiaceae,Mussaenda,divaricata,,False,Mussaenda divaricata
15057615.0,219,Bouvardia ternifolia,745109-1,Rubiaceae,Bouvardia,ternifolia,,False,Bouvardia ternifolia
5911466.0,330,Galium asprellum,749561-1,Rubiaceae,Galium,asprellum,,False,Galium asprellum
9048259.0,248,Hydnophytum hellwigii,753453-1,Rubiaceae,Hydnophytum,hellwigii,,False,Hydnophytum hellwigii
15080818.0,296,Chione venosa,56650-2,Rubiaceae,Chione,venosa,,False,Chione venosa
4934354.0,319,Morelia senegalensis,756319-1,Rubiaceae,Morelia,senegalensis,,False,Morelia senegalensis
5895445.0,354,Stenostomum lucidum,767124-1,Rubiaceae,Stenostomum,lucidum,,False,Stenostomum lucidum
9748937.0,237,Spermacoce neohispida,993676-1,Rubiaceae,Spermacoce,neohispida,,True,Borreria hispida
4934020.0,316,Didymosalpinx sp.,34485-1,Rubiaceae,Didymosalpinx,,,False,Didymosalpinx sp.
4618865.0,313,Aidia henryi,742961-1,Rubiaceae,Aidia,henryi,,False,Aidia henryi
9077858.0,355,Mussaenda ferruginea,756621-1,Rubiaceae,Mussaenda,ferruginea,,False,Mussaenda ferruginea
4934544.0,407,Pauridiantha talbotii,77092233-1,Rubiaceae,Pauridiantha,talbotii,,False,Pauridiantha talbotii
5895376.0,359,Guettarda pungens,114604-2,Rubiaceae,Guettarda,pungens,,False,Guettarda pungens
6288563.0,323,Aidia micrantha,742963-1,Rubiaceae,Aidia,micrantha,,False,Aidia micrantha
8155027.0,244,Kohautia attenuata,77297772-1,Rubiaceae,Kohautia,attenuata,,False,Kohautia aspera
4933958.0,351,Rothmannia talbotii,765160-1,Rubiaceae,Rothmannia,talbotii,,False,Rothmannia talbotii
9748878.0,345,Pilocarpus carajaensis,317132-2,Rutaceae,Pilocarpus,carajaensis,,False,Pilocarpus carajaensis
3852002.0,432,Flindersia brayleyana,578486-1,Rutaceae,Flindersia,brayleyana,,False,Flindersia brayleyana
4302086.0,442,Orixa japonica,162301-1,Rutaceae,Orixa,japonica,,False,Orixa japonica
4618462.0,466,Zanthoxylum armatum var. armatum,77225648-1,Rutaceae,Zanthoxylum,armatum,armatum,False,Zanthoxylum armatum var. subtrifoliatum
4934156.0,467,Zanthoxylum gilletii,775746-1,Rutaceae,Zanthoxylum,gilletii,,False,Zanthoxylum gilletii
4301300.0,490,Zanthoxylum piperitum,775951-1,Rutaceae,Zanthoxylum,piperitum,,True,Zanthoxylum piperitum
4303039.0,490,Tetradium glabrifolium,909758-1,Rutaceae,Tetradium,glabrifolium,,False,Tetradium glabrifolium var. glaucum
4302315.0,498,Zanthoxylum piperitum,775951-1,Rutaceae,Zanthoxylum,piperitum,,True,Zanthoxylum piperitum
4301201.0,447,Orixa japonica,162301-1,Rutaceae,Orixa,japonica,,False,Orixa japonica
9598495.0,483,Vepris nobilis,969503-1,Rutaceae,Vepris,nobilis,,False,Vepris nobilis
4934131.0,485,Vepris lecomteana,77102887-1,Rutaceae,Vepris,lecomteana,,False,Oricia lecomteana
6143940.0,320,Citrus medica,59603-2,Rutaceae,Citrus,medica,,False,Citrus medica
4617725.0,510,Murraya paniculata,774441-1,Rutaceae,Murraya,paniculata,,False,Murraya paniculata var. exotica
5874181.0,297,Bosistoa pentacocca,771726-1,Rutaceae,Bosistoa,pentacocca,,False,Bosistoa pentacocca
15080947.0,529,Bergera koenigii,771522-1,Rutaceae,Bergera,koenigii,,False,Murraya koenigii
4301649.0,479,Zanthoxylum schinifolium var. schinifolium,77225123-1,Rutaceae,Zanthoxylum,schinifolium,schinifolium,False,Zanthoxylum schinifolium var. schinifolium
4619124.0,512,Murraya paniculata,774441-1,Rutaceae,Murraya,paniculata,,False,Murraya paniculata var. exotica
10563018.0,532,Bergera koenigii,771522-1,Rutaceae,Bergera,koenigii,,False,Murraya koengii
14517618.0,487,Zanthoxylum yakumontanum,943488-1,Rutaceae,Zanthoxylum,yakumontanum,,False,Zanthoxylum yakumontanum
4618677.0,397,Melicope nishimurae,997101-1,Rutaceae,Melicope,nishimurae,,False,Melicope nishimurae
5895586.0,486,Zanthoxylum flavum,775728-1,Rutaceae,Zanthoxylum,flavum,,False,Zanthoxylum flavum
9598504.0,512,Vepris fadenii,969493-1,Rutaceae,Vepris,fadenii,,False,Diphasiopsis fadenii
15080927.0,532,Citropsis gabunensis,771827-1,Rutaceae,Citropsis,gabunensis,,False,Citropsis gabunensis
4302656.0,478,Zanthoxylum schinifolium var. schinifolium,77225123-1,Rutaceae,Zanthoxylum,schinifolium,schinifolium,False,Zanthoxylum schinifolium var. schinifolium
6786062.0,443,Zanthoxylum chalybeum,775643-1,Rutaceae,Zanthoxylum,chalybeum,,False,Zanthoxylum chalybeum
9598491.0,485,Vepris eugeniifolia,775486-1,Rutaceae,Vepris,eugeniifolia,,False,Vepris eugeniiflia
9598494.0,483,Vepris nobilis,969503-1,Rutaceae,Vepris,nobilis,,False,Vepris nobilis
3852033.0,475,Pitaviaster haplophyllus,999104-1,Rutaceae,Pitaviaster,haplophyllus,,False,Pitaviaster haplophyllus
3926246.0,437,Zanthoxylum asiaticum,77194041-1,Rutaceae,Zanthoxylum,asiaticum,,False,Toddalia asiatica
4301588.0,484,Tetradium glabrifolium,909758-1,Rutaceae,Tetradium,glabrifolium,,False,Tetradium glabrifolium var. glaucum
4617573.0,448,Zanthoxylum ailanthoides,775558-1,Rutaceae,Zanthoxylum,ailanthoides,,False,Zanthoxylum ailanthoides var. inerme
3818513.0,527,Citrus garrawayae,79360-3,Rutaceae,Citrus,garrawayae,,False,Citrus garrawayae
5895366.0,340,Pilocarpus racemosus,774840-1,Rutaceae,Pilocarpus,racemosus,,False,Pilocarpus racemosus
3818322.0,444,Medicosma fareana,915273-1,Rutaceae,Medicosma,fareana,,False,Medicosma fareana
4934493.0,494,Vepris lecomteana,77102887-1,Rutaceae,Vepris,lecomteana,,False,Oricia lecomteana
3926245.0,437,Zanthoxylum asiaticum,77194041-1,Rutaceae,Zanthoxylum,asiaticum,,False,Toddalia asiatica
5895477.0,492,Zanthoxylum caribaeum,775634-1,Rutaceae,Zanthoxylum,caribaeum,,True,Zanthoxylum caribaeum
8268244.0,521,Micromelum minutum,774392-1,Rutaceae,Micromelum,minutum,,False,Micromelum minutum
6288729.0,402,Zanthoxylum lemairei,775815-1,Rutaceae,Zanthoxylum,lemairei,,False,Zanthoxylum lemairei
9598489.0,485,Vepris eugeniifolia,775486-1,Rutaceae,Vepris,eugeniifolia,,False,Vepris eugeniiflia
15057574.0,474,Decatropis bicolor,77081-2,Rutaceae,Decatropis,bicolor,,False,Decatropis bicolor
4618631.0,461,Zanthoxylum ailanthoides,775558-1,Rutaceae,Zanthoxylum,ailanthoides,,False,Zanthoxylum ailanthoides var. inerme
9077873.0,432,Melicope elleryana,948199-1,Rutaceae,Melicope,elleryana,,False,Melicope elleryana
4934276.0,510,Zanthoxylum gilletii,775746-1,Rutaceae,Zanthoxylum,gilletii,,False,Zanthoxylum gilletii
4618446.0,362,Melicope quadrilocularis,1020007-1,Rutaceae,Melicope,quadrilocularis,,False,Melicope quadrilocularis
15057628.0,448,Casimiroa pringlei,48124-2,Rutaceae,Casimiroa,pringlei,,False,Casimiroa pringlei
8301152.0,459,Zanthoxylum celebicum,775641-1,Rutaceae,Zanthoxylum,celebicum,,False,Zanthoxylum celebicum
4617783.0,423,Melicope nishimurae,997101-1,Rutaceae,Melicope,nishimurae,,False,Melicope nishimurae
4618299.0,387,Melicope grisea,1020008-1,Rutaceae,Melicope,grisea,,False,Melicope grisea var. crassifolia
3851968.0,373,Medicosma fareana,915273-1,Rutaceae,Medicosma,fareana,,False,Medicosma fareana
8301129.0,436,Melicope idiocarpa,1019965-1,Rutaceae,Melicope,idiocarpa,,False,Melicope idiocarpa
5895547.0,483,Zanthoxylum schreberi,77146708-1,Rutaceae,Zanthoxylum,schreberi,,False,Zanthoxylum monophyllum
8336017.0,513,Micromelum minutum,774392-1,Rutaceae,Micromelum,minutum,,False,Micromelum minutum
4618388.0,426,Citrus  depressa,771887-1,Rutaceae,Citrus,depressa,,False,Citrus depressa
4934419.0,558,Vepris soyauxii,969509-1,Rutaceae,Vepris,soyauxii,,False,Vepris soyauxii
3851994.0,397,Medicosma glandulosa,906616-1,Rutaceae,Medicosma,glandulosa,,False,Medicosma glandulosa
9048237.0,468,Melicope elleryana,948199-1,Rutaceae,Melicope,elleryana,,False,Melicope elleryana
3851990.0,439,Bosistoa medicinalis,771724-1,Rutaceae,Bosistoa,medicinalis,,False,Bosistoa medicinalis
4619046.0,419,Skimmia japonica var. lutchuensis,1015197-1,Rutaceae,Skimmia,japonica,lutchuensis,False,Skimmia japonica var. lutchuensis
4618275.0,466,Zanthoxylum amamiense,775566-1,Rutaceae,Zanthoxylum,amamiense,,False,Zanthoxylum amamiense
15080840.0,590,Cneorum tricoccon,813691-1,Rutaceae,Cneorum,tricoccon,,True,Cneorum tricoccon
5895620.0,485,Zanthoxylum tragodes,776071-1,Rutaceae,Zanthoxylum,tragodes,,False,Zanthoxylum spinifex
3818329.0,442,Flindersia brayleyana,578486-1,Rutaceae,Flindersia,brayleyana,,False,Flindersia brayleyana
3818323.0,447,Pitaviaster haplophyllus,999104-1,Rutaceae,Pitaviaster,haplophyllus,,False,Pitaviaster haplophyllus
9598507.0,512,Vepris fadenii,969493-1,Rutaceae,Vepris,fadenii,,False,Diphasiopsis fadenii
5182577.0,328,Skimmia reevesiana,775249-1,Rutaceae,Skimmia,reevesiana,,False,Skimmia reevesiana
9754238.0,338,Dictyoloma vandellianum,813702-1,Rutaceae,Dictyoloma,vandellianum,,False,Dictyoloma vandellianum
6288727.0,413,Vepris louisii,775499-1,Rutaceae,Vepris,louisii,,False,Vepris louisii
9041063.0,453,Zanthoxylum pluviatile,775956-1,Rutaceae,Zanthoxylum,pluviatile,,False,Zanthoxylum pluviatile
5895637.0,484,Zanthoxylum punctatum,775977-1,Rutaceae,Zanthoxylum,punctatum,,False,Zanthoxylum punctatum
3818511.0,462,Medicosma glandulosa,906616-1,Rutaceae,Medicosma,glandulosa,,False,Medicosma glandulosa
5895742.0,443,Zanthoxylum punctatum,775977-1,Rutaceae,Zanthoxylum,punctatum,,False,Zanthoxylum punctatum
6786060.0,431,Zanthoxylum chalybeum,775643-1,Rutaceae,Zanthoxylum,chalybeum,,False,Zanthoxylum chalybeum
9048289.0,420,Zanthoxylum pluviatile,775956-1,Rutaceae,Zanthoxylum,pluviatile,,False,Zanthoxylum pluviatile
3818326.0,475,Halfordia kendack,773848-1,Rutaceae,Halfordia,kendack,,False,Halfordia kendack
3818327.0,465,Halfordia kendack,773848-1,Rutaceae,Halfordia,kendack,,False,Halfordia kendack
4617528.0,368,Melicope quadrilocularis,1020007-1,Rutaceae,Melicope,quadrilocularis,,False,Melicope quadrilocularis
3851988.0,460,Brombya platynema,771737-1,Rutaceae,Brombya,platynema,,False,Brombya platynema
5895470.0,607,Ravenia urbani,217971-2,Rutaceae,Ravenia,urbani,,False,Ravenia urbanii
4301850.0,466,Zanthoxylum armatum var. armatum,77225648-1,Rutaceae,Zanthoxylum,armatum,armatum,False,Zanthoxylum armatum var. subtrifoliatum
8155451.0,411,Clausena anisata,772111-1,Rutaceae,Clausena,anisata,,False,Clausena anisata
6288588.0,319,Vepris louisii,775499-1,Rutaceae,Vepris,louisii,,False,Vepris louisii
5895423.0,259,Amyris elemifera,126885-1,Rutaceae,Amyris,elemifera,,True,Amyris elemifera
4617793.0,364,Melicope grisea,1020008-1,Rutaceae,Melicope,grisea,,False,Melicope grisea var. crassifolia
3580606.0,424,Zanthoxylum clava-herculis subsp. clava-herculis,77225337-1,Rutaceae,Zanthoxylum,clava-herculis,clava-herculis,True,Zanthoxylum macrophylla
3818331.0,368,Flindersia bourjotiana,578484-1,Rutaceae,Flindersia,bourjotiana,,False,Flindersia bourjotiana
3818330.0,365,Flindersia bourjotiana,578484-1,Rutaceae,Flindersia,bourjotiana,,False,Flindersia bourjotiana
5895606.0,484,Zanthoxylum bifoliolatum,270610-2,Rutaceae,Zanthoxylum,bifoliolatum,,False,Zanthoxylum bifoliolatum
4301812.0,400,Meliosma tenuis,776344-1,Sabiaceae,Meliosma,tenuis,,False,Meliosma tenuis
4302254.0,424,Meliosma rigida,776320-1,Sabiaceae,Meliosma,rigida,,False,Meliosma rigida
4302962.0,423,Meliosma rigida,776320-1,Sabiaceae,Meliosma,rigida,,False,Meliosma rigida
4303185.0,431,Meliosma tenuis,776344-1,Sabiaceae,Meliosma,tenuis,,False,Meliosma tenuis
4301054.0,418,Meliosma myriantha,776279-1,Sabiaceae,Meliosma,myriantha,,False,Meliosma myriantha
4618741.0,429,Meliosma myriantha,776279-1,Sabiaceae,Meliosma,myriantha,,False,Meliosma myriantha
9077868.0,450,Meliosma pinnata,776309-1,Sabiaceae,Meliosma,pinnata,,False,Meliosma pinnata
8267569.0,458,Meliosma sumatrana,776341-1,Sabiaceae,Meliosma,sumatrana,,False,Meliosma sumatrana
3422088,234,Salix sitchensis,778867-1,Salicaceae,Salix,sitchensis,,False,Salix sitchensis
3422197,260,Salix lucida,225977-2,Salicaceae,Salix,lucida,,True,Salix lucida
3422117,237,Salix arctica,777076-1,Salicaceae,Salix,arctica,,False,Salix arctica
3422222,236,Salix pseudomyrsinites,778580-1,Salicaceae,Salix,pseudomyrsinites,,False,Salix pseudomyrsinites
3422083.0,238,Salix scouleriana,226166-2,Salicaceae,Salix,scouleriana,,False,Salix scouleriana
3422165,236,Salix bebbiana,225654-2,Salicaceae,Salix,bebbiana,,False,Salix bebbiana
4302326,321,Idesia polycarpa,111768-1,Salicaceae,Idesia,polycarpa,,False,Idesia polycarpa
14517593,322,Idesia polycarpa,111768-1,Salicaceae,Idesia,polycarpa,,False,Idesia polycarpa
3422214,237,Salix hookeriana,302621-2,Salicaceae,Salix,hookeriana,,False,Salix hookeriana
3422103,236,Salix bebbiana,225654-2,Salicaceae,Salix,bebbiana,,False,Salix bebbiana
4302042,273,Salix pierotii,778493-1,Salicaceae,Salix,pierotii,,False,Salix pierotii
3422201,243,Salix serissima,310173-2,Salicaceae,Salix,serissima,,False,Salix serissima
3422143.0,236,Salix glauca,301000-2,Salicaceae,Salix,glauca,,True,Salix glauca
3818504,237,Casearia costulata,899417-1,Salicaceae,Casearia,costulata,,False,Casearia costulata
3422195.0,244,Salix petiolaris,778471-1,Salicaceae,Salix,petiolaris,,False,Salix petiolaris
3422132,237,Salix barclayi,777146-1,Salicaceae,Salix,barclayi,,False,Salix barclayi
4301488,284,Salix caprea,303599-2,Salicaceae,Salix,caprea,,True,Salix caprea
3422421,235,Salix reticulata,304292-2,Salicaceae,Salix,reticulata,,False,Salix reticulata
3422153,237,Salix lasiandra,284532-2,Salicaceae,Salix,lasiandra,,False,Salix lasiandra
3422191,241,Salix petiolaris,778471-1,Salicaceae,Salix,petiolaris,,False,Salix petiolaris
4301190,283,Salix caprea,303599-2,Salicaceae,Salix,caprea,,True,Salix caprea
5211309,302,Salix aurita,777119-1,Salicaceae,Salix,aurita,,True,Salix aurita
3422146,237,Salix lasiandra,284532-2,Salicaceae,Salix,lasiandra,,False,Salix lasiandra
4301745,285,Salix schwerinii,778792-1,Salicaceae,Salix,schwerinii,,False,Salix schwerinii
3422147,238,Salix scouleriana,226166-2,Salicaceae,Salix,scouleriana,,False,Salix scouleriana
5911492,286,Populus tremuloides,208337-2,Salicaceae,Populus,tremuloides,,False,Populus tremuloides
3422115,237,Salix arctica,777076-1,Salicaceae,Salix,arctica,,False,Salix arctica
5911344,306,Populus balsamifera,776600-1,Salicaceae,Populus,balsamifera,,True,Populus balsamifera
3422399,241,Salix cordata,225726-2,Salicaceae,Salix,cordata,,True,Salix cordata
6143959,330,Flacourtia indica,365348-1,Salicaceae,Flacourtia,indica,,False,Flacourtia indica
4301446,278,Salix integra,777860-1,Salicaceae,Salix,integra,,False,Salix integra
3422167,236,Salix sitchensis,778867-1,Salicaceae,Salix,sitchensis,,False,Salix sitchensis
4301339,284,Salix vulpina,779176-1,Salicaceae,Salix,vulpina,,False,Salix vulpina
4933992,387,Homalium letestui,365510-1,Salicaceae,Homalium,letestui,,False,Homalium letestui
3422157,235,Salix hookeriana,302621-2,Salicaceae,Salix,hookeriana,,False,Salix hookeriana
5911618,320,Populus grandidentata,208297-2,Salicaceae,Populus,grandidentata,,False,Populus grandidentata
3422408.0,236,Salix reticulata,304292-2,Salicaceae,Salix,reticulata,,False,Salix reticulata
15080801.0,276,Xylosma congesta,366060-1,Salicaceae,Xylosma,congesta,,False,Xylosma congesta
3852016,385,Homalium circumpinnatum,779774-1,Salicaceae,Homalium,circumpinnatum,,False,Homalium circumpinnatum
4300956,283,Salix udensis,779086-1,Salicaceae,Salix,udensis,,False,Salix udensis
4618661,261,Salix udensis,779086-1,Salicaceae,Salix,udensis,,False,Salix udensis
4934453,378,Homalium africanum,779754-1,Salicaceae,Homalium,africanum,,False,Homalium africanum
3852014,237,Casearia costulata,899417-1,Salicaceae,Casearia,costulata,,False,Casearia costulata
3422397,238,Salix barclayi,777146-1,Salicaceae,Salix,barclayi,,False,Salix barclayi
4300961,260,Salix rupifraga,778740-1,Salicaceae,Salix,rupifraga,,False,Salix rupifraga
4617808,282,Salix gilgiana,777657-1,Salicaceae,Salix,gilgiana,,False,Salix miyabeana subsp. gymnolepis
5211278,302,Salix purpurea,301321-2,Salicaceae,Salix,purpurea,,False,Salix purpurea
5211281,302,Salix purpurea,301321-2,Salicaceae,Salix,purpurea,,False,Salix purpurea
3422225,238,Salix barrattiana,301347-2,Salicaceae,Salix,barrattiana,,False,Salix barrattiana
4617806.0,266,Salix chaenomeloides,777288-1,Salicaceae,Salix,chaenomeloides,,False,Salix chaenomeloides
3422226,237,Salix barrattiana,301347-2,Salicaceae,Salix,barrattiana,,False,Salix barrattiana
4618879,284,Salix chaenomeloides,777288-1,Salicaceae,Salix,chaenomeloides,,False,Salix chaenomeloides
4618367,261,Salix triandra,302929-2,Salicaceae,Salix,triandra,,False,Salix triandra
3422110,236,Salix drummondiana,777488-1,Salicaceae,Salix,drummondiana,,False,Salix drummondiana
5211288,289,Salix aurita,777119-1,Salicaceae,Salix,aurita,,True,Salix aurita
4934510,465,Phyllobotryon spathulatum,354893-1,Salicaceae,Phyllobotryon,spathulatum,,False,Phyllobotryon spathulatum
4302290,284,Salix sieboldiana,778855-1,Salicaceae,Salix,sieboldiana,,False,Salix sieboldiana var. sieboldiana
3422202.0,242,Salix discolor,284528-2,Salicaceae,Salix,discolor,,True,Salix discolor
5911358.0,322,Populus balsamifera,776600-1,Salicaceae,Populus,balsamifera,,True,Populus balsamifera
3422215,236,Salix cordata,225726-2,Salicaceae,Salix,cordata,,True,Salix cordata
4934403,469,Phyllobotryon spathulatum,354893-1,Salicaceae,Phyllobotryon,spathulatum,,False,Phyllobotryon spathulatum
4301398,284,Salix vulpina,779176-1,Salicaceae,Salix,vulpina,,False,Salix vulpina
3422391,241,Salix discolor,284528-2,Salicaceae,Salix,discolor,,True,Salix discolor
5211280,302,Salix triandra,302929-2,Salicaceae,Salix,triandra,,False,Salix triandra
4934256,388,Homalium longistylum,779819-1,Salicaceae,Homalium,longistylum,,False,Homalium longistylum
3422170,237,Salix sp.,325916-2,Salicaceae,Salix,,,False,Salix sp.
4934062,382,Homalium longistylum,779819-1,Salicaceae,Homalium,longistylum,,False,Homalium longistylum
3422156,235,Salix eleagnos,777510-1,Salicaceae,Salix,eleagnos,,False,Salix elaeagnos
3422228,235,Salix alaxensis,225567-2,Salicaceae,Salix,alaxensis,,False,Salix alaxensis
14517331.0,286,Salix pierotii,778493-1,Salicaceae,Salix,pierotii,,False,Salix pierotii
5911463,285,Populus grandidentata,208297-2,Salicaceae,Populus,grandidentata,,False,Populus grandidentata
3232588.0,265,Salix lucida,225977-2,Salicaceae,Salix,lucida,,True,Salix lucida
3422217,242,Salix eriocephala,225807-2,Salicaceae,Salix,eriocephala,,False,Salix eriocephala
3422173,238,Salix sp.,325916-2,Salicaceae,Salix,,,False,Salix sp.
4300922,261,Salix cardiophylla subsp. urbaniana,77107332-1,Salicaceae,Salix,cardiophylla,urbaniana,False,Salix cardiophylla var. urbaniana
3422145.0,242,Salix  pendulina nothof. tristis,77219497-1,Salicaceae,Salix,pendulina,tristis,False,Salix x sepulcralis
3422193,260,Salix amygdaloides,777026-1,Salicaceae,Salix,amygdaloides,,False,Salix amygdaloides
4302283,284,Salix sieboldiana,778855-1,Salicaceae,Salix,sieboldiana,,False,Salix sieboldiana var. sieboldiana
8261188,249,Casearia tuberculata,779708-1,Salicaceae,Casearia,tuberculata,,False,Casearia tuberculata
3422161,237,Salix nakamurana,778259-1,Salicaceae,Salix,nakamurana,,False,Salix nakamurana
5895483,205,Xylosma buxifolia,112124-1,Salicaceae,Xylosma,buxifolia,,False,Xylosma buxifolia
4618571,259,Salix integra,777860-1,Salicaceae,Salix,integra,,False,Salix integra
3422189.0,235,Salix pseudomonticola,226108-2,Salicaceae,Salix,pseudomonticola,,False,Salix pseudomonticola
4934396.0,378,Homalium africanum,779754-1,Salicaceae,Homalium,africanum,,False,Homalium sarcopetalum
9598525,330,Trimeria grandifolia,366027-1,Salicaceae,Trimeria,grandifolia,,False,Trimeria grandifolia
3422400.0,235,Salix alaxensis,225567-2,Salicaceae,Salix,alaxensis,,False,Salix alaxensis
3422118,238,Salix commutata,225714-2,Salicaceae,Salix,commutata,,False,Salix commutata
4618716,282,Salix schwerinii,778792-1,Salicaceae,Salix,schwerinii,,False,Salix schwerinii
3422190.0,267,Salix interior,777862-1,Salicaceae,Salix,interior,,False,Salix interior
3422203.0,241,Salix humilis,777819-1,Salicaceae,Salix,humilis,,True,Salix humilis
3422185.0,235,Salix candida,777242-1,Salicaceae,Salix,candida,,False,Salix candida
4934295.0,280,Casearia barteri,779504-1,Salicaceae,Casearia,barteri,,False,Casearia barteri
3422232.0,237,Salix glauca,301000-2,Salicaceae,Salix,glauca,,True,Salix glauca
3422207.0,240,Salix eriocephala,225807-2,Salicaceae,Salix,eriocephala,,False,Salix eriocephala
3422187.0,238,Salix pseudomonticola,226108-2,Salicaceae,Salix,pseudomonticola,,False,Salix pseudomonticola
3422113.0,235,Salix nivalis,226037-2,Salicaceae,Salix,nivalis,,True,Salix nivalis
4619089.0,284,Salix futura,777645-1,Salicaceae,Salix,futura,,False,Salix futura
3422188.0,235,Salix candida,777242-1,Salicaceae,Salix,candida,,False,Salix candida
15057505.0,290,Itoa orientalis,111769-1,Salicaceae,Itoa,orientalis,,False,Itoa orientalis
4619104.0,283,Salix reinii,1000257-1,Salicaceae,Salix,reinii,,True,Salix reinii
3422209.0,241,Salix interior,777862-1,Salicaceae,Salix,interior,,False,Salix interior
3422169.0,238,Salix viminalis,779152-1,Salicaceae,Salix,viminalis,,True,Salix viminalis
3422130.0,236,Salix nivalis,226037-2,Salicaceae,Salix,nivalis,,True,Salix nivalis
3232586.0,265,Salix alba,776974-1,Salicaceae,Salix,alba,,True,Salix alba
5211279.0,304,Salix viminalis,779152-1,Salicaceae,Salix,viminalis,,True,Salix viminalis
4617554.0,302,Salix hukaoana,777815-1,Salicaceae,Salix,hukaoana,,False,Salix hukaoana
3232555.0,281,Populus deltoides,30102841-2,Salicaceae,Populus,deltoides,,False,Populus deltoides
4301722.0,262,Salix cardiophylla subsp. urbaniana,77107332-1,Salicaceae,Salix,cardiophylla,urbaniana,False,Salix cardiophylla var. urbaniana
15061751.0,297,Tisonia coriacea,835640-1,Salicaceae,Tisonia,coriacea,,False,Tisonia coriacea
4618674.0,283,Salix japonica,777889-1,Salicaceae,Salix,japonica,,False,Salix japonica
5895593.0,255,Casearia decandra,779541-1,Salicaceae,Casearia,decandra,,False,Casearia decandra
3422183.0,237,Salix famelica,77091160-1,Salicaceae,Salix,famelica,,False,Salix famelica
3422205.0,259,Salix amygdaloides,777026-1,Salicaceae,Salix,amygdaloides,,False,Salix amygdaloides
3422235.0,237,Salix arbusculoides,306317-2,Salicaceae,Salix,arbusculoides,,False,Salix arbusculoides
3422160.0,237,Salix magnifica,778130-1,Salicaceae,Salix,magnifica,,False,Salix magnifica
4618951.0,293,Xylosma congesta,366060-1,Salicaceae,Xylosma,congesta,,False,Xylosma congesta
3422131.0,233,Salix commutata,225714-2,Salicaceae,Salix,commutata,,False,Salix commutata
4618076.0,303,Salix rorida,778700-1,Salicaceae,Salix,rorida,,False,Salix rorida
8297740.0,341,Homalium foetidum,779788-1,Salicaceae,Homalium,foetidum,,False,Homalium foetidum
5895751.0,309,Banara portoricensis,28917-2,Salicaceae,Banara,portoricensis,,False,Banara portoricensis
3422208.0,242,Salix humilis,777819-1,Salicaceae,Salix,humilis,,True,Salix humilis
3422162.0,237,Salix boothii,225667-2,Salicaceae,Salix,boothii,,False,Salix boothii
3422184.0,234,Salix famelica,77091160-1,Salicaceae,Salix,famelica,,False,Salix famelica
3422219.0,235,Salix pyrifolia,312082-2,Salicaceae,Salix,pyrifolia,,True,Salix pyrifolia
4934053.0,278,Casearia barteri,779504-1,Salicaceae,Casearia,barteri,,False,Casearia barteri
3422223.0,238,Salix pseudomyrsinites,778580-1,Salicaceae,Salix,pseudomyrsinites,,False,Salix pseudomyrsinites
4301714.0,236,Populus suaveolens,77155538-1,Salicaceae,Populus,suaveolens,,False,Populus suaveolens
4934549.0,380,Homalium letestui,365510-1,Salicaceae,Homalium,letestui,,False,Homalium letestui
11887126.0,269,Azara uruguayensis,27710-2,Salicaceae,Azara,uruguayensis,,False,Azara uruguayensis
9598526.0,617,Trimeria grandifolia,366027-1,Salicaceae,Trimeria,grandifolia,,False,Trimeria grandifolia
8268258.0,221,Casearia grewiifolia,779573-1,Salicaceae,Casearia,grewiifolia,,False,Casearia grewiifolia
3422122.0,235,Salix prolixa,300690-2,Salicaceae,Salix,prolixa,,False,Salix prolixa
8267528.0,223,Casearia tuberculata,779708-1,Salicaceae,Casearia,tuberculata,,False,Casearia tuberculata
3422166.0,243,Salix alba,776974-1,Salicaceae,Salix,alba,,True,Salix alba
3422233.0,236,Salix arbusculoides,306317-2,Salicaceae,Salix,arbusculoides,,False,Salix arbusculoides
4619123.0,250,Salix arbutifolia,777074-1,Salicaceae,Salix,arbutifolia,,True,Salix arbutifolia
15080617.0,273,Dovyalis afra,111560-1,Salicaceae,Dovyalis,afra,,False,Dovyalis caffra
3232589.0,307,Salix nigra,304250-2,Salicaceae,Salix,nigra,,False,Salix nigra
3422152.0,235,Salix uva-ursi,779108-1,Salicaceae,Salix,uva-ursi,,True,Salix uvaursi
3422221.0,238,Salix myrtillifolia,30028587-2,Salicaceae,Salix,myrtillifolia,,False,Salix myrtillifolia
3422206,259,Salix nigra,304250-2,Salicaceae,Salix,nigra,,False,Salix nigra
3422200.0,242,Salix serissima,310173-2,Salicaceae,Salix,serissima,,False,Salix serissima
4618844,273,Populus tremula,302387-2,Salicaceae,Populus,tremula,,False,Populus tremula var. davidiana
4618227.0,511,Buckleya lanceolata,780042-1,Santalaceae,Buckleya,lanceolata,,False,Buckleya lanceolata
4301409.0,269,Viscum coloratum,552303-1,Santalaceae,Viscum,coloratum,,False,Viscum album subsp. coloratum
4302181.0,511,Buckleya lanceolata,780042-1,Santalaceae,Buckleya,lanceolata,,False,Buckleya lanceolata
3818554.0,227,Viscum articulatum,552269-1,Santalaceae,Viscum,articulatum,,True,Viscum articulatum
4301283.0,269,Viscum coloratum,552303-1,Santalaceae,Viscum,coloratum,,False,Viscum album subsp. coloratum
11887129.0,449,Acanthosyris spinescens,780001-1,Santalaceae,Acanthosyris,spinescens,,False,Acanthosyris spinescens
4617610.0,429,Santalum boninense,780595-1,Santalaceae,Santalum,boninense,,False,Santalum boninense
3852057.0,379,Exocarpos latifolius,780190-1,Santalaceae,Exocarpos,latifolius,,False,Exocarpos latifolius
4617539.0,430,Santalum boninense,780595-1,Santalaceae,Santalum,boninense,,False,Santalum boninense
6143932.0,449,Santalum album,780592-1,Santalaceae,Santalum,album,,False,Santalum album
3818374.0,379,Exocarpos latifolius,780190-1,Santalaceae,Exocarpos,latifolius,,False,Exocarpos latifolius
4618386.0,458,Acer pictum subsp. mayrii,976222-1,Sapindaceae,Acer,pictum,mayrii,False,Acer pictum subsp. mayrii
6288703.0,461,Pancovia harmsiana,784009-1,Sapindaceae,Pancovia,harmsiana,,False,Pancovia harmsiana
4617837.0,482,Acer sieboldianum,781510-1,Sapindaceae,Acer,sieboldianum,,False,Acer sieboldianum
4934078.0,516,Deinbollia pycnophylla,782745-1,Sapindaceae,Deinbollia,pycnophylla,,False,Deinbollia pycnophylla
4617655.0,476,Acer crataegifolium,781271-1,Sapindaceae,Acer,crataegifolium,,False,Acer crataegifolium
14517505.0,467,Acer cissifolium,781261-1,Sapindaceae,Acer,cissifolium,,False,Acer cissifolium
5911659.0,492,Acer rubrum,1867-2,Sapindaceae,Acer,rubrum,,False,Acer rubrum
4618431.0,483,Acer sieboldianum,781510-1,Sapindaceae,Acer,sieboldianum,,False,Acer sieboldianum
4302436.0,469,Sapindus mukorossi,784657-1,Sapindaceae,Sapindus,mukorossi,,False,Sapindus mukorossi
9077841.0,463,Mischocarpus sundaicus,783716-1,Sapindaceae,Mischocarpus,sundaicus,,False,Mischocarpus sundaicus
8296617.0,458,Pometia pinnata,784485-1,Sapindaceae,Pometia,pinnata,,False,Pometia pinnata
4300987.0,472,Acer carpinifolium,781254-1,Sapindaceae,Acer,carpinifolium,,False,Acer carpinifolium
4301164.0,473,Acer distylum,781290-1,Sapindaceae,Acer,distylum,,False,Acer distylum
4617385.0,471,Acer cissifolium,781261-1,Sapindaceae,Acer,cissifolium,,False,Acer cissifolium
14795904.0,384,Thouinia paucidentata,252754-2,Sapindaceae,Thouinia,paucidentata,,False,Thouinia paucidentata
4618991.0,506,Acer rufinerve,781491-1,Sapindaceae,Acer,rufinerve,,False,Acer rufinerve
5895519.0,377,Thouinia striata,252764-2,Sapindaceae,Thouinia,striata,,False,Thouinia striata
6288544.0,461,Pancovia harmsiana,784009-1,Sapindaceae,Pancovia,harmsiana,,False,Pancovia harmsiana
5911522.0,486,Acer saccharum,56795-1,Sapindaceae,Acer,saccharum,,False,Acer saccharum
4301089.0,452,Acer carpinifolium,781254-1,Sapindaceae,Acer,carpinifolium,,False,Acer carpinifolium
10285472.0,274,Allophylus psilospermus,781899-1,Sapindaceae,Allophylus,psilospermus,,False,Allophylus psilospermus
8268294.0,458,Pometia pinnata,784485-1,Sapindaceae,Pometia,pinnata,,False,Pometia pinnata
4302321.0,451,Acer micranthum,781391-1,Sapindaceae,Acer,micranthum,,False,Acer micranthum
4618257.0,497,Dodonaea viscosa,30058367-2,Sapindaceae,Dodonaea,viscosa,,False,Dodonaea viscosa
4618666.0,451,Sapindus mukorossi,784657-1,Sapindaceae,Sapindus,mukorossi,,False,Sapindus mukorossi
3922574.0,452,Acer pectinatum,781444-1,Sapindaceae,Acer,pectinatum,,True,Acer pectinatum
3852114.0,335,Rhysotoechia florulenta,960097-1,Sapindaceae,Rhysotoechia,florulenta,,False,Rhysotoechia florulenta
4302369.0,476,Acer crataegifolium,781271-1,Sapindaceae,Acer,crataegifolium,,False,Acer crataegifolium
9077808.0,461,Mischocarpus sundaicus,783716-1,Sapindaceae,Mischocarpus,sundaicus,,False,Mischocarpus sundaicus
4301183.0,485,Acer rufinerve,781491-1,Sapindaceae,Acer,rufinerve,,False,Acer rufinerve
4934427.0,480,Eriocoelum sp.,36397-1,Sapindaceae,Eriocoelum,,,False,Eriocoelum sp.
4934381.0,488,Chytranthus talbotii,782301-1,Sapindaceae,Chytranthus,talbotii,,False,Chytranthus talbotii
10556295.0,446,Dodonaea viscosa,30058367-2,Sapindaceae,Dodonaea,viscosa,,False,Dodonaea viscosa
8336052.0,336,Allophylus cobbe,77163314-1,Sapindaceae,Allophylus,cobbe,,False,Allophylus cobbe
4618709.0,483,Acer palmatum subsp. matsumurae,77249389-1,Sapindaceae,Acer,palmatum,matsumurae,False,Acer amoenum var. matsumurae
4934395.0,485,Placodiscus sp.,36531-1,Sapindaceae,Placodiscus,,,False,Placodiscus sp.
4934140.0,515,Deinbollia maxima,782734-1,Sapindaceae,Deinbollia,maxima,,False,Deinbollia maxima
4303213.0,478,Acer distylum,781290-1,Sapindaceae,Acer,distylum,,False,Acer distylum
4617950.0,483,Acer shirasawanum,56804-1,Sapindaceae,Acer,shirasawanum,,False,Acer shirasawanum
5895710.0,524,Exothea paniculata,102890-2,Sapindaceae,Exothea,paniculata,,False,Exothea paniculata
4301358.0,439,Aesculus turbinata,781631-1,Sapindaceae,Aesculus,turbinata,,False,Aesculus turbinata
4617968.0,442,Acer pictum subsp. mono,976224-1,Sapindaceae,Acer,pictum,mono,False,Acer pictum subsp. mono
3922562.0,416,Acer davidii,781279-1,Sapindaceae,Acer,davidii,,False,Acer davidii
4618250.0,482,Acer palmatum subsp. matsumurae,77249389-1,Sapindaceae,Acer,palmatum,matsumurae,False,Acer amoenum var. matsumurae
4617380.0,482,Acer japonicum,781349-1,Sapindaceae,Acer,japonicum,,False,Acer japonicum
4301121.0,482,Acer japonicum,781349-1,Sapindaceae,Acer,japonicum,,False,Acer japonicum
4301694.0,401,Acer pictum subsp. mayrii,976222-1,Sapindaceae,Acer,pictum,mayrii,False,Acer pictum subsp. mayrii
5911556.0,486,Acer saccharum,56795-1,Sapindaceae,Acer,saccharum,,False,Acer saccharum
4617609.0,399,Acer palmatum,927504-1,Sapindaceae,Acer,palmatum,,True,Acer palmatum
3580617.0,460,Eriocoelum sp.,36397-1,Sapindaceae,Eriocoelum,,,False,Eriocoelum sp. 2
4301303.0,477,Acer palmatum,927504-1,Sapindaceae,Acer,palmatum,,True,Acer palmatum
4302944.0,462,Acer micranthum,781391-1,Sapindaceae,Acer,micranthum,,False,Acer micranthum
4934455.0,528,Aporrhiza sp.,36286-1,Sapindaceae,Aporrhiza,,,False,Aporrhiza sp.
4301493.0,439,Aesculus turbinata,781631-1,Sapindaceae,Aesculus,turbinata,,False,Aesculus turbinata
9048282.0,461,Mischocarpus pyriformis,167083-3,Sapindaceae,Mischocarpus,pyriformis,,False,Mischocarpus pyriformis
4619295.0,483,Acer pycnanthum,781471-1,Sapindaceae,Acer,pycnanthum,,False,Acer pycnanthum
3232335.0,484,Acer spicatum,781514-1,Sapindaceae,Acer,spicatum,,False,Acer spicatum
8267513.0,490,Xerospermum noronhianum,785626-1,Sapindaceae,Xerospermum,noronhianum,,False,Xerospermum noronhianum
4618300.0,461,Acer pictum subsp. taishakuense,976227-1,Sapindaceae,Acer,pictum,taishakuense,False,Acer pictum subsp. taishakuense
5895696.0,419,Matayba domingensis,783596-1,Sapindaceae,Matayba,domingensis,,False,Matayba domingensis
4934219.0,488,Chytranthus sp.,36326-1,Sapindaceae,Chytranthus,,,False,Chytranthus sp.
3232334.0,446,Acer tataricum subsp. ginnala,77249729-1,Sapindaceae,Acer,tataricum,ginnala,False,Acer ginnala
8261415.0,490,Xerospermum noronhianum,785626-1,Sapindaceae,Xerospermum,noronhianum,,False,Xerospermum noronhianum
15057589.0,533,Ungnadia speciosa,785564-1,Sapindaceae,Ungnadia,speciosa,,False,Ungnadia speciosa
4618613.0,475,Acer capillipes,781252-1,Sapindaceae,Acer,capillipes,,False,Acer capillipes
4934035.0,490,Chytranthus sp.,36326-1,Sapindaceae,Chytranthus,,,False,Chytranthus sp.
6541678.0,455,Acer pensylvanicum,781446-1,Sapindaceae,Acer,pensylvanicum,,False,Acer pensylvanicum
4618984.0,483,Acer tenuifolium,56830-1,Sapindaceae,Acer,tenuifolium,,False,Acer tenuifolium
4933994.0,528,Aporrhiza sp.,36286-1,Sapindaceae,Aporrhiza,,,False,Aporrhiza sp.
8301111.0,462,Elattostachys verrucosa,783011-1,Sapindaceae,Elattostachys,verrucosa,,False,Elattostachys verrucosa
14517498.0,470,Acer capillipes,781252-1,Sapindaceae,Acer,capillipes,,False,Acer capillipes
3852113.0,473,Mischocarpus sp.,331776-2,Sapindaceae,Mischocarpus,,,False,Mischocarpus sp.
4934076.0,367,Allophylus megaphyllus,781851-1,Sapindaceae,Allophylus,megaphyllus,,False,Allophylus megaphyllus
4934005.0,364,Allophylus megaphyllus,781851-1,Sapindaceae,Allophylus,megaphyllus,,False,Allophylus megaphyllus
4617934.0,469,Acer pycnanthum,781471-1,Sapindaceae,Acer,pycnanthum,,False,Acer pycnanthum
5895554.0,464,Exothea paniculata,102890-2,Sapindaceae,Exothea,paniculata,,False,Exothea paniculata
9077839.0,461,Mischocarpus grandissimus,166973-3,Sapindaceae,Mischocarpus,grandissimus,,False,Mischocarpus grandissimus
3922564.0,450,Acer davidii,781279-1,Sapindaceae,Acer,davidii,,False,Acer davidii
3852107.0,472,Sarcopteryx reticulata,905180-1,Sapindaceae,Sarcopteryx,reticulata,,False,Sarcopteryx reticulata
4934069.0,523,Deinbollia maxima,782734-1,Sapindaceae,Deinbollia,maxima,,False,Deinbollia maxima
3818383.0,459,Mischarytera lautereriana,984026-1,Sapindaceae,Mischarytera,lautereriana,,False,Mischarytera lautereriana
6288658.0,458,Blighia welwitschii,782154-1,Sapindaceae,Blighia,welwitschii,,False,Blighia welwitschii
4617642.0,462,Acer pictum subsp. mono,976224-1,Sapindaceae,Acer,pictum,mono,False,Acer pictum subsp. mono
4618181.0,463,Acer tschonoskii var. tschonoskii,77227205-1,Sapindaceae,Acer,tschonoskii,tschonoskii,False,Acer tschonoskii var. tschonoskii
5911454.0,492,Acer rubrum,1867-2,Sapindaceae,Acer,rubrum,,False,Acer rubrum
3922573.0,369,Acer fabri,781302-1,Sapindaceae,Acer,fabri,,False,Acer fabri
4617762.0,461,Acer pictum subsp. taishakuense,976227-1,Sapindaceae,Acer,pictum,taishakuense,False,Acer pictum subsp. taishakuense
4617413.0,478,Acer diabolicum,781283-1,Sapindaceae,Acer,diabolicum,,False,Acer diabolicum
5895418.0,320,Allophylus crassinervis,9130-2,Sapindaceae,Allophylus,crassinervis,,False,Allophylus crassinervis
3818529.0,532,Harpullia rhyticarpa,783347-1,Sapindaceae,Harpullia,rhyticarpa,,False,Harpullia rhyticarpa
4618534.0,492,Acer tataricum subsp. aidzuense,978225-1,Sapindaceae,Acer,tataricum,aidzuense,False,Acer ginnala var. aidzuense
4617379.0,453,Acer ukurunduense,781555-1,Sapindaceae,Acer,ukurunduense,,False,Acer ukurunduense
5895542.0,509,Hypelate trifoliata,783394-1,Sapindaceae,Hypelate,trifoliata,,True,Hypelate trifoliata
4301964.0,464,Acer insulare,56686-1,Sapindaceae,Acer,insulare,,False,Acer insulare
18514736.0,337,Thouinia paucidentata,252754-2,Sapindaceae,Thouinia,paucidentata,,False,Thouinia paucidentata
4300903.0,454,Acer ukurunduense,781555-1,Sapindaceae,Acer,ukurunduense,,False,Acer ukurunduense
5211204.0,457,Acer campestre,781250-1,Sapindaceae,Acer,campestre,,False,Acer campestre
5911596.0,483,Acer spicatum,781514-1,Sapindaceae,Acer,spicatum,,False,Acer spicatum
4618639.0,464,Acer tschonoskii var. tschonoskii,77227205-1,Sapindaceae,Acer,tschonoskii,tschonoskii,False,Acer tschonoskii var. tschonoskii
14517569.0,424,Acer morifolium,56744-1,Sapindaceae,Acer,morifolium,,False,Acer morifolium
9048255.0,461,Mischocarpus pyriformis,167083-3,Sapindaceae,Mischocarpus,pyriformis,,False,Mischocarpus pyriformis
5895651.0,379,Paullinia pinnata,185718-2,Sapindaceae,Paullinia,pinnata,,False,Paullinia pinnata
4300991.0,454,Acer argutum,781231-1,Sapindaceae,Acer,argutum,,False,Acer argutum
8268303.0,465,Elattostachys verrucosa,783011-1,Sapindaceae,Elattostachys,verrucosa,,False,Elattostachys verrucosa
4618139.0,466,Acer miyabei,781396-1,Sapindaceae,Acer,miyabei,,False,Acer miyabei
4301044.0,447,Acer argutum,781231-1,Sapindaceae,Acer,argutum,,False,Acer argutum
5895378.0,326,Allophylus racemosus,781904-1,Sapindaceae,Allophylus,racemosus,,True,Allophylus racemosus
6288505.0,461,Pancovia laurentii,784013-1,Sapindaceae,Pancovia,laurentii,,False,Pancovia laurentii
6541719.0,304,Acer pensylvanicum,781446-1,Sapindaceae,Acer,pensylvanicum,,False,Acer pensylvanicum
4933971.0,516,Deinbollia pycnophylla,782745-1,Sapindaceae,Deinbollia,pycnophylla,,False,Deinbollia pycnophylla
3922571.0,369,Acer fabri,781302-1,Sapindaceae,Acer,fabri,,False,Acer fabri
3604336.0,378,Toechima erythrocarpum,785481-1,Sapindaceae,Toechima,erythrocarpum,,False,Toechima erythrocarpum
3922576.0,451,Acer pectinatum,781444-1,Sapindaceae,Acer,pectinatum,,True,Acer pectinatum
4934333.0,498,Laccodiscus ferrugineus,783432-1,Sapindaceae,Laccodiscus,ferrugineus,,False,Laccodiscus ferrugineus
5895663.0,379,Paullinia pinnata,185718-2,Sapindaceae,Paullinia,pinnata,,False,Paullinia pinnata
15080817.0,423,Aesculus californica,781583-1,Sapindaceae,Aesculus,californica,,False,Aesculus californica
3818381.0,474,Toechima erythrocarpum,785481-1,Sapindaceae,Toechima,erythrocarpum,,False,Toechima erythrocarpum
15057588.0,573,Koelreuteria paniculata,783426-1,Sapindaceae,Koelreuteria,paniculata,,False,Koelreuteria paniculata
4617816.0,478,Acer diabolicum,781283-1,Sapindaceae,Acer,diabolicum,,False,Acer diabolicum
5895409.0,282,Melicoccus bijugatus,783682-1,Sapindaceae,Melicoccus,bijugatus,,False,Melicoccus bijugatus
8261412.0,412,Nephelium lappaceum,783833-1,Sapindaceae,Nephelium,lappaceum,,False,Nephelium lappaceum
4934277.0,437,Placodiscus sp.,36531-1,Sapindaceae,Placodiscus,,,False,Placodiscus sp.
4934195.0,498,Laccodiscus ferrugineus,783432-1,Sapindaceae,Laccodiscus,ferrugineus,,False,Laccodiscus ferrugineus
15080721.0,482,Xanthoceras sorbifolium,785606-1,Sapindaceae,Xanthoceras,sorbifolium,,False,Xanthoceras sorbifolium
4933999.0,488,Chytranthus talbotii,782301-1,Sapindaceae,Chytranthus,talbotii,,False,Chytranthus talbotii
9077785.0,463,Mischocarpus largifolius,783700-1,Sapindaceae,Mischocarpus,largifolius,,False,Mischocarpus largifolius
5895400.0,377,Thouinia striata var. portoricensis,252766-2,Sapindaceae,Thouinia,striata,portoricensis,False,Thouinia portoricensis
5895747.0,284,Allophylus crassinervis,9130-2,Sapindaceae,Allophylus,crassinervis,,False,Allophylus crassinervis
4618186.0,483,Acer shirasawanum,56804-1,Sapindaceae,Acer,shirasawanum,,False,Acer shirasawanum
3818384.0,459,Mischarytera lautereriana,984026-1,Sapindaceae,Mischarytera,lautereriana,,False,Mischarytera lautereriana
3232947.0,485,Acer negundo,781412-1,Sapindaceae,Acer,negundo,,False,Acer negundo
3922578.0,479,Acer tataricum,781526-1,Sapindaceae,Acer,tataricum,,False,Acer tataricum
3818380.0,259,Sarcotoechia cuneata,784716-1,Sapindaceae,Sarcotoechia,cuneata,,False,Sarcotoechia cuneata
8335935,583,Palaquium gutta,60456374-2,Sapotaceae,Palaquium,gutta,,False,Palaquium gutta
8301099.0,439,Pleioluma firma,77131817-1,Sapotaceae,Pleioluma,firma,,False,Planchonella firma
5895585.0,525,Sideroxylon obovatum,789776-1,Sapotaceae,Sideroxylon,obovatum,,True,Sideroxylon obovatum
6288602,638,Gambeya beguei,786842-1,Sapotaceae,Gambeya,beguei,,False,Chrysophyllum beguei
10285471.0,290,Pouteria pallida,209842-2,Sapotaceae,Pouteria,pallida,,False,Pouteria pallida
6288643.0,460,Omphalocarpum lecomteanum,788179-1,Sapotaceae,Omphalocarpum,lecomteanum,,False,Omphalocarpum lecomteanum
6288682,588,Donella pruniformis,786745-1,Sapotaceae,Donella,pruniformis,,False,Chrysophyllum pruniforme
5895479.0,519,Pouteria dictyoneura,788905-1,Sapotaceae,Pouteria,dictyoneura,,False,Pouteria dictyoneura
4934126.0,567,Chrysophyllum sp.,325770-2,Sapotaceae,Chrysophyllum,,,False,Chrysophyllum sp.
8335939,575,Planchonella maingayi,788675-1,Sapotaceae,Planchonella,maingayi,,False,Planchonella maingayi
6288659,555,Chrysophyllum sp.,325770-2,Sapotaceae,Chrysophyllum,,,False,Chrysophyllum sp.
4618326,513,Planchonella boninensis,788578-1,Sapotaceae,Planchonella,boninensis,,False,Planchonella boninensis
3818336,467,Planchonella euphlebia,788617-1,Sapotaceae,Planchonella,euphlebia,,False,Pouteria euphlebia
5895604,551,Sideroxylon portoricense,285016-2,Sapotaceae,Sideroxylon,portoricense,,False,Sideroxylon portoricense
3580666.0,458,Synsepalum sp.,36894-1,Sapotaceae,Synsepalum,,,False,Synsepalum sp.
4618489.0,447,Planchonella obovata,788694-1,Sapotaceae,Planchonella,obovata,,False,Planchonella obovata var. dubia
6288517.0,524,Tridesmostemon omphalocarpoides,789951-1,Sapotaceae,Tridesmostemon,omphalocarpoides,,False,Tridesmostemon omphalocarpoides
8336002,546,Palaquium obtusifolium,788372-1,Sapotaceae,Palaquium,obtusifolium,,False,Palaquium obtusifolium
8268270,588,Palaquium supfianum,788428-1,Sapotaceae,Palaquium,supfianum,,False,Palaquium supfianum
6288657,582,Synsepalum subcordatum,789933-1,Sapotaceae,Synsepalum,subcordatum,,False,Synsepalum subcordatum
6288549,573,Gambeya africana,786839-1,Sapotaceae,Gambeya,africana,,False,Chrysophyllum africanum
4934436,646,Englerophytum sp.,36731-1,Sapotaceae,Englerophytum,,,False,Englerophytum sp.
8268320.0,456,Pleioluma moluccana,77131829-1,Sapotaceae,Pleioluma,moluccana,,False,Planchonella moluccana
15057463,588,Sideroxylon lanuginosum,236052-2,Sapotaceae,Sideroxylon,lanuginosum,,False,Sideroxylon lanuginosum
5895535.0,495,Sideroxylon foetidissimum,236041-2,Sapotaceae,Sideroxylon,foetidissimum,,False,Sideroxylon foetidissimum
8301137,500,Planchonella duclitan,788610-1,Sapotaceae,Planchonella,duclitan,,False,Planchonella nitida
6288511,581,Gambeya lacourtiana,786849-1,Sapotaceae,Gambeya,lacourtiana,,False,Chrysophyllum lacourtianum
3818337,455,Pouteria sp.,30005062-2,Sapotaceae,Pouteria,,,False,Pouteria sp.
8296614,571,Palaquium lobbianum,788342-1,Sapotaceae,Palaquium,lobbianum,,False,Palaquium lobbianum
8268248,599,Palaquium supfianum,788428-1,Sapotaceae,Palaquium,supfianum,,False,Palaquium supfianum
5895537,554,Sideroxylon salicifolium,60449494-2,Sapotaceae,Sideroxylon,salicifolium,,False,Sideroxylon salicifolium
8335944,462,Planchonella malaccensis,77131676-1,Sapotaceae,Planchonella,malaccensis,,False,Pouteria malaccensis
5895482,527,Manilkara pleeana,787688-1,Sapotaceae,Manilkara,pleeana,,False,Manilkara pleeana
8261248.0,612,Madhuca kingiana,787491-1,Sapotaceae,Madhuca,kingiana,,False,Madhuca kingiana
5895512,551,Sideroxylon portoricense,285016-2,Sapotaceae,Sideroxylon,portoricense,,False,Sideroxylon portoricense
15080830,328,Sideroxylon spinosum,789863-1,Sapotaceae,Sideroxylon,spinosum,,False,Argania spinosa
8261386.0,570,Palaquium gutta,60456374-2,Sapotaceae,Palaquium,gutta,,False,Palaquium gutta
8301114.0,370,Palaquium obtusifolium,788372-1,Sapotaceae,Palaquium,obtusifolium,,False,Palaquium obtusifolium
8335949.0,586,Madhuca kingiana,787491-1,Sapotaceae,Madhuca,kingiana,,False,Madhuca kingiana
15061739.0,272,Leptolaena cuspidata,167663-1,Sarcolaenaceae,Leptolaena,cuspidata,,False,Leptolaena cuspidata
15080910.0,272,Xyloolaena richardii,167723-1,Sarcolaenaceae,Xyloolaena,richardii,,False,Xyloolaena richardii
15080627,399,Sarracenia alata,227800-2,Sarraceniaceae,Sarracenia,alata,,False,Sarracenia alata
6632216.0,243,Saururus cernuus,284624-2,Saururaceae,Saururus,cernuus,,True,Saururus cernuus
6511569.0,408,Mitella diphylla,791948-1,Saxifragaceae,Mitella,diphylla,,False,Mitella diphylla
6541640.0,400,Heuchera americana,791301-1,Saxifragaceae,Heuchera,americana,,True,Heuchera americana
6541576.0,208,Chrysosplenium americanum,790546-1,Saxifragaceae,Chrysosplenium,americanum,,False,Chrysosplenium americanum
3232623.0,380,Tiarella cordifolia,30175905-2,Saxifragaceae,Tiarella,cordifolia,,False,Tiarella cordifolia
15080761.0,347,Saxifraga stolonifera,794584-1,Saxifragaceae,Saxifraga,stolonifera,,False,Saxifraga stolonifera
5911387.0,399,Mitella diphylla,791948-1,Saxifragaceae,Mitella,diphylla,,False,Mitella diphylla
3232527.0,379,Mitella nuda,791967-1,Saxifragaceae,Mitella,nuda,,False,Mitella nuda
6541637.0,208,Chrysosplenium americanum,790546-1,Saxifragaceae,Chrysosplenium,americanum,,False,Chrysosplenium americanum
6541757.0,386,Heuchera americana,791301-1,Saxifragaceae,Heuchera,americana,,True,Heuchera americana
5211215.0,226,Saxifraga tridactylites,794664-1,Saxifragaceae,Saxifraga,tridactylites,,False,Saxifraga tridactylites
6143984.0,416,Bergenia ciliata,790356-1,Saxifragaceae,Bergenia,ciliata,,True,Bergenia ciliata
3923877.0,319,Kadsura longipedunculata,554584-1,Schisandraceae,Kadsura,longipedunculata,,False,Kadsura longipedunculata
14517485.0,467,Schisandra repanda,555078-1,Schisandraceae,Schisandra,repanda,,False,Schisandra repanda
4618313.0,310,Kadsura japonica,554582-1,Schisandraceae,Kadsura,japonica,,False,Kadsura japonica
4302905.0,310,Kadsura japonica,554582-1,Schisandraceae,Kadsura,japonica,,False,Kadsura japonica
4618563.0,465,Schisandra repanda,555078-1,Schisandraceae,Schisandra,repanda,,False,Schisandra repanda
4301532.0,453,Schisandra chinensis,60456331-2,Schisandraceae,Schisandra,chinensis,,False,Schisandra chinensis
3925881.0,311,Schisandra propinqua,77177049-1,Schisandraceae,Schisandra,propinqua,,False,Schisandra propinqua
4301711.0,462,Schisandra chinensis,60456331-2,Schisandraceae,Schisandra,chinensis,,False,Schisandra chinensis
15080589.0,459,Illicium parviflorum,554530-1,Schisandraceae,Illicium,parviflorum,,False,Illicium parviflorum
3925883.0,311,Schisandra propinqua,77177049-1,Schisandraceae,Schisandra,propinqua,,False,Schisandra propinqua
3925887.0,475,Schisandra sphenanthera,555104-1,Schisandraceae,Schisandra,sphenanthera,,False,Schisandra sphenanthera
3925889.0,475,Schisandra sphenanthera,555104-1,Schisandraceae,Schisandra,sphenanthera,,False,Schisandra sphenanthera
4301577.0,460,Illicium tashiroi,554547-1,Schisandraceae,Illicium,tashiroi,,False,Illicium tashiroi
3923874.0,319,Kadsura longipedunculata,554584-1,Schisandraceae,Kadsura,longipedunculata,,False,Kadsura longipedunculata
5895654,559,Schlegelia brachyantha,110594-1,Schlegeliaceae,Schlegelia,brachyantha,,False,Schlegelia brachyantha
5895666.0,573,Schlegelia brachyantha,110594-1,Schlegeliaceae,Schlegelia,brachyantha,,False,Schlegelia brachyantha
5895643.0,375,Schoepfia obovata,608383-1,Schoepfiaceae,Schoepfia,obovata,,False,Schoepfia obovata
5895743.0,375,Schoepfia obovata,608383-1,Schoepfiaceae,Schoepfia,obovata,,False,Schoepfia obovata
4302921.0,350,Schoepfia jasminodora,608374-1,Schoepfiaceae,Schoepfia,jasminodora,,False,Schoepfia jasminodora
4302782.0,348,Schoepfia jasminodora,608374-1,Schoepfiaceae,Schoepfia,jasminodora,,False,Schoepfia jasminodora
5895444.0,403,Schoepfia schreberi,608391-1,Schoepfiaceae,Schoepfia,schreberi,,False,Schoepfia schreberi
14517560.0,338,Buddleja curviflora,545730-1,Scrophulariaceae,Buddleja,curviflora,,False,Buddleja curviflora f. venenifera
4619163.0,388,Myoporum boninense,585263-1,Scrophulariaceae,Myoporum,boninense,,False,Myoporum boninense
10556238.0,346,Buddleja lindleyana,545804-1,Scrophulariaceae,Buddleja,lindleyana,,False,Buddleja lindleyana
4302092.0,328,Buddleja japonica,545793-1,Scrophulariaceae,Buddleja,japonica,,False,Buddleja japonica
4618777.0,338,Buddleja curviflora,545730-1,Scrophulariaceae,Buddleja,curviflora,,False,Buddleja curviflora f. venenifera
4301890,328,Buddleja japonica,545793-1,Scrophulariaceae,Buddleja,japonica,,False,Buddleja japonica
10556240,346,Buddleja lindleyana,545804-1,Scrophulariaceae,Buddleja,lindleyana,,False,Buddleja lindleyana
3232635.0,539,Verbascum thapsus,770183-1,Scrophulariaceae,Verbascum,thapsus,,False,Verbascum thapsus
15080790.0,353,Buddleja indica,545783-1,Scrophulariaceae,Buddleja,indica,,False,Buddleja indica
5895533,417,Bontia daphnoides,319112-2,Scrophulariaceae,Bontia,daphnoides,,False,Bontia daphnoides
6541721,507,Scrophularia lanceolata,809288-1,Scrophulariaceae,Scrophularia,lanceolata,,False,Scrophularia lanceolata
4301607.0,388,Myoporum bontioides,585264-1,Scrophulariaceae,Myoporum,bontioides,,False,Myoporum bontioides
15080755.0,413,Hebenstretia dentata,813157-1,Scrophulariaceae,Hebenstretia,dentata,,False,Hebenstretia dentata
6288712.0,458,Odyendea klaineana,813855-1,Simaroubaceae,Odyendea,klaineana,,False,Quassia undulata
4618109.0,209,Picrasma quassioides,813963-1,Simaroubaceae,Picrasma,quassioides,,False,Picrasma quassioides
4618153.0,208,Picrasma quassioides,813963-1,Simaroubaceae,Picrasma,quassioides,,False,Picrasma quassioides
3818319.0,520,Ailanthus triphysa,813557-1,Simaroubaceae,Ailanthus,triphysa,,False,Ailanthus triphysa
5895548.0,516,Simarouba tulae,814136-1,Simaroubaceae,Simarouba,tulae,,False,Simarouba tulae
6288546.0,467,Odyendea klaineana,813855-1,Simaroubaceae,Odyendea,klaineana,,False,Quassia undulata
8301140.0,446,Ailanthus integrifolia,97432-3,Simaroubaceae,Ailanthus,integrifolia,,False,Ailanthus integrifolia
8301150.0,221,Picrasma javanica,813957-1,Simaroubaceae,Picrasma,javanica,,False,Picrasma javanica
5895474.0,240,Picrasma excelsa,813955-1,Simaroubaceae,Picrasma,excelsa,,False,Picrasma excelsa
4934452.0,515,Glossocalyx longicuspis,581875-1,Siparunaceae,Glossocalyx,longicuspis,,False,Glossocalyx brevipes
4934325.0,516,Glossocalyx longicuspis,581875-1,Siparunaceae,Glossocalyx,longicuspis,,False,Glossocalyx brevipes
6574495.0,411,Smilax hispida,324533-2,Smilacaceae,Smilax,hispida,,True,Smilax hispida
9754241.0,538,Smilax irrorata,315328-2,Smilacaceae,Smilax,irrorata,,False,Smilax irrorata
11707477.0,531,Solanum sp.,819125-1,Solanaceae,Solanum,,,True,Solanum mauritianum
9813061.0,479,Solanum elaeagnifolium,819099-1,Solanaceae,Solanum,elaeagnifolium,,True,Solanum elaeagnifolium
11707458.0,501,Solanum elaeagnifolium,819099-1,Solanaceae,Solanum,elaeagnifolium,,True,Solanum elaeagnifolium
11707487.0,531,Solanum sp.,819125-1,Solanaceae,Solanum,,,True,Solanum mauritianum
11707438.0,513,Solanum pseudocapsicum,316948-2,Solanaceae,Solanum,pseudocapsicum,,False,Solanum pseudocapsicum
9813437.0,471,Solanum houstonii,77124846-1,Solanaceae,Solanum,houstonii,,True,Solanum houstonii
6785993.0,529,Solanum coagulans,818739-1,Solanaceae,Solanum,coagulans,,True,Solanum coagulans
3926024.0,445,Solanum spirale,821071-1,Solanaceae,Solanum,spirale,,False,Solanum spirale
9754243.0,406,Solanum rugosum,820831-1,Solanaceae,Solanum,rugosum,,True,Solanum rugosum
9813446.0,460,Solanum hindsianum,819465-1,Solanaceae,Solanum,hindsianum,,False,Solanum hindsianum
9813444.0,462,Solanum hindsianum,819465-1,Solanaceae,Solanum,hindsianum,,False,Solanum hindsianum
3926020.0,441,Solanum nigrum,30048260-2,Solanaceae,Solanum,nigrum,,False,Solanum nigrum
4619208.0,483,Lycium chinense,816389-1,Solanaceae,Lycium,chinense,,False,Lycium chinense
11707494.0,478,Solanum campylacanthum,60458980-2,Solanaceae,Solanum,campylacanthum,,False,Solanum campylacanthum
11707454.0,445,Solanum lichtensteinii,819825-1,Solanaceae,Solanum,lichtensteinii,,False,Solanum lichtensteinii
6188819.0,545,Solanum hastifolium,819408-1,Solanaceae,Solanum,hastifolium,,False,Solanum hastifolium
5895623.0,558,Cestrum citrifolium,814955-1,Solanaceae,Cestrum,citrifolium,,False,Cestrum citrifolium
11707439.0,455,Solanum viarum,330693-2,Solanaceae,Solanum,viarum,,False,Solanum viarum
11707489.0,455,Solanum lichtensteinii,819825-1,Solanaceae,Solanum,lichtensteinii,,False,Solanum lichtensteinii
9048249.0,528,Solanum betaceum,306169-2,Solanaceae,Solanum,betaceum,,False,Cyphomandra betacea
10578443.0,541,Solanum nigrum,30048260-2,Solanaceae,Solanum,nigrum,,False,Solanum nigrum
9994430.0,557,Solanum torvum,821287-1,Solanaceae,Solanum,torvum,,True,Solanum torvum
15080610.0,506,Brunfelsia americana,319114-2,Solanaceae,Brunfelsia,americana,,False,Brunfelsia americana
6188749.0,551,Solanum lanzae,982524-1,Solanaceae,Solanum,lanzae,,False,Solanum lanzae
7088162.0,509,Solanum lanzae,982524-1,Solanaceae,Solanum,lanzae,,False,Solanum lanzae
15080716.0,496,Hyoscyamus aureus,815891-1,Solanaceae,Hyoscyamus,aureus,,False,Hyoscyamus aureus
5895514.0,437,Solanum ensifolium,819120-1,Solanaceae,Solanum,ensifolium,,False,Solanum ensifolium
3924082.0,481,Lycium chinense,816389-1,Solanaceae,Lycium,chinense,,False,Lycium chinense
15080694.0,523,Juanulloa mexicana,816048-1,Solanaceae,Juanulloa,mexicana,,False,Juanulloa mexicana
11707485.0,397,Solanum sisymbriifolium,330681-2,Solanaceae,Solanum,sisymbriifolium,,False,Solanum sisymbriifolium
11707480.0,407,Solanum chenopodioides,818670-1,Solanaceae,Solanum,chenopodioides,,True,Solanum chenopodioides
6757261.0,392,Lycium europaeum,816435-1,Solanaceae,Lycium,europaeum,,True,Lycium europaeum
3926011.0,411,Solanum lyratum,927300-1,Solanaceae,Solanum,lyratum,,False,Solanum lyratum
5895597.0,437,Solanum ensifolium,819120-1,Solanaceae,Solanum,ensifolium,,False,Solanum ensifolium
11707445.0,386,Solanum sisymbriifolium,330681-2,Solanaceae,Solanum,sisymbriifolium,,False,Solanum sisymbriifolium
11707440.0,546,Solanum seaforthianum,316949-2,Solanaceae,Solanum,seaforthianum,,False,Solanum seaforthianum
3926012.0,435,Solanum lyratum,927300-1,Solanaceae,Solanum,lyratum,,False,Solanum lyratum
3926005.0,447,Solanum aculeatissimum,330626-2,Solanaceae,Solanum,aculeatissimum,,False,Solanum khasianum
3924078.0,481,Lycium barbarum,816356-1,Solanaceae,Lycium,barbarum,,True,Lycium barbarum
5895518.0,512,Brunfelsia lactea,37544-2,Solanaceae,Brunfelsia,lactea,,False,Brunfelsia lactea
6259097.0,535,Solanum campylacanthum,60458980-2,Solanaceae,Solanum,campylacanthum,,False,Solanum campylacanthum
6188837.0,544,Solanum taitense,821205-1,Solanaceae,Solanum,taitense,,False,Solanum taitense
6785992.0,529,Solanum coagulans,818739-1,Solanaceae,Solanum,coagulans,,True,Solanum coagulans
3926021.0,411,Solanum pittosporifolium,820524-1,Solanaceae,Solanum,pittosporifolium,,False,Solanum pittosporifolium
6259148.0,545,Solanum hastifolium,819408-1,Solanaceae,Solanum,hastifolium,,False,Solanum hastifolium
6259202.0,527,Withania somnifera,821709-1,Solanaceae,Withania,somnifera,,False,Withania somnifera
5895603.0,371,Brunfelsia americana,319114-2,Solanaceae,Brunfelsia,americana,,False,Brunfelsia americana
6143925.0,584,Physalis angulata,195334-2,Solanaceae,Physalis,angulata,,False,Physalis minima
11707460.0,488,Solanum supinum,821173-1,Solanaceae,Solanum,supinum,,False,Solanum supinum
3232979.0,528,Solanum dulcamara,285213-2,Solanaceae,Solanum,dulcamara,,False,Solanum dulcamara
3232546.0,509,Physalis heterophylla,817429-1,Solanaceae,Physalis,heterophylla,,True,Physalis heterophylla
15057501.0,428,Bouchetia erecta,35438-2,Solanaceae,Bouchetia,erecta,,False,Bouchetia erecta
5182582.0,289,Lycianthes rantonnetii,146600-2,Solanaceae,Lycianthes,rantonnetii,,False,Lycianthes rantonnetii
3926026.0,447,Solanum torvum,821287-1,Solanaceae,Solanum,torvum,,True,Solanum torvum
5895545.0,436,Solanum erianthum,819125-1,Solanaceae,Solanum,erianthum,,False,Solanum erianthum
3924083.0,490,Lycium ruthenicum,816609-1,Solanaceae,Lycium,ruthenicum,,False,Lycium ruthenicum
6188839.0,544,Solanum taitense,821205-1,Solanaceae,Solanum,taitense,,False,Solanum taitense
6730810.0,533,Solanum carolinense,285195-2,Solanaceae,Solanum,carolinense,,False,Solanum carolinense
11707451.0,508,Solanum pseudocapsicum,316948-2,Solanaceae,Solanum,pseudocapsicum,,False,Solanum pseudocapsicum
6541800.0,533,Solanum carolinense,285195-2,Solanaceae,Solanum,carolinense,,False,Solanum carolinense
6259159.0,527,Withania somnifera,821709-1,Solanaceae,Withania,somnifera,,False,Withania somnifera
10556258.0,633,Cestrum nocturnum,316386-2,Solanaceae,Cestrum,nocturnum,,False,Cestrum nocturnum
3926007.0,447,Solanum aculeatissimum,330626-2,Solanaceae,Solanum,aculeatissimum,,False,Solanum khasianum
6188867.0,536,Solanum tettense,821250-1,Solanaceae,Solanum,tettense,,False,Solanum tettense
5895532.0,297,Cestrum citrifolium,814955-1,Solanaceae,Cestrum,citrifolium,,False,Cestrum citrifolium
10556260.0,633,Cestrum nocturnum,316386-2,Solanaceae,Cestrum,nocturnum,,False,Cestrum nocturnum
6188866.0,536,Solanum tettense,821250-1,Solanaceae,Solanum,tettense,,False,Solanum tettense
8155445.0,323,Datura stramonium,314738-2,Solanaceae,Datura,stramonium,,False,Datura stramonium
6143911.0,511,Datura metel,314739-2,Solanaceae,Datura,metel,,True,Datura metel
5895602.0,527,Iochroma arborescens,77186334-1,Solanaceae,Iochroma,arborescens,,False,Acnistus arborescens
5182594.0,486,Solanum lycopersicum,316947-2,Solanaceae,Solanum,lycopersicum,,False,Solanum lycopersicum
15057605.0,501,Lycium carolinianum,816384-1,Solanaceae,Lycium,carolinianum,,False,Lycium carolinianum
5895509.0,495,Goetzea elegans,815802-1,Solanaceae,Goetzea,elegans,,False,Goetzea elegans
5895730.0,441,Brunfelsia portoricensis,37559-2,Solanaceae,Brunfelsia,portoricensis,,False,Brunfelsia portoricensis
15057584.0,511,Bouchetia erecta,35438-2,Solanaceae,Bouchetia,erecta,,False,Bouchetia erecta
6757258.0,359,Lycium europaeum,816435-1,Solanaceae,Lycium,europaeum,,True,Lycium europaeum
3926022.0,412,Solanum pittosporifolium,820524-1,Solanaceae,Solanum,pittosporifolium,,False,Solanum pittosporifolium
11707467.0,559,Solanum americanum,238279-2,Solanaceae,Solanum,americanum,,False,Solanum americanum
9077824.0,528,Solanum betaceum,306169-2,Solanaceae,Solanum,betaceum,,False,Cyphomandra betacea
9234098.0,542,Datura stramonium,314738-2,Solanaceae,Datura,stramonium,,False,Datura stramonium L.
11707459.0,511,Solanum supinum,821173-1,Solanaceae,Solanum,supinum,,False,Solanum supinum
6143950.0,529,Solanum trilobatum,821314-1,Solanaceae,Solanum,trilobatum,,True,Solanum trilobatum
3926023.0,445,Solanum spirale,821071-1,Solanaceae,Solanum,spirale,,False,Solanum spirale
15080555.0,471,Salpichroa origanifolia,817748-1,Solanaceae,Salpichroa,origanifolia,,False,Salpichroa origanifolia
9234095.0,467,Capsicum annuum,316944-2,Solanaceae,Capsicum,annuum,,False,Capsicum annuum
9234096.0,547,Solanum lycopersicum,316947-2,Solanaceae,Solanum,lycopersicum,,False,Solanum lycopersicum
11707481.0,407,Solanum americanum,238279-2,Solanaceae,Solanum,americanum,,False,Solanum americanum
9813420.0,502,Solanum euacanthum,819150-1,Solanaceae,Solanum,euacanthum,,False,Solanum euacanthum
11707468.0,457,Solanum chenopodioides,818670-1,Solanaceae,Solanum,chenopodioides,,True,Solanum chenopodioides
5211188.0,501,Lycium barbarum,816356-1,Solanaceae,Lycium,barbarum,,True,Lycium barbarum
11707441.0,457,Solanum viarum,330693-2,Solanaceae,Solanum,viarum,,False,Solanum viarum
15057528.0,517,Nicotiana glauca,816941-1,Solanaceae,Nicotiana,glauca,,False,Nicotiana glauca
3924085.0,490,Lycium ruthenicum,816609-1,Solanaceae,Lycium,ruthenicum,,False,Lycium ruthenicum
5182595.0,470,Solanum tuberosum,821337-1,Solanaceae,Solanum,tuberosum,,False,Solanum tuberosum
10285451.0,460,Physalis pubescens,195489-2,Solanaceae,Physalis,pubescens,,True,Physalis pubescens
9813438.0,473,Solanum houstonii,77124846-1,Solanaceae,Solanum,houstonii,,True,Solanum houstonii
6143949.0,539,Solanum melongena,820053-1,Solanaceae,Solanum,melongena,,True,Solanum melongena
9994431.0,485,Capsicum frutescens,316959-2,Solanaceae,Capsicum,frutescens,,False,Capsicum frutescens
5182591.0,472,Solanum dulcamara,285213-2,Solanaceae,Solanum,dulcamara,,False,Solanum dulcamara
15057608.0,523,Juanulloa mexicana,816048-1,Solanaceae,Juanulloa,mexicana,,False,Juanulloa aurantiaca
5895513.0,495,Goetzea elegans,815802-1,Solanaceae,Goetzea,elegans,,False,Goetzea elegans
9234094.0,544,Solanum melongena,820053-1,Solanaceae,Solanum,melongena,,True,Solanum melongena L.
15080819,259,Rhopalocarpus longipetiolatus,719918-1,Sphaerosepalaceae,Rhopalocarpus,longipetiolatus,,False,Rhopalocarpus longipetiolatus
4301961.0,470,Stachyurus praecox var. matsuzakii,77253021-1,Stachyuraceae,Stachyurus,praecox,matsuzakii,False,Stachyurus praecox var. matsuzakii
4617682.0,469,Stachyurus praecox var. praecox,77232385-1,Stachyuraceae,Stachyurus,praecox,praecox,False,Stachyurus praecox var. praecox
4301640.0,462,Stachyurus praecox var. praecox,77232385-1,Stachyuraceae,Stachyurus,praecox,praecox,False,Stachyurus praecox var. praecox
4301366.0,465,Stachyurus praecox var. leucotrichus,77252264-1,Stachyuraceae,Stachyurus,praecox,leucotrichus,False,Stachyurus praecox var. leucotrichus
4617451.0,469,Stachyurus praecox var. macrocarpus,1014295-1,Stachyuraceae,Stachyurus,praecox,macrocarpus,False,Stachyurus macrocarpus var. prunifolius
3926050.0,523,Stachyurus himalaicus,829502-1,Stachyuraceae,Stachyurus,himalaicus,,False,Stachyurus himalaicus
4618220.0,469,Stachyurus praecox var. matsuzakii,77253021-1,Stachyuraceae,Stachyurus,praecox,matsuzakii,False,Stachyurus praecox var. matsuzakii
3926052.0,523,Stachyurus yunnanensis,829506-1,Stachyuraceae,Stachyurus,yunnanensis,,False,Stachyurus yunnanensis
3926051.0,523,Stachyurus yunnanensis,829506-1,Stachyuraceae,Stachyurus,yunnanensis,,False,Stachyurus yunnanensis
3926045.0,523,Stachyurus chinensis,829501-1,Stachyuraceae,Stachyurus,chinensis,,False,Stachyurus chinensis
3926047.0,480,Stachyurus chinensis,829501-1,Stachyuraceae,Stachyurus,chinensis,,False,Stachyurus chinensis
3926048.0,523,Stachyurus himalaicus,829502-1,Stachyuraceae,Stachyurus,himalaicus,,False,Stachyurus himalaicus
4302864.0,539,Staphylea japonica,77164257-1,Staphyleaceae,Staphylea,japonica,,False,Euscaphis japonica
4302769.0,538,Staphylea japonica,77164257-1,Staphyleaceae,Staphylea,japonica,,False,Euscaphis japonica
4618882.0,513,Staphylea bumalda,785249-1,Staphyleaceae,Staphylea,bumalda,,False,Staphylea bumalda
9041089.0,359,Turpinia pentandra,821965-1,Staphyleaceae,Turpinia,pentandra,,False,Turpinia pentandra
4302991.0,509,Staphylea ternata,77183819-1,Staphyleaceae,Staphylea,ternata,,False,Turpinia ternata
4618540.0,509,Staphylea ternata,77183819-1,Staphyleaceae,Staphylea,ternata,,False,Turpinia ternata
9041083.0,467,Turpinia pentandra,821965-1,Staphyleaceae,Turpinia,pentandra,,False,Turpinia pentandra
5895750.0,401,Turpinia occidentalis,785554-1,Staphyleaceae,Turpinia,occidentalis,,False,Turpinia occidentalis
4619229.0,528,Staphylea bumalda,785249-1,Staphyleaceae,Staphylea,bumalda,,False,Staphylea bumalda
8297649.0,539,Dalrympelea sphaerocarpa,77107773-1,Staphyleaceae,Dalrympelea,sphaerocarpa,,False,Turpinia sphaerocarpa
8267512.0,539,Dalrympelea sphaerocarpa,77107773-1,Staphyleaceae,Dalrympelea,sphaerocarpa,,False,Turpinia sphaerocarpa
15080943.0,451,Stylidium glandulosum,826086-1,Stylidiaceae,Stylidium,glandulosum,,False,Stylidium glandulosum
4301459,439,Styrax obassia,327017-2,Styracaceae,Styrax,obassia,,False,Styrax obassia
4302132.0,452,Styrax obassia,327017-2,Styracaceae,Styrax,obassia,,False,Styrax obassia
4618140,448,Styrax shiraianus,826930-1,Styracaceae,Styrax,shiraianus,,False,Styrax shiraiana
4301659,427,Pterostyrax hispidus,826656-1,Styracaceae,Pterostyrax,hispidus,,False,Pterostyrax hispida
15080924,498,Styrax officinalis,327052-2,Styracaceae,Styrax,officinalis,,False,Styrax officinalis
4301247,438,Pterostyrax hispidus,826656-1,Styracaceae,Pterostyrax,hispidus,,False,Pterostyrax hispida
4302359.0,456,Pterostyrax corymbosus,826654-1,Styracaceae,Pterostyrax,corymbosus,,False,Pterostyrax corymbosa
4302209.0,448,Styrax shiraianus,826930-1,Styracaceae,Styrax,shiraianus,,False,Styrax shiraiana
14517343.0,456,Pterostyrax corymbosus,826654-1,Styracaceae,Pterostyrax,corymbosus,,False,Pterostyrax corymbosa
15057573,229,Sinojackia xylocarpa,826672-1,Styracaceae,Sinojackia,xylocarpa,,False,Sinojackia xylocarpa
3604357,467,Symplocos sp.,327989-2,Symplocaceae,Symplocos,,,False,Symplocos sp.
14517625.0,449,Symplocos nakaharae,827715-1,Symplocaceae,Symplocos,nakaharae,,False,Symplocos kuroki
4301932,467,Symplocos sonoharae,50988145-1,Symplocaceae,Symplocos,sonoharae,,False,Symplocos sonoharae
14517439.0,431,Symplocos sawafutagi var. sawafutagi,77227859-1,Symplocaceae,Symplocos,sawafutagi,sawafutagi,False,Symplocos sawafutagi var. sawafutagi
3852087,466,Symplocos ampulliformis,827459-1,Symplocaceae,Symplocos,ampulliformis,,False,Symplocos ampulliformis
3604359,442,Symplocos sp.,327989-2,Symplocaceae,Symplocos,,,False,Symplocos sp.
4303288,433,Symplocos coreana,827533-1,Symplocaceae,Symplocos,coreana,,False,Symplocos coreana
4303118.0,442,Symplocos lancifolia,827153-1,Symplocaceae,Symplocos,lancifolia,,False,Symplocos lancifolia
4301073,433,Symplocos sawafutagi var. sawafutagi,77227859-1,Symplocaceae,Symplocos,sawafutagi,sawafutagi,False,Symplocos sawafutagi var. sawafutagi
14517390,444,Symplocos glauca,827595-1,Symplocaceae,Symplocos,glauca,,False,Symplocos glauca
4302241,449,Symplocos nakaharae,827715-1,Symplocaceae,Symplocos,nakaharae,,False,Symplocos kuroki
3818549,483,Symplocos gittinsii,77117760-1,Symplocaceae,Symplocos,gittinsii,,False,Symplocos cochinchinensis var. gittonsii
14517568,447,Symplocos tanakae,827326-1,Symplocaceae,Symplocos,tanakae,,False,Symplocos tanakae
4618682,449,Symplocos pergracilis,827746-1,Symplocaceae,Symplocos,pergracilis,,False,Symplocos pergracilis
4618997,449,Symplocos cochinchinensis subsp. cochinchinensis,77227524-1,Symplocaceae,Symplocos,cochinchinensis,cochinchinensis,False,Symplocos cochinchinensis var. cochinchinensis
4302970.0,445,Symplocos lancifolia var. lancifolia,77227257-1,Symplocaceae,Symplocos,lancifolia,lancifolia,False,Symplocos formosana
4303024.0,449,Symplocos lancifolia var. lancifolia,77227257-1,Symplocaceae,Symplocos,lancifolia,lancifolia,False,Symplocos formosana
4618703.0,433,Symplocos paniculata,827233-1,Symplocaceae,Symplocos,paniculata,,True,Symplocos paniculata
3818548,475,Symplocos ampulliformis,827459-1,Symplocaceae,Symplocos,ampulliformis,,False,Symplocos ampulliformis
8335987,467,Symplocos adenophylla,827450-1,Symplocaceae,Symplocos,adenophylla,,False,Symplocos adenophylla
4617981.0,433,Symplocos paniculata,827233-1,Symplocaceae,Symplocos,paniculata,,True,Symplocos paniculata
4618903,438,Symplocos lancifolia,827153-1,Symplocaceae,Symplocos,lancifolia,,False,Symplocos lancifolia
4619152.0,455,Symplocos glauca,827595-1,Symplocaceae,Symplocos,glauca,,False,Symplocos glauca
4301176.0,431,Symplocos coreana,827533-1,Symplocaceae,Symplocos,coreana,,False,Symplocos coreana
4303115,449,Symplocos theophrastifolia,827334-1,Symplocaceae,Symplocos,theophrastifolia,,False,Symplocos theophrastifolia
14517566.0,447,Symplocos cochinchinensis subsp. cochinchinensis,77227524-1,Symplocaceae,Symplocos,cochinchinensis,cochinchinensis,False,Symplocos cochinchinensis var. cochinchinensis
4618890.0,453,Symplocos kawakamii,827637-1,Symplocaceae,Symplocos,kawakamii,,False,Symplocos kawakamii
5895722,445,Symplocos martinicensis,827186-1,Symplocaceae,Symplocos,martinicensis,,False,Symplocos martinicensis
4302444,449,Symplocos theophrastifolia,827334-1,Symplocaceae,Symplocos,theophrastifolia,,False,Symplocos theophrastifolia
4301580,436,Symplocos liukiuensis var. iriomotensis,980192-1,Symplocaceae,Symplocos,liukiuensis,iriomotensis,False,Symplocos liukiuensis var. iriomotensis
4618471,453,Symplocos kawakamii,827637-1,Symplocaceae,Symplocos,kawakamii,,False,Symplocos kawakamii
6757396.0,483,Talinum afrum,699483-1,Talinaceae,Talinum,afrum,,False,Talinum caffrum
6757398.0,486,Talinum afrum,699483-1,Talinaceae,Talinum,afrum,,False,Talinum caffrum
14633364.0,430,Tamarix canariensis,828077-1,Tamaricaceae,Tamarix,canariensis,,False,Tamarix canariensis
14633385.0,430,Tamarix hohenackeri,828128-1,Tamaricaceae,Tamarix,hohenackeri,,False,Tamarix hohenackeri
14633368.0,430,Tamarix amplexicaulis,828041-1,Tamaricaceae,Tamarix,amplexicaulis,,False,Tamarix amplexicaulis
14633349.0,413,Tamarix africana,828035-1,Tamaricaceae,Tamarix,africana,,False,Tamarix africana
14633380.0,420,Tamarix dalmatica,828087-1,Tamaricaceae,Tamarix,dalmatica,,False,Tamarix dalmatica
14633379.0,420,Tamarix dalmatica,828087-1,Tamaricaceae,Tamarix,dalmatica,,False,Tamarix dalmatica
14633396.0,413,Tamarix parviflora,828188-1,Tamaricaceae,Tamarix,parviflora,,False,Tamarix parviflora
14633383.0,430,Tamarix hampeana,828121-1,Tamaricaceae,Tamarix,hampeana,,False,Tamarix hampeana
14633374.0,413,Tamarix arceuthoides,828057-1,Tamaricaceae,Tamarix,arceuthoides,,False,Tamarix arceuthoides
14633365.0,430,Tamarix canariensis,828077-1,Tamaricaceae,Tamarix,canariensis,,False,Tamarix canariensis
14633386.0,413,Tamarix minoa,77149895-1,Tamaricaceae,Tamarix,minoa,,False,Tamarix minoa
14633357.0,430,Tamarix boveana,828071-1,Tamaricaceae,Tamarix,boveana,,False,Tamarix boveana
14633343.0,430,Tamarix gallica,828110-1,Tamaricaceae,Tamarix,gallica,,False,Tamarix gallica
14633353.0,413,Tamarix africana,828035-1,Tamaricaceae,Tamarix,africana,,False,Tamarix africana
14633393.0,413,Tamarix nilotica,828178-1,Tamaricaceae,Tamarix,nilotica,,False,Tamarix nilotica
14633395.0,413,Tamarix parviflora,828188-1,Tamaricaceae,Tamarix,parviflora,,False,Tamarix parviflora
14633409.0,430,Tamarix hispida,828127-1,Tamaricaceae,Tamarix,hispida,,False,Tamarix hispida
14633400.0,413,Tamarix smyrnensis,828217-1,Tamaricaceae,Tamarix,smyrnensis,,False,Tamarix smyrnensis
15057534.0,375,Tamarix ramosissima,828206-1,Tamaricaceae,Tamarix,ramosissima,,False,Tamarix ramosissima
14633402.0,413,Tamarix tetragyna,828235-1,Tamaricaceae,Tamarix,tetragyna,,False,Tamarix tetragyna
14633394.0,413,Tamarix nilotica,828178-1,Tamaricaceae,Tamarix,nilotica,,False,Tamarix nilotica
14633345.0,413,Tamarix gallica,828110-1,Tamaricaceae,Tamarix,gallica,,False,Tamarix gallica
14633407.0,449,Tamarix usneoides,828247-1,Tamaricaceae,Tamarix,usneoides,,False,Tamarix usneoides
14633361.0,430,Tamarix boveana,828071-1,Tamaricaceae,Tamarix,boveana,,False,Tamarix boveana
14633406.0,449,Tamarix usneoides,828247-1,Tamaricaceae,Tamarix,usneoides,,False,Tamarix usneoides
14633367.0,413,Tamarix amplexicaulis,828041-1,Tamaricaceae,Tamarix,amplexicaulis,,False,Tamarix amplexicaulis
14633387.0,413,Tamarix minoa,77149895-1,Tamaricaceae,Tamarix,minoa,,False,Tamarix minoa
14633372.0,414,Tamarix aphylla,828051-1,Tamaricaceae,Tamarix,aphylla,,False,Tamarix aphylla
14633382.0,437,Tamarix hampeana,828121-1,Tamaricaceae,Tamarix,hampeana,,False,Tamarix hampeana
14633384.0,431,Tamarix hohenackeri,828128-1,Tamaricaceae,Tamarix,hohenackeri,,False,Tamarix hohenackeri
14633376.0,430,Tamarix chinensis,828082-1,Tamaricaceae,Tamarix,chinensis,,False,Tamarix chinensis
14633399.0,413,Tamarix smyrnensis,828217-1,Tamaricaceae,Tamarix,smyrnensis,,False,Tamarix smyrnensis
14633404.0,430,Tamarix tetragyna,828235-1,Tamaricaceae,Tamarix,tetragyna,,False,Tamarix tetragyna
14633371.0,414,Tamarix aphylla,828051-1,Tamaricaceae,Tamarix,aphylla,,False,Tamarix aphylla
14633398.0,430,Tamarix ramosissima,828206-1,Tamaricaceae,Tamarix,ramosissima,,False,Tamarix ramosissima
14633375.0,430,Tamarix arceuthoides,828057-1,Tamaricaceae,Tamarix,arceuthoides,,False,Tamarix arceuthoides
14633408.0,431,Tamarix leptostachya,828148-1,Tamaricaceae,Tamarix,leptostachya,,False,Tamarix leptostachya
15057587.0,618,Cyanastrum cordifolium,429674-1,Tecophilaeaceae,Cyanastrum,cordifolium,,False,Cyanastrum cordifolium
8335996.0,473,Octomeles sumatrana,316100-1,Tetramelaceae,Octomeles,sumatrana,,False,Octomeles sumatrana
8261253.0,558,Tetramerista glabra,607514-1,Tetrameristaceae,Tetramerista,glabra,,False,Tetramerista glabra
14517586,444,Stewartia monadelpha,829517-1,Theaceae,Stewartia,monadelpha,,False,Stewartia monadelpha
4287713,413,Camellia sasanqua,927409-1,Theaceae,Camellia,sasanqua,,True,Camellia sasanqua
4301144,443,Stewartia pseudocamellia,829521-1,Theaceae,Stewartia,pseudocamellia,,False,Stewartia pseudocamellia
4301960,439,Camellia japonica,828524-1,Theaceae,Camellia,japonica,,False,Camellia japonica
4302820,392,Camellia sasanqua,927409-1,Theaceae,Camellia,sasanqua,,True,Camellia sasanqua
4301211,393,Camellia japonica,828524-1,Theaceae,Camellia,japonica,,False,Camellia japonica
4301808,441,Stewartia pseudocamellia,829521-1,Theaceae,Stewartia,pseudocamellia,,False,Stewartia pseudocamellia
4302417,443,Stewartia monadelpha,829517-1,Theaceae,Stewartia,monadelpha,,False,Stewartia monadelpha
12251808.0,206,Camellia sinensis var. assamica,60454412-2,Theaceae,Camellia,sinensis,assamica,False,Camellia sinensis var. assamica
12251812.0,215,Camellia sinensis,828548-1,Theaceae,Camellia,sinensis,,False,Camellia sinensis
4618863.0,439,Camellia rusticana,829967-1,Theaceae,Camellia,rusticana,,False,Camellia rusticana
4301559,430,Schima noronhae,829473-1,Theaceae,Schima,noronhae,,False,Schima wallichii subsp. noronhae
15057533.0,405,Polyspora axillaris,829225-1,Theaceae,Polyspora,axillaris,,False,Gordonia axillaris
4302981.0,434,Schima noronhae,829473-1,Theaceae,Schima,noronhae,,False,Schima wallichii subsp. noronhae
15057479.0,437,Schima argentea,829464-1,Theaceae,Schima,argentea,,False,Schima argentea
4619038,419,Camellia rusticana,829967-1,Theaceae,Camellia,rusticana,,False,Camellia rusticana
4301568.0,362,Pyrenaria microcarpa var. microcarpa,77225930-1,Theaceae,Pyrenaria,microcarpa,microcarpa,False,Pyrenaria virgata
8335926,475,Camellia lanceolata,828528-1,Theaceae,Camellia,lanceolata,,False,Thea lanceolata
4618992,389,Daphne pseudomezereum,831337-1,Thymelaeaceae,Daphne,pseudomezereum,,False,Daphne pseudomezereum
4618023.0,375,Daphne miyabeana,831296-1,Thymelaeaceae,Daphne,miyabeana,,False,Daphne miyabeana
3818414.0,442,Phaleria clerodendron,832466-1,Thymelaeaceae,Phaleria,clerodendron,,False,Phaleria clerodendron
8335979.0,440,Gonystylus velutinus,383617-1,Thymelaeaceae,Gonystylus,velutinus,,False,Gonystylus velutinus
4619252,372,Daphne miyabeana,831296-1,Thymelaeaceae,Daphne,miyabeana,,False,Daphne miyabeana
3852007,466,Lethedon setosa,832197-1,Thymelaeaceae,Lethedon,setosa,,False,Lethedon setosa
5895466,408,Daphnopsis helleriana,76721-2,Thymelaeaceae,Daphnopsis,helleriana,,False,Daphnopsis helleriana
8336018,422,Phaleria perrottetiana,832488-1,Thymelaeaceae,Phaleria,perrottetiana,,False,Phaleria perrottetiana
4617696,394,Wikstroemia pseudoretusa,833168-1,Thymelaeaceae,Wikstroemia,pseudoretusa,,False,Wikstroemia pseudoretusa
4301753,400,Wikstroemia sikokiana,833189-1,Thymelaeaceae,Wikstroemia,sikokiana,,False,Diplomorpha sikokiana
4617862,392,Wikstroemia pseudoretusa,833168-1,Thymelaeaceae,Wikstroemia,pseudoretusa,,False,Wikstroemia pseudoretusa
4618040,395,Wikstroemia sikokiana,833189-1,Thymelaeaceae,Wikstroemia,sikokiana,,False,Diplomorpha sikokiana
3852041.0,424,Phaleria clerodendron,832466-1,Thymelaeaceae,Phaleria,clerodendron,,False,Phaleria clerodendron
4618093.0,393,Daphne kiusiana,831259-1,Thymelaeaceae,Daphne,kiusiana,,False,Daphne kiusiana
4619213,394,Wikstroemia yakushimensis,833210-1,Thymelaeaceae,Wikstroemia,yakushimensis,,False,Diplomorpha pauciflora var. yakushimensis
4617946.0,386,Daphne jezoensis,831255-1,Thymelaeaceae,Daphne,jezoensis,,False,Daphne jezoensis
4619167,393,Daphne kiusiana,831259-1,Thymelaeaceae,Daphne,kiusiana,,False,Daphne kiusiana
3818413,452,Phaleria octandra,832482-1,Thymelaeaceae,Phaleria,octandra,,False,Phaleria octandra
4618149,394,Wikstroemia trichotoma,833200-1,Thymelaeaceae,Wikstroemia,trichotoma,,False,Diplomorpha trichotoma
5911341.0,267,Dirca palustris,319178-2,Thymelaeaceae,Dirca,palustris,,False,Dirca palustris
5911296.0,266,Dirca palustris,319178-2,Thymelaeaceae,Dirca,palustris,,False,Dirca palustris
5895408,406,Daphnopsis americana,76687-2,Thymelaeaceae,Daphnopsis,americana,,False,Daphnopsis americana
14517421,395,Wikstroemia trichotoma,833200-1,Thymelaeaceae,Wikstroemia,trichotoma,,False,Diplomorpha trichotoma
5895720.0,415,Daphnopsis helleriana,76721-2,Thymelaeaceae,Daphnopsis,helleriana,,False,Daphnopsis helleriana
3926159.0,469,Tetracentron sinense,555255-1,Trochodendraceae,Tetracentron,sinense,,False,Tetracentron sinense
4618916.0,426,Trochodendron aralioides,927850-1,Trochodendraceae,Trochodendron,aralioides,,False,Trochodendron aralioides
4302406.0,506,Trochodendron aralioides,927850-1,Trochodendraceae,Trochodendron,aralioides,,False,Trochodendron aralioides
3926156.0,467,Tetracentron sinense,555255-1,Trochodendraceae,Tetracentron,sinense,,False,Tetracentron sinense
14517503.0,279,Zelkova serrata,858079-1,Ulmaceae,Zelkova,serrata,,False,Zelkova serrata
4302586.0,272,Zelkova serrata,858079-1,Ulmaceae,Zelkova,serrata,,False,Zelkova serrata
6730800.0,255,Ulmus americana,304464-2,Ulmaceae,Ulmus,americana,,False,Ulmus americana
4301713.0,337,Ulmus davidiana var. japonica,50937329-1,Ulmaceae,Ulmus,davidiana,japonica,False,Ulmus davidiana var. japonica
4618877.0,337,Ulmus davidiana var. japonica,50937329-1,Ulmaceae,Ulmus,davidiana,japonica,False,Ulmus davidiana var. japonica
4618308.0,337,Ulmus parvifolia,302296-2,Ulmaceae,Ulmus,parvifolia,,False,Ulmus parvifolia
5911478.0,281,Ulmus americana,304464-2,Ulmaceae,Ulmus,americana,,False,Ulmus americana
4302032.0,338,Ulmus parvifolia,302296-2,Ulmaceae,Ulmus,parvifolia,,False,Ulmus parvifolia
6143958.0,287,Holoptelea integrifolia,854174-1,Ulmaceae,Holoptelea,integrifolia,,False,Holoptelea integrifolia
3232633.0,251,Urtica dioica,260630-2,Urticaceae,Urtica,dioica,,True,Urtica dioica
8301102.0,299,Dendrocnide microstigma,851452-1,Urticaceae,Dendrocnide,microstigma,,False,Dendrocnide microstigma
9048262.0,294,Dendrocnide cordata,851435-1,Urticaceae,Dendrocnide,cordata,,False,Dendrocnide cordata
6288519.0,281,Myrianthus arboreus,854739-1,Urticaceae,Myrianthus,arboreus,,False,Myrianthus arboreus
4934244.0,347,Musanga cecropioides,584392-1,Urticaceae,Musanga,cecropioides,,False,Musanga cecropioides
4301906.0,299,Oreocnide pedunculata,854852-1,Urticaceae,Oreocnide,pedunculata,,False,Oreocnide pedunculata
9048292.0,290,Dendrocnide cordata,851435-1,Urticaceae,Dendrocnide,cordata,,False,Dendrocnide cordata
5911678.0,314,Boehmeria cylindrica,850563-1,Urticaceae,Boehmeria,cylindrica,,False,Boehmeria cylindrica
10507184.0,497,Pouzolzia rugulosa,77096983-1,Urticaceae,Pouzolzia,rugulosa,,False,Boehmeria rugulosa
4618053.0,407,Boehmeria densiflora var. boninensis,77133786-1,Urticaceae,Boehmeria,densiflora,boninensis,False,Boehmeria densiflora var. boninensis
4302831.0,302,Debregeasia orientalis,959906-1,Urticaceae,Debregeasia,orientalis,,False,Debregeasia orientalis
9077814.0,303,Pipturus argenteus,855911-1,Urticaceae,Pipturus,argenteus,,False,Pipturus argenteus
9041052.0,316,Cypholophus friesianus,851367-1,Urticaceae,Cypholophus,friesianus,,False,Cypholophus friesianus
3232548.0,273,Pilea pumila,855701-1,Urticaceae,Pilea,pumila,,True,Pilea pumila
8336047.0,281,Pilea melastomoides,855573-1,Urticaceae,Pilea,melastomoides,,True,Pilea melastomoides
5911552.0,282,Laportea canadensis,30335783-2,Urticaceae,Laportea,canadensis,,False,Laportea canadensis
6575275.0,273,Pilea pumila,855701-1,Urticaceae,Pilea,pumila,,True,Pilea pumila
6730796.0,315,Boehmeria cylindrica,850563-1,Urticaceae,Boehmeria,cylindrica,,False,Boehmeria cylindrica
4619218.0,407,Boehmeria densiflora var. boninensis,77133786-1,Urticaceae,Boehmeria,densiflora,boninensis,False,Boehmeria densiflora var. boninensis
9041104.0,316,Cypholophus friesianus,851367-1,Urticaceae,Cypholophus,friesianus,,False,Cypholophus friesianus
6541681.0,283,Laportea canadensis,30335783-2,Urticaceae,Laportea,canadensis,,False,Laportea canadensis
10507183.0,497,Pouzolzia rugulosa,77096983-1,Urticaceae,Pouzolzia,rugulosa,,False,Boehmeria rugulosa
4302222.0,299,Oreocnide pedunculata,854852-1,Urticaceae,Oreocnide,pedunculata,,False,Oreocnide pedunculata
4934133.0,305,Musanga cecropioides,584392-1,Urticaceae,Musanga,cecropioides,,False,Musanga cecropioides
8297734.0,296,Dendrocnide ternatensis,851477-1,Urticaceae,Dendrocnide,ternatensis,,False,Dendrocnide ternatensis
9077829.0,303,Pipturus argenteus,855911-1,Urticaceae,Pipturus,argenteus,,False,Pipturus argenteus
8297749.0,295,Dendrocnide peltata,851460-1,Urticaceae,Dendrocnide,peltata,,False,Dendrocnide cf. peltata
3851971.0,298,Dendrocnide photiniphylla,851461-1,Urticaceae,Dendrocnide,photiniphylla,,False,Dendrocnide photinophylla
9077831.0,306,Nothocnide repanda,854793-1,Urticaceae,Nothocnide,repanda,,False,Nothocnide repanda
3604319.0,323,Elatostema reticulatum,852148-1,Urticaceae,Elatostema,reticulatum,,False,Elatostema reticulatum
5874179.0,234,Boehmeria virgata subsp. macrophylla,77133790-1,Urticaceae,Boehmeria,virgata,macrophylla,True,Boehmeria macrophylla
4302302.0,302,Debregeasia orientalis,959906-1,Urticaceae,Debregeasia,orientalis,,False,Debregeasia orientalis
8336048.0,298,Oreocnide sylvatica,854844-1,Urticaceae,Oreocnide,sylvatica,,False,Villebrunea rubescens
6288571.0,350,Cecropia concolor,850924-1,Urticaceae,Cecropia,concolor,,True,Cecropia concolor
9048295.0,304,Nothocnide melastomatifolia,854791-1,Urticaceae,Nothocnide,melastomatifolia,,False,Nothocnide melastomatifolia
8297620.0,305,Dendrocnide stimulans,851473-1,Urticaceae,Dendrocnide,stimulans,,False,Laportea stimulans
3232547.0,273,Pilea fontana,196162-2,Urticaceae,Pilea,fontana,,False,Pilea fontana
6288701.0,229,Myrianthus arboreus,854739-1,Urticaceae,Myrianthus,arboreus,,False,Myrianthus arboreus
5211209.0,249,Parietaria judaica,854934-1,Urticaceae,Parietaria,judaica,,False,Parietaria judaica
15080630.0,245,Pilea cadierei,855275-1,Urticaceae,Pilea,cadierei,,False,Pilea cadierei
15080888.0,299,Barbacenia brasiliensis,63152-1,Velloziaceae,Barbacenia,brasiliensis,,False,Barbacenia brasiliensis
15080646.0,299,Barbacenia purpurea,63173-1,Velloziaceae,Barbacenia,purpurea,,False,Barbacenia purpurea
6259924.0,325,Lantana viburnoides,863482-1,Verbenaceae,Lantana,viburnoides,,True,Lantana viburnoides
17045196.0,403,Lippia origanoides,863752-1,Verbenaceae,Lippia,origanoides,,False,Lippia origanoides
10003950.0,395,Verbena bonariensis,286794-2,Verbenaceae,Verbena,bonariensis,,True,Verbena bonariensis
17045195.0,389,Lantana canescens,863236-1,Verbenaceae,Lantana,canescens,,False,Lantana canescens
6259913.0,379,Priva curtisiae,864502-1,Verbenaceae,Priva,curtisiae,,False,Priva curtisiae
3232638.0,354,Verbena urticifolia,324310-2,Verbenaceae,Verbena,urticifolia,,False,Verbena urticifolia
6259186.0,364,Lippia javanica,863680-1,Verbenaceae,Lippia,javanica,,False,Lippia javanica
6188769.0,365,Lantana viburnoides,863482-1,Verbenaceae,Lantana,viburnoides,,True,Lantana viburnoides
6259869.0,379,Priva curtisiae,864502-1,Verbenaceae,Priva,curtisiae,,False,Priva curtisiae
8155041.0,329,Chascanum hildebrandtii,861643-1,Verbenaceae,Chascanum,hildebrandtii,,False,Chascanum hildebrandtii
15080811.0,364,Lantana achyranthifolia,324301-2,Verbenaceae,Lantana,achyranthifolia,,False,Lantana achyranthifolia
6143881.0,382,Lantana camara,325686-2,Verbenaceae,Lantana,camara,,False,Lantana camara
10003951,395,Verbena bonariensis,286794-2,Verbenaceae,Verbena,bonariensis,,True,Verbena bonariensis
5895516,342,Duranta erecta,330606-2,Verbenaceae,Duranta,erecta,,False,Duranta erecta
6259185,364,Lippia javanica,863680-1,Verbenaceae,Lippia,javanica,,False,Lippia javanica
9754244,390,Lippia grata,863640-1,Verbenaceae,Lippia,grata,,False,Lippia grata
6575314,354,Verbena urticifolia,324310-2,Verbenaceae,Verbena,urticifolia,,False,Verbena urticifolia
3232637,354,Verbena stricta,865493-1,Verbenaceae,Verbena,stricta,,False,Verbena stricta
9748922,428,Lippia origanoides,863752-1,Verbenaceae,Lippia,origanoides,,False,Lippia origanoides
9748915.0,435,Priva lappulacea,1194372-2,Verbenaceae,Priva,lappulacea,,False,Priva lappulacea
3232636.0,354,Verbena hastata,865207-1,Verbenaceae,Verbena,hastata,,False,Verbena hastata
10284247.0,417,Lantana camara,325686-2,Verbenaceae,Lantana,camara,,False,Lantana camara
15057536.0,366,Bouchea linifolia,60452511-2,Verbenaceae,Bouchea,linifolia,,False,Bouchea linifolia
8155040.0,333,Chascanum hildebrandtii,861643-1,Verbenaceae,Chascanum,hildebrandtii,,False,Chascanum hildebrandtii
15057661.0,372,Nashia inaguensis,167140-2,Verbenaceae,Nashia,inaguensis,,False,Nashia inaguensis
15057649.0,349,Phyla nodiflora,194567-2,Verbenaceae,Phyla,nodiflora,,False,Phyla nodiflora
15080613.0,347,Stachytarpheta jamaicensis,1092351-2,Verbenaceae,Stachytarpheta,jamaicensis,,False,Stachytarpheta jamaicensis
17045191.0,380,Lippia alba,141020-2,Verbenaceae,Lippia,alba,,False,Lippia alba
10306623.0,386,Citharexylum montevidense,59496-2,Verbenaceae,Citharexylum,montevidense,,False,Citharexylum montevidense
3926305.0,395,Viburnum foetidum,149684-1,Viburnaceae,Viburnum,foetidum,,False,Viburnum foetidum
3926313.0,393,Viburnum fordiae,149687-1,Viburnaceae,Viburnum,fordiae,,False,Viburnum fordiae
4303110.0,443,Viburnum dilatatum,927323-1,Viburnaceae,Viburnum,dilatatum,,False,Viburnum dilatatum
5182590.0,454,Sambucus nigra,30122169-2,Viburnaceae,Sambucus,nigra,,True,Sambucus nigra
3926289.0,393,Viburnum dilatatum,927323-1,Viburnaceae,Viburnum,dilatatum,,False,Viburnum dilatatum
6632254.0,462,Viburnum prunifolium,326270-2,Viburnaceae,Viburnum,prunifolium,,False,Viburnum prunifolium
6511591.0,455,Viburnum recognitum,293942-2,Viburnaceae,Viburnum,recognitum,,False,Viburnum recognitum
3925863.0,414,Sambucus adnata,149284-1,Viburnaceae,Sambucus,adnata,,False,Sambucus adnata
3925869.0,391,Sambucus javanica subsp. chinensis,77138745-1,Viburnaceae,Sambucus,javanica,chinensis,False,Sambucus chinensis
3926311.0,393,Viburnum fordiae,149687-1,Viburnaceae,Viburnum,fordiae,,False,Viburnum fordiae
4617987.0,466,Viburnum urceolatum,149991-1,Viburnaceae,Viburnum,urceolatum,,False,Viburnum urceolatum
4301798.0,452,Viburnum plicatum var. plicatum,77225012-1,Viburnaceae,Viburnum,plicatum,plicatum,False,Viburnum plicatum var. tomentosum
3926317.0,410,Viburnum odoratissimum,149848-1,Viburnaceae,Viburnum,odoratissimum,,False,Viburnum odoratissimum
5911646.0,464,Viburnum trilobum,264986-2,Viburnaceae,Viburnum,trilobum,,False,Viburnum trilobum
4300962.0,401,Viburnum furcatum,149696-1,Viburnaceae,Viburnum,furcatum,,False,Viburnum furcatum
4301684.0,464,Viburnum furcatum,149696-1,Viburnaceae,Viburnum,furcatum,,False,Viburnum furcatum
4617568.0,452,Viburnum plicatum var. plicatum,77225012-1,Viburnaceae,Viburnum,plicatum,plicatum,False,Viburnum plicatum var. tomentosum
3232591.0,523,Sambucus racemosa,30056767-2,Viburnaceae,Sambucus,racemosa,,False,Sambucus racemosa
3925858.0,414,Sambucus adnata,149284-1,Viburnaceae,Sambucus,adnata,,False,Sambucus adnata
3926304.0,394,Viburnum foetidum,149684-1,Viburnaceae,Viburnum,foetidum,,False,Viburnum foetidum
3925868.0,376,Sambucus javanica subsp. chinensis,77138745-1,Viburnaceae,Sambucus,javanica,chinensis,False,Sambucus chinensis
4302827.0,440,Viburnum japonicum,149749-1,Viburnaceae,Viburnum,japonicum,,False,Viburnum japonicum
4302866.0,444,Viburnum japonicum,149749-1,Viburnaceae,Viburnum,japonicum,,False,Viburnum japonicum
5182588.0,423,Sambucus ebulus,149315-1,Viburnaceae,Sambucus,ebulus,,False,Sambucus ebulus
6730852.0,449,Viburnum acerifolium,326263-2,Viburnaceae,Viburnum,acerifolium,,True,Viburnum acerifolium
4302173.0,443,Viburnum wrightii,150014-1,Viburnaceae,Viburnum,wrightii,,False,Viburnum wrightii var. stipellatum
4301281.0,432,Viburnum phlebotrichum,149870-1,Viburnaceae,Viburnum,phlebotrichum,,False,Viburnum phlebotrichum
3926279.0,397,Viburnum betulifolium,149572-1,Viburnaceae,Viburnum,betulifolium,,False,Viburnum betulifolium
3926319.0,403,Viburnum utile,149992-1,Viburnaceae,Viburnum,utile,,False,Viburnum utile
4618684.0,465,Viburnum urceolatum,149991-1,Viburnaceae,Viburnum,urceolatum,,False,Viburnum urceolatum
4301487.0,529,Sambucus kamtschatica,149341-1,Viburnaceae,Sambucus,kamtschatica,,False,Sambucus racemosa subsp. kamtschatica
4301717.0,519,Sambucus kamtschatica,149341-1,Viburnaceae,Sambucus,kamtschatica,,False,Sambucus racemosa subsp. kamtschatica
3926318.0,410,Viburnum odoratissimum,149848-1,Viburnaceae,Viburnum,odoratissimum,,False,Viburnum odoratissimum
4302255.0,460,Viburnum awabuki,149566-1,Viburnaceae,Viburnum,awabuki,,False,Viburnum odoratissimum var. awabuki
4302005.0,461,Viburnum awabuki,149566-1,Viburnaceae,Viburnum,awabuki,,False,Viburnum odoratissimum var. awabuki
6730791.0,453,Viburnum prunifolium,326270-2,Viburnaceae,Viburnum,prunifolium,,False,Viburnum prunifolium
3926301.0,396,Viburnum erubescens,149672-1,Viburnaceae,Viburnum,erubescens,,False,Viburnum erubescens
4301330.0,443,Viburnum phlebotrichum,149870-1,Viburnaceae,Viburnum,phlebotrichum,,False,Viburnum phlebotrichum
6511628.0,459,Viburnum recognitum,293942-2,Viburnaceae,Viburnum,recognitum,,False,Viburnum recognitum
3926287.0,402,Viburnum cylindricum,149638-1,Viburnaceae,Viburnum,cylindricum,,False,Viburnum cylindricum
3926320.0,403,Viburnum utile,149992-1,Viburnaceae,Viburnum,utile,,False,Viburnum utile
4302314.0,453,Viburnum plicatum var. parvifolium,2937495-4,Viburnaceae,Viburnum,plicatum,parvifolium,False,Viburnum plicatum var. parvifolium
3926283.0,381,Viburnum cylindricum,149638-1,Viburnaceae,Viburnum,cylindricum,,False,Viburnum cylindricum
4618355.0,443,Viburnum brachyandrum,149581-1,Viburnaceae,Viburnum,brachyandrum,,False,Viburnum brachyandrum
4301439.0,462,Viburnum sieboldii,149928-1,Viburnaceae,Viburnum,sieboldii,,False,Viburnum sieboldii var. obovatifolium
3926277.0,397,Viburnum betulifolium,149572-1,Viburnaceae,Viburnum,betulifolium,,False,Viburnum betulifolium
4301982.0,430,Viburnum tashiroi,149965-1,Viburnaceae,Viburnum,tashiroi,,False,Viburnum tashiroi
4618871.0,452,Viburnum carlesii var. bitchiuense,77252552-1,Viburnaceae,Viburnum,carlesii,bitchiuense,False,Viburnum carlesii var. bitchiuense
3232590.0,472,Sambucus canadensis,321978-2,Viburnaceae,Sambucus,canadensis,,True,Sambucus canadensis
3926300.0,408,Viburnum erubescens,149672-1,Viburnaceae,Viburnum,erubescens,,False,Viburnum erubescens
4618461.0,443,Viburnum plicatum var. parvifolium,2937495-4,Viburnaceae,Viburnum,plicatum,parvifolium,False,Viburnum plicatum var. parvifolium
3926296.0,393,Viburnum erosum,149670-1,Viburnaceae,Viburnum,erosum,,False,Viburnum erosum
3926299.0,393,Viburnum erosum,149670-1,Viburnaceae,Viburnum,erosum,,False,Viburnum erosum
6541582.0,463,Sambucus canadensis,321978-2,Viburnaceae,Sambucus,canadensis,,True,Sambucus canadensis
4301851.0,451,Viburnum carlesii var. bitchiuense,77252552-1,Viburnaceae,Viburnum,carlesii,bitchiuense,False,Viburnum carlesii var. bitchiuense
3232643.0,427,Viburnum opulus,326268-2,Viburnaceae,Viburnum,opulus,,False,Viburnum opulus
3232952.0,436,Viburnum lentago,326266-2,Viburnaceae,Viburnum,lentago,,False,Viburnum lentago
4618145.0,460,Viburnum sieboldii,149928-1,Viburnaceae,Viburnum,sieboldii,,False,Viburnum sieboldii var. obovatifolium
5911337.0,464,Viburnum acerifolium,326263-2,Viburnaceae,Viburnum,acerifolium,,True,Viburnum acerifolium
5182589.0,436,Sambucus racemosa,30056767-2,Viburnaceae,Sambucus,racemosa,,False,Sambucus racemosa
6541629,439,Viola cucullata,867972-1,Violaceae,Viola,cucullata,,False,Viola cucullata
6541618,439,Viola cucullata,867972-1,Violaceae,Viola,cucullata,,False,Viola cucullata
4934065,608,Rinorea woermanniana,867434-1,Violaceae,Rinorea,woermanniana,,False,Rinorea woermanniana
10285457,271,Viola stipularis,60455736-2,Violaceae,Viola,stipularis,,True,Viola stipularis
12197054,338,Leonia glycycarpa,866956-1,Violaceae,Leonia,glycycarpa,,False,Leonia glycycarpa
3232974,439,Viola sororia,266976-2,Violaceae,Viola,sororia,,False,Viola sororia
6288542,601,Rinorea oblongifolia,867327-1,Violaceae,Rinorea,oblongifolia,,False,Rinorea oblongifolia
3232652.0,454,Viola pubescens,266880-2,Violaceae,Viola,pubescens,,False,Viola pubescens
6511579,440,Viola pubescens,266880-2,Violaceae,Viola,pubescens,,False,Viola pensylvanica
6511598,440,Viola palmata,868887-1,Violaceae,Viola,palmata,,False,Viola palmata
4934338,647,Rinorea leiophylla,867277-1,Violaceae,Rinorea,leiophylla,,False,Rinorea leiophylla
4934310.0,576,Rinorea sp.,41582-1,Violaceae,Rinorea,,,False,Rinorea sp. 2
4934525.0,646,Rinorea subintegrifolia,867400-1,Violaceae,Rinorea,subintegrifolia,,False,Rinorea subintegrifolia
3232648.0,432,Viola sp.,867754-1,Violaceae,Viola,,,True,Viola blanda
6511618,439,Viola palmata,868887-1,Violaceae,Viola,palmata,,False,Viola triloba
4934117.0,307,Rinorea dentata,867174-1,Violaceae,Rinorea,dentata,,False,Rinorea dentata
4934050,604,Rinorea crassifolia,867161-1,Violaceae,Rinorea,crassifolia,,False,Rinorea crassifolia
4934331,650,Rinorea kamerunensis,867256-1,Violaceae,Rinorea,kamerunensis,,False,Rinorea kamerunensis
4934508.0,488,Allexis cauliflora,866205-1,Violaceae,Allexis,cauliflora,,False,Rinorea cauliflora
4934352.0,532,Rinorea lepidobotrys,867278-1,Violaceae,Rinorea,lepidobotrys,,False,Rinorea lepidobotrys
9598463.0,619,Pigea enneasperma,77221099-1,Violaceae,Pigea,enneasperma,,False,Hybanthus enneaspermus
4934420.0,474,Allexis cauliflora,866205-1,Violaceae,Allexis,cauliflora,,False,Rinorea cauliflora
4934148.0,626,Rinorea woermanniana,867434-1,Violaceae,Rinorea,woermanniana,,False,Rinorea woermanniana
4933964.0,648,Rinorea leiophylla,867277-1,Violaceae,Rinorea,leiophylla,,False,Rinorea leiophylla
4934270.0,643,Rinorea gabunensis,867206-1,Violaceae,Rinorea,gabunensis,,False,Rinorea gabunensis
4933961.0,365,Rinorea dentata,867174-1,Violaceae,Rinorea,dentata,,False,Rinorea dentata
4934424.0,598,Rinorea sp.,41582-1,Violaceae,Rinorea,,,False,Rinorea sp. 2
6288715.0,601,Rinorea oblongifolia,867327-1,Violaceae,Rinorea,oblongifolia,,False,Rinorea oblongifolia
4934146.0,629,Rinorea thomasii,60426767-2,Violaceae,Rinorea,thomasii,,False,Rinorea thomasii
4934092.0,629,Rinorea thomasii,60426767-2,Violaceae,Rinorea,thomasii,,False,Rinorea thomasii
4934342.0,605,Rinorea crassifolia,867161-1,Violaceae,Rinorea,crassifolia,,False,Rinorea crassifolia
4934265.0,532,Rinorea lepidobotrys,867278-1,Violaceae,Rinorea,lepidobotrys,,False,Rinorea lepidobotrys
3232651.0,432,Viola macloskeyi,266700-2,Violaceae,Viola,macloskeyi,,False,Viola macloskeyi
3232649,441,Viola canadensis,867832-1,Violaceae,Viola,canadensis,,False,Viola canadensis
8261250.0,385,Rinorea longiracemosa,867285-1,Violaceae,Rinorea,longiracemosa,,False,Rinorea longiracemosa
4934190.0,646,Rinorea subintegrifolia,867400-1,Violaceae,Rinorea,subintegrifolia,,False,Rinorea subintegrifolia
4300892.0,397,Vitis coignetiae,68634-1,Vitaceae,Vitis,coignetiae,,False,Vitis coignetiae
4301498.0,344,Ampelopsis glandulosa var. heterophylla,892754-1,Vitaceae,Ampelopsis,glandulosa,heterophylla,False,Ampelopsis glandulosa var. heterophylla
4301529.0,398,Vitis coignetiae,68634-1,Vitaceae,Vitis,coignetiae,,False,Vitis coignetiae
4618621.0,397,Vitis flexuosa var. flexuosa,77224997-1,Vitaceae,Vitis,flexuosa,flexuosa,False,Vitis flexuosa var. flexuosa
4618131.0,379,Parthenocissus tricuspidata,50912710-1,Vitaceae,Parthenocissus,tricuspidata,,False,Parthenocissus tricuspidata
4303126.0,398,Vitis saccharifera var. saccharifera,77225684-1,Vitaceae,Vitis,saccharifera,saccharifera,False,Vitis saccharifera var. saccharifera
4301861.0,398,Vitis flexuosa var. flexuosa,77224997-1,Vitaceae,Vitis,flexuosa,flexuosa,False,Vitis flexuosa var. flexuosa
6632185.0,421,Parthenocissus quinquefolia,184091-2,Vitaceae,Parthenocissus,quinquefolia,,False,Parthenocissus quinquefolia
3922833.0,258,Nekemias chaffanjonii,77142323-1,Vitaceae,Nekemias,chaffanjonii,,False,Ampelopsis chaffanjonii
4618222.0,420,Ampelopsis glandulosa var. heterophylla,892754-1,Vitaceae,Ampelopsis,glandulosa,heterophylla,False,Ampelopsis glandulosa var. heterophylla
4301892.0,398,Vitis saccharifera var. saccharifera,77225684-1,Vitaceae,Vitis,saccharifera,saccharifera,False,Vitis saccharifera var. saccharifera
8296666.0,391,Cayratia cardiophylla,932691-1,Vitaceae,Cayratia,cardiophylla,,False,Cayratia cardiophylla
5895655.0,410,Cissus verticillata,980361-1,Vitaceae,Cissus,verticillata,,False,Cissus verticillata
6541758.0,422,Parthenocissus quinquefolia,184091-2,Vitaceae,Parthenocissus,quinquefolia,,False,Parthenocissus quinquefolia
6757297.0,400,Cissus rotundifolia,50981090-1,Vitaceae,Cissus,rotundifolia,,True,Cissus rotundifolia
3922829.0,373,Nekemias cantoniensis,77142316-1,Vitaceae,Nekemias,cantoniensis,,False,Ampelopsis cantoniensis
15057560.0,416,Vitis mustangensis,301116-2,Vitaceae,Vitis,mustangensis,,False,Vitis mustangensis
6143947.0,464,Cissus quadrangularis,67898-1,Vitaceae,Cissus,quadrangularis,,False,Cissus quadrangularis
4617580.0,378,Parthenocissus tricuspidata,50912710-1,Vitaceae,Parthenocissus,tricuspidata,,False,Parthenocissus tricuspidata
8336045.0,389,Causonis trifolia,77164230-1,Vitaceae,Causonis,trifolia,,False,Cayratia trifolia
8336046.0,566,Leea aequata,68271-1,Vitaceae,Leea,aequata,,False,Leea aequata
8336051.0,382,Cissus repens,67906-1,Vitaceae,Cissus,repens,,True,Cissus repens
5895669.0,349,Cissus verticillata,980361-1,Vitaceae,Cissus,verticillata,,False,Cissus verticillata
9077854.0,315,Tetrastigma lauterbachianum,870587-1,Vitaceae,Tetrastigma,lauterbachianum,,False,Tetrastigma lauterbachianum
3818469.0,563,Leea indica,870443-1,Vitaceae,Leea,indica,,False,Leea indica
3922836.0,258,Nekemias grossedentata,77142325-1,Vitaceae,Nekemias,grossedentata,,False,Ampelopsis grossedentata
4301971.0,355,Ampelopsis glandulosa var. hancei,892753-1,Vitaceae,Ampelopsis,glandulosa,hancei,False,Ampelopsis glandulosa var. hancei
8336027.0,410,Cissus verticillata subsp. verticillata,77228002-1,Vitaceae,Cissus,verticillata,verticillata,True,Cissus sicyoides
8336031.0,286,Cissus aristata,67522-1,Vitaceae,Cissus,aristata,,False,Cissus simplex
8297696.0,516,Leea aculeata,68268-1,Vitaceae,Leea,aculeata,,False,Leea aculeata
8296665.0,400,Tetrastigma scariosum,68496-1,Vitaceae,Tetrastigma,scariosum,,False,Tetrastigma pisicarpum
15080843.0,549,Leea rubra,68349-1,Vitaceae,Leea,rubra,,True,Leea rubra
3922827.0,258,Nekemias cantoniensis,77142316-1,Vitaceae,Nekemias,cantoniensis,,False,Ampelopsis cantoniensis
4303087.0,398,Vitis flexuosa var. rufotomentosa,77252999-1,Vitaceae,Vitis,flexuosa,rufotomentosa,False,Vitis flexuosa var. rufotomentosa
3922835.0,374,Ampelopsis delavayana,67420-1,Vitaceae,Ampelopsis,delavayana,,False,Ampelopsis delavayana
6757299.0,343,Cissus rotundifolia,50981090-1,Vitaceae,Cissus,rotundifolia,,True,Cissus rotundifolia
8336032.0,405,Pterisanthes cissioides,68412-1,Vitaceae,Pterisanthes,cissioides,,False,Pterisanthes cissoides
3922838.0,258,Nekemias grossedentata,77142325-1,Vitaceae,Nekemias,grossedentata,,False,Ampelopsis grossedentata
5895665.0,406,Cissus obovata,59323-2,Vitaceae,Cissus,obovata,,False,Cissus obovata
3852111.0,403,Cissus vinosa,936019-1,Vitaceae,Cissus,vinosa,,False,Cissus vinosa
8336041.0,563,Leea guineensis,68307-1,Vitaceae,Leea,guineensis,,False,Leea guineensis
8336039.0,413,Cissus discolor,869840-1,Vitaceae,Cissus,discolor,,False,Cissus javana
3232539.0,433,Parthenocissus inserta,184082-2,Vitaceae,Parthenocissus,inserta,,False,Parthenocissus inserta
3922831.0,258,Nekemias chaffanjonii,77142323-1,Vitaceae,Nekemias,chaffanjonii,,False,Ampelopsis chaffanjonii
8296664.0,528,Leea aculeata,68268-1,Vitaceae,Leea,aculeata,,False,Leea aculeata
4934121.0,502,Erismadelphus exsul,870888-1,Vochysiaceae,Erismadelphus,exsul,,False,Erismadelphus exsul
4934239.0,502,Erismadelphus exsul,870888-1,Vochysiaceae,Erismadelphus,exsul,,False,Erismadelphus exsul
9077827.0,501,Zygogynum sylvestre,915628-1,Winteraceae,Zygogynum,sylvestre,,False,Bubbia sylvestris
9041065.0,501,Zygogynum sylvestre,915628-1,Winteraceae,Zygogynum,sylvestre,,False,Bubbia sylvestris
3818526.0,523,Zygogynum queenslandianum,915624-1,Winteraceae,Zygogynum,queenslandianum,,False,Bubbia queenslandiana
3851996.0,501,Zygogynum queenslandianum,915624-1,Winteraceae,Zygogynum,queenslandianum,,False,Bubbia queenslandiana
9748876.0,352,Xyris brachysepala,287105-2,Xyridaceae,Xyris,brachysepala,,False,Xyris brachysepala
4911271.0,283,Amomum maximum,795588-1,Zingiberaceae,Amomum,maximum,,False,Amomum pterocarpum
4911249.0,273,Globba orixensis,796761-1,Zingiberaceae,Globba,orixensis,,False,Globba orixensis
4911241.0,273,Globba sessiliflora,796784-1,Zingiberaceae,Globba,sessiliflora,,False,Globba ophioglossa
4911263.0,270,Kaempferia rotunda,797203-1,Zingiberaceae,Kaempferia,rotunda,,True,Kaempferia rotunda
4911275.0,273,Globba schomburgkii,796781-1,Zingiberaceae,Globba,schomburgkii,,False,Globba schomburgkii
4911233.0,282,Alpinia malaccensis,795324-1,Zingiberaceae,Alpinia,malaccensis,,True,Alpinia malaccensis
4911229.0,280,Alpinia galanga,795279-1,Zingiberaceae,Alpinia,galanga,,False,Alpinia galanga
4911245.0,283,Amomum subulatum,872166-1,Zingiberaceae,Amomum,subulatum,,False,Amomum subulatum
5054667.0,270,Curcuma longa,796451-1,Zingiberaceae,Curcuma,longa,,False,Curcuma longa
4911227.0,270,Hedychium coccineum,796834-1,Zingiberaceae,Hedychium,coccineum,,False,Hedychium coccineum
4911262.0,270,Kaempferia galanga,797160-1,Zingiberaceae,Kaempferia,galanga,,False,Kaempferia galanga
4911250.0,273,Globba orixensis,796761-1,Zingiberaceae,Globba,orixensis,,False,Globba orixensis
4911223.0,270,Curcuma caesia,796430-1,Zingiberaceae,Curcuma,caesia,,False,Curcuma caesia
15248266.0,358,Hedychium spicatum,796894-1,Zingiberaceae,Hedychium,spicatum,,True,Hedychium spicatum
4911274.0,270,Hedychium coronarium,796836-1,Zingiberaceae,Hedychium,coronarium,,False,Hedychium coronarium
4911247.0,282,Amomum subulatum,872166-1,Zingiberaceae,Amomum,subulatum,,False,Amomum subulatum
4911221.0,269,Curcuma caesia,796430-1,Zingiberaceae,Curcuma,caesia,,False,Curcuma caesia
4911231.0,280,Alpinia galanga,795279-1,Zingiberaceae,Alpinia,galanga,,False,Alpinia galanga
4911235.0,279,Alpinia nigra,872010-1,Zingiberaceae,Alpinia,nigra,,False,Alpinia nigra
4911238.0,273,Globba schomburgkii,796781-1,Zingiberaceae,Globba,schomburgkii,,False,Globba schomburgkii
4911220.0,270,Curcuma amada,796421-1,Zingiberaceae,Curcuma,amada,,False,Curcuma amada
4911266.0,270,Hedychium flavescens,796848-1,Zingiberaceae,Hedychium,flavescens,,True,Hedychium flavescens
4911242.0,273,Globba sessiliflora,796784-1,Zingiberaceae,Globba,sessiliflora,,False,Globba ophioglossa
4911256.0,281,Meistera ghatica,77178225-1,Zingiberaceae,Meistera,ghatica,,False,Amomum ghaticum
4911276.0,270,Hedychium coccineum,796834-1,Zingiberaceae,Hedychium,coccineum,,False,Hedychium coccineum
4911273.0,270,Hedychium coronarium,796836-1,Zingiberaceae,Hedychium,coronarium,,False,Hedychium coronarium
4911337.0,270,Zingiber odoriferum,798371-1,Zingiberaceae,Zingiber,odoriferum,,False,Zingiber odoriferum
4911251.0,274,Zingiber nimmonii,798370-1,Zingiberaceae,Zingiber,nimmonii,,False,Zingiber nimmonii
4911259.0,269,Zingiber parishii,798377-1,Zingiberaceae,Zingiber,parishii,,False,Zingiber parishii
4911267.0,270,Hedychium flavescens,796848-1,Zingiberaceae,Hedychium,flavescens,,True,Hedychium flavescens
4911218.0,270,Curcuma amada,796421-1,Zingiberaceae,Curcuma,amada,,False,Curcuma amada
4911258.0,269,Zingiber parishii,798377-1,Zingiberaceae,Zingiber,parishii,,False,Zingiber parishii
4911255.0,281,Meistera ghatica,77178225-1,Zingiberaceae,Meistera,ghatica,,False,Amomum ghaticum
4911244.0,270,Zingiber odoriferum,798371-1,Zingiberaceae,Zingiber,odoriferum,,False,Zingiber odoriferum
4911253.0,274,Zingiber nimmonii,798370-1,Zingiberaceae,Zingiber,nimmonii,,False,Zingiber nimmonii
4911236.0,279,Alpinia nigra,872010-1,Zingiberaceae,Alpinia,nigra,,False,Alpinia nigra
4911270.0,284,Amomum maximum,795588-1,Zingiberaceae,Amomum,maximum,,False,Amomum pterocarpum
4911265.0,270,Kaempferia rotunda,797203-1,Zingiberaceae,Kaempferia,rotunda,,True,Kaempferia rotunda
4911232.0,282,Alpinia malaccensis,795324-1,Zingiberaceae,Alpinia,malaccensis,,True,Alpinia malaccensis
4911260.0,270,Kaempferia galanga,797160-1,Zingiberaceae,Kaempferia,galanga,,False,Kaempferia galanga
4911226.0,270,Curcuma longa,796451-1,Zingiberaceae,Curcuma,longa,,False,Curcuma longa
9812988.0,459,Tribulus terrestris,873489-1,Zygophyllaceae,Tribulus,terrestris,,True,Tribulus terrestris
9813106.0,460,Tribulus terrestris,873489-1,Zygophyllaceae,Tribulus,terrestris,,True,Tribulus terrestris
5895364.0,236,Guaiacum officinale,873252-1,Zygophyllaceae,Guaiacum,officinale,,False,Guaiacum officinale
6259200.0,272,Balanites aegyptiaca,813589-1,Zygophyllaceae,Balanites,aegyptiaca,,False,Balanites aegyptiaca
3926326.0,265,Zygophyllum fabago,873557-1,Zygophyllaceae,Zygophyllum,fabago,,False,Zygophyllum fabago
9813052.0,274,Zygophyllum fabago,873557-1,Zygophyllaceae,Zygophyllum,fabago,,False,Zygophyllum fabago
15057483.0,238,Larrea tridentata,873322-1,Zygophyllaceae,Larrea,tridentata,,False,Larrea tridentata
3926335.0,264,Zygophyllum rosowii,873686-1,Zygophyllaceae,Zygophyllum,rosowii,,False,Zygophyllum rosovii
8099273.0,330,Tribulus cistoides,873411-1,Zygophyllaceae,Tribulus,cistoides,,False,Tribulus cistoides
6259158.0,272,Balanites aegyptiaca,813589-1,Zygophyllaceae,Balanites,aegyptiaca,,False,Balanites aegyptiaca
8099272.0,394,Tribulus cistoides,873411-1,Zygophyllaceae,Tribulus,cistoides,,False,Tribulus cistoides
5895410.0,230,Guaiacum sanctum,873256-1,Zygophyllaceae,Guaiacum,sanctum,,False,Guaiacum sanctum
3926330.0,283,Zygophyllum macropodum,873618-1,Zygophyllaceae,Zygophyllum,macropodum,,False,Zygophyllum macropodum
3926325.0,274,Zygophyllum brachypterum,873517-1,Zygophyllaceae,Zygophyllum,brachypterum,,False,Zygophyllum brachypterum
3926331.0,283,Zygophyllum obliquum,873645-1,Zygophyllaceae,Zygophyllum,obliquum,,False,Zygophyllum obliquum
3926332.0,283,Zygophyllum obliquum,873645-1,Zygophyllaceae,Zygophyllum,obliquum,,False,Zygophyllum obliquum
3926333.0,393,Zygophyllum pterocarpum,873670-1,Zygophyllaceae,Zygophyllum,pterocarpum,,False,Zygophyllum pterocarpum
3926336.0,275,Zygophyllum rosowii,873686-1,Zygophyllaceae,Zygophyllum,rosowii,,False,Zygophyllum rosovii
15057554.0,238,Larrea tridentata,873322-1,Zygophyllaceae,Larrea,tridentata,,False,Larrea tridentata
6288675.0,388,Balanites wilsoniana,873126-1,Zygophyllaceae,Balanites,wilsoniana,,False,Balanites wilsoniana
3926324.0,274,Zygophyllum brachypterum,873517-1,Zygophyllaceae,Zygophyllum,brachypterum,,False,Zygophyllum brachypterum
3926329.0,283,Zygophyllum macropodum,873618-1,Zygophyllaceae,Zygophyllum,macropodum,,False,Zygophyllum macropodum
9934118.0,397,Balanites rotundifolia,873118-1,Zygophyllaceae,Balanites,rotundifolia,,False,Balanites rotundifolia
