Locus,gene,mol_type,Len,sci_name,kew_id,family,genus,species,infraspecies,Duplicates,Ini_sci_name,TaxID
AY289642.1,18S ribosomal RNA,genomic DNA,1669,Acanthus ebracteatus,44857-1,Acanthaceae,Acanthus,ebracteatus,,False,Acanthus ebracteatus,241842
XR_007841456.1,18S ribosomal RNA,rRNA,1815,Andrographis paniculata,45226-1,Acanthaceae,Andrographis,paniculata,,False,Andrographis paniculata,175694
XR_007841455.1,18S ribosomal RNA,rRNA,1812,Andrographis paniculata,45226-1,Acanthaceae,Andrographis,paniculata,,False,Andrographis paniculata,175694
Y17766.1,18S ribosomal RNA,genomic DNA,1805,Avicennia marina,861130-1,Acanthaceae,Avicennia,marina,,False,Avicennia marina,82927
DQ299963.1,18S ribosomal RNA,genomic DNA,1767,Avicennia marina,861130-1,Acanthaceae,Avicennia,marina,,False,Avicennia marina,82927
AF107567.1,18S ribosomal RNA,genomic DNA,1741,Barleria prionitis,46147-1,Acanthaceae,Barleria,prionitis,,False,Barleria prionitis,4189
AF107568.1,18S ribosomal RNA,genomic DNA,1738,Dianthera americana,78915-2,Acanthaceae,Dianthera,americana,,False,Justicia americana,28522
L49290.1,18S ribosomal RNA,genomic DNA,1735,Pachystachys lutea,52814-1,Acanthaceae,Pachystachys,lutea,,False,Pachystachys lutea,76374
AF107569.1,18S ribosomal RNA,genomic DNA,1739,Thunbergia alata,56177-1,Acanthaceae,Thunbergia,alata,,False,Thunbergia alata,32198
AF206837.1,18S ribosomal RNA,genomic DNA,1740,Acharia tragodes,674030-1,Achariaceae,Acharia,tragodes,,False,Acharia tragodes,112802
AB233528.1,18S ribosomal RNA,genomic DNA,1736,Camptostylus mannii,365027-1,Achariaceae,Camptostylus,mannii,,False,Camptostylus mannii,179727
AB233529.1,18S ribosomal RNA,genomic DNA,1736,Ceratiosicyos laevis,56878-1,Achariaceae,Ceratiosicyos,laevis,,False,Ceratiosicyos laevis,212226
AB233530.1,18S ribosomal RNA,genomic DNA,1736,Dasylepis racemosa,111549-1,Achariaceae,Dasylepis,racemosa,,False,Dasylepis brevipedicellata,344432
FJ669684.1,18S ribosomal RNA,genomic DNA,1705,Erythrospermum zeylanicum,365338-1,Achariaceae,Erythrospermum,zeylanicum,,False,Erythrospermum zeylanicum,2911382
AF206945.1,18S ribosomal RNA,genomic DNA,1740,Kiggelaria africana,111770-1,Achariaceae,Kiggelaria,africana,,False,Kiggelaria africana,112821
AB233531.1,18S ribosomal RNA,genomic DNA,1736,Kiggelaria africana,111770-1,Achariaceae,Kiggelaria,africana,,False,Kiggelaria africana,112821
AY674609.1,18S ribosomal RNA,genomic DNA,1681,Kiggelaria sp.,4346-1,Achariaceae,Kiggelaria,,,False,Kiggelaria sp. Alford 51,289678
AF206979.1,18S ribosomal RNA,genomic DNA,1738,Pangium edule,111972-1,Achariaceae,Pangium,edule,,False,Pangium edule,112823
HQ843433.1,18S ribosomal RNA,genomic DNA,1483,Phaulothamnus spinescens,327318-2,Achatocarpaceae,Phaulothamnus,spinescens,,False,Phaulothamnus spinescens,3600
L24078.1,18S ribosomal RNA,genomic DNA,1761,Acorus calamus,84009-1,Acoraceae,Acorus,calamus,,False,Acorus calamus,4465
KM103387.1,18S ribosomal RNA,genomic DNA,1740,Acorus calamus,84009-1,Acoraceae,Acorus,calamus,,False,Acorus calamus,4465
AF197584.1,18S ribosomal RNA,genomic DNA,1744,Acorus gramineus,84019-1,Acoraceae,Acorus,gramineus,,False,Acorus gramineus,55184
OR066316.1,rrn18,genomic DNA,1550,Acorus verus,84033-1,Acoraceae,Acorus,verus,,False,Acorus tatarinowii,123564
OR066317.1,18S ribosomal RNA,genomic DNA,1550,Acorus verus,84033-1,Acoraceae,Acorus,verus,,False,Acorus tatarinowii,123564
AF419792.1,18S ribosomal RNA,genomic DNA,1789,Actinidia chinensis,828396-1,Actinidiaceae,Actinidia,chinensis,,False,Actinidia chinensis,3625
XR_009029631.1,18S ribosomal RNA,rRNA,1809,Actinidia eriantha,828399-1,Actinidiaceae,Actinidia,eriantha,,False,Actinidia eriantha,165200
XR_009032651.1,18S ribosomal RNA,rRNA,1807,Actinidia eriantha,828399-1,Actinidiaceae,Actinidia,eriantha,,False,Actinidia eriantha,165200
U42495.1,18S ribosomal RNA,genomic DNA,1737,Actinidia sp.,38999-1,Actinidiaceae,Actinidia,,,False,Actinidia sp. Morgan s.n.,45315
AF206839.1,18S ribosomal RNA,genomic DNA,1741,Aextoxicon punctatum,338257-1,Aextoxicaceae,Aextoxicon,punctatum,,False,Aextoxicon punctatum,39268
AF206899.1,18S ribosomal RNA,genomic DNA,1756,Delosperma echinatum,361486-1,Aizoaceae,Delosperma,echinatum,,False,Delosperma echinatum,85190
HQ843428.1,18S ribosomal RNA,genomic DNA,1512,Delosperma napiforme,361531-1,Aizoaceae,Delosperma,napiforme,,False,Delosperma napiforme,246247
KC146551.1,18S ribosomal RNA,genomic DNA,1698,Sesuvium portulacastrum,235145-2,Aizoaceae,Sesuvium,portulacastrum,,False,Sesuvium portulacastrum,221166
U42496.1,18S ribosomal RNA,genomic DNA,1713,Tetragonia tetragonoides,364795-1,Aizoaceae,Tetragonia,tetragonoides,,False,Tetragonia tetragonoides,45318
AY952405.1,18S ribosomal RNA,genomic DNA,1669,Albidella oligococca,77163628-1,Alismataceae,Albidella,oligococca,,False,Albidella oligococca,2890917
AF197585.1,18S ribosomal RNA,genomic DNA,1743,Alisma plantago-aquatica,30019518-2,Alismataceae,Alisma,plantago-aquatica,,False,Alisma plantago-aquatica,15000
JF975495.1,18S ribosomal RNA,genomic DNA,1644,Alisma plantago-aquatica,30019518-2,Alismataceae,Alisma,plantago-aquatica,,False,Alisma plantago-aquatica,15000
JN034099.1,18S ribosomal RNA,genomic DNA,1615,Caldesia parnassifolia,58293-1,Alismataceae,Caldesia,parnassifolia,,False,Caldesia parnassifolia,217073
JN034100.1,18S ribosomal RNA,genomic DNA,1615,Echinodorus sp.,30011701-2,Alismataceae,Echinodorus,,,False,Echinodorus sp. 1 LYC-2011,1046413
AY952397.1,18S ribosomal RNA,genomic DNA,1716,Hydrocleys nymphoides,58399-1,Alismataceae,Hydrocleys,nymphoides,,False,Hydrocleys nymphoides,55466
AY952395.1,18S ribosomal RNA,genomic DNA,1692,Limnocharis flava,58404-1,Alismataceae,Limnocharis,flava,,False,Limnocharis flava,55477
JN034101.1,18S ribosomal RNA,genomic DNA,1615,Limnophyton sp.,1091-1,Alismataceae,Limnophyton,,,False,Limnophyton sp. LYC-2011,1052518
AY952388.1,18S ribosomal RNA,genomic DNA,1628,Ranalisma rostrata,58439-1,Alismataceae,Ranalisma,rostrata,,False,Ranalisma rostratum,258213
KM103407.1,18S ribosomal RNA,genomic DNA,1733,Sagittaria sp.,30006593-2,Alismataceae,Sagittaria,,,False,Sagittaria sp. KH-2014,1552349
AF206844.1,18S ribosomal RNA,genomic DNA,1747,Alseuosmia macrophylla,148249-1,Alseuosmiaceae,Alseuosmia,macrophylla,,False,Alseuosmia macrophylla,49583
KP420428.1,18S ribosomal RNA,genomic DNA,1693,Alstroemeria aurea,62457-1,Alstroemeriaceae,Alstroemeria,aurea,,True,Alstroemeria aurea,56742
AF206871.1,18S ribosomal RNA,genomic DNA,1745,Bomarea edulis,63283-1,Alstroemeriaceae,Bomarea,edulis,,False,Bomarea hirtella,59037
KP420429.1,18S ribosomal RNA,genomic DNA,1713,Bomarea edulis,63283-1,Alstroemeriaceae,Bomarea,edulis,,False,Bomarea edulis,198697
KP420431.1,18S ribosomal RNA,genomic DNA,1695,Luzuriaga radicans,279952-2,Alstroemeriaceae,Luzuriaga,radicans,,False,Luzuriaga radicans,59097
U42552.1,18S ribosomal RNA,genomic DNA,1741,Liquidambar sp.,30008300-2,Altingiaceae,Liquidambar,,,False,Liquidambar sp. Qiu 93006,45169
U42553.1,18S ribosomal RNA,genomic DNA,1727,Liquidambar styraciflua,430718-1,Altingiaceae,Liquidambar,styraciflua,,False,Liquidambar styraciflua,4400
AM235484.1,18S ribosomal RNA,genomic DNA,1628,Alzatea verticillata,30130749-2,Alzateaceae,Alzatea,verticillata,,False,Alzatea verticillata,39982
OP177683.1,18S ribosomal RNA,genomic DNA,1934,Amaranthus tricolor,327386-2,Amaranthaceae,Amaranthus,tricolor,,False,Amaranthus tricolor,29722
XR_009045727.1,18S ribosomal RNA,rRNA,1823,Amaranthus tricolor,327386-2,Amaranthaceae,Amaranthus,tricolor,,False,Amaranthus tricolor,29722
FJ669720.1,18S ribosomal RNA,genomic DNA,1699,Beta vulgaris,164505-1,Amaranthaceae,Beta,vulgaris,,False,Beta vulgaris,161934
FP885871.1,18S ribosomal RNA,genomic DNA,1932,Beta vulgaris subsp. vulgaris,165550-3,Amaranthaceae,Beta,vulgaris,vulgaris,False,Beta vulgaris subsp. maritima,350892
FQ014226.1,18S ribosomal RNA,genomic DNA,1932,Beta vulgaris subsp. vulgaris,165550-3,Amaranthaceae,Beta,vulgaris,vulgaris,False,Beta vulgaris subsp. maritima,350892
AF206883.1,18S ribosomal RNA,genomic DNA,1736,Celosia argentea,316350-2,Amaranthaceae,Celosia,argentea,,False,Celosia argentea,46112
NC_086917.1,18S ribosomal RNA,genomic DNA,1933,Chenopodium suecicum,165253-1,Amaranthaceae,Chenopodium,suecicum,,False,Chenopodium suecicum,434248
PP314232.1,rrn18,genomic DNA,1933,Chenopodium suecicum,165253-1,Amaranthaceae,Chenopodium,suecicum,,False,Chenopodium suecicum,434248
PQ468275.1,18S ribosomal RNA,genomic DNA,1931,Halogeton glomeratus,60448682-2,Amaranthaceae,Halogeton,glomeratus,,False,Halogeton glomeratus,454499
OR296702.1,18S ribosomal RNA,genomic DNA,1932,Haloxylon ammodendron,941607-1,Amaranthaceae,Haloxylon,ammodendron,,False,Haloxylon ammodendron,151230
JX446578.1,18S ribosomal RNA,genomic DNA,1702,Salicornia bigelovii,166494-1,Amaranthaceae,Salicornia,bigelovii,,False,Salicornia bigelovii,46105
JX446577.1,18S ribosomal RNA,genomic DNA,1645,Salicornia bigelovii,166494-1,Amaranthaceae,Salicornia,bigelovii,,False,Salicornia bigelovii,46105
XR_008925639.1,18S ribosomal RNA,rRNA,1814,Spinacia oleracea,167384-1,Amaranthaceae,Spinacia,oleracea,,False,Spinacia oleracea,3562
XR_008925468.1,18S ribosomal RNA,rRNA,1812,Spinacia oleracea,167384-1,Amaranthaceae,Spinacia,oleracea,,False,Spinacia oleracea,3562
GQ497566.1,18S ribosomal RNA,genomic DNA,1782,Agapanthus africanus,527258-1,Amaryllidaceae,Agapanthus,africanus,,False,Agapanthus africanus,51501
HM640715.1,18S ribosomal RNA,genomic DNA,1740,Agapanthus africanus,527258-1,Amaryllidaceae,Agapanthus,africanus,,False,Agapanthus africanus,51501
AP018388.1,18S ribosomal RNA,genomic DNA,1879,Allium cepa,527795-1,Amaryllidaceae,Allium,cepa,,False,Allium cepa,4679
MK770757.1,18S ribosomal RNA,genomic DNA,1809,Allium cepa,527795-1,Amaryllidaceae,Allium,cepa,,False,Allium cepa,4679
JQ283942.1,18S ribosomal RNA,genomic DNA,1788,Allium fistulosum,528046-1,Amaryllidaceae,Allium,fistulosum,,False,Allium fistulosum,35875
JN797259.1,18S ribosomal RNA,genomic DNA,1668,Allium fistulosum,528046-1,Amaryllidaceae,Allium,fistulosum,,False,Allium fistulosum,35875
JN797262.1,18S ribosomal RNA,genomic DNA,1686,Allium lusitanicum,528348-1,Amaryllidaceae,Allium,lusitanicum,,False,Allium senescens subsp. montanum,258997
JN797260.1,18S ribosomal RNA,genomic DNA,1671,Allium obliquum,528506-1,Amaryllidaceae,Allium,obliquum,,False,Allium obliquum,166816
HM640714.1,18S ribosomal RNA,genomic DNA,1739,Allium ochotense,528513-1,Amaryllidaceae,Allium,ochotense,,False,Allium victorialis var. platyphyllum,93498
MK770772.1,18S ribosomal RNA,genomic DNA,1810,Allium sativum,528796-1,Amaryllidaceae,Allium,sativum,,False,Allium sativum,4682
JF719285.1,18S ribosomal RNA,genomic DNA,1661,Allium sativum,528796-1,Amaryllidaceae,Allium,sativum,,False,Allium sativum,4682
JN797261.1,18S ribosomal RNA,genomic DNA,1662,Allium schoenoprasum,528823-1,Amaryllidaceae,Allium,schoenoprasum,,False,Allium schoenoprasum,74900
JX096474.1,18S ribosomal RNA,genomic DNA,1681,Allium tuberosum,529062-1,Amaryllidaceae,Allium,tuberosum,,True,Allium tuberosum,4683
JX096484.1,18S ribosomal RNA,genomic DNA,1681,Allium tuberosum,529062-1,Amaryllidaceae,Allium,tuberosum,,True,Allium tuberosum,4683
MK770766.1,18S ribosomal RNA,genomic DNA,1809,Allium ursinum,529088-1,Amaryllidaceae,Allium,ursinum,,False,Allium ursinum,4684
JQ283909.1,18S ribosomal RNA,genomic DNA,1790,Amaryllis belladonna,62705-1,Amaryllidaceae,Amaryllis,belladonna,,True,Amaryllis belladonna,51432
AF206889.1,18S ribosomal RNA,genomic DNA,1740,Clivia nobilis,63634-1,Amaryllidaceae,Clivia,nobilis,,False,Clivia nobilis,112537
JQ283938.1,18S ribosomal RNA,genomic DNA,1788,Crinum asiaticum,63796-1,Amaryllidaceae,Crinum,asiaticum,,False,Crinum asiaticum,205937
HM640718.1,18S ribosomal RNA,genomic DNA,1738,Crinum asiaticum var. japonicum,77188831-1,Amaryllidaceae,Crinum,asiaticum,japonicum,False,Crinum asiaticum var. japonicum,928048
JQ283927.1,18S ribosomal RNA,genomic DNA,1789,Gilliesia graminea,535923-1,Amaryllidaceae,Gilliesia,graminea,,False,Gilliesia graminea,51450
HM751211.1,18S ribosomal RNA,genomic DNA,1738,Ipheion uniflorum,536909-1,Amaryllidaceae,Ipheion,uniflorum,,False,Ipheion uniflorum,82527
HM640716.1,18S ribosomal RNA,genomic DNA,1736,Lycoris chinensis,65792-1,Amaryllidaceae,Lycoris,chinensis,,False,Lycoris uydoensis,928062
JX975644.1,18S ribosomal RNA,genomic DNA,1624,Lycoris radiata,60455959-2,Amaryllidaceae,Lycoris,radiata,,True,Lycoris radiata,228395
JX975643.1,18S ribosomal RNA,genomic DNA,1622,Lycoris radiata,60455959-2,Amaryllidaceae,Lycoris,radiata,,True,Lycoris radiata,228395
JX975620.1,18S ribosomal RNA,genomic DNA,1611,Lycoris squamigera,65810-1,Amaryllidaceae,Lycoris,squamigera,,False,Lycoris squamigera,112568
JX975618.1,18S ribosomal RNA,genomic DNA,1591,Lycoris squamigera,65810-1,Amaryllidaceae,Lycoris,squamigera,,False,Lycoris squamigera,112568
HM640717.1,18S ribosomal RNA,genomic DNA,1738,Narcissus tazetta subsp. chinensis,77189681-1,Amaryllidaceae,Narcissus,tazetta,chinensis,False,Narcissus tazetta subsp. chinensis,391288
EU715294.1,18S ribosomal RNA,genomic DNA,1468,Narcissus tazetta subsp. chinensis,77189681-1,Amaryllidaceae,Narcissus,tazetta,chinensis,False,Narcissus tazetta subsp. chinensis,391288
JQ283911.1,18S ribosomal RNA,genomic DNA,1789,Scadoxus cinnabarinus,66761-1,Amaryllidaceae,Scadoxus,cinnabarinus,,False,Scadoxus cinnabarinus,112577
JQ283910.1,18S ribosomal RNA,genomic DNA,1791,Urceolina  grandiflora,261579-2,Amaryllidaceae,Urceolina,grandiflora,,False,Eucharis x grandiflora,44989
U42497.1,18S ribosomal RNA,genomic DNA,1741,Amborella trichopoda,581745-1,Amborellaceae,Amborella,trichopoda,,False,Amborella trichopoda,13333
AF509498.1,18S ribosomal RNA,genomic DNA,1756,Anacardium occidentale,319068-2,Anacardiaceae,Anacardium,occidentale,,False,Anacardium occidentale,171929
XR_006500183.1,18S ribosomal RNA,rRNA,1814,Mangifera indica,69913-1,Anacardiaceae,Mangifera,indica,,False,Mangifera indica,29780
XR_006500185.1,18S ribosomal RNA,rRNA,1814,Mangifera indica,69913-1,Anacardiaceae,Mangifera,indica,,False,Mangifera indica,29780
XR_004127356.1,18S ribosomal RNA,rRNA,1796,Pistacia vera,70280-1,Anacardiaceae,Pistacia,vera,,False,Pistacia vera,55513
GU476469.1,18S ribosomal RNA,genomic DNA,1619,Rhus taitensis,70896-1,Anacardiaceae,Rhus,taitensis,,False,Rhus taitensis,384978
GU476470.1,18S ribosomal RNA,genomic DNA,1619,Rhus typhina,70939-1,Anacardiaceae,Rhus,typhina,,False,Rhus typhina,255348
AF207015.1,18S ribosomal RNA,genomic DNA,1739,Schinus molle,71044-1,Anacardiaceae,Schinus,molle,,False,Schinus molle,43851
GU476471.1,18S ribosomal RNA,genomic DNA,1619,Searsia quartiniana,20002585-1,Anacardiaceae,Searsia,quartiniana,,False,Searsia quartiniana,298681
KX522674.1,18S ribosomal RNA,genomic DNA,1809,Spondias tuberosa,71506-1,Anacardiaceae,Spondias,tuberosa,,False,Spondias tuberosa,991123
AF206846.1,18S ribosomal RNA,genomic DNA,1739,Ancistrocladus korupensis,975426-1,Ancistrocladaceae,Ancistrocladus,korupensis,,False,Ancistrocladus korupensis,63089
AY968390.1,18S ribosomal RNA,genomic DNA,1785,Anisophyllea corneri,719468-1,Anisophylleaceae,Anisophyllea,corneri,,False,Anisophyllea corneri,68824
AF534775.1,18S ribosomal RNA,genomic DNA,1793,Anisophyllea fallax,719474-1,Anisophylleaceae,Anisophyllea,fallax,,False,Anisophyllea fallax,106632
AY929365.1,18S ribosomal RNA,genomic DNA,1785,Anisophyllea fallax,719474-1,Anisophylleaceae,Anisophyllea,fallax,,False,Anisophyllea fallax,106632
AY968393.1,18S ribosomal RNA,genomic DNA,1771,Combretocarpus rotundatus,719716-1,Anisophylleaceae,Combretocarpus,rotundatus,,False,Combretocarpus rotundatus,61144
AF206850.1,18S ribosomal RNA,genomic DNA,1665,Annona muricata,14308-2,Annonaceae,Annona,muricata,,False,Annona muricata,13337
AF206856.1,18S ribosomal RNA,genomic DNA,1725,Asimina triloba,72521-1,Annonaceae,Asimina,triloba,,False,Asimina triloba,12953
AF469770.1,18S ribosomal RNA,genomic DNA,1726,Cananga odorata,72580-1,Annonaceae,Cananga,odorata,,False,Cananga odorata,13393
L54061.2,18S ribosomal RNA,genomic DNA,1686,Isolona sp.,2055-1,Annonaceae,Isolona,,,False,Isolona sp. Chase 542,49750
AF193938.1,18S ribosomal RNA,genomic DNA,1650,Polyalthia suberosa,74734-1,Annonaceae,Polyalthia,suberosa,,False,Polyalthia suberosa,105757
AF274600.1,18S ribosomal RNA,genomic DNA,1790,Aphanopetalum resinosum,790237-1,Aphanopetalaceae,Aphanopetalum,resinosum,,False,Aphanopetalum resinosum,131160
AF206851.1,18S ribosomal RNA,genomic DNA,1705,Aphloia theiformis,111447-1,Aphloiaceae,Aphloia,theiformis,,False,Aphloia theiformis,112806
D84297.1,18S ribosomal RNA,genomic DNA,1808,Angelica acutiloba var. acutiloba,77228542-1,Apiaceae,Angelica,acutiloba,acutiloba,False,Angelica acutiloba var. sugiyamae,279741
OR499864.1,rrn18,genomic DNA,1942,Angelica biserrata,914819-1,Apiaceae,Angelica,biserrata,,False,Angelica biserrata,357970
PP049078.1,rrn18,genomic DNA,1936,Angelica dahurica,60451989-2,Apiaceae,Angelica,dahurica,,False,Angelica dahurica,48101
DQ647697.2,18S ribosomal RNA,genomic DNA,1806,Angelica gigas,837629-1,Apiaceae,Angelica,gigas,,False,Angelica gigas,85712
XR_012567899.1,18S ribosomal RNA,rRNA,1813,Apium graveolens,838067-1,Apiaceae,Apium,graveolens,,True,Apium graveolens,4045
XR_012567909.1,18S ribosomal RNA,rRNA,1813,Apium graveolens,838067-1,Apiaceae,Apium,graveolens,,True,Apium graveolens,4045
GQ983561.1,18S ribosomal RNA,genomic DNA,1725,Azorella trifurcata,838647-1,Apiaceae,Azorella,trifurcata,,False,Azorella trifurcata,52508
JQ612129.1,18S ribosomal RNA,genomic DNA,1707,Bupleurum sp.,839355-1,Apiaceae,Bupleurum,,,True,Bupleurum mucronatum,1162816
MN261947.1,18S ribosomal RNA,genomic DNA,1935,Caucalis platycarpos,839978-1,Apiaceae,Caucalis,platycarpos,,True,Caucalis platycarpos,52456
PV739436.1,rrn18,genomic DNA,1901,Centella asiatica,1197718-2,Apiaceae,Centella,asiatica,,False,Centella asiatica,48106
PV739434.1,rrn18,genomic DNA,1901,Centella asiatica,1197718-2,Apiaceae,Centella,asiatica,,False,Centella asiatica,48106
KT179692.1,18S ribosomal RNA,genomic DNA,1809,Cicuta maculata,58605-2,Apiaceae,Cicuta,maculata,,False,Cicuta maculata,178650
PP968945.1,18S ribosomal RNA,genomic DNA,1936,Cnidium monnieri,840463-1,Apiaceae,Cnidium,monnieri,,False,Cnidium monnieri,94007
D83028.1,18S ribosomal RNA,genomic DNA,1808,Conioselinum anthriscoides,77146159-1,Apiaceae,Conioselinum,anthriscoides,,False,Conioselinum anthriscoides,3420723
D83027.1,18S ribosomal RNA,genomic DNA,1808,Conioselinum officinale,77315591-1,Apiaceae,Conioselinum,officinale,,False,Conioselinum officinale,54711
KT179693.1,18S ribosomal RNA,genomic DNA,1809,Conium maculatum,840668-1,Apiaceae,Conium,maculatum,,False,Conium maculatum,13447
MW477238.1,18S ribosomal RNA,genomic DNA,1463,Coriandrum sativum,840760-1,Apiaceae,Coriandrum,sativum,,False,Coriandrum sativum,4047
NC_072550.1,18S ribosomal RNA,genomic DNA,1936,Cuminum cyminum,840882-1,Apiaceae,Cuminum,cyminum,,False,Cuminum cyminum,52462
OP800912.1,rrn18,genomic DNA,1936,Cuminum cyminum,840882-1,Apiaceae,Cuminum,cyminum,,False,Cuminum cyminum,52462
MN261948.1,rrn18,genomic DNA,1936,Daucus aureus,841042-1,Apiaceae,Daucus,aureus,,False,Daucus aureus,79164
MN261951.1,18S ribosomal RNA,genomic DNA,1936,Daucus carota subsp. capillifolius,77201822-1,Apiaceae,Daucus,carota,capillifolius,False,Daucus carota subsp. capillifolius,180796
MN261954.1,rrn18,genomic DNA,1936,Daucus carota subsp. carota,77228982-1,Apiaceae,Daucus,carota,carota,False,Daucus carota subsp. carota,79196
MN261952.1,18S ribosomal RNA,genomic DNA,1936,Daucus carota subsp. carota,77228982-1,Apiaceae,Daucus,carota,carota,False,Daucus carota subsp. carota,79196
MN261959.1,rrn18,genomic DNA,1936,Daucus carota subsp. gummifer,60466895-2,Apiaceae,Daucus,carota,gummifer,False,Daucus carota subsp. gummifer,79197
MN261956.1,18S ribosomal RNA,genomic DNA,1936,Daucus carota subsp. gummifer,60466895-2,Apiaceae,Daucus,carota,gummifer,False,Daucus carota subsp. gummifer,79197
OP801827.1,rrn18,genomic DNA,1936,Daucus carota subsp. sativus,77249925-1,Apiaceae,Daucus,carota,sativus,False,Daucus carota subsp. sativus,79200
OP801825.1,18S ribosomal RNA,genomic DNA,1936,Daucus carota subsp. sativus,77249925-1,Apiaceae,Daucus,carota,sativus,False,Daucus carota subsp. sativus,79200
MN261963.1,rrn18,genomic DNA,1942,Daucus conchitae,841069-1,Apiaceae,Daucus,conchitae,,False,Daucus conchitae,180803
MN261961.1,18S ribosomal RNA,genomic DNA,1942,Daucus conchitae,841069-1,Apiaceae,Daucus,conchitae,,False,Daucus conchitae,180803
MN261965.1,rrn18,genomic DNA,1936,Daucus crinitus,841073-1,Apiaceae,Daucus,crinitus,,True,Daucus crinitus,79167
MN261964.1,rrn18,genomic DNA,1936,Daucus crinitus,841073-1,Apiaceae,Daucus,crinitus,,True,Daucus crinitus,79167
MN261971.1,18S ribosomal RNA,genomic DNA,1943,Daucus glaber,841102-1,Apiaceae,Daucus,glaber,,False,Daucus littoralis,571607
MN261966.1,18S ribosomal RNA,genomic DNA,1942,Daucus glochidiatus,841105-1,Apiaceae,Daucus,glochidiatus,,False,Daucus glochidiatus,180807
MN261967.1,18S ribosomal RNA,genomic DNA,1943,Daucus guttatus,841114-1,Apiaceae,Daucus,guttatus,,False,Daucus guttatus,79165
MN261968.1,rrn18,genomic DNA,1943,Daucus guttatus,841114-1,Apiaceae,Daucus,guttatus,,False,Daucus guttatus,79165
MN261969.1,18S ribosomal RNA,genomic DNA,1942,Daucus involucratus,841129-1,Apiaceae,Daucus,involucratus,,False,Daucus involucratus,180804
MN261970.1,rrn18,genomic DNA,1942,Daucus involucratus,841129-1,Apiaceae,Daucus,involucratus,,False,Daucus involucratus,180804
MN261973.1,rrn18,genomic DNA,1936,Daucus muricatus,841171-1,Apiaceae,Daucus,muricatus,,True,Daucus muricatus,79170
MN261972.1,rrn18,genomic DNA,1936,Daucus muricatus,841171-1,Apiaceae,Daucus,muricatus,,True,Daucus muricatus,79170
MN261974.1,18S ribosomal RNA,genomic DNA,1936,Daucus pumilus,841195-1,Apiaceae,Daucus,pumilus,,True,Daucus pumilus,40858
MN261976.1,18S ribosomal RNA,genomic DNA,1942,Daucus pusillus,841198-1,Apiaceae,Daucus,pusillus,,False,Daucus pusillus,79171
MN261975.1,18S ribosomal RNA,genomic DNA,1942,Daucus pusillus,841198-1,Apiaceae,Daucus,pusillus,,False,Daucus pusillus,79171
MN261977.1,rrn18,genomic DNA,1936,Daucus rouyi,77158611-1,Apiaceae,Daucus,rouyi,,False,Daucus rouyi,571641
MN261980.1,rrn18,genomic DNA,1936,Daucus sahariensis,841206-1,Apiaceae,Daucus,sahariensis,,False,Daucus sahariensis,180797
MN261978.1,rrn18,genomic DNA,1942,Daucus setulosus,841219-1,Apiaceae,Daucus,setulosus,,False,Daucus setulosus,1792663
MN261979.1,18S ribosomal RNA,genomic DNA,1942,Daucus setulosus,841219-1,Apiaceae,Daucus,setulosus,,False,Daucus setulosus,1792663
MN261981.1,18S ribosomal RNA,genomic DNA,1936,Daucus syrticus,841228-1,Apiaceae,Daucus,syrticus,,False,Daucus syrticus,180799
MN261982.1,18S ribosomal RNA,genomic DNA,1936,Daucus tenuisectus,841229-1,Apiaceae,Daucus,tenuisectus,,False,Daucus tenuisectus,180800
OR231238.1,18S ribosomal RNA,genomic DNA,1842,Dystaenia ibukiensis,841497-1,Apiaceae,Dystaenia,ibukiensis,,False,Dystaenia ibukiensis,76001
NC_082207.1,18S ribosomal RNA,genomic DNA,1842,Dystaenia ibukiensis,841497-1,Apiaceae,Dystaenia,ibukiensis,,False,Dystaenia ibukiensis,76001
OR231237.1,18S ribosomal RNA,genomic DNA,1842,Dystaenia takeshimana,841498-1,Apiaceae,Dystaenia,takeshimana,,False,Dystaenia takeshimana,57122
NC_082206.1,18S ribosomal RNA,genomic DNA,1842,Dystaenia takeshimana,841498-1,Apiaceae,Dystaenia,takeshimana,,False,Dystaenia takeshimana,57122
PQ399810.1,18S ribosomal RNA,genomic DNA,1936,Foeniculum vulgare,842680-1,Apiaceae,Foeniculum,vulgare,,True,Anethum foeniculum,2849586
PQ399811.1,18S ribosomal RNA,genomic DNA,1936,Foeniculum vulgare,842680-1,Apiaceae,Foeniculum,vulgare,,True,Anethum foeniculum,2849586
KX757778.1,18S ribosomal RNA,genomic DNA,1809,Glehnia littoralis,842779-1,Apiaceae,Glehnia,littoralis,,False,Glehnia littoralis,48119
KX757779.1,18S ribosomal RNA,genomic DNA,1809,Glehnia littoralis,842779-1,Apiaceae,Glehnia,littoralis,,False,Glehnia littoralis,48119
U42498.1,18S ribosomal RNA,genomic DNA,1736,Lomatium triternatum,1177167-2,Apiaceae,Lomatium,triternatum,,False,Lomatium triternatum,63647
GQ983568.1,18S ribosomal RNA,genomic DNA,1724,Mackinlaya confusa,90979-1,Apiaceae,Mackinlaya,confusa,,False,Mackinlaya confusa,127424
MN261983.1,rrn18,genomic DNA,1930,Oenanthe virgata,845400-1,Apiaceae,Oenanthe,virgata,,True,Oenanthe virgata,442483
JN411080.1,18S ribosomal RNA,genomic DNA,1712,Peucedanum dhana,60447917-2,Apiaceae,Peucedanum,dhana,,False,Peucedanum dhana var. dalzellii,1075738
KX757776.1,18S ribosomal RNA,genomic DNA,1809,Peucedanum japonicum,846161-1,Apiaceae,Peucedanum,japonicum,,False,Peucedanum japonicum,49563
KX757777.1,18S ribosomal RNA,genomic DNA,1809,Peucedanum japonicum,846161-1,Apiaceae,Peucedanum,japonicum,,False,Peucedanum japonicum,49563
JQ612131.1,18S ribosomal RNA,genomic DNA,1712,Pimpinella leschenaultii,846883-1,Apiaceae,Pimpinella,leschenaultii,,False,Pimpinella leschenaultii,1162818
NC_058846.1,rrn18,genomic DNA,1935,Saposhnikovia divaricata,847902-1,Apiaceae,Saposhnikovia,divaricata,,False,Saposhnikovia divaricata,203717
MZ128146.1,rrn18,genomic DNA,1935,Saposhnikovia divaricata,847902-1,Apiaceae,Saposhnikovia,divaricata,,False,Saposhnikovia divaricata,203717
PQ273107.1,18S ribosomal RNA,genomic DNA,1936,Spuriopimpinella brachycarpa,849194-1,Apiaceae,Spuriopimpinella,brachycarpa,,False,Spuriopimpinella brachycarpa,45043
JQ612130.1,18S ribosomal RNA,genomic DNA,1702,Tetrataenium rigens,849314-1,Apiaceae,Tetrataenium,rigens,,False,Tetrataenium candolleanum,515241
MT735334.1,18S ribosomal RNA,genomic DNA,1808,Torilis japonica,849533-1,Apiaceae,Torilis,japonica,,False,Torilis japonica,49576
KT179694.1,18S ribosomal RNA,genomic DNA,1808,Zizia aurea,850044-1,Apiaceae,Zizia,aurea,,False,Zizia aurea,40947
AF107570.1,18S ribosomal RNA,genomic DNA,1745,Alstonia scholaris,60445977-2,Apocynaceae,Alstonia,scholaris,,False,Alstonia scholaris,52822
KJ649324.1,18S ribosomal RNA,genomic DNA,1653,Amsonia orientalis,76921-1,Apocynaceae,Amsonia,orientalis,,False,Amsonia orientalis,141609
KJ649325.1,18S ribosomal RNA,genomic DNA,1652,Amsonia orientalis,76921-1,Apocynaceae,Amsonia,orientalis,,False,Amsonia orientalis,141609
AF107571.1,18S ribosomal RNA,genomic DNA,1740,Apocynum sp.,2211-1,Apocynaceae,Apocynum,,,False,Apocynum sp. Olmstead 256,89249
JN665082.1,18S ribosomal RNA,genomic DNA,1808,Asclepias albicans,21135-2,Apocynaceae,Asclepias,albicans,,False,Asclepias albicans,659935
JN665083.1,18S ribosomal RNA,genomic DNA,1808,Asclepias albicans,21135-2,Apocynaceae,Asclepias,albicans,,False,Asclepias albicans,659935
JN665084.1,18S ribosomal RNA,genomic DNA,1808,Asclepias coulteri,94197-1,Apocynaceae,Asclepias,coulteri,,False,Asclepias coulteri,659948
JN665085.1,18S ribosomal RNA,genomic DNA,1808,Asclepias cutleri,21177-2,Apocynaceae,Asclepias,cutleri,,False,Asclepias cutleri,659951
JN665086.1,18S ribosomal RNA,genomic DNA,1808,Asclepias cutleri,21177-2,Apocynaceae,Asclepias,cutleri,,False,Asclepias cutleri,659951
JN665087.1,18S ribosomal RNA,genomic DNA,1808,Asclepias leptopus,21226-2,Apocynaceae,Asclepias,leptopus,,False,Asclepias leptopus,659967
JN665088.1,18S ribosomal RNA,genomic DNA,1808,Asclepias macrotis,94433-1,Apocynaceae,Asclepias,macrotis,,False,Asclepias macrotis,659972
JN665089.1,18S ribosomal RNA,genomic DNA,1808,Asclepias macrotis,94433-1,Apocynaceae,Asclepias,macrotis,,False,Asclepias macrotis,659972
JN665090.1,18S ribosomal RNA,genomic DNA,1808,Asclepias masonii,21239-2,Apocynaceae,Asclepias,masonii,,False,Asclepias masonii,659974
JN665091.1,18S ribosomal RNA,genomic DNA,1808,Asclepias subaphylla,21296-2,Apocynaceae,Asclepias,subaphylla,,False,Asclepias subaphylla,660009
JN665092.1,18S ribosomal RNA,genomic DNA,1808,Asclepias subaphylla,21296-2,Apocynaceae,Asclepias,subaphylla,,False,Asclepias subaphylla,660009
JN665093.1,18S ribosomal RNA,genomic DNA,1808,Asclepias subulata,94672-1,Apocynaceae,Asclepias,subulata,,True,Asclepias subulata,528300
JN665094.1,18S ribosomal RNA,genomic DNA,1808,Asclepias subulata,94672-1,Apocynaceae,Asclepias,subulata,,True,Asclepias subulata,528300
JF312046.1,18S ribosomal RNA,genomic DNA,1808,Asclepias syriaca,319076-2,Apocynaceae,Asclepias,syriaca,,False,Asclepias syriaca,48545
KT179713.1,18S ribosomal RNA,genomic DNA,1808,Asclepias verticillata,94722-1,Apocynaceae,Asclepias,verticillata,,False,Asclepias verticillata,528305
AY289645.1,18S ribosomal RNA,genomic DNA,1668,Cerbera manghas,77906-1,Apocynaceae,Cerbera,manghas,,False,Cerbera manghas,141545
AF107572.1,18S ribosomal RNA,genomic DNA,1739,Nerium oleander,80460-1,Apocynaceae,Nerium,oleander,,False,Nerium oleander,63479
U42499.1,18S ribosomal RNA,genomic DNA,1730,Thevetia sp.,332011-2,Apocynaceae,Thevetia,,,True,Thevetia sp.,45320
KJ634138.1,18S ribosomal RNA,genomic DNA,1702,Apodanthes caseariae,316017-1,Apodanthaceae,Apodanthes,caseariae,,False,Apodanthes caseariae,301892
KJ634128.1,18S ribosomal RNA,genomic DNA,1406,Apodanthes caseariae,316017-1,Apodanthaceae,Apodanthes,caseariae,,False,Apodanthes caseariae,301892
KJ634129.1,18S ribosomal RNA,genomic DNA,1716,Pilostyles aethiopica,316056-1,Apodanthaceae,Pilostyles,aethiopica,,False,Pilostyles aethiopica,301899
KJ634126.1,18S ribosomal RNA,genomic DNA,1707,Pilostyles berteroi,316057-1,Apodanthaceae,Pilostyles,berteroi,,False,Pilostyles berteroi,866782
HM592263.1,18S ribosomal RNA,genomic DNA,1657,Pilostyles berteroi,316057-1,Apodanthaceae,Pilostyles,berteroi,,False,Pilostyles berteroi,866782
KJ634139.1,18S ribosomal RNA,genomic DNA,1706,Pilostyles blanchetii,316058-1,Apodanthaceae,Pilostyles,blanchetii,,False,Pilostyles blanchetii,1501699
KJ634122.1,18S ribosomal RNA,genomic DNA,1704,Pilostyles blanchetii,316058-1,Apodanthaceae,Pilostyles,blanchetii,,False,Pilostyles blanchetii,1501699
KJ634123.1,18S ribosomal RNA,genomic DNA,1709,Pilostyles collina,902768-1,Apodanthaceae,Pilostyles,collina,,False,Pilostyles collina,448042
KJ634120.1,18S ribosomal RNA,genomic DNA,1708,Pilostyles haussknechtii,316062-1,Apodanthaceae,Pilostyles,haussknechtii,,False,Pilostyles haussknechtii,866783
AF161010.1,18S ribosomal RNA,genomic DNA,1745,Ilex opaca,30066096-2,Aquifoliaceae,Ilex,opaca,,False,Ilex opaca,101729
AF206938.1,18S ribosomal RNA,genomic DNA,1745,Ilex opaca,30066096-2,Aquifoliaceae,Ilex,opaca,,False,Ilex opaca,101729
OL435793.1,18S ribosomal RNA,genomic DNA,1703,Aglaonema nitidum,84086-1,Araceae,Aglaonema,nitidum,,False,Aglaonema nitidum,743863
OL435794.1,18S ribosomal RNA,genomic DNA,1703,Alocasia odora,60469948-2,Araceae,Alocasia,odora,,False,Alocasia odora,174188
OM066870.1,rrn18,genomic DNA,1950,Amorphophallus albus,972136-1,Araceae,Amorphophallus,albus,,False,Amorphophallus albus,152299
OL435795.1,18S ribosomal RNA,genomic DNA,1703,Anthurium andraeanum,84549-1,Araceae,Anthurium,andraeanum,,False,Anthurium andraeanum,226677
OL435796.1,18S ribosomal RNA,genomic DNA,1696,Anthurium huixtlense,15347-2,Araceae,Anthurium,huixtlense,,False,Anthurium huixtlense,1366160
KM103392.1,18S ribosomal RNA,genomic DNA,1674,Arisaema sp.,328148-2,Araceae,Arisaema,,,False,Arisaema sp. KH-2014,1552341
PP389238.1,rrn18,genomic DNA,1774,Colocasia esculenta,1170772-2,Araceae,Colocasia,esculenta,,False,Colocasia esculenta,4460
OL435798.1,18S ribosomal RNA,genomic DNA,1699,Colocasia esculenta,1170772-2,Araceae,Colocasia,esculenta,,False,Colocasia esculenta,4460
OL435799.1,18S ribosomal RNA,genomic DNA,1699,Dieffenbachia seguine,86911-1,Araceae,Dieffenbachia,seguine,,False,Dieffenbachia seguine,42196
OL435800.1,18S ribosomal RNA,genomic DNA,1699,Epipremnum aureum,87014-1,Araceae,Epipremnum,aureum,,False,Epipremnum aureum,78380
KJ400884.1,18S ribosomal RNA,genomic DNA,1708,Lemna  japonica,526183-1,Araceae,Lemna,japonica,,False,Lemna japonica,161100
KJ400866.1,18S ribosomal RNA,genomic DNA,1765,Lemna aequinoctialis,526159-1,Araceae,Lemna,aequinoctialis,,False,Lemna aequinoctialis,89585
KJ400868.1,18S ribosomal RNA,genomic DNA,1743,Lemna disperma,526172-1,Araceae,Lemna,disperma,,False,Lemna disperma,161098
KJ400889.1,18S ribosomal RNA,genomic DNA,1768,Lemna minor,526194-1,Araceae,Lemna,minor,,False,Lemna minor,4472
KJ400888.1,18S ribosomal RNA,genomic DNA,1747,Lemna minor,526194-1,Araceae,Lemna,minor,,False,Lemna minor,4472
KJ400892.1,18S ribosomal RNA,genomic DNA,1765,Lemna minuta,526198-1,Araceae,Lemna,minuta,,True,Lemna minuta,161101
KJ400894.1,18S ribosomal RNA,genomic DNA,1778,Lemna obscura,137290-2,Araceae,Lemna,obscura,,False,Lemna obscura,161102
KJ400869.1,18S ribosomal RNA,genomic DNA,1778,Lemna obscura,137290-2,Araceae,Lemna,obscura,,False,Lemna ecuadoriensis,161099
KJ400896.1,18S ribosomal RNA,genomic DNA,1768,Lemna perpusilla,526212-1,Araceae,Lemna,perpusilla,,False,Lemna perpusilla,161103
KJ400899.1,18S ribosomal RNA,genomic DNA,1768,Lemna tenera,526217-1,Araceae,Lemna,tenera,,False,Lemna tenera,161104
KJ400901.1,18S ribosomal RNA,genomic DNA,1768,Lemna trisulca,526223-1,Araceae,Lemna,trisulca,,False,Lemna trisulca,161105
KJ400907.1,18S ribosomal RNA,genomic DNA,1756,Lemna turionifera,526224-1,Araceae,Lemna,turionifera,,False,Lemna turionifera,161106
KJ400909.1,18S ribosomal RNA,genomic DNA,1768,Lemna valdiviana,279392-2,Araceae,Lemna,valdiviana,,False,Lemna valdiviana,161107
KJ400910.1,18S ribosomal RNA,genomic DNA,1764,Lemna valdiviana,279392-2,Araceae,Lemna,valdiviana,,False,Lemna yungensis,161108
OL435801.1,18S ribosomal RNA,genomic DNA,1703,Monstera deliciosa,87478-1,Araceae,Monstera,deliciosa,,False,Monstera deliciosa,174217
AF293753.1,18S ribosomal RNA,genomic DNA,1786,Orontium aquaticum,87585-1,Araceae,Orontium,aquaticum,,False,Orontium aquaticum,78384
OL435802.1,18S ribosomal RNA,genomic DNA,1704,Philodendron hederaceum,87797-1,Araceae,Philodendron,hederaceum,,False,Philodendron hederaceum,290852
AF207023.1,18S ribosomal RNA,genomic DNA,1730,Spathiphyllum wallisii,89011-1,Araceae,Spathiphyllum,wallisii,,False,Spathiphyllum wallisii,85269
JQ804980.1,18S ribosomal RNA,genomic DNA,1942,Spirodela polyrhiza,526250-1,Araceae,Spirodela,polyrhiza,,False,Spirodela polyrhiza,29656
NC_017840.1,rrn18,genomic DNA,1942,Spirodela polyrhiza,526250-1,Araceae,Spirodela,polyrhiza,,False,Spirodela polyrhiza,29656
KJ400865.1,18S ribosomal RNA,genomic DNA,1768,Spirodela punctata,242868-2,Araceae,Spirodela,punctata,,False,Landoltia punctata,50518
KJ400911.1,18S ribosomal RNA,genomic DNA,1765,Spirodela punctata,242868-2,Araceae,Spirodela,punctata,,False,Spirodela intermedia,51605
MT247907.1,18S ribosomal RNA,genomic DNA,1756,Symplocarpus nipponicus,89120-1,Araceae,Symplocarpus,nipponicus,,False,Symplocarpus nipponicus,318071
KJ400934.1,18S ribosomal RNA,genomic DNA,1766,Wolffia angusta,526261-1,Araceae,Wolffia,angusta,,False,Wolffia angusta,161110
KJ400936.1,18S ribosomal RNA,genomic DNA,1766,Wolffia arrhiza,1044795-2,Araceae,Wolffia,arrhiza,,False,Wolffia arrhiza,161111
KJ400937.1,18S ribosomal RNA,genomic DNA,1769,Wolffia australiana,148868-3,Araceae,Wolffia,australiana,,False,Wolffia australiana,161112
KJ400939.1,18S ribosomal RNA,genomic DNA,1770,Wolffia borealis,1153531-2,Araceae,Wolffia,borealis,,False,Wolffia borealis,161113
KJ400941.1,18S ribosomal RNA,genomic DNA,1779,Wolffia brasiliensis,287070-2,Araceae,Wolffia,brasiliensis,,False,Wolffia brasiliensis,161114
KJ400945.1,18S ribosomal RNA,genomic DNA,1779,Wolffia columbiana,526266-1,Araceae,Wolffia,columbiana,,False,Wolffia columbiana,161115
KJ400947.1,18S ribosomal RNA,genomic DNA,1779,Wolffia cylindracea,526268-1,Araceae,Wolffia,cylindracea,,False,Wolffia cylindracea,161116
KJ400954.1,18S ribosomal RNA,genomic DNA,1779,Wolffia globosa,1135607-2,Araceae,Wolffia,globosa,,False,Wolffia globosa,161118
KJ400956.1,18S ribosomal RNA,genomic DNA,1767,Wolffia microscopica,526280-1,Araceae,Wolffia,microscopica,,False,Wolffia microscopica,161119
KJ400957.1,18S ribosomal RNA,genomic DNA,1779,Wolffia neglecta,978340-1,Araceae,Wolffia,neglecta,,False,Wolffia neglecta,161120
KJ400915.1,18S ribosomal RNA,genomic DNA,1756,Wolffiella caudata,1014118-1,Araceae,Wolffiella,caudata,,False,Wolffiella caudata,161122
KJ400917.1,18S ribosomal RNA,genomic DNA,1769,Wolffiella denticulata,526287-1,Araceae,Wolffiella,denticulata,,False,Wolffiella denticulata,161123
KJ400918.1,18S ribosomal RNA,genomic DNA,1699,Wolffiella gladiata,269070-2,Araceae,Wolffiella,gladiata,,False,Wolffiella gladiata,161124
KJ400920.1,18S ribosomal RNA,genomic DNA,1779,Wolffiella hyalina,526290-1,Araceae,Wolffiella,hyalina,,False,Wolffiella hyalina,161125
KJ400921.1,18S ribosomal RNA,genomic DNA,1749,Wolffiella lingulata,269071-2,Araceae,Wolffiella,lingulata,,False,Wolffiella lingulata,161126
KJ400922.1,18S ribosomal RNA,genomic DNA,1696,Wolffiella neotropica,269072-2,Araceae,Wolffiella,neotropica,,False,Wolffiella neotropica,161127
KJ400924.1,18S ribosomal RNA,genomic DNA,1752,Wolffiella oblonga,269073-2,Araceae,Wolffiella,oblonga,,False,Wolffiella oblonga,161128
KJ400926.1,18S ribosomal RNA,genomic DNA,1764,Wolffiella repanda,526295-1,Araceae,Wolffiella,repanda,,False,Wolffiella repanda,161129
KJ400929.1,18S ribosomal RNA,genomic DNA,1766,Wolffiella rotunda,526296-1,Araceae,Wolffiella,rotunda,,False,Wolffiella rotunda,161130
KJ400930.1,18S ribosomal RNA,genomic DNA,1749,Wolffiella welwitschii,526297-1,Araceae,Wolffiella,welwitschii,,False,Wolffiella welwitschii,161131
OL435804.1,18S ribosomal RNA,genomic DNA,1704,Zamioculcas zamiifolia,89402-1,Araceae,Zamioculcas,zamiifolia,,False,Zamioculcas zamiifolia,78374
OL435805.1,18S ribosomal RNA,genomic DNA,1703,Zantedeschia albomaculata,89405-1,Araceae,Zantedeschia,albomaculata,,False,Zantedeschia albomaculata,242255
PQ516429.1,18S ribosomal RNA,genomic DNA,1807,Aralia elata,89629-1,Araliaceae,Aralia,elata,,False,Aralia elata,82095
KT380919.1,18S ribosomal RNA,genomic DNA,1807,Aralia elata,89629-1,Araliaceae,Aralia,elata,,False,Aralia elata,82095
PQ516442.1,18S ribosomal RNA,genomic DNA,1807,Aralia elata var. glabrescens,77254103-1,Araliaceae,Aralia,elata,glabrescens,False,Aralia elata var. glabrescens,3350555
PQ516443.1,18S ribosomal RNA,genomic DNA,1807,Aralia elata var. glabrescens,77254103-1,Araliaceae,Aralia,elata,glabrescens,False,Aralia elata var. glabrescens,3350555
PQ516448.1,18S ribosomal RNA,genomic DNA,1807,Aralia finlaysoniana,89642-1,Araliaceae,Aralia,finlaysoniana,,False,Aralia finlaysoniana,137940
PQ516449.1,18S ribosomal RNA,genomic DNA,1807,Aralia finlaysoniana,89642-1,Araliaceae,Aralia,finlaysoniana,,False,Aralia finlaysoniana,137940
PQ516450.1,18S ribosomal RNA,genomic DNA,1807,Aralia officinalis,77176987-1,Araliaceae,Aralia,officinalis,,False,Aralia officinalis,3350556
PQ516451.1,18S ribosomal RNA,genomic DNA,1807,Aralia officinalis,77176987-1,Araliaceae,Aralia,officinalis,,False,Aralia officinalis,3350556
PQ516453.1,18S ribosomal RNA,genomic DNA,1807,Aralia searelliana,89788-1,Araliaceae,Aralia,searelliana,,False,Aralia searelliana,137942
PQ516452.1,18S ribosomal RNA,genomic DNA,1807,Aralia searelliana,89788-1,Araliaceae,Aralia,searelliana,,False,Aralia searelliana,137942
PQ516463.1,18S ribosomal RNA,genomic DNA,1807,Aralia sp.,30023289-2,Araliaceae,Aralia,,,False,Aralia sp.,3350549
PQ516464.1,18S ribosomal RNA,genomic DNA,1807,Aralia sp.,30023289-2,Araliaceae,Aralia,,,False,Aralia sp.,3350549
PQ516456.1,18S ribosomal RNA,genomic DNA,1807,Aralia spinifolia,89796-1,Araliaceae,Aralia,spinifolia,,False,Aralia spinifolia,45209
PQ516457.1,18S ribosomal RNA,genomic DNA,1807,Aralia spinifolia,89796-1,Araliaceae,Aralia,spinifolia,,False,Aralia spinifolia,45209
PQ516466.1,18S ribosomal RNA,genomic DNA,1807,Aralia stipulata,89800-1,Araliaceae,Aralia,stipulata,,False,Aralia stipulata,45210
PQ516467.1,18S ribosomal RNA,genomic DNA,1807,Aralia stipulata,89800-1,Araliaceae,Aralia,stipulata,,False,Aralia stipulata,45210
PQ516469.1,18S ribosomal RNA,genomic DNA,1807,Aralia thomsonii,89809-1,Araliaceae,Aralia,thomsonii,,False,Aralia thomsonii,330647
PQ516468.1,18S ribosomal RNA,genomic DNA,1807,Aralia thomsonii,89809-1,Araliaceae,Aralia,thomsonii,,False,Aralia thomsonii,330647
PQ516471.1,18S ribosomal RNA,genomic DNA,1807,Aralia undulata,89826-1,Araliaceae,Aralia,undulata,,False,Aralia undulata,137943
PQ516472.1,18S ribosomal RNA,genomic DNA,1807,Aralia undulata,89826-1,Araliaceae,Aralia,undulata,,False,Aralia undulata,137943
PQ516478.1,18S ribosomal RNA,genomic DNA,1807,Aralia vietnamensis,89830-1,Araliaceae,Aralia,vietnamensis,,False,Aralia vietnamensis,137944
PQ516473.1,18S ribosomal RNA,genomic DNA,1807,Aralia vietnamensis,89830-1,Araliaceae,Aralia,vietnamensis,,False,Aralia vietnamensis,137944
KT380923.1,18S ribosomal RNA,genomic DNA,1807,Dendropanax trifidus,90313-1,Araliaceae,Dendropanax,trifidus,,False,Dendropanax morbifer,98373
AB080245.1,18S ribosomal RNA,genomic DNA,1808,Eleutherococcus senticosus,90431-1,Araliaceae,Eleutherococcus,senticosus,,False,Eleutherococcus senticosus,82096
KT380924.1,18S ribosomal RNA,genomic DNA,1807,Eleutherococcus sessiliflorus,90433-1,Araliaceae,Eleutherococcus,sessiliflorus,,False,Eleutherococcus sessiliflorus,105886
U42500.1,18S ribosomal RNA,genomic DNA,1730,Hedera helix,90723-1,Araliaceae,Hedera,helix,,True,Hedera helix,4052
GU476380.1,18S ribosomal RNA,genomic DNA,1599,Heptapleurum macrostachyum,77221315-1,Araliaceae,Heptapleurum,macrostachyum,,False,Heptapleurum macrostachyum,384979
KM365074.1,18S ribosomal RNA,genomic DNA,1694,Panax assamicus,91404-1,Araliaceae,Panax,assamicus,,False,Panax assamicus,226064
KM365075.1,18S ribosomal RNA,genomic DNA,1694,Panax assamicus,91404-1,Araliaceae,Panax,assamicus,,False,Panax assamicus,226064
MK408776.1,18S ribosomal RNA,genomic DNA,1808,Panax bipinnatifidus,91418-1,Araliaceae,Panax,bipinnatifidus,,False,Panax japonicus var. bipinnatifidus,45211
MK408782.1,18S ribosomal RNA,genomic DNA,1808,Panax bipinnatifidus,91418-1,Araliaceae,Panax,bipinnatifidus,,False,Panax japonicus var. bipinnatifidus,45211
EF550996.1,18S ribosomal RNA,genomic DNA,1891,Panax ginseng,91472-1,Araliaceae,Panax,ginseng,,False,Panax ginseng,4054
KM207666.1,18S ribosomal RNA,genomic DNA,1810,Panax ginseng,91472-1,Araliaceae,Panax,ginseng,,False,Panax ginseng,4054
D84100.1,18S ribosomal RNA,genomic DNA,1809,Panax japonicus,91487-1,Araliaceae,Panax,japonicus,,False,Panax japonicus,44685
KT380920.1,18S ribosomal RNA,genomic DNA,1808,Panax japonicus,91487-1,Araliaceae,Panax,japonicus,,False,Panax japonicus,44685
MZ826158.1,rrn18,genomic DNA,1914,Panax notoginseng,91521-1,Araliaceae,Panax,notoginseng,,False,Panax notoginseng,44586
JX680331.1,18S ribosomal RNA,genomic DNA,1809,Panax notoginseng,91521-1,Araliaceae,Panax,notoginseng,,False,Panax notoginseng,44586
MZ826161.1,rrn18,genomic DNA,1936,Panax quinquefolius,300467-2,Araliaceae,Panax,quinquefolius,,False,Panax quinquefolius,44588
MZ826160.1,18S ribosomal RNA,genomic DNA,1936,Panax quinquefolius,300467-2,Araliaceae,Panax,quinquefolius,,False,Panax quinquefolius,44588
MK408798.1,18S ribosomal RNA,genomic DNA,1808,Panax sp.,3070-1,Araliaceae,Panax,,,True,Panax sp. 'sinensis',44686
MK408796.1,18S ribosomal RNA,genomic DNA,1808,Panax sp.,3070-1,Araliaceae,Panax,,,True,Panax sp. 'sinensis',44686
KX768318.1,18S ribosomal RNA,genomic DNA,1808,Panax stipuleanatus,91573-1,Araliaceae,Panax,stipuleanatus,,False,Panax stipuleanatus,44682
KX768317.1,18S ribosomal RNA,genomic DNA,1808,Panax stipuleanatus,91573-1,Araliaceae,Panax,stipuleanatus,,False,Panax stipuleanatus,44682
KX768319.1,18S ribosomal RNA,genomic DNA,1809,Panax vietnamensis,906793-1,Araliaceae,Panax,vietnamensis,,False,Panax vietnamensis,106132
KT380922.1,18S ribosomal RNA,genomic DNA,1808,Panax vietnamensis,906793-1,Araliaceae,Panax,vietnamensis,,False,Panax vietnamensis,106132
AB080243.1,18S ribosomal RNA,genomic DNA,1809,Panax vietnamensis var. fuscidiscus,70027633-1,Araliaceae,Panax,vietnamensis,fuscidiscus,False,Panax vietnamensis var. fuscidiscus,187454
KX768320.1,18S ribosomal RNA,genomic DNA,1809,Panax vietnamensis var. fuscidiscus,70027633-1,Araliaceae,Panax,vietnamensis,fuscidiscus,False,Panax vietnamensis var. fuscidiscus,187454
KX768316.1,18S ribosomal RNA,genomic DNA,1809,Panax vietnamensis var. langbianensis,77158576-1,Araliaceae,Panax,vietnamensis,langbianensis,False,Panax vietnamensis var. langbianensis,1895011
MK408764.1,18S ribosomal RNA,genomic DNA,1808,Panax wangianus,91591-1,Araliaceae,Panax,wangianus,,False,Panax wangianus,44589
MK408809.1,18S ribosomal RNA,genomic DNA,1808,Panax wangianus,91591-1,Araliaceae,Panax,wangianus,,False,Panax wangianus,44589
MK408802.1,18S ribosomal RNA,genomic DNA,1808,Panax zingiberensis,91594-1,Araliaceae,Panax,zingiberensis,,False,Panax zingiberensis,44684
MK408794.1,18S ribosomal RNA,genomic DNA,1808,Panax zingiberensis,91594-1,Araliaceae,Panax,zingiberensis,,False,Panax zingiberensis,44684
KX768321.1,18S ribosomal RNA,genomic DNA,1808,Polyscias fruticosa,847351-1,Araliaceae,Polyscias,fruticosa,,False,Polyscias fruticosa,50308
GU476381.1,18S ribosomal RNA,genomic DNA,1599,Polyscias ledermannii,91782-1,Araliaceae,Polyscias,ledermannii,,False,Polyscias ledermannii,384973
GU476382.1,18S ribosomal RNA,genomic DNA,1599,Polyscias sambucifolia,108023-3,Araliaceae,Polyscias,sambucifolia,,False,Polyscias sambucifolia,150536
GU476379.1,18S ribosomal RNA,genomic DNA,1599,Schefflera digitata,92041-1,Araliaceae,Schefflera,digitata,,True,Schefflera digitata,327232
GU476383.1,18S ribosomal RNA,genomic DNA,1624,Agathis australis,261668-1,Araucariaceae,Agathis,australis,,False,Agathis australis,58027
D85302.1,18S ribosomal RNA,genomic DNA,1734,Agathis dammara,261669-1,Araucariaceae,Agathis,dammara,,False,Agathis borneensis,54794
AF051795.1,18S ribosomal RNA,genomic DNA,1747,Agathis robusta,261672-1,Araucariaceae,Agathis,robusta,,False,Agathis robusta,60854
FJ179543.1,18S ribosomal RNA,genomic DNA,1693,Araucaria araucana,261681-1,Araucariaceae,Araucaria,araucana,,False,Araucaria araucana,42754
GU476385.1,18S ribosomal RNA,genomic DNA,1624,Araucaria araucana,261681-1,Araucariaceae,Araucaria,araucana,,False,Araucaria araucana,42754
AF051794.1,18S ribosomal RNA,genomic DNA,1748,Araucaria columnaris,261688-1,Araucariaceae,Araucaria,columnaris,,False,Araucaria columnaris,60858
D38240.1,18S ribosomal RNA,genomic DNA,1734,Araucaria columnaris,261688-1,Araucariaceae,Araucaria,columnaris,,False,Araucaria excelsa,50177
AF051792.1,18S ribosomal RNA,genomic DNA,1744,Araucaria cunninghamii,60455476-2,Araucariaceae,Araucaria,cunninghamii,,False,Araucaria cunninghamii,56994
KM672371.1,rrn18,genomic DNA,2331,Araucaria heterophylla,676669-1,Araucariaceae,Araucaria,heterophylla,,False,Araucaria heterophylla,34341
AF051793.1,18S ribosomal RNA,genomic DNA,1740,Araucaria heterophylla,676669-1,Araucariaceae,Araucaria,heterophylla,,False,Araucaria heterophylla,34341
GU476386.1,18S ribosomal RNA,genomic DNA,1624,Araucaria hunsteinii,261697-1,Araucariaceae,Araucaria,hunsteinii,,False,Araucaria hunsteinii,56995
AB107897.1,18S ribosomal RNA,genomic DNA,1700,Wollemia nobilis,986236-1,Araucariaceae,Wollemia,nobilis,,False,Wollemia nobilis,56998
GU476384.1,18S ribosomal RNA,genomic DNA,1624,Wollemia nobilis,986236-1,Araucariaceae,Wollemia,nobilis,,False,Wollemia nobilis,56998
AY952409.1,18S ribosomal RNA,genomic DNA,1750,Areca triandra,664230-1,Arecaceae,Areca,triandra,,False,Areca triandra,115441
XR_012141895.1,18S ribosomal RNA,rRNA,1810,Elaeis guineensis,666802-1,Arecaceae,Elaeis,guineensis,,False,Elaeis guineensis,51953
XR_012137654.1,18S ribosomal RNA,rRNA,1810,Elaeis guineensis,666802-1,Arecaceae,Elaeis,guineensis,,False,Elaeis guineensis,51953
AY952394.1,18S ribosomal RNA,genomic DNA,1664,Livistona chinensis,668021-1,Arecaceae,Livistona,chinensis,,False,Livistona chinensis,115492
AY289649.1,18S ribosomal RNA,genomic DNA,1670,Nypa fruticans,668507-1,Arecaceae,Nypa,fruticans,,False,Nypa fruticans,4718
AF206991.1,18S ribosomal RNA,genomic DNA,1742,Phoenix canariensis,668909-1,Arecaceae,Phoenix,canariensis,,True,Phoenix canariensis,113250
XR_005510559.1,18S ribosomal RNA,rRNA,1811,Phoenix dactylifera,668912-1,Arecaceae,Phoenix,dactylifera,,False,Phoenix dactylifera,42345
XR_005510443.1,18S ribosomal RNA,rRNA,1811,Phoenix dactylifera,668912-1,Arecaceae,Phoenix,dactylifera,,False,Phoenix dactylifera,42345
D29773.1,18S ribosomal RNA,genomic DNA,1732,Trachycarpus fortunei,670182-1,Arecaceae,Trachycarpus,fortunei,,False,Trachycarpus wagnerianus,54807
U42523.1,18S ribosomal RNA,genomic DNA,1719,Corokia cotoneaster,271714-1,Argophyllaceae,Corokia,cotoneaster,,False,Corokia cotoneaster,16909
XR_011114795.1,18S ribosomal RNA,rRNA,1847,Aristolochia californica,92803-1,Aristolochiaceae,Aristolochia,californica,,False,Aristolochia californica,171875
XR_011113490.1,18S ribosomal RNA,rRNA,1813,Aristolochia californica,92803-1,Aristolochiaceae,Aristolochia,californica,,False,Aristolochia californica,171875
OP649454.1,rrn18,genomic DNA,1831,Aristolochia fimbriata,92931-1,Aristolochiaceae,Aristolochia,fimbriata,,False,Aristolochia fimbriata,158543
AY572306.1,18S ribosomal RNA,genomic DNA,1708,Aristolochia gigantea,60460287-2,Aristolochiaceae,Aristolochia,gigantea,,True,Aristolochia gigantea,12948
AY572312.1,18S ribosomal RNA,genomic DNA,1688,Aristolochia grandiflora,92978-1,Aristolochiaceae,Aristolochia,grandiflora,,True,Aristolochia grandiflora,145283
AF206855.1,18S ribosomal RNA,genomic DNA,1681,Aristolochia macrophylla,93101-1,Aristolochiaceae,Aristolochia,macrophylla,,True,Aristolochia macrophylla,12949
L24083.1,18S rRNA,genomic DNA,1765,Aristolochia tomentosa,93394-1,Aristolochiaceae,Aristolochia,tomentosa,,False,Aristolochia tomentosa,35927
L24043.1,18S rRNA,genomic DNA,1761,Asarum canadense,93467-1,Aristolochiaceae,Asarum,canadense,,False,Asarum canadense,28498
AY952408.1,18S ribosomal RNA,genomic DNA,1673,Asarum caudigerum,93472-1,Aristolochiaceae,Asarum,caudigerum,,False,Asarum caudigerum,76084
D29774.1,18S ribosomal RNA,genomic DNA,1731,Asarum hypogynum,93512-1,Aristolochiaceae,Asarum,hypogynum,,False,Asarum hayatanum,54797
L25681.1,18S rRNA,genomic DNA,1787,Hydnora africana,316041-1,Aristolochiaceae,Hydnora,africana,,False,Hydnora africana,50133
U42783.1,18S ribosomal RNA,genomic DNA,1706,Lactoris fernandeziana,677733-1,Aristolochiaceae,Lactoris,fernandeziana,,False,Lactoris fernandeziana,22303
L24047.1,18S ribosomal RNA,genomic DNA,1767,Prosopanche americana,210396-2,Aristolochiaceae,Prosopanche,americana,,False,Prosopanche americana,29816
AF207013.1,18S ribosomal RNA,genomic DNA,1810,Saruma henryi,93806-1,Aristolochiaceae,Saruma,henryi,,False,Saruma henryi,13258
L24417.1,18S ribosomal RNA,genomic DNA,1765,Saruma henryi,93806-1,Aristolochiaceae,Saruma,henryi,,False,Saruma henryi,13258
DQ007406.1,18S ribosomal RNA,genomic DNA,1704,Thottea tomentosa,909773-1,Aristolochiaceae,Thottea,tomentosa,,False,Thottea tomentosa,108427
AF206841.1,18S ribosomal RNA,genomic DNA,1741,Agave ghiesbreghtii,30187195-2,Asparagaceae,Agave,ghiesbreghtii,,False,Agave ghiesbreghtii,112803
HM640709.1,18S ribosomal RNA,genomic DNA,1739,Agave ghiesbreghtii,30187195-2,Asparagaceae,Agave,ghiesbreghtii,,False,Agave ghiesbreghtii,112803
JQ283922.1,18S ribosomal RNA,genomic DNA,1789,Agave sp.,325900-2,Asparagaceae,Agave,,,False,Agave sp. Pires 2011-05,1133556
GU980213.1,18S ribosomal RNA,genomic DNA,1461,Agave tequilana,6729-2,Asparagaceae,Agave,tequilana,,False,Agave tequilana,386106
KF159807.1,18S ribosomal RNA,genomic DNA,1424,Agave tequilana,6729-2,Asparagaceae,Agave,tequilana,,False,Agave tequilana,386106
HM640745.1,18S ribosomal RNA,genomic DNA,1741,Albuca shawii,527458-1,Asparagaceae,Albuca,shawii,,False,Albuca shawii,51429
JQ283907.1,18S ribosomal RNA,genomic DNA,1420,Albuca virens subsp. virens,77168967-1,Asparagaceae,Albuca,virens,virens,True,Ornithogalum tenuifolium,65783
JQ283897.1,18S ribosomal RNA,genomic DNA,1792,Androstephium coeruleum,13188-2,Asparagaceae,Androstephium,coeruleum,,False,Androstephium coeruleum,158488
JQ283939.1,18S ribosomal RNA,genomic DNA,1790,Anemarrhena asphodeloides,530140-1,Asparagaceae,Anemarrhena,asphodeloides,,False,Anemarrhena asphodeloides,59045
HM640719.1,18S ribosomal RNA,genomic DNA,1673,Anemarrhena asphodeloides,530140-1,Asparagaceae,Anemarrhena,asphodeloides,,False,Anemarrhena asphodeloides,59045
HM640720.1,18S ribosomal RNA,genomic DNA,1739,Anthericum liliago,530479-1,Asparagaceae,Anthericum,liliago,,False,Anthericum liliago,51434
JQ283919.1,18S ribosomal RNA,genomic DNA,1788,Aphyllanthes monspeliensis,530832-1,Asparagaceae,Aphyllanthes,monspeliensis,,False,Aphyllanthes monspeliensis,59052
HM640729.1,18S ribosomal RNA,genomic DNA,1738,Aphyllanthes monspeliensis,530832-1,Asparagaceae,Aphyllanthes,monspeliensis,,False,Aphyllanthes monspeliensis,59052
HM640749.1,18S ribosomal RNA,genomic DNA,1740,Arthropodium cirratum,530898-1,Asparagaceae,Arthropodium,cirratum,,False,Arthropodium cirratum,51436
JQ283899.1,18S ribosomal RNA,genomic DNA,1790,Asparagus asparagoides,531013-1,Asparagaceae,Asparagus,asparagoides,,False,Asparagus asparagoides,59054
PQ851714.1,18S ribosomal RNA,genomic DNA,1970,Asparagus cochinchinensis,531041-1,Asparagaceae,Asparagus,cochinchinensis,,False,Asparagus cochinchinensis,100514
HM640730.1,18S ribosomal RNA,genomic DNA,1740,Asparagus cochinchinensis,531041-1,Asparagaceae,Asparagus,cochinchinensis,,False,Asparagus cochinchinensis,100514
JQ283900.1,18S ribosomal RNA,genomic DNA,1790,Asparagus officinalis,531229-1,Asparagaceae,Asparagus,officinalis,,False,Asparagus officinalis,4686
GU217543.1,18S ribosomal RNA,genomic DNA,1684,Asparagus officinalis,531229-1,Asparagaceae,Asparagus,officinalis,,False,Asparagus officinalis,4686
HM640731.1,18S ribosomal RNA,genomic DNA,1740,Asparagus schoberioides,531305-1,Asparagaceae,Asparagus,schoberioides,,False,Asparagus schoberioides,272862
HM640676.1,18S ribosomal RNA,genomic DNA,1739,Aspidistra elatior,531586-1,Asparagaceae,Aspidistra,elatior,,False,Aspidistra elatior,39526
HM640747.1,18S ribosomal RNA,genomic DNA,1740,Barnardia japonica var. japonica,77173041-1,Asparagaceae,Barnardia,japonica,japonica,False,Scilla scilloides,49652
JQ283912.1,18S ribosomal RNA,genomic DNA,1789,Beaucarnea hookeri,531723-1,Asparagaceae,Beaucarnea,hookeri,,False,Beaucarnea hookeri,39522
HM640702.1,18S ribosomal RNA,genomic DNA,1739,Beaucarnea hookeri,531723-1,Asparagaceae,Beaucarnea,hookeri,,False,Beaucarnea hookeri,39522
AF206971.1,18S ribosomal RNA,genomic DNA,1740,Beaucarnea recurvata,531735-1,Asparagaceae,Beaucarnea,recurvata,,False,Beaucarnea recurvata,39519
HM640703.1,18S ribosomal RNA,genomic DNA,1739,Beaucarnea recurvata,531735-1,Asparagaceae,Beaucarnea,recurvata,,False,Beaucarnea recurvata,39519
AF206864.1,18S ribosomal RNA,genomic DNA,1788,Behnia reticulata,531749-1,Asparagaceae,Behnia,reticulata,,False,Behnia reticulata,51438
HM640733.1,18S ribosomal RNA,genomic DNA,1740,Behnia reticulata,531749-1,Asparagaceae,Behnia,reticulata,,False,Behnia reticulata,51438
HM640752.1,18S ribosomal RNA,genomic DNA,1742,Bessera elegans,531899-1,Asparagaceae,Bessera,elegans,,False,Bessera elegans,51440
HM640753.1,18S ribosomal RNA,genomic DNA,1742,Bloomeria crocea var. aurea,33979-2,Asparagaceae,Bloomeria,crocea,aurea,False,Bloomeria crocea var. aurea,928045
JQ283902.1,18S ribosomal RNA,genomic DNA,1790,Bowiea volubilis,531999-1,Asparagaceae,Bowiea,volubilis,,False,Bowiea volubilis,44987
HM640736.1,18S ribosomal RNA,genomic DNA,1740,Bowiea volubilis,531999-1,Asparagaceae,Bowiea,volubilis,,False,Bowiea volubilis,44987
JQ283923.1,18S ribosomal RNA,genomic DNA,1791,Brodiaea californica,532023-1,Asparagaceae,Brodiaea,californica,,True,Brodiaea californica,244021
HM640710.1,18S ribosomal RNA,genomic DNA,1739,Camassia cusickii,532514-1,Asparagaceae,Camassia,cusickii,,False,Camassia cusickii,81742
HM640722.1,18S ribosomal RNA,genomic DNA,1739,Chlorophytum orchidastrum,533000-1,Asparagaceae,Chlorophytum,orchidastrum,,False,Chlorophytum orchidastrum,59046
HM640723.1,18S ribosomal RNA,genomic DNA,1739,Chlorophytum suffruticosum,533090-1,Asparagaceae,Chlorophytum,suffruticosum,,False,Chlorophytum suffruticosum,472857
HM640724.1,18S ribosomal RNA,genomic DNA,1739,Chlorophytum tetraphyllum,533097-1,Asparagaceae,Chlorophytum,tetraphyllum,,False,Chlorophytum tetraphyllum,928047
HM640725.1,18S ribosomal RNA,genomic DNA,1739,Comospermum yedoense,910440-1,Asparagaceae,Comospermum,yedoense,,False,Comospermum yedoense,100513
HM640672.1,18S ribosomal RNA,genomic DNA,1739,Convallaria majalis,533487-1,Asparagaceae,Convallaria,majalis,,False,Convallaria majalis,32189
JQ283903.1,18S ribosomal RNA,genomic DNA,1790,Cordyline australis,533544-1,Asparagaceae,Cordyline,australis,,False,Cordyline australis,1016831
HM640668.1,18S ribosomal RNA,genomic DNA,1739,Danae racemosa,533709-1,Asparagaceae,Danae,racemosa,,False,Danae racemosa,34184
HM640704.1,18S ribosomal RNA,genomic DNA,1737,Dasylirion serratifolium,533752-1,Asparagaceae,Dasylirion,serratifolium,,True,Dasylirion serratifolium,100533
JQ283916.1,18S ribosomal RNA,genomic DNA,1783,Dasylirion wheeleri,533759-1,Asparagaceae,Dasylirion,wheeleri,,False,Dasylirion wheeleri,39505
HM640705.1,18S ribosomal RNA,genomic DNA,1739,Dasylirion wheeleri,533759-1,Asparagaceae,Dasylirion,wheeleri,,False,Dasylirion wheeleri,39505
HM640726.1,18S ribosomal RNA,genomic DNA,1738,Diamena stenantha,275797-2,Asparagaceae,Diamena,stenantha,,False,Diamena stenantha,928051
JQ283924.1,18S ribosomal RNA,genomic DNA,1791,Dichelostemma congestum,533875-1,Asparagaceae,Dichelostemma,congestum,,False,Dichelostemma congestum,158492
JQ283925.1,18S ribosomal RNA,genomic DNA,1791,Dichelostemma ida-maia,79436-2,Asparagaceae,Dichelostemma,ida-maia,,False,Dichelostemma ida-maia,158493
HM640755.1,18S ribosomal RNA,genomic DNA,1741,Dichelostemma multiflorum,79439-2,Asparagaceae,Dichelostemma,multiflorum,,False,Dichelostemma multiflorum,51446
HM640737.1,18S ribosomal RNA,genomic DNA,1741,Dipcadi viride,534009-1,Asparagaceae,Dipcadi,viride,,False,Dipcadi filifolium,480437
JQ283926.1,18S ribosomal RNA,genomic DNA,1791,Dipterostemon capitatus,82063-2,Asparagaceae,Dipterostemon,capitatus,,False,Dichelostemma capitatum,205719
HM640681.1,18S ribosomal RNA,genomic DNA,1739,Disporopsis pernyi,60456596-2,Asparagaceae,Disporopsis,pernyi,,False,Disporopsis pernyi,34185
HM640680.1,18S ribosomal RNA,genomic DNA,1739,Disporopsis sp.,24201-1,Asparagaceae,Disporopsis,,,False,Disporopsis sp. Kim 05-136,928052
HM640699.1,18S ribosomal RNA,genomic DNA,1739,Dracaena aubryana,534108-1,Asparagaceae,Dracaena,aubryana,,False,Dracaena aubryana,59063
HM640698.1,18S ribosomal RNA,genomic DNA,1739,Dracaena ombet subsp. schizantha,77189606-1,Asparagaceae,Dracaena,ombet,schizantha,False,Dracaena schizantha,928053
HM640701.1,18S ribosomal RNA,genomic DNA,1737,Dracaena sambiranensis,77183901-1,Asparagaceae,Dracaena,sambiranensis,,False,Sansevieria sambiranensis,928070
JQ283917.1,18S ribosomal RNA,genomic DNA,1789,Dracaena trifasciata,77164235-1,Asparagaceae,Dracaena,trifasciata,,False,Sansevieria trifasciata,39534
HM640700.1,18S ribosomal RNA,genomic DNA,1739,Dracaena trifasciata,77164235-1,Asparagaceae,Dracaena,trifasciata,,False,Sansevieria trifasciata,39534
JQ283906.1,18S ribosomal RNA,genomic DNA,1791,Drimia altissima,534485-1,Asparagaceae,Drimia,altissima,,True,Drimia altissima,65774
HM640738.1,18S ribosomal RNA,genomic DNA,1740,Drimia altissima,534485-1,Asparagaceae,Drimia,altissima,,True,Drimia altissima,65774
HM640746.1,18S ribosomal RNA,genomic DNA,1740,Drimia convallarioides,1017434-1,Asparagaceae,Drimia,convallarioides,,False,Drimia convallarioides,928068
JQ283933.1,18S ribosomal RNA,genomic DNA,1789,Echeandia sp.,327472-2,Asparagaceae,Echeandia,,,False,Echeandia sp. Steele 1101,1133553
HM640727.1,18S ribosomal RNA,genomic DNA,1739,Echeandia sp.,327472-2,Asparagaceae,Echeandia,,,False,Echeandia sp. Chase 602,59048
HM640706.1,18S ribosomal RNA,genomic DNA,1742,Eriospermum abyssinicum,534756-1,Asparagaceae,Eriospermum,abyssinicum,,False,Eriospermum flagelliforme,231487
JQ283932.1,18S ribosomal RNA,genomic DNA,1792,Eriospermum cervicorne,534790-1,Asparagaceae,Eriospermum,cervicorne,,False,Eriospermum cervicorne,1133554
HM640707.1,18S ribosomal RNA,genomic DNA,1742,Eriospermum cooperi var. natalense,980878-1,Asparagaceae,Eriospermum,cooperi,natalense,False,Eriospermum cooperi var. natalense,928055
HM640708.1,18S ribosomal RNA,genomic DNA,1742,Eriospermum parvifolium,534863-1,Asparagaceae,Eriospermum,parvifolium,,False,Eriospermum parvifolium,928056
HM640739.1,18S ribosomal RNA,genomic DNA,1740,Eucomis humilis,534993-1,Asparagaceae,Eucomis,humilis,,False,Eucomis humilis,928057
AF233091.1,18S ribosomal RNA,genomic DNA,1750,Eustrephus latifolius,535022-1,Asparagaceae,Eustrephus,latifolius,,False,Eustrephus latifolius,101708
JQ283901.1,18S ribosomal RNA,genomic DNA,1790,Hemiphylacus alatostylus,300366-2,Asparagaceae,Hemiphylacus,alatostylus,,False,Hemiphylacus alatostylus,1133555
HM640732.1,18S ribosomal RNA,genomic DNA,1740,Hemiphylacus latifolius,536383-1,Asparagaceae,Hemiphylacus,latifolius,,False,Hemiphylacus latifolius,49719
KM103400.1,18S ribosomal RNA,genomic DNA,1683,Herreria montevidensis,536436-1,Asparagaceae,Herreria,montevidensis,,False,Herreria montevidensis,51452
HM640734.1,18S ribosomal RNA,genomic DNA,1739,Herreria salsaparilha,536439-1,Asparagaceae,Herreria,salsaparilha,,False,Herreria salsaparilha,182177
HM640735.1,18S ribosomal RNA,genomic DNA,1738,Hesperocallis undulata,536456-1,Asparagaceae,Hesperocallis,undulata,,False,Hesperocallis undulata,232733
HM640711.1,18S ribosomal RNA,genomic DNA,1739,Hosta plantaginea,536625-1,Asparagaceae,Hosta,plantaginea,,False,Hosta plantaginea,470571
HM640740.1,18S ribosomal RNA,genomic DNA,1740,Lachenalia carnosa,537149-1,Asparagaceae,Lachenalia,carnosa,,False,Lachenalia carnosa,536250
HM640751.1,18S ribosomal RNA,genomic DNA,1739,Laxmannia squarrosa,537306-1,Asparagaceae,Laxmannia,squarrosa,,False,Laxmannia squarrosa,796888
HM640741.1,18S ribosomal RNA,genomic DNA,1740,Ledebouria cooperi,537311-1,Asparagaceae,Ledebouria,cooperi,,False,Ledebouria cooperi,928060
JQ283908.1,18S ribosomal RNA,genomic DNA,1790,Ledebouria cordifolia,988677-1,Asparagaceae,Ledebouria,cordifolia,,False,Ledebouria cordifolia,65780
HM640712.1,18S ribosomal RNA,genomic DNA,1739,Leucocrinum montanum,321823-2,Asparagaceae,Leucocrinum,montanum,,False,Leucocrinum montanum,59050
HM640692.1,18S ribosomal RNA,genomic DNA,1739,Liriope muscari,537868-1,Asparagaceae,Liriope,muscari,,False,Liriope muscari,39529
JQ283914.1,18S ribosomal RNA,genomic DNA,1789,Liriope spicata,429757-1,Asparagaceae,Liriope,spicata,,False,Liriope spicata,100521
HM640693.1,18S ribosomal RNA,genomic DNA,1739,Liriope spicata,429757-1,Asparagaceae,Liriope,spicata,,False,Liriope spicata,100521
HM640750.1,18S ribosomal RNA,genomic DNA,1739,Lomandra hastilis,537942-1,Asparagaceae,Lomandra,hastilis,,False,Lomandra hastilis,928061
JQ283905.1,18S ribosomal RNA,genomic DNA,1790,Lomandra longifolia,443678-1,Asparagaceae,Lomandra,longifolia,,False,Lomandra longifolia,34201
HM640689.1,18S ribosomal RNA,genomic DNA,1739,Maianthemum bicolor,77076486-1,Asparagaceae,Maianthemum,bicolor,,False,Maianthemum bicolor,261434
HM640682.1,18S ribosomal RNA,genomic DNA,1739,Maianthemum bifolium,30042358-2,Asparagaceae,Maianthemum,bifolium,,False,Maianthemum bifolium,191662
HM640690.1,18S ribosomal RNA,genomic DNA,1739,Maianthemum dahuricum,943000-1,Asparagaceae,Maianthemum,dahuricum,,False,Maianthemum dahuricum,573511
HM640683.1,18S ribosomal RNA,genomic DNA,1738,Maianthemum dilatatum,149429-2,Asparagaceae,Maianthemum,dilatatum,,False,Maianthemum dilatatum,34193
HM640691.1,18S ribosomal RNA,genomic DNA,1737,Maianthemum japonicum,943006-1,Asparagaceae,Maianthemum,japonicum,,False,Maianthemum japonicum,100528
JQ283913.1,18S ribosomal RNA,genomic DNA,1789,Maianthemum stellatum,538039-1,Asparagaceae,Maianthemum,stellatum,,False,Maianthemum stellatum,191661
JQ283921.1,18S ribosomal RNA,genomic DNA,1789,Manfreda virginica,152328-2,Asparagaceae,Manfreda,virginica,,True,Agave virginica,39545
HM640742.1,18S ribosomal RNA,genomic DNA,1740,Massonia angustifolia,538062-1,Asparagaceae,Massonia,angustifolia,,False,Massonia angustifolia,208129
HM640756.1,18S ribosomal RNA,genomic DNA,1742,Milla biflora,538329-1,Asparagaceae,Milla,biflora,,False,Milla biflora,51459
AF206966.1,18S ribosomal RNA,genomic DNA,1742,Muilla maritima,538427-1,Asparagaceae,Muilla,maritima,,False,Muilla maritima,51461
HM640757.1,18S ribosomal RNA,genomic DNA,1742,Muilla maritima,538427-1,Asparagaceae,Muilla,maritima,,False,Muilla maritima,51461
HM640743.1,18S ribosomal RNA,genomic DNA,1740,Muscari aucheri,538449-1,Asparagaceae,Muscari,aucheri,,False,Muscari aucheri,928064
HM640694.1,18S ribosomal RNA,genomic DNA,1739,Ophiopogon jaburan,429779-1,Asparagaceae,Ophiopogon,jaburan,,False,Ophiopogon jaburan,100505
JQ283915.1,18S ribosomal RNA,genomic DNA,1789,Ophiopogon japonicus,429781-1,Asparagaceae,Ophiopogon,japonicus,,False,Ophiopogon japonicus,100506
HM640695.1,18S ribosomal RNA,genomic DNA,1739,Ophiopogon japonicus,429781-1,Asparagaceae,Ophiopogon,japonicus,,False,Ophiopogon japonicus,100506
HM640744.1,18S ribosomal RNA,genomic DNA,1741,Ornithogalum armeniacum,539024-1,Asparagaceae,Ornithogalum,armeniacum,,False,Ornithogalum armeniacum,535961
HM640728.1,18S ribosomal RNA,genomic DNA,1739,Paradisea liliastrum,539674-1,Asparagaceae,Paradisea,liliastrum,,False,Paradisea liliastrum,51471
HM640696.1,18S ribosomal RNA,genomic DNA,1737,Peliosanthes macrostegia,429813-1,Asparagaceae,Peliosanthes,macrostegia,,False,Peliosanthes macrostegia,928065
HM640697.1,18S ribosomal RNA,genomic DNA,1737,Peliosanthes teta,429817-1,Asparagaceae,Peliosanthes,teta,,False,Peliosanthes teta,261227
PV007883.1,rrn18,genomic DNA,1786,Polygonatum cyrtonema,540112-1,Asparagaceae,Polygonatum,cyrtonema,,False,Polygonatum cyrtonema,195526
HM640684.1,18S ribosomal RNA,genomic DNA,1739,Polygonatum humile,540146-1,Asparagaceae,Polygonatum,humile,,False,Polygonatum humile,34195
HM640685.1,18S ribosomal RNA,genomic DNA,1739,Polygonatum inflatum,540150-1,Asparagaceae,Polygonatum,inflatum,,False,Polygonatum inflatum,261412
HM640686.1,18S ribosomal RNA,genomic DNA,1738,Polygonatum involucratum,540154-1,Asparagaceae,Polygonatum,involucratum,,False,Polygonatum involucratum,100526
HM640687.1,18S ribosomal RNA,genomic DNA,1739,Polygonatum lasianthum,540165-1,Asparagaceae,Polygonatum,lasianthum,,False,Polygonatum lasianthum var. coreanum,928066
OP594737.1,18S ribosomal RNA,genomic DNA,1811,Polygonatum odoratum,540195-1,Asparagaceae,Polygonatum,odoratum,,False,Polygonatum odoratum,82207
HM640688.1,18S ribosomal RNA,genomic DNA,1739,Polygonatum odoratum var. pluriflorum,77189664-1,Asparagaceae,Polygonatum,odoratum,pluriflorum,False,Polygonatum odoratum var. pluriflorum,928067
HM640673.1,18S ribosomal RNA,genomic DNA,1739,Reineckea carnea,540365-1,Asparagaceae,Reineckea,carnea,,False,Reineckea carnea,100494
HM640677.1,18S ribosomal RNA,genomic DNA,1739,Rohdea delavayi,70029817-1,Asparagaceae,Rohdea,delavayi,,False,Rohdea fimbriata,203830
HM640678.1,18S ribosomal RNA,genomic DNA,1739,Rohdea japonica,540426-1,Asparagaceae,Rohdea,japonica,,False,Rohdea japonica,100496
HM640679.1,18S ribosomal RNA,genomic DNA,1739,Rohdea nepalensis,77114985-1,Asparagaceae,Rohdea,nepalensis,,False,Rohdea aurantiaca,203833
HM640669.1,18S ribosomal RNA,genomic DNA,1739,Ruscus aculeatus,540443-1,Asparagaceae,Ruscus,aculeatus,,False,Ruscus aculeatus,59067
HM640670.1,18S ribosomal RNA,genomic DNA,1738,Ruscus streptophyllus,540466-1,Asparagaceae,Ruscus,streptophyllus,,False,Ruscus streptophyllus,928069
HM640671.1,18S ribosomal RNA,genomic DNA,1739,Semele androgyna,541142-1,Asparagaceae,Semele,androgyna,,False,Semele androgyna,50246
HM640674.1,18S ribosomal RNA,genomic DNA,1715,Speirantha gardenii,541986-1,Asparagaceae,Speirantha,gardenii,,False,Speirantha gardenii,203835
HM640675.1,18S ribosomal RNA,genomic DNA,1740,Theropogon pallidus,542170-1,Asparagaceae,Theropogon,pallidus,,False,Theropogon pallidus,796839
JQ283904.1,18S ribosomal RNA,genomic DNA,1790,Trichopetalum plumosum,257473-2,Asparagaceae,Trichopetalum,plumosum,,False,Trichopetalum plumosum,1133518
JQ283898.1,18S ribosomal RNA,genomic DNA,1792,Triteleia hyacinthina,259667-2,Asparagaceae,Triteleia,hyacinthina,,False,Triteleia hyacinthina,158496
HM640758.1,18S ribosomal RNA,genomic DNA,1742,Triteleia peduncularis,542701-1,Asparagaceae,Triteleia,peduncularis,,False,Triteleia peduncularis,158499
HM640754.1,18S ribosomal RNA,genomic DNA,1742,Xochiquetzallia thadhowardii,77204855-1,Asparagaceae,Xochiquetzallia,thadhowardii,,False,Dandya thadhowardii,158491
HM640713.1,18S ribosomal RNA,genomic DNA,1740,Yucca filamentosa,325008-2,Asparagaceae,Yucca,filamentosa,,False,Yucca filamentosa,55960
AY952382.1,18S ribosomal RNA,genomic DNA,1677,Yucca filamentosa,325008-2,Asparagaceae,Yucca,filamentosa,,False,Yucca filamentosa,55960
JQ283935.1,18S ribosomal RNA,genomic DNA,1789,Aloe vera,530017-1,Asphodelaceae,Aloe,vera,,True,Aloe vera,34199
HM640760.1,18S ribosomal RNA,genomic DNA,1740,Asphodelus aestivus,531446-1,Asphodelaceae,Asphodelus,aestivus,,False,Asphodelus aestivus,49698
HM640761.1,18S ribosomal RNA,genomic DNA,1736,Bulbine semibarbata,532221-1,Asphodelaceae,Bulbine,semibarbata,,False,Bulbine semibarbata,122940
AF206876.1,18S ribosomal RNA,genomic DNA,1744,Bulbine succulenta,532227-1,Asphodelaceae,Bulbine,succulenta,,False,Bulbine succulenta,49704
GQ497575.1,18S ribosomal RNA,genomic DNA,1791,Dianella ensifolia,533828-1,Asphodelaceae,Dianella,ensifolia,,False,Dianella ensifolia,13485
HM640768.1,18S ribosomal RNA,genomic DNA,1738,Dianella ensifolia,533828-1,Asphodelaceae,Dianella,ensifolia,,False,Dianella ensifolia,13485
HM640759.1,18S ribosomal RNA,genomic DNA,1741,Eremurus chinensis,534689-1,Asphodelaceae,Eremurus,chinensis,,False,Eremurus chinensis,928054
JQ283936.1,18S ribosomal RNA,genomic DNA,1788,Haworthia cymbiformis,536035-1,Asphodelaceae,Haworthia,cymbiformis,,False,Haworthia cymbiformis,210969
KM103399.1,18S ribosomal RNA,genomic DNA,1724,Hemerocallis fulva var. littorea,77075268-1,Asphodelaceae,Hemerocallis,fulva,littorea,False,Hemerocallis fulva var. littorea,122945
HM640769.1,18S ribosomal RNA,genomic DNA,1737,Hemerocallis minor,536354-1,Asphodelaceae,Hemerocallis,minor,,False,Hemerocallis minor,81733
JQ283934.1,18S ribosomal RNA,genomic DNA,1790,Kniphofia linearifolia,537045-1,Asphodelaceae,Kniphofia,linearifolia,,False,Kniphofia linearifolia,555912
JQ283929.1,18S ribosomal RNA,genomic DNA,1788,Phormium tenax,539926-1,Asphodelaceae,Phormium,tenax,,False,Phormium tenax,51475
JQ283930.1,18S ribosomal RNA,genomic DNA,1788,Xanthorrhoea preissii,444058-1,Asphodelaceae,Xanthorrhoea,preissii,,False,Xanthorrhoea preissii,470286
HM640783.1,18S ribosomal RNA,genomic DNA,1738,Xanthorrhoea resinosa,444062-1,Asphodelaceae,Xanthorrhoea,resinosa,,False,Xanthorrhoea resinosa,49740
HM640762.1,18S ribosomal RNA,genomic DNA,1740,Astelia alpina,531603-1,Asteliaceae,Astelia,alpina,,False,Astelia alpina,59056
HM640763.1,18S ribosomal RNA,genomic DNA,1740,Milligania stylosa,538381-1,Asteliaceae,Milligania,stylosa,,False,Milligania stylosa,49728
AF206963.1,18S ribosomal RNA,genomic DNA,1689,Milligania stylosa,538381-1,Asteliaceae,Milligania,stylosa,,False,Milligania stylosa,49728
KT179658.1,18S ribosomal RNA,genomic DNA,1809,Achillea millefolium,2294-2,Asteraceae,Achillea,millefolium,,False,Achillea millefolium,13329
KT179687.1,18S ribosomal RNA,genomic DNA,1811,Antennaria howellii subsp. neodioica,272188-2,Asteraceae,Antennaria,howellii,neodioica,False,Antennaria howellii subsp. neodioica,41476
KT179688.1,18S ribosomal RNA,genomic DNA,1811,Antennaria neglecta,14759-2,Asteraceae,Antennaria,neglecta,,False,Antennaria neglecta,49063
KX063950.1,18S ribosomal RNA,genomic DNA,1811,Archibaccharis asperifolia,17642-2,Asteraceae,Archibaccharis,asperifolia,,False,Archibaccharis asperifolia,381974
JF703098.1,18S ribosomal RNA,genomic DNA,1636,Arctium lappa,178385-1,Asteraceae,Arctium,lappa,,False,Arctium lappa,4217
PP035756.1,18S ribosomal RNA,genomic DNA,2041,Artemisia argyi,179226-1,Asteraceae,Artemisia,argyi,,False,Artemisia argyi,259893
OQ148732.1,18S ribosomal RNA,genomic DNA,1942,Artemisia argyi,179226-1,Asteraceae,Artemisia,argyi,,False,Artemisia argyi,259893
OK268247.2,rrn18,genomic DNA,1930,Artemisia giraldii,179511-1,Asteraceae,Artemisia,giraldii,,False,Artemisia giraldii,669123
NC_064134.1,18S ribosomal RNA,genomic DNA,1930,Artemisia giraldii,179511-1,Asteraceae,Artemisia,giraldii,,False,Artemisia giraldii,669123
EU678363.1,18S ribosomal RNA,genomic DNA,1807,Atractylodes lancea,182976-1,Asteraceae,Atractylodes,lancea,,False,Atractylodes japonica,2547412
KX063978.1,18S ribosomal RNA,genomic DNA,1810,Aztecaster matudae,973774-1,Asteraceae,Aztecaster,matudae,,False,Aztecaster matudae,381977
KX063964.1,18S ribosomal RNA,genomic DNA,1811,Baccharis aliena,77076537-1,Asteraceae,Baccharis,aliena,,False,Baccharis aliena,2707368
KX063991.1,18S ribosomal RNA,genomic DNA,1811,Baccharis genistelloides,183309-1,Asteraceae,Baccharis,genistelloides,,True,Baccharis genistelloides,1715998
KX063954.1,18S ribosomal RNA,genomic DNA,1811,Baccharis tricuneata,183814-1,Asteraceae,Baccharis,tricuneata,,False,Baccharis tricuneata,1715999
AF107575.1,18S ribosomal RNA,genomic DNA,1746,Barnadesia sp.,7851-1,Asteraceae,Barnadesia,,,False,Barnadesia sp. Palmer 180,89251
NC_086732.1,rrn18,genomic DNA,1948,Bidens hawaiensis,184955-1,Asteraceae,Bidens,hawaiensis,,False,Bidens hawaiensis,980011
PP155187.1,18S ribosomal RNA,genomic DNA,1948,Bidens hawaiensis,184955-1,Asteraceae,Bidens,hawaiensis,,False,Bidens hawaiensis,980011
KX063989.1,18S ribosomal RNA,genomic DNA,1811,Blakiella bartsiifolia,33463-2,Asteraceae,Blakiella,bartsiifolia,,False,Blakiella bartsiifolia,381981
KT179659.1,18S ribosomal RNA,genomic DNA,1810,Carduus nutans,188890-1,Asteraceae,Carduus,nutans,,True,Carduus nutans,92906
OQ621745.1,rrn18,genomic DNA,1947,Carthamus tinctorius,324467-2,Asteraceae,Carthamus,tinctorius,,False,Carthamus tinctorius,4222
OR464823.1,18S ribosomal RNA,genomic DNA,1947,Chamaemelum nobile,192489-1,Asteraceae,Chamaemelum,nobile,,False,Chamaemelum nobile,99037
NC_083147.1,18S ribosomal RNA,genomic DNA,1947,Chamaemelum nobile,192489-1,Asteraceae,Chamaemelum,nobile,,False,Chamaemelum nobile,99037
PP920090.1,18S ribosomal RNA,genomic DNA,1949,Chrysanthemum  morifolium,77111328-1,Asteraceae,Chrysanthemum,morifolium,,True,Chrysanthemum x morifolium,41568
PP350832.1,18S ribosomal RNA,genomic DNA,1948,Chrysanthemum indicum,193510-1,Asteraceae,Chrysanthemum,indicum,,False,Chrysanthemum indicum,146995
PP350833.1,rrn18,genomic DNA,1948,Chrysanthemum indicum,193510-1,Asteraceae,Chrysanthemum,indicum,,False,Chrysanthemum indicum,146995
KT179660.1,18S ribosomal RNA,genomic DNA,1810,Cirsium canescens,195139-1,Asteraceae,Cirsium,canescens,,False,Cirsium canescens,1261132
JX274260.1,18S ribosomal RNA,genomic DNA,1807,Cirsium pendulum,195816-1,Asteraceae,Cirsium,pendulum,,False,Cirsium pendulum,112788
JX274259.1,18S ribosomal RNA,genomic DNA,1807,Cirsium pendulum,195816-1,Asteraceae,Cirsium,pendulum,,False,Cirsium pendulum,112788
JX274256.1,18S ribosomal RNA,genomic DNA,1807,Cirsium setidens,195992-1,Asteraceae,Cirsium,setidens,,False,Cirsium setidens,859427
JX274257.1,18S ribosomal RNA,genomic DNA,1807,Cirsium setidens,195992-1,Asteraceae,Cirsium,setidens,,False,Cirsium setidens,859427
KT179661.1,18S ribosomal RNA,genomic DNA,1810,Cirsium undulatum,196156-1,Asteraceae,Cirsium,undulatum,,False,Cirsium undulatum,1234499
PV975969.1,rrn18,genomic DNA,1946,Cosmos bipinnatus,198320-1,Asteraceae,Cosmos,bipinnatus,,False,Cosmos bipinnatus,51277
XR_003067462.1,18S ribosomal RNA,rRNA,1809,Cynara cardunculus subsp. cardunculus,77180272-1,Asteraceae,Cynara,cardunculus,cardunculus,True,Cynara cardunculus var. scolymus,59895
PX050483.1,18S ribosomal RNA,genomic DNA,1946,Dahlia pinnata,30027297-2,Asteraceae,Dahlia,pinnata,,False,Dahlia pinnata,101596
KX063947.1,18S ribosomal RNA,genomic DNA,1811,Diplostephium azureum,81765-2,Asteraceae,Diplostephium,azureum,,False,Diplostephium azureum,587501
KX064022.1,18S ribosomal RNA,genomic DNA,1811,Diplostephium barclayanum,81767-2,Asteraceae,Diplostephium,barclayanum,,False,Diplostephium barclayanum,1716002
KX063963.1,18S ribosomal RNA,genomic DNA,1811,Diplostephium cajamarquillense,81770-2,Asteraceae,Diplostephium,cajamarquillense,,False,Diplostephium cajamarquillense,1716003
KX063983.1,18S ribosomal RNA,genomic DNA,1811,Diplostephium callilepis,81772-2,Asteraceae,Diplostephium,callilepis,,False,Diplostephium callilepis,1716004
KX063999.1,18S ribosomal RNA,genomic DNA,1811,Diplostephium cinereum,81780-2,Asteraceae,Diplostephium,cinereum,,False,Diplostephium cinereum,1161137
KX063966.1,18S ribosomal RNA,genomic DNA,1811,Diplostephium crypteriophyllum,81787-2,Asteraceae,Diplostephium,crypteriophyllum,,False,Diplostephium crypteriophyllum,1716009
KX063970.1,18S ribosomal RNA,genomic DNA,1811,Diplostephium empetrifolium,81791-2,Asteraceae,Diplostephium,empetrifolium,,False,Diplostephium empetrifolium,1716010
KX064026.1,18S ribosomal RNA,genomic DNA,1811,Diplostephium ericoides,81792-2,Asteraceae,Diplostephium,ericoides,,False,Diplostephium ericoides,381990
KX063992.1,18S ribosomal RNA,genomic DNA,1811,Diplostephium espinosae,81794-2,Asteraceae,Diplostephium,espinosae,,False,Diplostephium espinosae,587506
KX064035.1,18S ribosomal RNA,genomic DNA,1811,Diplostephium foliosissimum,81802-2,Asteraceae,Diplostephium,foliosissimum,,False,Diplostephium foliosissimum,587508
KX063993.1,18S ribosomal RNA,genomic DNA,1811,Diplostephium glandulosum,81806-2,Asteraceae,Diplostephium,glandulosum,,False,Diplostephium glandulosum,587509
KX063960.1,18S ribosomal RNA,genomic DNA,1811,Diplostephium gnidioides,81811-2,Asteraceae,Diplostephium,gnidioides,,False,Diplostephium gnidioides,1716014
KX064021.1,18S ribosomal RNA,genomic DNA,1811,Diplostephium goodspeedii,81812-2,Asteraceae,Diplostephium,goodspeedii,,False,Diplostephium goodspeedii,1716015
KX064023.1,18S ribosomal RNA,genomic DNA,1811,Diplostephium gynoxyoides,81814-2,Asteraceae,Diplostephium,gynoxyoides,,False,Diplostephium gynoxyoides,1716016
KX063971.1,18S ribosomal RNA,genomic DNA,1811,Diplostephium haenkei,201726-1,Asteraceae,Diplostephium,haenkei,,False,Diplostephium haenkei,587510
KX064007.1,18S ribosomal RNA,genomic DNA,1811,Diplostephium hartwegii,81815-2,Asteraceae,Diplostephium,hartwegii,,False,Diplostephium hartwegii,1716017
KX063997.1,18S ribosomal RNA,genomic DNA,1811,Diplostephium hippophae,81817-2,Asteraceae,Diplostephium,hippophae,,False,Diplostephium hippophae,1716018
KX064013.1,18S ribosomal RNA,genomic DNA,1811,Diplostephium jelskii,81822-2,Asteraceae,Diplostephium,jelskii,,False,Diplostephium jelskii,1716020
KX063988.1,18S ribosomal RNA,genomic DNA,1811,Diplostephium juniperinum,81826-2,Asteraceae,Diplostephium,juniperinum,,False,Diplostephium juniperinum,1716023
KX063952.1,18S ribosomal RNA,genomic DNA,1811,Diplostephium lechleri,201744-1,Asteraceae,Diplostephium,lechleri,,False,Diplostephium lechleri,1716024
KX064005.1,18S ribosomal RNA,genomic DNA,1811,Diplostephium meyenii,201758-1,Asteraceae,Diplostephium,meyenii,,False,Diplostephium meyenii,1716025
KX064028.1,18S ribosomal RNA,genomic DNA,1811,Diplostephium oblanceolatum,81840-2,Asteraceae,Diplostephium,oblanceolatum,,False,Diplostephium oblanceolatum,1716027
KX063976.1,18S ribosomal RNA,genomic DNA,1811,Diplostephium oxapampanum,304559-2,Asteraceae,Diplostephium,oxapampanum,,False,Diplostephium oxapampanum,1716030
KX063956.1,18S ribosomal RNA,genomic DNA,1811,Diplostephium pulchrum,81853-2,Asteraceae,Diplostephium,pulchrum,,False,Diplostephium pulchrum,1716031
KX063980.1,18S ribosomal RNA,genomic DNA,1811,Diplostephium pulchrum,81853-2,Asteraceae,Diplostephium,pulchrum,,False,Diplostephium pulchrum,1716031
KX064017.1,18S ribosomal RNA,genomic DNA,1811,Diplostephium sagasteguii,81865-2,Asteraceae,Diplostephium,sagasteguii,,False,Diplostephium sagasteguii,1716033
KX063990.1,18S ribosomal RNA,genomic DNA,1811,Diplostephium serratifolium,81872-2,Asteraceae,Diplostephium,serratifolium,,False,Diplostephium serratifolium,1716034
KX064009.1,18S ribosomal RNA,genomic DNA,1811,Diplostephium sp.,30008305-2,Asteraceae,Diplostephium,,,False,Diplostephium sp. CAJ2,1974274
KX064015.1,18S ribosomal RNA,genomic DNA,1811,Diplostephium sp.,30008305-2,Asteraceae,Diplostephium,,,False,Diplostephium sp. CAJ2,1974274
KX064031.1,18S ribosomal RNA,genomic DNA,1811,Diplostephium spinulosum,201803-1,Asteraceae,Diplostephium,spinulosum,,False,Diplostephium spinulosum,1716035
KT179676.1,18S ribosomal RNA,genomic DNA,1810,Echinacea angustifolia,87143-2,Asteraceae,Echinacea,angustifolia,,False,Echinacea angustifolia,308558
HQ259134.1,18S ribosomal RNA,genomic DNA,1720,Egletes viscosa,1037395-2,Asteraceae,Egletes,viscosa,,False,Egletes viscosa,886975
ON507990.1,18S ribosomal RNA,genomic DNA,1946,Erigeron annuus,203539-1,Asteraceae,Erigeron,annuus,,False,Erigeron annuus,91248
KT179664.1,18S ribosomal RNA,genomic DNA,1811,Erigeron bellidiastrum,203596-1,Asteraceae,Erigeron,bellidiastrum,,False,Erigeron bellidiastrum,199508
XR_006321542.1,18S ribosomal RNA,rRNA,1811,Erigeron canadensis,203653-1,Asteraceae,Erigeron,canadensis,,False,Erigeron canadensis,72917
XR_006321543.1,18S ribosomal RNA,rRNA,1811,Erigeron canadensis,203653-1,Asteraceae,Erigeron,canadensis,,False,Erigeron canadensis,72917
KT179666.1,18S ribosomal RNA,genomic DNA,1811,Erigeron philadelphicus,204312-1,Asteraceae,Erigeron,philadelphicus,,True,Erigeron philadelphicus,72930
KT179665.1,18S ribosomal RNA,genomic DNA,1811,Erigeron strigosus,94159-2,Asteraceae,Erigeron,strigosus,,True,Erigeron strigosus,91296
PQ157699.1,18S ribosomal RNA,genomic DNA,1926,Eupatorium lindleyanum,206259-1,Asteraceae,Eupatorium,lindleyanum,,False,Eupatorium lindleyanum,103753
KX064014.1,18S ribosomal RNA,genomic DNA,1811,Exostigma notobellidiastrum,77121360-1,Asteraceae,Exostigma,notobellidiastrum,,False,Exostigma notobellidiastrum,72967
KX063957.1,18S ribosomal RNA,genomic DNA,1811,Floscaldasia hysophila,105180-2,Asteraceae,Floscaldasia,hysophila,,False,Floscaldasia hypsophila,381997
AF107576.1,18S ribosomal RNA,genomic DNA,1750,Gerbera jamesonii,208893-1,Asteraceae,Gerbera,jamesonii,,False,Gerbera jamesonii,13547
PP566898.1,rrn18,genomic DNA,1948,Glebionis coronaria,1013480-1,Asteraceae,Glebionis,coronaria,,False,Glebionis coronaria,99038
KT179671.1,18S ribosomal RNA,genomic DNA,1810,Gutierrezia sarothrae,115050-2,Asteraceae,Gutierrezia,sarothrae,,False,Gutierrezia sarothrae,199516
MH704580.1,18S ribosomal RNA,genomic DNA,1946,Helianthus annuus,119003-2,Asteraceae,Helianthus,annuus,,False,Helianthus annuus,4232
XR_004868578.1,18S ribosomal RNA,rRNA,1811,Helianthus annuus,119003-2,Asteraceae,Helianthus,annuus,,False,Helianthus annuus,4232
MT588180.1,rrn18,genomic DNA,1946,Helianthus grosseserratus,30042412-2,Asteraceae,Helianthus,grosseserratus,,True,Helianthus grosseserratus,73291
NC_051989.1,18S ribosomal RNA,genomic DNA,1946,Helianthus grosseserratus,30042412-2,Asteraceae,Helianthus,grosseserratus,,True,Helianthus grosseserratus,73291
MZ147621.1,rrn18,genomic DNA,1946,Helianthus occidentalis,315076-2,Asteraceae,Helianthus,occidentalis,,False,Helianthus occidentalis,73303
NC_058584.1,18S ribosomal RNA,genomic DNA,1946,Helianthus occidentalis,315076-2,Asteraceae,Helianthus,occidentalis,,False,Helianthus occidentalis,73303
KT179677.1,18S ribosomal RNA,genomic DNA,1811,Helianthus pauciflorus subsp. subrhomboideus,1070491-2,Asteraceae,Helianthus,pauciflorus,subrhomboideus,False,Helianthus pauciflorus subsp. subrhomboideus,1221641
KT179678.1,18S ribosomal RNA,genomic DNA,1811,Helianthus petiolaris,119216-2,Asteraceae,Helianthus,petiolaris,,True,Helianthus petiolaris,4234
MT588181.1,18S ribosomal RNA,genomic DNA,1946,Helianthus strumosus,329248-2,Asteraceae,Helianthus,strumosus,,True,Helianthus strumosus,382522
NC_051990.1,18S ribosomal RNA,genomic DNA,1946,Helianthus strumosus,329248-2,Asteraceae,Helianthus,strumosus,,True,Helianthus strumosus,382522
NC_058585.1,18S ribosomal RNA,genomic DNA,1946,Helianthus tuberosus,329252-2,Asteraceae,Helianthus,tuberosus,,False,Helianthus tuberosus,4233
MZ147622.1,18S ribosomal RNA,genomic DNA,1946,Helianthus tuberosus,329252-2,Asteraceae,Helianthus,tuberosus,,False,Helianthus tuberosus,4233
KT179689.1,18S ribosomal RNA,genomic DNA,1812,Heliopsis helianthoides var. scabra,119685-2,Asteraceae,Heliopsis,helianthoides,scabra,False,Heliopsis helianthoides var. occidentalis,1701424
KT179673.1,18S ribosomal RNA,genomic DNA,1810,Heterotheca villosa,121482-2,Asteraceae,Heterotheca,villosa,,False,Heterotheca villosa,72941
KX063974.1,18S ribosomal RNA,genomic DNA,1811,Hinterhubera ericoides,224860-1,Asteraceae,Hinterhubera,ericoides,,False,Hinterhubera ericoides,382006
KT179682.1,18S ribosomal RNA,genomic DNA,1811,Hymenopappus sp.,125678-2,Asteraceae,Hymenopappus,,,True,Hymenopappus tenuifolius,1552227
KT179675.1,18S ribosomal RNA,genomic DNA,1810,Lactuca ludoviciana,1120029-2,Asteraceae,Lactuca,ludoviciana,,False,Lactuca ludoviciana,1552228
XR_008226150.1,18S ribosomal RNA,rRNA,1819,Lactuca sativa,228239-1,Asteraceae,Lactuca,sativa,,False,Lactuca sativa,4236
XR_008229572.1,18S ribosomal RNA,rRNA,1817,Lactuca sativa,228239-1,Asteraceae,Lactuca,sativa,,False,Lactuca sativa,4236
KX064011.1,18S ribosomal RNA,genomic DNA,1811,Laennecia sophiifolia,947840-1,Asteraceae,Laennecia,sophiifolia,,False,Laennecia sophiifolia,72947
KX063953.1,18S ribosomal RNA,genomic DNA,1811,Laestadia muscicola,228382-1,Asteraceae,Laestadia,muscicola,,False,Laestadia muscicola,382017
KT179684.1,18S ribosomal RNA,genomic DNA,1811,Liatris spicata var. glabrata,77181208-1,Asteraceae,Liatris,spicata,glabrata,False,Liatris glabrata,1701426
KX063979.1,18S ribosomal RNA,genomic DNA,1811,Linochilus alveolatus,77203457-1,Asteraceae,Linochilus,alveolatus,,False,Linochilus alveolatus,587499
KX064025.1,18S ribosomal RNA,genomic DNA,1811,Linochilus antioquensis,77203459-1,Asteraceae,Linochilus,antioquensis,,False,Linochilus antioquensis,1716000
KX063986.1,18S ribosomal RNA,genomic DNA,1811,Linochilus apiculatus,77203460-1,Asteraceae,Linochilus,apiculatus,,False,Linochilus apiculatus,1716001
KX064016.1,18S ribosomal RNA,genomic DNA,1811,Linochilus camargoanus,77203462-1,Asteraceae,Linochilus,camargoanus,,False,Linochilus camargoanus,1716005
KX064019.1,18S ribosomal RNA,genomic DNA,1811,Linochilus cayambensis,77203463-1,Asteraceae,Linochilus,cayambensis,,False,Linochilus cayambensis,587503
KX063975.1,18S ribosomal RNA,genomic DNA,1811,Linochilus cinerascens,77203465-1,Asteraceae,Linochilus,cinerascens,,False,Linochilus cinerascens,1716006
KX063996.1,18S ribosomal RNA,genomic DNA,1811,Linochilus colombianus,77203467-1,Asteraceae,Linochilus,colombianus,,False,Linochilus colombianus,587504
KX063969.1,18S ribosomal RNA,genomic DNA,1811,Linochilus coriaceus,77203468-1,Asteraceae,Linochilus,coriaceus,,False,Linochilus coriaceus,1716007
KX063985.1,18S ribosomal RNA,genomic DNA,1811,Linochilus eriophorus,77203473-1,Asteraceae,Linochilus,eriophorus,,False,Linochilus eriophorus,1716011
KX064010.1,18S ribosomal RNA,genomic DNA,1811,Linochilus floribundus,230909-1,Asteraceae,Linochilus,floribundus,,False,Linochilus floribundus,587507
KX063973.1,18S ribosomal RNA,genomic DNA,1811,Linochilus frontinensis,77203476-1,Asteraceae,Linochilus,frontinensis,,False,Linochilus frontinensis,1716012
KX063958.1,18S ribosomal RNA,genomic DNA,1811,Linochilus glutinosus,77203477-1,Asteraceae,Linochilus,glutinosus,,False,Linochilus glutinosus,1716013
KX064036.1,18S ribosomal RNA,genomic DNA,1811,Linochilus heterophyllus,77203479-1,Asteraceae,Linochilus,heterophyllus,,False,Linochilus heterophyllus,587511
KX063967.1,18S ribosomal RNA,genomic DNA,1811,Linochilus huertasii,77203480-1,Asteraceae,Linochilus,huertasii,,False,Linochilus huertasii,1716019
KX063961.1,18S ribosomal RNA,genomic DNA,1811,Linochilus inesianus,77203481-1,Asteraceae,Linochilus,inesianus,,False,Linochilus inesianus,587512
KX064018.1,18S ribosomal RNA,genomic DNA,1811,Linochilus jaramilloi,77203482-1,Asteraceae,Linochilus,jaramilloi,,False,Linochilus jaramilloi,587513
KX064033.1,18S ribosomal RNA,genomic DNA,1811,Linochilus jenesanus,77203483-1,Asteraceae,Linochilus,jenesanus,,False,Linochilus jenesanus,1716021
KX063968.1,18S ribosomal RNA,genomic DNA,1811,Linochilus juajibioyi,77203484-1,Asteraceae,Linochilus,juajibioyi,,False,Linochilus juajibioyi,1716022
KX063965.1,18S ribosomal RNA,genomic DNA,1811,Linochilus lacunosus,77203486-1,Asteraceae,Linochilus,lacunosus,,False,Linochilus lacunosus,587514
KX064020.1,18S ribosomal RNA,genomic DNA,1811,Linochilus mutiscuanus,77203489-1,Asteraceae,Linochilus,mutiscuanus,,False,Linochilus mutiscuanus,1716026
KX063984.1,18S ribosomal RNA,genomic DNA,1811,Linochilus oblongifolius,77203491-1,Asteraceae,Linochilus,oblongifolius,,False,Linochilus oblongifolius,1716028
KX064029.1,18S ribosomal RNA,genomic DNA,1811,Linochilus obtusus,77203492-1,Asteraceae,Linochilus,obtusus,,False,Linochilus obtusus,1716029
KX063959.1,18S ribosomal RNA,genomic DNA,1811,Linochilus ochraceus,77203494-1,Asteraceae,Linochilus,ochraceus,,True,Linochilus ochraceus,587515
KX064024.1,18S ribosomal RNA,genomic DNA,1811,Linochilus phylicoides,77203497-1,Asteraceae,Linochilus,phylicoides,,False,Linochilus phylicoides,587516
KX064002.1,18S ribosomal RNA,genomic DNA,1811,Linochilus revolutus,77203500-1,Asteraceae,Linochilus,revolutus,,False,Linochilus revolutus,587517
KX063981.1,18S ribosomal RNA,genomic DNA,1811,Linochilus rhododendroides,77203501-1,Asteraceae,Linochilus,rhododendroides,,False,Linochilus rhododendroides,1716032
KX063972.1,18S ribosomal RNA,genomic DNA,1811,Linochilus rhomboidalis,77203502-1,Asteraceae,Linochilus,rhomboidalis,,False,Linochilus rhomboidalis,587518
KX064032.1,18S ribosomal RNA,genomic DNA,1811,Linochilus rhomboidalis,77203502-1,Asteraceae,Linochilus,rhomboidalis,,False,Linochilus rhomboidalis,587518
KX063948.1,18S ribosomal RNA,genomic DNA,1811,Linochilus romeroi,77203504-1,Asteraceae,Linochilus,romeroi,,False,Linochilus romeroi,587519
KX063987.1,18S ribosomal RNA,genomic DNA,1811,Linochilus rosmarinifolius,230916-1,Asteraceae,Linochilus,rosmarinifolius,,False,Linochilus costaricensis,1716008
KX063995.1,18S ribosomal RNA,genomic DNA,1811,Linochilus rosmarinifolius,230916-1,Asteraceae,Linochilus,rosmarinifolius,,False,Linochilus rosmarinifolius,587520
KX063977.1,18S ribosomal RNA,genomic DNA,1811,Linochilus rupestris,77203505-1,Asteraceae,Linochilus,rupestris,,False,Linochilus rupestris,2841757
KX064037.1,18S ribosomal RNA,genomic DNA,1811,Linochilus schultzii,77203508-1,Asteraceae,Linochilus,schultzii,,False,Linochilus schultzii,587521
KX063962.1,18S ribosomal RNA,genomic DNA,1811,Linochilus schultzii,77203508-1,Asteraceae,Linochilus,schultzii,,False,Linochilus schultzii,587521
KX064004.1,18S ribosomal RNA,genomic DNA,1811,Linochilus tachirensis,77203509-1,Asteraceae,Linochilus,tachirensis,,False,Linochilus tachirensis,1716036
KX064027.1,18S ribosomal RNA,genomic DNA,1811,Linochilus tenuifolius,77203511-1,Asteraceae,Linochilus,tenuifolius,,False,Linochilus tenuifolius,587524
KX063951.1,18S ribosomal RNA,genomic DNA,1811,Linochilus venezuelensis,77203513-1,Asteraceae,Linochilus,venezuelensis,,False,Linochilus venezuelensis,587525
KX064000.1,18S ribosomal RNA,genomic DNA,1811,Linochilus violaceus,77203514-1,Asteraceae,Linochilus,violaceus,,False,Linochilus violaceus,1716037
KX064001.1,18S ribosomal RNA,genomic DNA,1810,Llerasia caucana,141900-2,Asteraceae,Llerasia,caucana,,False,Llerasia caucana,1716039
KT179674.1,18S ribosomal RNA,genomic DNA,1810,Lygodesmia juncea,231357-1,Asteraceae,Lygodesmia,juncea,,True,Lygodesmia juncea,231818
MH037193.1,18S ribosomal RNA,genomic DNA,1808,Marshallia caespitosa,231761-1,Asteraceae,Marshallia,caespitosa,,False,Marshallia caespitosa var. signata,1615762
MH037187.1,18S ribosomal RNA,genomic DNA,1808,Marshallia graminifolia,153640-2,Asteraceae,Marshallia,graminifolia,,False,Marshallia graminifolia,1611546
MH037183.1,18S ribosomal RNA,genomic DNA,1808,Marshallia graminifolia,153640-2,Asteraceae,Marshallia,graminifolia,,False,Marshallia graminifolia,1611546
MH037188.1,18S ribosomal RNA,genomic DNA,1808,Marshallia grandiflora,153643-2,Asteraceae,Marshallia,grandiflora,,False,Marshallia grandiflora,1448043
MH037195.1,18S ribosomal RNA,genomic DNA,1808,Marshallia legrandii,77128550-1,Asteraceae,Marshallia,legrandii,,False,Marshallia legrandii,1611547
MH037191.1,18S ribosomal RNA,genomic DNA,1808,Marshallia mohrii,153647-2,Asteraceae,Marshallia,mohrii,,False,Marshallia mohrii,1611548
MH037190.1,18S ribosomal RNA,genomic DNA,1808,Marshallia mohrii,153647-2,Asteraceae,Marshallia,mohrii,,False,Marshallia mohrii,1611548
MH037196.1,18S ribosomal RNA,genomic DNA,1808,Marshallia obovata,153648-2,Asteraceae,Marshallia,obovata,,False,Marshallia obovata,128741
MH037186.1,18S ribosomal RNA,genomic DNA,1808,Marshallia obovata,153648-2,Asteraceae,Marshallia,obovata,,False,Marshallia obovata,128741
MH037198.1,18S ribosomal RNA,genomic DNA,1808,Marshallia ramosa,153651-2,Asteraceae,Marshallia,ramosa,,False,Marshallia ramosa,1611549
MH037189.1,18S ribosomal RNA,genomic DNA,1808,Marshallia ramosa,153651-2,Asteraceae,Marshallia,ramosa,,False,Marshallia ramosa,1611549
MH037184.1,18S ribosomal RNA,genomic DNA,1808,Marshallia trinervia,153652-2,Asteraceae,Marshallia,trinervia,,False,Marshallia trinervia,1448044
MH037197.1,18S ribosomal RNA,genomic DNA,1808,Marshallia trinervia,153652-2,Asteraceae,Marshallia,trinervia,,False,Marshallia trinervia,1448044
OR464824.1,18S ribosomal RNA,genomic DNA,1948,Matricaria chamomilla,154715-2,Asteraceae,Matricaria,chamomilla,,False,Matricaria chamomilla var. recutita,127986
PP111037.1,18S ribosomal RNA,genomic DNA,1942,Mikania cordata,160848-2,Asteraceae,Mikania,cordata,,False,Mikania cordata,207834
KX063949.1,18S ribosomal RNA,genomic DNA,1811,Oritrophium peruvianum,176325-2,Asteraceae,Oritrophium,peruvianum,,False,Oritrophium peruvianum,382033
KX064008.1,18S ribosomal RNA,genomic DNA,1811,Parastrephia quadrangularis,183032-2,Asteraceae,Parastrephia,quadrangularis,,False,Parastrephia quadrangularis,382038
MN996759.1,18S ribosomal RNA,genomic DNA,1811,Pseudognaphalium affine,962992-1,Asteraceae,Pseudognaphalium,affine,,False,Pseudognaphalium affine,318063
MN996754.1,18S ribosomal RNA,genomic DNA,1812,Pseudognaphalium luteoalbum,909623-1,Asteraceae,Pseudognaphalium,luteoalbum,,False,Pseudognaphalium luteoalbum,59425
MN996755.1,18S ribosomal RNA,genomic DNA,1812,Pseudognaphalium luteoalbum,909623-1,Asteraceae,Pseudognaphalium,luteoalbum,,False,Pseudognaphalium luteoalbum,59425
MN996760.1,18S ribosomal RNA,genomic DNA,1812,Pseudognaphalium sandwicensium var. hawaiiense,77253808-1,Asteraceae,Pseudognaphalium,sandwicensium,hawaiiense,False,Pseudognaphalium sandwicensium var. hawaiiense,2562350
MN996757.1,18S ribosomal RNA,genomic DNA,1812,Pseudognaphalium sandwicensium var. molokaiense,77253191-1,Asteraceae,Pseudognaphalium,sandwicensium,molokaiense,False,Pseudognaphalium sandwicensium var. molokaiense,2562352
MN996758.1,18S ribosomal RNA,genomic DNA,1812,Pseudognaphalium sandwicensium var. molokaiense,77253191-1,Asteraceae,Pseudognaphalium,sandwicensium,molokaiense,False,Pseudognaphalium sandwicensium var. molokaiense,2562352
MN996746.1,18S ribosomal RNA,genomic DNA,1812,Pseudognaphalium sp.,290947-2,Asteraceae,Pseudognaphalium,,,False,Pseudognaphalium sp. RS-2020,2790658
MN996752.1,18S ribosomal RNA,genomic DNA,1812,Pseudognaphalium sp.,290947-2,Asteraceae,Pseudognaphalium,,,False,Pseudognaphalium sp. RS-2020,2790658
KT179681.1,18S ribosomal RNA,genomic DNA,1810,Ratibida columnifera,217868-2,Asteraceae,Ratibida,columnifera,,False,Ratibida columnifera,53728
KT179686.1,18S ribosomal RNA,genomic DNA,1810,Rudbeckia hirta var. pulcherrima,223755-2,Asteraceae,Rudbeckia,hirta,pulcherrima,False,Rudbeckia hirta var. pulcherrima,711056
XR_011770836.1,18S ribosomal RNA,rRNA,1830,Rutidosis leptorrhynchoides,241829-1,Asteraceae,Rutidosis,leptorrhynchoides,,False,Rutidosis leptorrhynchoides,125765
XR_011770838.1,18S ribosomal RNA,rRNA,1830,Rutidosis leptorrhynchoides,241829-1,Asteraceae,Rutidosis,leptorrhynchoides,,False,Rutidosis leptorrhynchoides,125765
KT179663.1,18S ribosomal RNA,genomic DNA,1810,Senecio integerrimus,245678-1,Asteraceae,Senecio,integerrimus,,True,Senecio integerrimus,344069
KT179683.1,18S ribosomal RNA,genomic DNA,1811,Silphium integrifolium,30072268-2,Asteraceae,Silphium,integrifolium,,False,Silphium integrifolium,121897
PQ526790.1,rrn18,genomic DNA,1947,Solidago canadensis,249454-1,Asteraceae,Solidago,canadensis,,False,Solidago canadensis,59297
KT179669.1,18S ribosomal RNA,genomic DNA,1810,Solidago gigantea,249575-1,Asteraceae,Solidago,gigantea,,False,Solidago gigantea,330183
KT179670.1,18S ribosomal RNA,genomic DNA,1810,Solidago missouriensis,249712-1,Asteraceae,Solidago,missouriensis,,False,Solidago missouriensis,691052
KX064030.1,18S ribosomal RNA,genomic DNA,1810,Soliva sessilis,330243-2,Asteraceae,Soliva,sessilis,,False,Soliva sessilis,457735
PV370356.1,18S ribosomal RNA,genomic DNA,1947,Tagetes erecta,252092-1,Asteraceae,Tagetes,erecta,,False,Tagetes erecta,13708
U42501.1,18S ribosomal RNA,genomic DNA,1725,Tagetes sp.,325872-2,Asteraceae,Tagetes,,,False,Tagetes sp. Nickrent 3061,87010
KX064034.1,18S ribosomal RNA,genomic DNA,1811,Talamancaster cuchumatanicus,77174769-1,Asteraceae,Talamancaster,cuchumatanicus,,False,Lagenophora cuchumatanica,1716038
KY671128.1,18S ribosomal RNA,genomic DNA,1810,Taraxacum amplum,252716-1,Asteraceae,Taraxacum,amplum,,False,Taraxacum amplum,1220049
JN418987.1,18S ribosomal RNA,genomic DNA,1809,Taraxacum kok-saghyz,253687-1,Asteraceae,Taraxacum,kok-saghyz,,False,Taraxacum kok-saghyz,333970
KY671129.1,18S ribosomal RNA,genomic DNA,1810,Taraxacum obtusifrons,254139-1,Asteraceae,Taraxacum,obtusifrons,,False,Taraxacum obtusifrons,1220052
KY671127.1,18S ribosomal RNA,genomic DNA,1810,Taraxacum sp.,328762-2,Asteraceae,Taraxacum,,,False,Taraxacum sp. RHS-2016,1903714
KT179680.1,18S ribosomal RNA,genomic DNA,1811,Thelesperma filifolium,255463-1,Asteraceae,Thelesperma,filifolium,,False,Thelesperma filifolium,153166
KT179662.1,18S ribosomal RNA,genomic DNA,1810,Tragopogon dubius,255993-1,Asteraceae,Tragopogon,dubius,,False,Tragopogon dubius,45322
U42502.1,18S ribosomal RNA,genomic DNA,1714,Tragopogon dubius,255993-1,Asteraceae,Tragopogon,dubius,,False,Tragopogon dubius,45322
PQ526799.1,rrn18,genomic DNA,1946,Tussilago farfara,256904-1,Asteraceae,Tussilago,farfara,,False,Tussilago farfara,118778
KT179685.1,18S ribosomal RNA,genomic DNA,1811,Vernonia baldwinii,257916-1,Asteraceae,Vernonia,baldwinii,,False,Vernonia baldwinii,434692
KX063994.1,18S ribosomal RNA,genomic DNA,1811,Westoniella kohkemperi,268479-2,Asteraceae,Westoniella,kohkemperi,,False,Westoniella kohkemperi,382052
KT179668.1,18S ribosomal RNA,genomic DNA,1810,Xanthisma spinulosum,1031940-2,Asteraceae,Xanthisma,spinulosum,,False,Xanthisma spinulosum,71075
AF206857.1,18S ribosomal RNA,genomic DNA,1737,Asteropeia micraster,829859-1,Asteropeiaceae,Asteropeia,micraster,,False,Asteropeia micraster,55393
AF197578.1,18S ribosomal RNA,genomic DNA,1741,Atherosperma moschatum,581759-1,Atherospermataceae,Atherosperma,moschatum,,False,Atherosperma moschatum,88856
AF197579.1,18S ribosomal RNA,genomic DNA,1741,Daphnandra micrantha,581858-1,Atherospermataceae,Daphnandra,micrantha,,False,Daphnandra micrantha,74882
AF293754.1,18S ribosomal RNA,genomic DNA,1787,Doryphora sassafras,581869-1,Atherospermataceae,Doryphora,sassafras,,False,Doryphora sassafras,74884
AF206950.1,18S ribosomal RNA,genomic DNA,1752,Laurelia novae-zelandiae,581994-1,Atherospermataceae,Laurelia,novae-zelandiae,,False,Laurelia novae-zelandiae,74887
AF206858.1,18S ribosomal RNA,genomic DNA,1806,Austrobaileya scandens,554303-1,Austrobaileyaceae,Austrobaileya,scandens,,False,Austrobaileya scandens,13351
U42503.1,18S ribosomal RNA,genomic DNA,1796,Austrobaileya scandens,554303-1,Austrobaileyaceae,Austrobaileya,scandens,,False,Austrobaileya scandens,13351
AB233532.1,18S ribosomal RNA,genomic DNA,1734,Balanops pancheri,103175-1,Balanopaceae,Balanops,pancheri,,False,Balanops pancheri,344426
L24044.1,18S ribosomal RNA,genomic DNA,1787,Balanophora fungosa,103250-1,Balanophoraceae,Balanophora,fungosa,,False,Balanophora fungosa,29813
JN392868.1,18S ribosomal RNA,genomic DNA,1759,Balanophora fungosa,103250-1,Balanophoraceae,Balanophora,fungosa,,False,Balanophora fungosa,29813
JN392867.1,18S ribosomal RNA,genomic DNA,1777,Balanophora fungosa subsp. indica,874636-1,Balanophoraceae,Balanophora,fungosa,indica,False,Balanophora indica,1128101
JN392879.1,18S ribosomal RNA,genomic DNA,1779,Balanophora harlandii,103255-1,Balanophoraceae,Balanophora,harlandii,,False,Balanophora harlandii,447008
JN392874.1,18S ribosomal RNA,genomic DNA,1729,Balanophora japonica,103264-1,Balanophoraceae,Balanophora,japonica,,False,Balanophora japonica,1128102
JN392873.1,18S ribosomal RNA,genomic DNA,1729,Balanophora japonica,103264-1,Balanophoraceae,Balanophora,japonica,,False,Balanophora japonica,1128102
JN392872.1,18S ribosomal RNA,genomic DNA,1779,Balanophora laxiflora,103272-1,Balanophoraceae,Balanophora,laxiflora,,False,Balanophora laxiflora,1128103
JN392871.1,18S ribosomal RNA,genomic DNA,1779,Balanophora laxiflora,103272-1,Balanophoraceae,Balanophora,laxiflora,,False,Balanophora laxiflora,1128103
JN392878.1,18S ribosomal RNA,genomic DNA,1757,Balanophora tobiracola,103300-1,Balanophoraceae,Balanophora,tobiracola,,False,Balanophora tobiracola,1128104
JN392875.1,18S ribosomal RNA,genomic DNA,1759,Balanophora yakushimensis,103308-1,Balanophoraceae,Balanophora,yakushimensis,,False,Balanophora yakushimensis,1128105
JN392877.1,18S ribosomal RNA,genomic DNA,1713,Balanophora yakushimensis,103308-1,Balanophoraceae,Balanophora,yakushimensis,,False,Balanophora yakushimensis,1128105
L24400.1,18S ribosomal RNA,genomic DNA,1754,Corynaea crassa,103322-1,Balanophoraceae,Corynaea,crassa,,False,Corynaea crassa,50121
PV843328.1,rrn18,genomic DNA,1794,Dactylanthus taylorii,103338-1,Balanophoraceae,Dactylanthus,taylorii,,False,Dactylanthus taylorii,328070
AY957443.1,18S ribosomal RNA,genomic DNA,1742,Dactylanthus taylorii,103338-1,Balanophoraceae,Dactylanthus,taylorii,,False,Dactylanthus taylorii,328070
AY957444.1,18S ribosomal RNA,genomic DNA,1742,Hachettea austrocaledonica,103342-1,Balanophoraceae,Hachettea,austrocaledonica,,False,Hachettea austrocaledonica,328067
L25682.1,18S ribosomal RNA,genomic DNA,1762,Helosis cayennensis,103346-1,Balanophoraceae,Helosis,cayennensis,,False,Helosis cayennensis,50128
L25683.1,18S ribosomal RNA,genomic DNA,1750,Langsdorffia hypogaea,315558-2,Balanophoraceae,Langsdorffia,hypogaea,,False,Langsdorffia hypogaea,50138
MG234129.1,rrn18,genomic DNA,1713,Langsdorffia hypogaea,315558-2,Balanophoraceae,Langsdorffia,hypogaea,,False,Langsdorffia hypogaea,50138
KP263283.1,18S ribosomal RNA,genomic DNA,1634,Lophophytum pyramidale,77177769-1,Balanophoraceae,Lophophytum,pyramidale,,False,Lophophytum leandri,1618140
AY957445.1,18S ribosomal RNA,genomic DNA,1737,Mystropetalon thomii,103378-1,Balanophoraceae,Mystropetalon,thomii,,False,Mystropetalon thomii,328069
L24406.1,18S ribosomal RNA,genomic DNA,1767,Ombrophytum subterraneum,173814-2,Balanophoraceae,Ombrophytum,subterraneum,,False,Ombrophytum subterraneum,50155
PQ773360.1,rrn18,genomic DNA,1667,Rhopalocnemis phalloides,103397-1,Balanophoraceae,Rhopalocnemis,phalloides,,False,Rhopalocnemis phalloides,1128106
PQ773392.1,18S ribosomal RNA,genomic DNA,1651,Rhopalocnemis phalloides,103397-1,Balanophoraceae,Rhopalocnemis,phalloides,,False,Rhopalocnemis phalloides,1128106
PQ801642.1,rrn18,genomic DNA,1696,Rhopalocnemis sp.,3853-1,Balanophoraceae,Rhopalocnemis,,,False,Rhopalocnemis sp.,3387716
KP263286.1,18S ribosomal RNA,genomic DNA,1713,Sarcophyte sanguinea,103400-1,Balanophoraceae,Sarcophyte,sanguinea,,False,Sarcophyte sanguinea,1618143
U59933.1,18S ribosomal RNA,genomic DNA,1763,Scybalium jamaicense,1063421-2,Balanophoraceae,Scybalium,jamaicense,,False,Scybalium jamaicense,48512
OR233158.1,18S ribosomal RNA,genomic DNA,2031,Thonningia sanguinea,329935-2,Balanophoraceae,Thonningia,sanguinea,,False,Thonningia sanguinea,1618145
KP263289.1,18S ribosomal RNA,genomic DNA,1771,Thonningia sanguinea,329935-2,Balanophoraceae,Thonningia,sanguinea,,False,Thonningia sanguinea,1618145
KT179715.1,18S ribosomal RNA,genomic DNA,1807,Impatiens capensis,30008241-2,Balsaminaceae,Impatiens,capensis,,True,Impatiens capensis,55378
XR_007097067.1,18S ribosomal RNA,rRNA,1808,Impatiens glandulifera,30221088-2,Balsaminaceae,Impatiens,glandulifera,,True,Impatiens glandulifera,253017
XR_007097080.1,18S ribosomal RNA,rRNA,1807,Impatiens glandulifera,30221088-2,Balsaminaceae,Impatiens,glandulifera,,True,Impatiens glandulifera,253017
L24148.1,18S ribosomal RNA,genomic DNA,1750,Impatiens pallida,30051366-2,Balsaminaceae,Impatiens,pallida,,False,Impatiens pallida,35940
L49285.1,18S ribosomal RNA,genomic DNA,1730,Impatiens walleriana,374419-1,Balsaminaceae,Impatiens,walleriana,,False,Impatiens walleriana,127142
JF317358.1,18S ribosomal RNA,genomic DNA,1708,Barbeya oleoides,850487-1,Barbeyaceae,Barbeya,oleoides,,False,Barbeya oleoides,48391
AF206862.1,18S ribosomal RNA,genomic DNA,1707,Barbeya oleoides,850487-1,Barbeyaceae,Barbeya,oleoides,,False,Barbeya oleoides,48391
GQ497567.1,18S ribosomal RNA,genomic DNA,1799,Basella alba,164286-1,Basellaceae,Basella,alba,,False,Basella alba,3589
HQ843426.1,18S ribosomal RNA,genomic DNA,1466,Basella alba,164286-1,Basellaceae,Basella,alba,,False,Basella alba,3589
U42504.1,18S ribosomal RNA,genomic DNA,1706,Batis maritima,319368-2,Bataceae,Batis,maritima,,False,Batis maritima,4436
AF534769.1,18S ribosomal RNA,genomic DNA,1796,Begonia ankaranensis,104186-1,Begoniaceae,Begonia,ankaranensis,,False,Begonia ankaranensis,198546
AF008948.1,18S ribosomal RNA,genomic DNA,1809,Begonia boisiana,104288-1,Begoniaceae,Begonia,boisiana,,False,Begonia boisiana,62973
AF534750.1,18S ribosomal RNA,genomic DNA,1792,Begonia cinnabarina,104418-1,Begoniaceae,Begonia,cinnabarina,,False,Begonia cinnabarina,199991
AF534766.1,18S ribosomal RNA,genomic DNA,1790,Begonia conchifolia,104446-1,Begoniaceae,Begonia,conchifolia,,False,Begonia conchifolia,212713
AF534765.1,18S ribosomal RNA,genomic DNA,1793,Begonia crassicaulis,104473-1,Begoniaceae,Begonia,crassicaulis,,True,Begonia crassicaulis,212714
AF534760.1,18S ribosomal RNA,genomic DNA,1790,Begonia diadema,77236969-1,Begoniaceae,Begonia,diadema,,False,Begonia diadema,199994
AF534759.1,18S ribosomal RNA,genomic DNA,1792,Begonia foliosa,104692-1,Begoniaceae,Begonia,foliosa,,False,Begonia fuchsioides,200001
AF008949.1,18S ribosomal RNA,genomic DNA,1804,Begonia glabra,104759-1,Begoniaceae,Begonia,glabra,,False,Begonia glabra,62974
AF534772.1,18S ribosomal RNA,genomic DNA,1793,Begonia gracilis,30005490-2,Begoniaceae,Begonia,gracilis,,False,Begonia gracilis,200004
AF534773.1,18S ribosomal RNA,genomic DNA,1794,Begonia grandis subsp. grandis,77172289-1,Begoniaceae,Begonia,grandis,grandis,False,Begonia grandis subsp. grandis,200078
AF534752.1,18S ribosomal RNA,genomic DNA,1792,Begonia herbacea,30617-2,Begoniaceae,Begonia,herbacea,,False,Begonia herbacea,48227
AY968391.2,18S ribosomal RNA,genomic DNA,1736,Begonia herbacea,30617-2,Begoniaceae,Begonia,herbacea,,False,Begonia herbacea,48227
AF534753.1,18S ribosomal RNA,genomic DNA,1792,Begonia incarnata,104901-1,Begoniaceae,Begonia,incarnata,,True,Begonia incarnata,198557
AF534770.1,18S ribosomal RNA,genomic DNA,1793,Begonia isoptera,104931-1,Begoniaceae,Begonia,isoptera,,False,Begonia isoptera,200014
AF534756.1,18S ribosomal RNA,genomic DNA,1793,Begonia iucunda,104939-1,Begoniaceae,Begonia,iucunda,,False,Begonia iucunda,198558
AF534762.1,18S ribosomal RNA,genomic DNA,1793,Begonia luxurians,105107-1,Begoniaceae,Begonia,luxurians,,False,Begonia luxurians,198560
AF534767.1,18S ribosomal RNA,genomic DNA,1794,Begonia malabarica,105141-1,Begoniaceae,Begonia,malabarica,,False,Begonia fallax,198554
AF534755.1,18S ribosomal RNA,genomic DNA,1793,Begonia masoniana,105166-1,Begoniaceae,Begonia,masoniana,,False,Begonia masoniana,198562
AF534763.1,18S ribosomal RNA,genomic DNA,1793,Begonia meyeri-johannis,105197-1,Begoniaceae,Begonia,meyeri-johannis,,False,Begonia meyeri-johannis,198563
AF534754.1,18S ribosomal RNA,genomic DNA,1795,Begonia nigritarum,105272-1,Begoniaceae,Begonia,nigritarum,,False,Begonia nigritarum,212715
AF534768.1,18S ribosomal RNA,genomic DNA,1793,Begonia nossibea,105277-1,Begoniaceae,Begonia,nossibea,,False,Begonia nossibea,198564
AF534751.1,18S ribosomal RNA,genomic DNA,1791,Begonia olbia,105310-1,Begoniaceae,Begonia,olbia,,False,Begonia olbia,200034
AF008950.1,18S ribosomal RNA,genomic DNA,1808,Begonia oxyloba,105331-1,Begoniaceae,Begonia,oxyloba,,False,Begonia oxyloba,48226
AY968392.2,18S ribosomal RNA,genomic DNA,1745,Begonia oxyloba,105331-1,Begoniaceae,Begonia,oxyloba,,False,Begonia oxyloba,48226
AF534758.1,18S ribosomal RNA,genomic DNA,1793,Begonia poculifera,105456-1,Begoniaceae,Begonia,poculifera,,False,Begonia poculifera,198565
AF534761.1,18S ribosomal RNA,genomic DNA,1793,Begonia roxburghii,105613-1,Begoniaceae,Begonia,roxburghii,,False,Begonia roxburghii,198566
AF534757.1,18S ribosomal RNA,genomic DNA,1794,Begonia rubella,105615-1,Begoniaceae,Begonia,rubella,,False,Begonia rubella,212817
AF534771.1,18S ribosomal RNA,genomic DNA,1793,Begonia scapigera,105676-1,Begoniaceae,Begonia,scapigera,,False,Begonia scapigera,198568
U43613.1,18S ribosomal RNA,genomic DNA,1810,Begonia sp.,327437-2,Begoniaceae,Begonia,,,False,Begonia sp. Kew U012,45374
AF534749.1,18S ribosomal RNA,genomic DNA,1791,Begonia sp.,327437-2,Begoniaceae,Begonia,,,False,Begonia sp. K-1994,213027
AF534764.1,18S ribosomal RNA,genomic DNA,1793,Begonia ulmifolia,105927-1,Begoniaceae,Begonia,ulmifolia,,False,Begonia ulmifolia,48225
AF534774.1,18S ribosomal RNA,genomic DNA,1793,Begonia violifolia,105991-1,Begoniaceae,Begonia,violifolia,,False,Begonia violifolia,198570
AF008951.1,18S ribosomal RNA,genomic DNA,1807,Hillebrandia sandwicensis,106195-1,Begoniaceae,Hillebrandia,sandwicensis,,False,Hillebrandia sandwicensis,48236
AY968398.1,18S ribosomal RNA,genomic DNA,1786,Hillebrandia sandwicensis,106195-1,Begoniaceae,Hillebrandia,sandwicensis,,False,Hillebrandia sandwicensis,48236
FJ748870.1,18S ribosomal RNA,genomic DNA,1810,Berberis bealei,106450-1,Berberidaceae,Berberis,bealei,,False,Berberis bealei,13601
AF293755.1,18S ribosomal RNA,genomic DNA,1787,Berberis bealei,106450-1,Berberidaceae,Berberis,bealei,,False,Berberis bealei,13601
L54064.1,18S ribosomal RNA,genomic DNA,1712,Caulophyllum thalictroides,1056122-2,Berberidaceae,Caulophyllum,thalictroides,,False,Caulophyllum thalictroides,46963
PV695558.1,rrn18,genomic DNA,1918,Epimedium pubescens,107306-1,Berberidaceae,Epimedium,pubescens,,False,Epimedium pubescens,153729
PV694989.1,18S ribosomal RNA,genomic DNA,1926,Epimedium wushanense,107328-1,Berberidaceae,Epimedium,wushanense,,False,Epimedium wushanense,253611
L37911.1,18S ribosomal RNA,genomic DNA,1710,Nandina domestica,107544-1,Berberidaceae,Nandina,domestica,,False,Nandina domestica,41776
L24413.1,18S ribosomal RNA,genomic DNA,1766,Podophyllum peltatum,107599-1,Berberidaceae,Podophyllum,peltatum,,False,Podophyllum peltatum,35933
AF206866.1,18S ribosomal RNA,genomic DNA,1741,Berberidopsis corallina,106378-1,Berberidopsidaceae,Berberidopsis,corallina,,False,Berberidopsis corallina,85172
MF136519.1,18S ribosomal RNA,genomic DNA,1809,Alnus alnobetula subsp. alnobetula,77167504-1,Betulaceae,Alnus,alnobetula,alnobetula,False,Alnus alnobetula subsp. alnobetula,492571
MF136517.1,18S ribosomal RNA,genomic DNA,1809,Alnus alnobetula subsp. crispa,60456398-2,Betulaceae,Alnus,alnobetula,crispa,False,Alnus alnobetula subsp. crispa,3518
AY263900.1,18S ribosomal RNA,genomic DNA,1509,Alnus alnobetula subsp. sinuata,60456397-2,Betulaceae,Alnus,alnobetula,sinuata,False,Alnus alnobetula subsp. sinuata,109071
MF136518.1,18S ribosomal RNA,genomic DNA,1809,Alnus alnobetula subsp. suaveolens,954641-1,Betulaceae,Alnus,alnobetula,suaveolens,False,Alnus alnobetula subsp. suaveolens,1052851
MF136520.1,18S ribosomal RNA,genomic DNA,1809,Alnus cordata,294902-1,Betulaceae,Alnus,cordata,,True,Alnus cordata,109058
MF136521.1,18S ribosomal RNA,genomic DNA,1809,Alnus cordata,294902-1,Betulaceae,Alnus,cordata,,True,Alnus cordata,109058
XR_009897390.1,18S ribosomal RNA,rRNA,1843,Alnus glutinosa,30036759-2,Betulaceae,Alnus,glutinosa,,False,Alnus glutinosa,3517
XR_009897370.1,18S ribosomal RNA,rRNA,1824,Alnus glutinosa,30036759-2,Betulaceae,Alnus,glutinosa,,False,Alnus glutinosa,3517
MF136522.1,18S ribosomal RNA,genomic DNA,1809,Alnus glutinosa subsp. barbata,77189376-1,Betulaceae,Alnus,glutinosa,barbata,False,Alnus glutinosa subsp. barbata,1671027
MF136523.1,18S ribosomal RNA,genomic DNA,1809,Alnus glutinosa subsp. betuloides,972939-1,Betulaceae,Alnus,glutinosa,betuloides,False,Alnus glutinosa subsp. betuloides,1671028
MF136526.1,18S ribosomal RNA,genomic DNA,1809,Alnus glutinosa subsp. glutinosa,77167590-1,Betulaceae,Alnus,glutinosa,glutinosa,False,Alnus glutinosa subsp. glutinosa,2004886
MF136525.1,18S ribosomal RNA,genomic DNA,1809,Alnus glutinosa subsp. glutinosa,77167590-1,Betulaceae,Alnus,glutinosa,glutinosa,False,Alnus glutinosa subsp. glutinosa,2004886
MF136527.1,18S ribosomal RNA,genomic DNA,1809,Alnus incana,30106706-2,Betulaceae,Alnus,incana,,False,Alnus incana,3516
MF136528.1,18S ribosomal RNA,genomic DNA,1809,Alnus incana,30106706-2,Betulaceae,Alnus,incana,,False,Alnus incana,3516
MF136529.1,18S ribosomal RNA,genomic DNA,1809,Alnus japonica,294936-1,Betulaceae,Alnus,japonica,,True,Alnus japonica,109063
MF136530.1,18S ribosomal RNA,genomic DNA,1809,Alnus jorullensis subsp. jorullensis,77167436-1,Betulaceae,Alnus,jorullensis,jorullensis,False,Alnus jorullensis subsp. jorullensis,1671029
MF136531.1,18S ribosomal RNA,genomic DNA,1809,Alnus maritima subsp. maritima,3310155-4,Betulaceae,Alnus,maritima,maritima,False,Alnus maritima subsp. maritima,2004887
MF136532.1,18S ribosomal RNA,genomic DNA,1809,Alnus maritima subsp. maritima,3310155-4,Betulaceae,Alnus,maritima,maritima,False,Alnus maritima subsp. maritima,2004887
MF136533.1,18S ribosomal RNA,genomic DNA,1809,Alnus maritima subsp. oklahomensis,70030020-1,Betulaceae,Alnus,maritima,oklahomensis,False,Alnus maritima subsp. oklahomensis,2004888
MF136534.1,18S ribosomal RNA,genomic DNA,1809,Alnus maximowiczii,9439-2,Betulaceae,Alnus,maximowiczii,,False,Alnus alnobetula subsp. maximowiczii,253216
MF136535.1,18S ribosomal RNA,genomic DNA,1809,Alnus nitida,294962-1,Betulaceae,Alnus,nitida,,False,Alnus nitida,109470
MF136536.1,18S ribosomal RNA,genomic DNA,1809,Alnus orientalis,294972-1,Betulaceae,Alnus,orientalis,,False,Alnus orientalis,253218
MF136537.1,18S ribosomal RNA,genomic DNA,1809,Alnus rubra,294986-1,Betulaceae,Alnus,rubra,,True,Alnus rubra,109069
MF136538.1,18S ribosomal RNA,genomic DNA,1809,Alnus subcordata,295002-1,Betulaceae,Alnus,subcordata,,False,Alnus subcordata,109072
GU476453.1,18S ribosomal RNA,genomic DNA,1493,Betula pendula,295174-1,Betulaceae,Betula,pendula,,False,Betula pendula,3505
AY147107.1,18S ribosomal RNA,genomic DNA,1486,Betula pendula subsp. mandshurica,77128716-1,Betulaceae,Betula,pendula,mandshurica,False,Betula platyphylla,78630
ON716286.1,18S ribosomal RNA,genomic DNA,1809,Betula pendula subsp. pendula,77167700-1,Betulaceae,Betula,pendula,pendula,False,Betula pendula var. carelica,659875
AY263898.1,18S ribosomal RNA,genomic DNA,1479,Carpinus betulus,295248-1,Betulaceae,Carpinus,betulus,,False,Carpinus betulus,12990
XR_009441210.1,18S ribosomal RNA,rRNA,1809,Corylus avellana,295446-1,Betulaceae,Corylus,avellana,,False,Corylus avellana,13451
XR_009441211.1,18S ribosomal RNA,rRNA,1809,Corylus avellana,295446-1,Betulaceae,Corylus,avellana,,False,Corylus avellana,13451
AY263896.1,18S ribosomal RNA,genomic DNA,1461,Ostrya virginiana,295672-1,Betulaceae,Ostrya,virginiana,,False,Ostrya virginiana,13622
AY263888.1,18S ribosomal RNA,genomic DNA,1534,Ostryopsis davidiana,295677-1,Betulaceae,Ostryopsis,davidiana,,False,Ostryopsis davidiana,78607
KC412167.1,18S ribosomal RNA,genomic DNA,1508,Ostryopsis davidiana,295677-1,Betulaceae,Ostryopsis,davidiana,,False,Ostryopsis davidiana,78607
KC412166.1,18S ribosomal RNA,genomic DNA,1508,Ostryopsis nobilis,108055-1,Betulaceae,Ostryopsis,nobilis,,False,Ostryopsis nobilis,176868
GQ497568.1,18S ribosomal RNA,genomic DNA,1797,Biebersteinia orphanidis,371942-1,Biebersteiniaceae,Biebersteinia,orphanidis,,False,Biebersteinia orphanidis,74351
MK679325.1,rrn18,genomic DNA,1936,Adenocalymma acutissimum,108103-1,Bignoniaceae,Adenocalymma,acutissimum,,False,Adenocalymma acutissimum,2099405
MK679324.1,rrn18,genomic DNA,1936,Adenocalymma acutissimum,108103-1,Bignoniaceae,Adenocalymma,acutissimum,,False,Adenocalymma acutissimum,2099405
MK679326.1,18S ribosomal RNA,genomic DNA,1928,Adenocalymma adenophorum,77141914-1,Bignoniaceae,Adenocalymma,adenophorum,,False,Adenocalymma adenophorum,354008
MK678709.1,18S ribosomal RNA,genomic DNA,1810,Adenocalymma adenophorum,77141914-1,Bignoniaceae,Adenocalymma,adenophorum,,False,Adenocalymma adenophorum,354008
MK679370.1,rrn18,genomic DNA,1928,Adenocalymma albiflorum,77212125-1,Bignoniaceae,Adenocalymma,albiflorum,,False,Adenocalymma albiflorum,3013917
MK678754.1,18S ribosomal RNA,genomic DNA,1810,Adenocalymma albiflorum,77212125-1,Bignoniaceae,Adenocalymma,albiflorum,,False,Adenocalymma albiflorum,3013917
MK679327.1,18S ribosomal RNA,genomic DNA,1928,Adenocalymma allamandiflorum,77141916-1,Bignoniaceae,Adenocalymma,allamandiflorum,,False,Adenocalymma allamandiflorum,2056444
MK678710.1,18S ribosomal RNA,genomic DNA,1810,Adenocalymma allamandiflorum,77141916-1,Bignoniaceae,Adenocalymma,allamandiflorum,,False,Adenocalymma allamandiflorum,2056444
MK679328.1,18S ribosomal RNA,genomic DNA,1928,Adenocalymma apurense,4266-2,Bignoniaceae,Adenocalymma,apurense,,False,Adenocalymma apurense,2099408
MK678711.1,18S ribosomal RNA,genomic DNA,1810,Adenocalymma apurense,4266-2,Bignoniaceae,Adenocalymma,apurense,,False,Adenocalymma apurense,2099408
MK679329.1,rrn18,genomic DNA,1936,Adenocalymma aurantiacum,77128932-1,Bignoniaceae,Adenocalymma,aurantiacum,,False,Adenocalymma aurantiacum,2056445
MK678712.1,18S ribosomal RNA,genomic DNA,1810,Adenocalymma aurantiacum,77128932-1,Bignoniaceae,Adenocalymma,aurantiacum,,False,Adenocalymma aurantiacum,2056445
MK679330.1,18S ribosomal RNA,genomic DNA,1936,Adenocalymma biternatum,77141919-1,Bignoniaceae,Adenocalymma,biternatum,,False,Adenocalymma biternatum,2056446
MK678713.1,18S ribosomal RNA,genomic DNA,1810,Adenocalymma biternatum,77141919-1,Bignoniaceae,Adenocalymma,biternatum,,False,Adenocalymma biternatum,2056446
MK679331.1,rrn18,genomic DNA,1936,Adenocalymma bracteatum,108107-1,Bignoniaceae,Adenocalymma,bracteatum,,False,Adenocalymma bracteatum,2056447
MK678714.1,18S ribosomal RNA,genomic DNA,1810,Adenocalymma bracteatum,108107-1,Bignoniaceae,Adenocalymma,bracteatum,,False,Adenocalymma bracteatum,2056447
MK679332.1,18S ribosomal RNA,genomic DNA,1936,Adenocalymma calcareum,77103659-1,Bignoniaceae,Adenocalymma,calcareum,,False,Adenocalymma calcareum,2099409
MK678715.1,18S ribosomal RNA,genomic DNA,1810,Adenocalymma calcareum,77103659-1,Bignoniaceae,Adenocalymma,calcareum,,False,Adenocalymma calcareum,2099409
MK679369.1,18S ribosomal RNA,genomic DNA,1936,Adenocalymma candolleanum,77205035-1,Bignoniaceae,Adenocalymma,candolleanum,,False,Adenocalymma candolleanum,3013920
MK678753.1,18S ribosomal RNA,genomic DNA,1810,Adenocalymma candolleanum,77205035-1,Bignoniaceae,Adenocalymma,candolleanum,,False,Adenocalymma candolleanum,3013920
MK679333.1,18S ribosomal RNA,genomic DNA,1936,Adenocalymma cauliflorum,77167337-1,Bignoniaceae,Adenocalymma,cauliflorum,,False,Adenocalymma cauliflorum,2099410
MK678716.1,18S ribosomal RNA,genomic DNA,1810,Adenocalymma cauliflorum,77167337-1,Bignoniaceae,Adenocalymma,cauliflorum,,False,Adenocalymma cauliflorum,2099410
MK679334.1,rrn18,genomic DNA,1936,Adenocalymma cinereum,77129264-1,Bignoniaceae,Adenocalymma,cinereum,,False,Adenocalymma cinereum,2099413
MK678717.1,18S ribosomal RNA,genomic DNA,1810,Adenocalymma cinereum,77129264-1,Bignoniaceae,Adenocalymma,cinereum,,False,Adenocalymma cinereum,2099413
MK679335.1,rrn18,genomic DNA,1928,Adenocalymma cladotrichum,77100436-1,Bignoniaceae,Adenocalymma,cladotrichum,,False,Adenocalymma cladotrichum,354011
MK678718.1,18S ribosomal RNA,genomic DNA,1810,Adenocalymma cladotrichum,77100436-1,Bignoniaceae,Adenocalymma,cladotrichum,,False,Adenocalymma cladotrichum,354011
MK679336.1,rrn18,genomic DNA,1936,Adenocalymma coriaceum,108112-1,Bignoniaceae,Adenocalymma,coriaceum,,False,Adenocalymma coriaceum,2099415
MK678719.1,18S ribosomal RNA,genomic DNA,1810,Adenocalymma coriaceum,108112-1,Bignoniaceae,Adenocalymma,coriaceum,,False,Adenocalymma coriaceum,2099415
MK679337.1,18S ribosomal RNA,genomic DNA,1928,Adenocalymma cristicalyx,77141922-1,Bignoniaceae,Adenocalymma,cristicalyx,,False,Adenocalymma cristicalyx,2056448
MK678720.1,18S ribosomal RNA,genomic DNA,1810,Adenocalymma cristicalyx,77141922-1,Bignoniaceae,Adenocalymma,cristicalyx,,False,Adenocalymma cristicalyx,2056448
MK679338.1,18S ribosomal RNA,genomic DNA,1928,Adenocalymma cymbalum,4282-2,Bignoniaceae,Adenocalymma,cymbalum,,False,Adenocalymma cymbalum,353922
MK678721.1,18S ribosomal RNA,genomic DNA,1810,Adenocalymma cymbalum,4282-2,Bignoniaceae,Adenocalymma,cymbalum,,False,Adenocalymma cymbalum,353922
MK679339.1,18S ribosomal RNA,genomic DNA,1936,Adenocalymma dichilum,303473-2,Bignoniaceae,Adenocalymma,dichilum,,False,Adenocalymma dichilum,2099416
MK678722.1,18S ribosomal RNA,genomic DNA,1810,Adenocalymma dichilum,303473-2,Bignoniaceae,Adenocalymma,dichilum,,False,Adenocalymma dichilum,2099416
MK679340.1,18S ribosomal RNA,genomic DNA,1928,Adenocalymma divaricatum,108116-1,Bignoniaceae,Adenocalymma,divaricatum,,False,Adenocalymma divaricatum,2099417
MK678723.1,18S ribosomal RNA,genomic DNA,1810,Adenocalymma divaricatum,108116-1,Bignoniaceae,Adenocalymma,divaricatum,,False,Adenocalymma divaricatum,2099417
MK679341.1,18S ribosomal RNA,genomic DNA,1936,Adenocalymma dusenii,4285-2,Bignoniaceae,Adenocalymma,dusenii,,False,Adenocalymma dusenii,2099418
MK678724.1,18S ribosomal RNA,genomic DNA,1810,Adenocalymma dusenii,4285-2,Bignoniaceae,Adenocalymma,dusenii,,False,Adenocalymma dusenii,2099418
MK679342.1,rrn18,genomic DNA,1936,Adenocalymma flaviflorum,77100438-1,Bignoniaceae,Adenocalymma,flaviflorum,,False,Adenocalymma flaviflorum,1779341
MK678725.1,18S ribosomal RNA,genomic DNA,1810,Adenocalymma flaviflorum,77100438-1,Bignoniaceae,Adenocalymma,flaviflorum,,False,Adenocalymma flaviflorum,1779341
MK679343.1,rrn18,genomic DNA,1936,Adenocalymma gibbosum,77129265-1,Bignoniaceae,Adenocalymma,gibbosum,,False,Adenocalymma gibbosum,2099419
MK678726.1,18S ribosomal RNA,genomic DNA,1810,Adenocalymma gibbosum,77129265-1,Bignoniaceae,Adenocalymma,gibbosum,,False,Adenocalymma gibbosum,2099419
MK679344.1,rrn18,genomic DNA,1936,Adenocalymma gracielzae,300430-2,Bignoniaceae,Adenocalymma,gracielzae,,False,Adenocalymma gracielzae,2099420
MK678727.1,18S ribosomal RNA,genomic DNA,1810,Adenocalymma gracielzae,300430-2,Bignoniaceae,Adenocalymma,gracielzae,,False,Adenocalymma gracielzae,2099420
MK679346.1,rrn18,genomic DNA,1936,Adenocalymma hatschbachii,302305-2,Bignoniaceae,Adenocalymma,hatschbachii,,False,Adenocalymma hatschbachii,2056449
MK678729.1,18S ribosomal RNA,genomic DNA,1810,Adenocalymma hatschbachii,302305-2,Bignoniaceae,Adenocalymma,hatschbachii,,False,Adenocalymma hatschbachii,2056449
MK679347.1,rrn18,genomic DNA,1928,Adenocalymma hypostictum,4304-2,Bignoniaceae,Adenocalymma,hypostictum,,False,Adenocalymma hypostictum,2099423
MK678730.1,18S ribosomal RNA,genomic DNA,1810,Adenocalymma hypostictum,4304-2,Bignoniaceae,Adenocalymma,hypostictum,,False,Adenocalymma hypostictum,2099423
MK679348.1,18S ribosomal RNA,genomic DNA,1928,Adenocalymma juliae,77141926-1,Bignoniaceae,Adenocalymma,juliae,,False,Adenocalymma juliae,2099424
MK678731.1,18S ribosomal RNA,genomic DNA,1810,Adenocalymma juliae,77141926-1,Bignoniaceae,Adenocalymma,juliae,,False,Adenocalymma juliae,2099424
MK679349.1,rrn18,genomic DNA,1936,Adenocalymma macrophyllum,108136-1,Bignoniaceae,Adenocalymma,macrophyllum,,False,Adenocalymma macrophyllum,2099426
MK678732.1,18S ribosomal RNA,genomic DNA,1810,Adenocalymma macrophyllum,108136-1,Bignoniaceae,Adenocalymma,macrophyllum,,False,Adenocalymma macrophyllum,2099426
MK679350.1,18S ribosomal RNA,genomic DNA,1928,Adenocalymma marginatum,108139-1,Bignoniaceae,Adenocalymma,marginatum,,False,Adenocalymma marginatum,1676596
MK678733.1,18S ribosomal RNA,genomic DNA,1810,Adenocalymma marginatum,108139-1,Bignoniaceae,Adenocalymma,marginatum,,False,Adenocalymma marginatum,1676596
MK679351.1,rrn18,genomic DNA,1936,Adenocalymma nervosum,4322-2,Bignoniaceae,Adenocalymma,nervosum,,False,Adenocalymma nervosum,2099427
MK678734.1,18S ribosomal RNA,genomic DNA,1810,Adenocalymma nervosum,4322-2,Bignoniaceae,Adenocalymma,nervosum,,False,Adenocalymma nervosum,2099427
MK679352.1,18S ribosomal RNA,genomic DNA,1936,Adenocalymma nodosum,77141933-1,Bignoniaceae,Adenocalymma,nodosum,,False,Adenocalymma nodosum,2099428
MK678735.1,18S ribosomal RNA,genomic DNA,1810,Adenocalymma nodosum,77141933-1,Bignoniaceae,Adenocalymma,nodosum,,False,Adenocalymma nodosum,2099428
MK679353.1,18S ribosomal RNA,genomic DNA,1936,Adenocalymma paulistarum,4326-2,Bignoniaceae,Adenocalymma,paulistarum,,False,Adenocalymma paulistarum,2099430
MK678736.1,18S ribosomal RNA,genomic DNA,1810,Adenocalymma paulistarum,4326-2,Bignoniaceae,Adenocalymma,paulistarum,,False,Adenocalymma paulistarum,2099430
MK679354.1,rrn18,genomic DNA,1928,Adenocalymma pedunculatum,77141935-1,Bignoniaceae,Adenocalymma,pedunculatum,,False,Adenocalymma pedunculatum,2056450
MK678737.1,18S ribosomal RNA,genomic DNA,1810,Adenocalymma pedunculatum,77141935-1,Bignoniaceae,Adenocalymma,pedunculatum,,False,Adenocalymma pedunculatum,2056450
MK679355.1,rrn18,genomic DNA,1936,Adenocalymma peregrinum,77141936-1,Bignoniaceae,Adenocalymma,peregrinum,,False,Adenocalymma peregrinum,2056451
MK678738.1,18S ribosomal RNA,genomic DNA,1810,Adenocalymma peregrinum,77141936-1,Bignoniaceae,Adenocalymma,peregrinum,,False,Adenocalymma peregrinum,2056451
MK679356.1,rrn18,genomic DNA,1936,Adenocalymma pubescens,77141937-1,Bignoniaceae,Adenocalymma,pubescens,,False,Adenocalymma pubescens,2099431
MK678739.1,18S ribosomal RNA,genomic DNA,1810,Adenocalymma pubescens,77141937-1,Bignoniaceae,Adenocalymma,pubescens,,False,Adenocalymma pubescens,2099431
MK679323.1,rrn18,genomic DNA,1936,Adenocalymma reticulatum,4335-2,Bignoniaceae,Adenocalymma,reticulatum,,False,Adenocalymma ackermannii,2099404
MK678706.1,18S ribosomal RNA,genomic DNA,1810,Adenocalymma reticulatum,4335-2,Bignoniaceae,Adenocalymma,reticulatum,,False,Adenocalymma ackermannii,2099404
MK679357.1,rrn18,genomic DNA,1936,Adenocalymma scabriusculum,108156-1,Bignoniaceae,Adenocalymma,scabriusculum,,False,Adenocalymma scabriusculum,2099433
MK678740.1,18S ribosomal RNA,genomic DNA,1810,Adenocalymma scabriusculum,108156-1,Bignoniaceae,Adenocalymma,scabriusculum,,False,Adenocalymma scabriusculum,2099433
MK678741.1,18S ribosomal RNA,genomic DNA,1810,Adenocalymma schomburgkii,77100441-1,Bignoniaceae,Adenocalymma,schomburgkii,,False,Adenocalymma schomburgkii,2099434
MK679358.1,rrn18,genomic DNA,1936,Adenocalymma subincanum,4342-2,Bignoniaceae,Adenocalymma,subincanum,,False,Adenocalymma subincanum,353925
MK678742.1,18S ribosomal RNA,genomic DNA,1810,Adenocalymma subincanum,4342-2,Bignoniaceae,Adenocalymma,subincanum,,False,Adenocalymma subincanum,353925
MK679359.1,18S ribosomal RNA,genomic DNA,1936,Adenocalymma subsessilifolium,108161-1,Bignoniaceae,Adenocalymma,subsessilifolium,,False,Adenocalymma subsessilifolium,2099436
MK678743.1,18S ribosomal RNA,genomic DNA,1810,Adenocalymma subsessilifolium,108161-1,Bignoniaceae,Adenocalymma,subsessilifolium,,False,Adenocalymma subsessilifolium,2099436
MK679360.1,rrn18,genomic DNA,1928,Adenocalymma subspicatum,305053-2,Bignoniaceae,Adenocalymma,subspicatum,,False,Adenocalymma subspicatum,2056452
MK678744.1,18S ribosomal RNA,genomic DNA,1810,Adenocalymma subspicatum,305053-2,Bignoniaceae,Adenocalymma,subspicatum,,False,Adenocalymma subspicatum,2056452
MK679345.1,18S ribosomal RNA,genomic DNA,1936,Adenocalymma ternatum,4346-2,Bignoniaceae,Adenocalymma,ternatum,,False,Adenocalymma grandifolium,2099421
MK678728.1,18S ribosomal RNA,genomic DNA,1810,Adenocalymma ternatum,4346-2,Bignoniaceae,Adenocalymma,ternatum,,False,Adenocalymma grandifolium,2099421
MK679361.1,18S ribosomal RNA,genomic DNA,1928,Adenocalymma trifoliatum,4347-2,Bignoniaceae,Adenocalymma,trifoliatum,,False,Adenocalymma trifoliatum,2099437
MK678745.1,18S ribosomal RNA,genomic DNA,1810,Adenocalymma trifoliatum,4347-2,Bignoniaceae,Adenocalymma,trifoliatum,,False,Adenocalymma trifoliatum,2099437
MK679362.1,rrn18,genomic DNA,1936,Adenocalymma ubatubense,317992-2,Bignoniaceae,Adenocalymma,ubatubense,,False,Adenocalymma ubatubense,2099438
MK678746.1,18S ribosomal RNA,genomic DNA,1810,Adenocalymma ubatubense,317992-2,Bignoniaceae,Adenocalymma,ubatubense,,False,Adenocalymma ubatubense,2099438
MK679363.1,rrn18,genomic DNA,1928,Adenocalymma validum,77141941-1,Bignoniaceae,Adenocalymma,validum,,False,Adenocalymma validum,1005653
MK678747.1,18S ribosomal RNA,genomic DNA,1810,Adenocalymma validum,77141941-1,Bignoniaceae,Adenocalymma,validum,,False,Adenocalymma validum,1005653
MK679364.1,rrn18,genomic DNA,1936,Anemopaegma arvense,13545-2,Bignoniaceae,Anemopaegma,arvense,,False,Anemopaegma arvense,2029556
MK678748.1,18S ribosomal RNA,genomic DNA,1810,Anemopaegma arvense,13545-2,Bignoniaceae,Anemopaegma,arvense,,False,Anemopaegma arvense,2029556
MK679365.1,rrn18,genomic DNA,1928,Callichlamys latifolia,42392-2,Bignoniaceae,Callichlamys,latifolia,,False,Callichlamys latifolia,353961
MK678749.1,18S ribosomal RNA,genomic DNA,1810,Callichlamys latifolia,42392-2,Bignoniaceae,Callichlamys,latifolia,,False,Callichlamys latifolia,353961
AF107579.1,18S ribosomal RNA,genomic DNA,1745,Catalpa bignonioides,30194969-2,Bignoniaceae,Catalpa,bignonioides,,False,Catalpa bignonioides,85179
MK679366.1,18S ribosomal RNA,genomic DNA,1936,Cuspidaria floribunda,73040-2,Bignoniaceae,Cuspidaria,floribunda,,False,Cuspidaria floribunda,354071
MK678750.1,18S ribosomal RNA,genomic DNA,1810,Cuspidaria floribunda,73040-2,Bignoniaceae,Cuspidaria,floribunda,,False,Cuspidaria floribunda,354071
MK679367.1,18S ribosomal RNA,genomic DNA,1936,Dolichandra coccinea,77327537-1,Bignoniaceae,Dolichandra,coccinea,,False,Dolichandra cynanchoides,353977
MK678751.1,18S ribosomal RNA,genomic DNA,1810,Dolichandra coccinea,77327537-1,Bignoniaceae,Dolichandra,coccinea,,False,Dolichandra cynanchoides,353977
AY289643.1,18S ribosomal RNA,genomic DNA,1668,Dolichandrone spathacea,109557-1,Bignoniaceae,Dolichandrone,spathacea,,False,Dolichandrone spathacea,241844
MK679368.1,18S ribosomal RNA,genomic DNA,1931,Fridericia platyphylla,77142054-1,Bignoniaceae,Fridericia,platyphylla,,False,Fridericia platyphylla,353935
MK678752.1,18S ribosomal RNA,genomic DNA,1810,Fridericia platyphylla,77142054-1,Bignoniaceae,Fridericia,platyphylla,,False,Fridericia platyphylla,353935
MK679373.1,rrn18,genomic DNA,1936,Fridericia trichoclada,77204733-1,Bignoniaceae,Fridericia,trichoclada,,False,Fridericia trichoclada,354049
MK678757.1,18S ribosomal RNA,genomic DNA,1810,Fridericia trichoclada,77204733-1,Bignoniaceae,Fridericia,trichoclada,,False,Fridericia trichoclada,354049
L49291.1,18S ribosomal RNA,genomic DNA,1737,Parmentiera cereifera,110245-1,Bignoniaceae,Parmentiera,cereifera,,False,Parmentiera cereifera,163100
MK679371.1,rrn18,genomic DNA,1935,Podranea ricasoliana,110440-1,Bignoniaceae,Podranea,ricasoliana,,False,Podranea ricasoliana,83955
MK678755.1,18S ribosomal RNA,genomic DNA,1810,Podranea ricasoliana,110440-1,Bignoniaceae,Podranea,ricasoliana,,False,Podranea ricasoliana,83955
MK679372.1,rrn18,genomic DNA,1936,Pyrostegia venusta,110483-1,Bignoniaceae,Pyrostegia,venusta,,False,Pyrostegia venusta,354045
MK678756.1,18S ribosomal RNA,genomic DNA,1810,Pyrostegia venusta,110483-1,Bignoniaceae,Pyrostegia,venusta,,False,Pyrostegia venusta,354045
MK679374.1,rrn18,genomic DNA,1927,Tecomaria capensis,111333-1,Bignoniaceae,Tecomaria,capensis,,False,Tecomaria capensis,140035
MK678758.1,18S ribosomal RNA,genomic DNA,1810,Tecomaria capensis,111333-1,Bignoniaceae,Tecomaria,capensis,,False,Tecomaria capensis,140035
AF206868.1,18S ribosomal RNA,genomic DNA,1739,Bixa orellana,33335-2,Bixaceae,Bixa,orellana,,False,Bixa orellana,66672
AF206869.1,18S ribosomal RNA,genomic DNA,1792,Blandfordia punicea,531919-1,Blandfordiaceae,Blandfordia,punicea,,False,Blandfordia punicea,49702
HM640764.1,18S ribosomal RNA,genomic DNA,1739,Blandfordia punicea,531919-1,Blandfordiaceae,Blandfordia,punicea,,False,Blandfordia punicea,49702
AY674574.1,18S ribosomal RNA,genomic DNA,1655,Archytaea triflora,828466-1,Bonnetiaceae,Archytaea,triflora,,False,Archytaea triflora,256089
FJ707523.1,18S ribosomal RNA,genomic DNA,1701,Bonnetia sessilis,828493-1,Bonnetiaceae,Bonnetia,sessilis,,False,Bonnetia sessilis,431202
FJ669685.1,18S ribosomal RNA,genomic DNA,1711,Ploiarium elegans,829220-1,Bonnetiaceae,Ploiarium,elegans,,False,Ploiarium elegans,3046148
AF107580.1,18S ribosomal RNA,genomic DNA,1750,Borago officinalis,113618-1,Boraginaceae,Borago,officinalis,,False,Borago officinalis,13363
U38319.1,18S ribosomal RNA,genomic DNA,1750,Bourreria succulenta,1088317-2,Boraginaceae,Bourreria,succulenta,,False,Bourreria succulenta,43177
KM213400.1,18S ribosomal RNA,genomic DNA,1809,Cryptantha maritima,71468-2,Boraginaceae,Cryptantha,maritima,,False,Cryptantha maritima,1213320
KM213423.1,18S ribosomal RNA,genomic DNA,1809,Cryptantha muricata var. muricata,77234247-1,Boraginaceae,Cryptantha,muricata,muricata,False,Cryptantha muricata var. muricata,1563373
KM213409.1,18S ribosomal RNA,genomic DNA,1809,Cryptantha torreyana,71594-2,Boraginaceae,Cryptantha,torreyana,,False,Cryptantha torreyana,1563374
KM213413.1,18S ribosomal RNA,genomic DNA,1811,Dasynotus daubenmirei,76824-2,Boraginaceae,Dasynotus,daubenmirei,,False,Dasynotus daubenmirei,1288191
HQ384690.1,18S ribosomal RNA,genomic DNA,1760,Ehretia acuminata,115963-1,Boraginaceae,Ehretia,acuminata,,False,Ehretia acuminata,163079
U59938.1,18S ribosomal RNA,genomic DNA,1762,Ehretia cymosa,116007-1,Boraginaceae,Ehretia,cymosa,,True,Ehretia cymosa,48523
KT179703.1,18S ribosomal RNA,genomic DNA,1809,Ellisia nyctelea,1162869-2,Boraginaceae,Ellisia,nyctelea,,False,Ellisia nyctelea,79343
KM213422.1,18S ribosomal RNA,genomic DNA,1809,Eremocarya micrantha,93367-2,Boraginaceae,Eremocarya,micrantha,,False,Eremocarya micrantha,181187
HQ384691.1,18S ribosomal RNA,genomic DNA,1749,Hydrophyllum capitatum,432258-1,Boraginaceae,Hydrophyllum,capitatum,,False,Hydrophyllum capitatum,79360
AJ236019.1,18S ribosomal RNA,genomic DNA,1769,Hydrophyllum fendleri,125318-2,Boraginaceae,Hydrophyllum,fendleri,,False,Hydrophyllum fendleri,86854
KM213414.1,18S ribosomal RNA,genomic DNA,1809,Oreocarya abortiva,281700-2,Boraginaceae,Oreocarya,abortiva,,False,Oreocarya suffruticosa var. abortiva,1563386
KM213405.1,18S ribosomal RNA,genomic DNA,1809,Oreocarya celosioides,175881-2,Boraginaceae,Oreocarya,celosioides,,False,Oreocarya celosioides,1563375
KM213411.1,18S ribosomal RNA,genomic DNA,1809,Oreocarya crymophila,175890-2,Boraginaceae,Oreocarya,crymophila,,False,Oreocarya crymophila,1563376
KM213424.1,18S ribosomal RNA,genomic DNA,1809,Oreocarya flavoculata,175900-2,Boraginaceae,Oreocarya,flavoculata,,False,Oreocarya flavoculata,79334
KM213407.1,18S ribosomal RNA,genomic DNA,1809,Oreocarya hoffmannii,175907-2,Boraginaceae,Oreocarya,hoffmannii,,False,Oreocarya hoffmannii,1563378
KM213410.1,18S ribosomal RNA,genomic DNA,1809,Oreocarya hypsophila,60458712-2,Boraginaceae,Oreocarya,hypsophila,,False,Oreocarya hypsophila,1563380
KM213402.1,18S ribosomal RNA,genomic DNA,1809,Oreocarya nubigena,175929-2,Boraginaceae,Oreocarya,nubigena,,False,Oreocarya nubigena,1563381
KM213406.1,18S ribosomal RNA,genomic DNA,1809,Oreocarya nubigena,175929-2,Boraginaceae,Oreocarya,nubigena,,False,Oreocarya nubigena,1563381
KM213420.1,18S ribosomal RNA,genomic DNA,1809,Oreocarya schoolcraftii,60458716-2,Boraginaceae,Oreocarya,schoolcraftii,,False,Oreocarya schoolcraftii,1563382
KM213418.1,18S ribosomal RNA,genomic DNA,1809,Oreocarya setosissima,175944-2,Boraginaceae,Oreocarya,setosissima,,False,Oreocarya setosissima,1563383
KM213415.1,18S ribosomal RNA,genomic DNA,1809,Oreocarya sobolifera,60458719-2,Boraginaceae,Oreocarya,sobolifera,,False,Oreocarya sobolifera,1563384
KM213412.1,18S ribosomal RNA,genomic DNA,1809,Oreocarya subretusa,175951-2,Boraginaceae,Oreocarya,subretusa,,False,Oreocarya subretusa,1563385
KM213416.1,18S ribosomal RNA,genomic DNA,1809,Oreocarya subretusa,175951-2,Boraginaceae,Oreocarya,subretusa,,False,Oreocarya subretusa,1563385
KM213401.1,18S ribosomal RNA,genomic DNA,1809,Oreocarya virgata,120000-1,Boraginaceae,Oreocarya,virgata,,False,Oreocarya virgata,203732
KM213403.1,18S ribosomal RNA,genomic DNA,1809,Pectocarya penicillata,1118343-2,Boraginaceae,Pectocarya,penicillata,,False,Pectocarya penicillata,1213337
L49292.1,18S ribosomal RNA,genomic DNA,1739,Phacelia bicolor,432533-1,Boraginaceae,Phacelia,bicolor,,False,Phacelia bicolor,79380
U59935.1,18S ribosomal RNA,genomic DNA,1748,Pholisma arenarium,526307-1,Boraginaceae,Pholisma,arenarium,,False,Pholisma arenarium,48517
AF206872.1,18S ribosomal RNA,genomic DNA,1744,Borya septentrionalis,531942-1,Boryaceae,Borya,septentrionalis,,False,Borya septentrionalis,59058
HM640765.1,18S ribosomal RNA,genomic DNA,1727,Borya septentrionalis,531942-1,Boryaceae,Borya,septentrionalis,,False,Borya septentrionalis,59058
MT819268.1,18S ribosomal RNA,genomic DNA,1808,Anzhengxia yechengnica,77160334-1,Brassicaceae,Anzhengxia,yechengnica,,False,Anzhengxia yechengnica,253187
NR_141642.1,18S ribosomal RNA,rRNA,1808,Arabidopsis thaliana,277970-1,Brassicaceae,Arabidopsis,thaliana,,False,Arabidopsis thaliana,3702
NR_139968.1,18S ribosomal RNA,rRNA,1808,Arabidopsis thaliana,277970-1,Brassicaceae,Arabidopsis,thaliana,,False,Arabidopsis thaliana,3702
MT819269.1,18S ribosomal RNA,genomic DNA,1808,Atelanthera perpusilla,278765-1,Brassicaceae,Atelanthera,perpusilla,,False,Atelanthera perpusilla,537123
MT819270.1,18S ribosomal RNA,genomic DNA,1808,Atelanthera perpusilla,278765-1,Brassicaceae,Atelanthera,perpusilla,,False,Atelanthera perpusilla,537123
JF920288.1,18S ribosomal RNA,genomic DNA,1848, Brassarda juncea,77354001-1,Brassicaceae,Brassarda,juncea,,False,Brassica juncea,3707
MT675104.1,18S ribosomal RNA,genomic DNA,1848, Brassarda juncea,77354001-1,Brassicaceae,Brassarda,juncea,,False,Brassica juncea,3707
KJ820683.1,18S ribosomal RNA,genomic DNA,1848,Brassica cretica subsp. cretica,77228230-1,Brassicaceae,Brassica,cretica,cretica,False,Brassica oleracea var. botrytis,3715
KX709351.1,18S ribosomal RNA,genomic DNA,1807,Brassica cretica subsp. cretica,77228230-1,Brassicaceae,Brassica,cretica,cretica,False,Brassica oleracea var. botrytis,3715
XR_007335726.1,18S ribosomal RNA,rRNA,1883,Brassica napus,279419-1,Brassicaceae,Brassica,napus,,False,Brassica napus,3708
PP663684.1,18S ribosomal RNA,genomic DNA,1849,Brassica napus,279419-1,Brassicaceae,Brassica,napus,,False,Brassica napus,3708
MW900252.1,rrn18,genomic DNA,1848,Brassica oleracea,279435-1,Brassicaceae,Brassica,oleracea,,False,Brassica oleracea var. gongylodes,109379
ON758774.1,18S ribosomal RNA,genomic DNA,1848,Brassica oleracea,279435-1,Brassicaceae,Brassica,oleracea,,False,Brassica oleracea,3712
AP018041.1,rrn18,genomic DNA,1849,Brassica oxyrrhina,279440-1,Brassicaceae,Brassica,oxyrrhina,,False,Brassica oxyrrhina,180534
MT409179.1,18S ribosomal RNA,genomic DNA,1854,Brassica rapa,279485-1,Brassicaceae,Brassica,rapa,,False,Brassica rapa,3711
NC_049892.1,rrn18,genomic DNA,1854,Brassica rapa,279485-1,Brassicaceae,Brassica,rapa,,False,Brassica rapa,3711
MT819271.1,18S ribosomal RNA,genomic DNA,1809,Braya alpina,279595-1,Brassicaceae,Braya,alpina,,False,Braya alpina,253198
MT819273.1,18S ribosomal RNA,genomic DNA,1809,Braya fengii,60468197-2,Brassicaceae,Braya,fengii,,False,Braya fengii,2771259
MT819275.1,18S ribosomal RNA,genomic DNA,1809,Braya humilis,279621-1,Brassicaceae,Braya,humilis,,False,Braya humilis,98020
MT819274.1,18S ribosomal RNA,genomic DNA,1809,Braya humilis,279621-1,Brassicaceae,Braya,humilis,,False,Braya humilis,98020
MT819276.1,18S ribosomal RNA,genomic DNA,1809,Braya parvia,60468193-2,Brassicaceae,Braya,parvia,,False,Braya parvia,2259843
MT819281.1,18S ribosomal RNA,genomic DNA,1809,Braya rosea,279654-1,Brassicaceae,Braya,rosea,,False,Braya rosea,253202
MT819280.1,18S ribosomal RNA,genomic DNA,1809,Braya rosea,279654-1,Brassicaceae,Braya,rosea,,False,Braya rosea,253202
MT819278.1,18S ribosomal RNA,genomic DNA,1809,Braya scharnhorstii,279656-1,Brassicaceae,Braya,scharnhorstii,,False,Braya scharnhorstii,253200
MT819279.1,18S ribosomal RNA,genomic DNA,1809,Braya thomsonii,279662-1,Brassicaceae,Braya,thomsonii,,False,Braya thomsonii,2771260
PQ165104.1,rrn18,genomic DNA,1925,Camelina sativa,279870-1,Brassicaceae,Camelina,sativa,,True,Camelina sativa,90675
MN746809.2,rrn18,genomic DNA,1935,Capsella bursa-pastoris,30092589-2,Brassicaceae,Capsella,bursa-pastoris,,False,Capsella bursa-pastoris,3719
KT459181.1,18S ribosomal RNA,genomic DNA,1809,Capsella bursa-pastoris,30092589-2,Brassicaceae,Capsella,bursa-pastoris,,False,Capsella bursa-pastoris,3719
MT819282.1,18S ribosomal RNA,genomic DNA,1808,Catenulina hedysaroides,280838-1,Brassicaceae,Catenulina,hedysaroides,,False,Catenulina hedysaroides,663977
MT819283.1,18S ribosomal RNA,genomic DNA,1808,Catenulina hedysaroides,280838-1,Brassicaceae,Catenulina,hedysaroides,,False,Catenulina hedysaroides,663977
KT459184.1,18S ribosomal RNA,genomic DNA,1809,Chorispora tenella,281254-1,Brassicaceae,Chorispora,tenella,,False,Chorispora tenella,358662
MT819284.1,18S ribosomal RNA,genomic DNA,1808,Christolea crassifolia,281258-1,Brassicaceae,Christolea,crassifolia,,False,Christolea crassifolia,359831
BK063798.1,18S ribosomal RNA,genomic DNA,1935,Crucihimalaya lasiocarpa,1009833-1,Brassicaceae,Crucihimalaya,lasiocarpa,,False,Crucihimalaya lasiocarpa,97993
NC_085700.1,rrn18,genomic DNA,1935,Crucihimalaya lasiocarpa,1009833-1,Brassicaceae,Crucihimalaya,lasiocarpa,,False,Crucihimalaya lasiocarpa,97993
MT819285.1,18S ribosomal RNA,genomic DNA,1808,Cryptospora falcata,281884-1,Brassicaceae,Cryptospora,falcata,,True,Cryptospora falcata,368994
MT819286.1,18S ribosomal RNA,genomic DNA,1808,Cryptospora inconspicua,281887-1,Brassicaceae,Cryptospora,inconspicua,,False,Cryptospora inconspicua,2771261
MT819288.1,18S ribosomal RNA,genomic DNA,1809,Cymatocarpus grossheimii,281904-1,Brassicaceae,Cymatocarpus,grossheimii,,False,Cymatocarpus grossheimii,2771262
MT819287.1,18S ribosomal RNA,genomic DNA,1809,Cymatocarpus grossheimii,281904-1,Brassicaceae,Cymatocarpus,grossheimii,,False,Cymatocarpus grossheimii,2771262
MT819290.1,18S ribosomal RNA,genomic DNA,1809,Cymatocarpus heterophyllus,281906-1,Brassicaceae,Cymatocarpus,heterophyllus,,False,Cymatocarpus heterophyllus,2771263
MT819289.1,18S ribosomal RNA,genomic DNA,1809,Cymatocarpus heterophyllus,281906-1,Brassicaceae,Cymatocarpus,heterophyllus,,False,Cymatocarpus heterophyllus,2771263
MT819291.1,18S ribosomal RNA,genomic DNA,1808,Cymatocarpus pilosissimus,281907-1,Brassicaceae,Cymatocarpus,pilosissimus,,False,Cymatocarpus pilosissimus,763959
NC_085821.1,rrn18,genomic DNA,1936,Descurainia sophia,78248-2,Brassicaceae,Descurainia,sophia,,False,Descurainia sophia,89411
OQ916154.1,rrn18,genomic DNA,1936,Descurainia sophia,78248-2,Brassicaceae,Descurainia,sophia,,False,Descurainia sophia,89411
MT819293.1,18S ribosomal RNA,genomic DNA,1809,Dichasianthus subtilissimus,907911-1,Brassicaceae,Dichasianthus,subtilissimus,,False,Dichasianthus subtilissimus,97998
MT819292.1,18S ribosomal RNA,genomic DNA,1809,Dichasianthus subtilissimus,907911-1,Brassicaceae,Dichasianthus,subtilissimus,,False,Dichasianthus subtilissimus,97998
MT819294.1,18S ribosomal RNA,genomic DNA,1809,Dilophia salsa,282133-1,Brassicaceae,Dilophia,salsa,,False,Dilophia salsa,359838
KF442616.1,rrn18,genomic DNA,1823,Eruca sativa,1110374-2,Brassicaceae,Eruca,sativa,,False,Eruca vesicaria subsp. sativa,29727
XR_002900700.1,18S ribosomal RNA,rRNA,1807,Eutrema salsugineum,60440808-2,Brassicaceae,Eutrema,salsugineum,,False,Eutrema salsugineum,72664
XR_002900701.1,18S ribosomal RNA,rRNA,1806,Eutrema salsugineum,60440808-2,Brassicaceae,Eutrema,salsugineum,,False,Eutrema salsugineum,72664
PQ523384.1,18S ribosomal RNA,genomic DNA,1849,Hirschfeldia incana,285350-1,Brassicaceae,Hirschfeldia,incana,,False,Hirschfeldia incana,71354
PP916044.1,rrn18,genomic DNA,1851,Isatis tinctoria,285873-1,Brassicaceae,Isatis,tinctoria,,False,Isatis tinctoria,161756
MT819295.1,18S ribosomal RNA,genomic DNA,1808,Lachnoloma lehmannii,285968-1,Brassicaceae,Lachnoloma,lehmannii,,False,Lachnoloma lehmannii,763973
MT819296.1,18S ribosomal RNA,genomic DNA,1808,Leiospora eriocalyx,20001830-1,Brassicaceae,Leiospora,eriocalyx,,False,Leiospora eriocalyx,359857
MT819297.1,18S ribosomal RNA,genomic DNA,1807,Leiospora pamirica,285994-1,Brassicaceae,Leiospora,pamirica,,False,Leiospora pamirica,264431
PP556433.1,18S ribosomal RNA,genomic DNA,1935,Lepidium apetalum,286042-1,Brassicaceae,Lepidium,apetalum,,False,Lepidium apetalum,153459
NC_088489.1,rrn18,genomic DNA,1935,Lepidium apetalum,286042-1,Brassicaceae,Lepidium,apetalum,,False,Lepidium apetalum,153459
KT459193.1,18S ribosomal RNA,genomic DNA,1807,Lepidium densiflorum,286137-1,Brassicaceae,Lepidium,densiflorum,,False,Lepidium densiflorum,200329
AY544990.2,18S ribosomal RNA,genomic DNA,1789,Lepidium meyenii,286286-1,Brassicaceae,Lepidium,meyenii,,False,Lepidium meyenii,153348
NC_085699.1,rrn18,genomic DNA,1935,Lepidium sativum,138141-2,Brassicaceae,Lepidium,sativum,,True,Lepidium sativum,33125
BK063239.1,18S ribosomal RNA,genomic DNA,1935,Lepidium sativum,138141-2,Brassicaceae,Lepidium,sativum,,True,Lepidium sativum,33125
MT819298.1,18S ribosomal RNA,genomic DNA,1809,Lepidostemon rosularis,1018343-1,Brassicaceae,Lepidostemon,rosularis,,False,Lepidostemon rosularis,2259845
MT819300.1,18S ribosomal RNA,genomic DNA,1809,Leptaleum filifolium,286476-1,Brassicaceae,Leptaleum,filifolium,,False,Leptaleum filifolium,369009
OQ701529.1,rrn18,genomic DNA,1912,Meniocus linifolius,287025-1,Brassicaceae,Meniocus,linifolius,,False,Meniocus linifolius,457770
NC_085616.1,18S ribosomal RNA,genomic DNA,1912,Meniocus linifolius,287025-1,Brassicaceae,Meniocus,linifolius,,False,Meniocus linifolius,457770
MT819301.1,18S ribosomal RNA,genomic DNA,1809,Metashangrilaia forrestii,77160336-1,Brassicaceae,Metashangrilaia,forrestii,,False,Metashangrilaia forrestii,253199
NC_016120.1,rrn18,genomic DNA,1848,Mutarda carinata,77313886-1,Brassicaceae,Mutarda,carinata,,False,Brassica carinata,52824
JF920287.1,rrn18,genomic DNA,1848,Mutarda carinata,77313886-1,Brassicaceae,Mutarda,carinata,,False,Brassica carinata,52824
NC_029182.1,18S ribosomal RNA,genomic DNA,1857,Mutarda nigra,287192-1,Brassicaceae,Mutarda,nigra,,False,Brassica nigra,3710
KP030753.1,18S ribosomal RNA,genomic DNA,1857,Mutarda nigra,287192-1,Brassicaceae,Mutarda,nigra,,False,Brassica nigra,3710
MT819302.1,18S ribosomal RNA,genomic DNA,1809,Neotorularia rossica,943549-1,Brassicaceae,Neotorularia,rossica,,False,Neotorularia rossica,2771264
MT819303.1,18S ribosomal RNA,genomic DNA,1808,Octoceras lehmannianum,287828-1,Brassicaceae,Octoceras,lehmannianum,,False,Octoceras lehmannianum,664031
MT819304.1,18S ribosomal RNA,genomic DNA,1808,Octoceras lehmannianum,287828-1,Brassicaceae,Octoceras,lehmannianum,,False,Octoceras lehmannianum,664031
GQ502446.1,18S ribosomal RNA,genomic DNA,1740,Physaria fendleri,1188496-2,Brassicaceae,Physaria,fendleri,,False,Physaria fendleri,63442
GU080288.1,18S ribosomal RNA,genomic DNA,1444,Physaria fendleri,1188496-2,Brassicaceae,Physaria,fendleri,,False,Physaria fendleri,63442
KT459205.1,18S ribosomal RNA,genomic DNA,1810,Physaria ludoviciana,1151078-2,Brassicaceae,Physaria,ludoviciana,,False,Physaria ludoviciana,1789065
MT819305.1,18S ribosomal RNA,genomic DNA,1809,Pycnoplinthus uniflora,288324-1,Brassicaceae,Pycnoplinthus,uniflora,,False,Pycnoplinthus uniflorus,763984
KX709354.1,18S ribosomal RNA,genomic DNA,1807,Raphanus raphanistrum subsp. landra,60453406-2,Brassicaceae,Raphanus,raphanistrum,landra,False,Raphanus raphanistrum subsp. landra,328428
MN056359.2,rrn18,genomic DNA,1848,Raphanus raphanistrum subsp. sativus,77159305-1,Brassicaceae,Raphanus,raphanistrum,sativus,False,Raphanus sativus,3726
MN056360.2,rrn18,genomic DNA,1848,Raphanus raphanistrum subsp. sativus,77159305-1,Brassicaceae,Raphanus,raphanistrum,sativus,False,Raphanus sativus,3726
MT819306.1,18S ribosomal RNA,genomic DNA,1810,Rhammatophyllum erysimoides,20005396-1,Brassicaceae,Rhammatophyllum,erysimoides,,False,Rhammatophyllum erysimoides,359883
MT819307.1,18S ribosomal RNA,genomic DNA,1810,Rhammatophyllum erysimoides,20005396-1,Brassicaceae,Rhammatophyllum,erysimoides,,False,Rhammatophyllum erysimoides,359883
MT819308.1,18S ribosomal RNA,genomic DNA,1810,Rhammatophyllum gaudanense,20005397-1,Brassicaceae,Rhammatophyllum,gaudanense,,False,Rhammatophyllum gaudanense,369039
MT819309.1,18S ribosomal RNA,genomic DNA,1810,Rhammatophyllum pachyrhizum,288567-1,Brassicaceae,Rhammatophyllum,pachyrhizum,,False,Rhammatophyllum pachyrhizum,369042
MT819310.1,18S ribosomal RNA,genomic DNA,1809,Rhammatophyllum pachyrhizum,288567-1,Brassicaceae,Rhammatophyllum,pachyrhizum,,False,Rhammatophyllum pachyrhizum,369042
PP329011.1,18S ribosomal RNA,genomic DNA,1808,Rorippa globosa,288743-1,Brassicaceae,Rorippa,globosa,,False,Rorippa globosa,157090
PP780168.1,18S ribosomal RNA,genomic DNA,1847,Rorippa indica,222144-2,Brassicaceae,Rorippa,indica,,False,Rorippa indica,50499
PP329012.1,18S ribosomal RNA,genomic DNA,1808,Rorippa indica,222144-2,Brassicaceae,Rorippa,indica,,False,Rorippa indica,50499
PP329013.1,18S ribosomal RNA,genomic DNA,1808,Rorippa palustris,288669-1,Brassicaceae,Rorippa,palustris,,False,Rorippa palustris,50498
PP329014.1,18S ribosomal RNA,genomic DNA,1808,Rorippa sylvestris,288692-1,Brassicaceae,Rorippa,sylvestris,,False,Rorippa sylvestris,65952
MT819311.1,18S ribosomal RNA,genomic DNA,1809,Shangrilaia nana,60436440-2,Brassicaceae,Shangrilaia,nana,,False,Shangrilaia nana,359888
X17062.1,18S ribosomal RNA,genomic DNA,1804,Sinapis alba,288952-1,Brassicaceae,Sinapis,alba,,False,Sinapis alba,3728
X66325.1,18S rRNA,genomic DNA,1804,Sinapis alba,288952-1,Brassicaceae,Sinapis,alba,,False,Sinapis alba,3728
MT819312.1,18S ribosomal RNA,genomic DNA,1809,Sisymbriopsis mollipila,289121-1,Brassicaceae,Sisymbriopsis,mollipila,,False,Sisymbriopsis mollipila,253186
MT819313.1,18S ribosomal RNA,genomic DNA,1809,Sisymbriopsis pamirica,1009845-1,Brassicaceae,Sisymbriopsis,pamirica,,False,Sisymbriopsis pamirica,2259847
MT819314.1,18S ribosomal RNA,genomic DNA,1809,Sisymbriopsis schugnana,289122-1,Brassicaceae,Sisymbriopsis,schugnana,,False,Sisymbriopsis schugnana,2259848
MT819315.1,18S ribosomal RNA,genomic DNA,1809,Solms-laubachia angustifolia,77098714-1,Brassicaceae,Solms-laubachia,angustifolia,,False,Solms-laubachia angustifolia,2259849
MT819316.1,18S ribosomal RNA,genomic DNA,1809,Solms-laubachia baiogoinensis,77098715-1,Brassicaceae,Solms-laubachia,baiogoinensis,,False,Solms-laubachia baiogoinensis,375369
MT819317.1,18S ribosomal RNA,genomic DNA,1809,Solms-laubachia calcicola,77098716-1,Brassicaceae,Solms-laubachia,calcicola,,False,Solms-laubachia calcicola,2182743
MT819318.1,18S ribosomal RNA,genomic DNA,1809,Solms-laubachia eurycarpa,289920-1,Brassicaceae,Solms-laubachia,eurycarpa,,False,Solms-laubachia eurycarpa,369043
MT819319.1,18S ribosomal RNA,genomic DNA,1809,Solms-laubachia grandiflora,77098718-1,Brassicaceae,Solms-laubachia,grandiflora,,False,Solms-laubachia grandiflora,2771265
MT819320.1,18S ribosomal RNA,genomic DNA,1808,Solms-laubachia himalayensis,77098720-1,Brassicaceae,Solms-laubachia,himalayensis,,False,Solms-laubachia himalayensis,375370
MT819321.1,18S ribosomal RNA,genomic DNA,1809,Solms-laubachia jafrii,77098722-1,Brassicaceae,Solms-laubachia,jafrii,,False,Solms-laubachia jafrii,375374
MT819322.1,18S ribosomal RNA,genomic DNA,1809,Solms-laubachia kashgarica,77109912-1,Brassicaceae,Solms-laubachia,kashgarica,,False,Solms-laubachia kashgarica,744024
MT819323.1,18S ribosomal RNA,genomic DNA,1809,Solms-laubachia lanata,289921-1,Brassicaceae,Solms-laubachia,lanata,,False,Solms-laubachia lanata,375375
MT819325.1,18S ribosomal RNA,genomic DNA,1810,Solms-laubachia linearifolia,289915-1,Brassicaceae,Solms-laubachia,linearifolia,,False,Solms-laubachia linearifolia,375376
MT819324.1,18S ribosomal RNA,genomic DNA,1808,Solms-laubachia linearis,77098723-1,Brassicaceae,Solms-laubachia,linearis,,False,Solms-laubachia linearis,359836
MT819326.1,18S ribosomal RNA,genomic DNA,1809,Solms-laubachia mieheorum,77098724-1,Brassicaceae,Solms-laubachia,mieheorum,,False,Solms-laubachia mieheorum,2259850
MT819328.1,18S ribosomal RNA,genomic DNA,1809,Solms-laubachia minor,289922-1,Brassicaceae,Solms-laubachia,minor,,False,Solms-laubachia minor,375377
MT819327.1,18S ribosomal RNA,genomic DNA,1809,Solms-laubachia minor,289922-1,Brassicaceae,Solms-laubachia,minor,,False,Solms-laubachia minor,375377
MT819329.1,18S ribosomal RNA,genomic DNA,1809,Solms-laubachia platycarpa,289923-1,Brassicaceae,Solms-laubachia,platycarpa,,False,Solms-laubachia platycarpa,375378
MT819330.1,18S ribosomal RNA,genomic DNA,1809,Solms-laubachia prolifera,77098727-1,Brassicaceae,Solms-laubachia,prolifera,,False,Solms-laubachia prolifera,264434
MT819331.1,18S ribosomal RNA,genomic DNA,1809,Solms-laubachia pulcherrima,289916-1,Brassicaceae,Solms-laubachia,pulcherrima,,False,Solms-laubachia pulcherrima,375379
MT819332.1,18S ribosomal RNA,genomic DNA,1810,Solms-laubachia retropilosa,289924-1,Brassicaceae,Solms-laubachia,retropilosa,,False,Solms-laubachia retropilosa,369044
MT819333.1,18S ribosomal RNA,genomic DNA,1809,Solms-laubachia sunhangiana,77098729-1,Brassicaceae,Solms-laubachia,sunhangiana,,False,Solms-laubachia sunhangiana,491287
MT819334.1,18S ribosomal RNA,genomic DNA,1808,Solms-laubachia tianbaoshanensis,77192259-1,Brassicaceae,Solms-laubachia,tianbaoshanensis,,False,Solms-laubachia tianbaoshanensis,2571312
MT819335.1,18S ribosomal RNA,genomic DNA,1810,Solms-laubachia villosa,77109917-1,Brassicaceae,Solms-laubachia,villosa,,False,Solms-laubachia villosa,594556
MT819336.1,18S ribosomal RNA,genomic DNA,1809,Solms-laubachia xerophyta,289918-1,Brassicaceae,Solms-laubachia,xerophyta,,False,Solms-laubachia xerophyta,375382
MT819337.1,18S ribosomal RNA,genomic DNA,1809,Solms-laubachia zhongdianensis,77066073-1,Brassicaceae,Solms-laubachia,zhongdianensis,,False,Solms-laubachia zhongdianensis,359892
MT819339.1,18S ribosomal RNA,genomic DNA,1809,Spryginia gracilis,289987-1,Brassicaceae,Spryginia,gracilis,,False,Spryginia gracilis,2771266
MT819340.1,18S ribosomal RNA,genomic DNA,1809,Spryginia winkleri,289990-1,Brassicaceae,Spryginia,winkleri,,False,Spryginia winkleri,664068
MT819341.1,18S ribosomal RNA,genomic DNA,1808,Streptoloma desertorum,290198-1,Brassicaceae,Streptoloma,desertorum,,False,Streptoloma desertorum,537194
MT819342.1,18S ribosomal RNA,genomic DNA,1808,Strigosella africana,290200-1,Brassicaceae,Strigosella,africana,,False,Malcolmia africana,234454
MT819343.1,18S ribosomal RNA,genomic DNA,1808,Strigosella africana,290200-1,Brassicaceae,Strigosella,africana,,False,Malcolmia africana,234454
MT819344.1,18S ribosomal RNA,genomic DNA,1808,Strigosella latifolia,290209-1,Brassicaceae,Strigosella,latifolia,,False,Strigosella latifolia,2771267
MT819345.1,18S ribosomal RNA,genomic DNA,1808,Strigosella malacotricha,290212-1,Brassicaceae,Strigosella,malacotricha,,False,Strigosella malacotricha,2771268
MT819346.1,18S ribosomal RNA,genomic DNA,1808,Strigosella scorpioides,290214-1,Brassicaceae,Strigosella,scorpioides,,False,Strigosella scorpioides,2771269
MT819347.1,18S ribosomal RNA,genomic DNA,1808,Strigosella scorpioides,290214-1,Brassicaceae,Strigosella,scorpioides,,False,Strigosella scorpioides,2771269
MT819348.1,18S ribosomal RNA,genomic DNA,1808,Strigosella strigosa,290217-1,Brassicaceae,Strigosella,strigosa,,False,Strigosella strigosa,2771270
MT819349.1,18S ribosomal RNA,genomic DNA,1808,Tetracme quadricornis,290334-1,Brassicaceae,Tetracme,quadricornis,,False,Tetracme quadricornis,358676
OQ784933.1,rrn18,genomic DNA,1793,Tetracme quadricornis,290334-1,Brassicaceae,Tetracme,quadricornis,,False,Tetracme quadricornis,358676
MT819350.1,18S ribosomal RNA,genomic DNA,1808,Tetracme recurvata,290335-1,Brassicaceae,Tetracme,recurvata,,False,Tetracme recurvata,2764686
LC325489.1,18S ribosomal RNA,genomic DNA,1935,Turritis glabra,290916-1,Brassicaceae,Turritis,glabra,,False,Turritis glabra,63678
D29786.1,18S ribosomal RNA,genomic DNA,1732,Ananas comosus,12322-2,Bromeliaceae,Ananas,comosus,,False,Ananas comosus,4615
AY952407.1,18S ribosomal RNA,genomic DNA,1745,Billbergia pyramidalis,122179-1,Bromeliaceae,Billbergia,pyramidalis,,True,Billbergia pyramidalis,319737
KC788206.1,18S ribosomal RNA,genomic DNA,1808,Guzmania lingulata,115161-2,Bromeliaceae,Guzmania,lingulata,,False,Guzmania lingulata,133502
AF207001.1,18S ribosomal RNA,genomic DNA,1730,Puya raimondii,214666-2,Bromeliaceae,Puya,raimondii,,False,Puya raimondii,112807
FJ669718.1,18S ribosomal RNA,genomic DNA,1711,Brunellia acutangula,813631-1,Brunelliaceae,Brunellia,acutangula,,False,Brunellia acutangula,289663
AY929367.1,18S ribosomal RNA,genomic DNA,1769,Brunellia sp.,38171-1,Brunelliaceae,Brunellia,,,False,Brunellia sp. Skinner et al. 43,324810
U42508.1,18S ribosomal RNA,genomic DNA,1711,Berzelia lanuginosa,126328-1,Bruniaceae,Berzelia,lanuginosa,,False,Berzelia lanuginosa,28530
KY554858.1,18S ribosomal RNA,genomic DNA,1769,Afrothismia amietii,77075908-1,Burmanniaceae,Afrothismia,amietii,,False,Afrothismia amietii,1958864
EU420988.1,18S ribosomal RNA,genomic DNA,1773,Afrothismia foertheriana,77063378-1,Burmanniaceae,Afrothismia,foertheriana,,False,Afrothismia foertheriana,516734
FJ215766.1,18S ribosomal RNA,genomic DNA,1668,Afrothismia gabonensis,77093860-1,Burmanniaceae,Afrothismia,gabonensis,,False,Afrothismia gabonensis,593733
EU420990.1,18S ribosomal RNA,genomic DNA,1783,Afrothismia hydra,77065598-1,Burmanniaceae,Afrothismia,hydra,,False,Afrothismia hydra,396647
FJ215765.1,18S ribosomal RNA,genomic DNA,1670,Afrothismia hydra,77065598-1,Burmanniaceae,Afrothismia,hydra,,False,Afrothismia hydra,396647
EU420991.1,18S ribosomal RNA,genomic DNA,1693,Afrothismia korupensis,77071626-1,Burmanniaceae,Afrothismia,korupensis,,False,Afrothismia korupensis,516736
EU420992.1,18S ribosomal RNA,genomic DNA,1782,Afrothismia winkleri,126542-1,Burmanniaceae,Afrothismia,winkleri,,False,Afrothismia winkleri,516737
DQ786034.1,18S ribosomal RNA,genomic DNA,1751,Apteria aphylla,16755-2,Burmanniaceae,Apteria,aphylla,,False,Apteria aphylla,147071
DQ786035.1,18S ribosomal RNA,genomic DNA,1700,Apteria aphylla,16755-2,Burmanniaceae,Apteria,aphylla,,False,Apteria aphylla,147071
DQ786074.1,18S ribosomal RNA,genomic DNA,1741,Burmannia alba,126558-1,Burmanniaceae,Burmannia,alba,,False,Burmannia alba,396648
DQ786070.1,18S ribosomal RNA,genomic DNA,1740,Burmannia biflora,126570-1,Burmanniaceae,Burmannia,biflora,,False,Burmannia biflora,101608
DQ786065.1,18S ribosomal RNA,genomic DNA,1758,Burmannia capitata,126582-1,Burmanniaceae,Burmannia,capitata,,False,Burmannia capitata,147072
DQ786066.1,18S ribosomal RNA,genomic DNA,1731,Burmannia capitata,126582-1,Burmanniaceae,Burmannia,capitata,,False,Burmannia capitata,147072
DQ786071.1,18S ribosomal RNA,genomic DNA,1688,Burmannia damazii,38387-2,Burmanniaceae,Burmannia,damazii,,False,Burmannia damazii,396651
U59947.1,18S ribosomal RNA,genomic DNA,1771,Burmannia disticha,126599-1,Burmanniaceae,Burmannia,disticha,,False,Burmannia disticha,48532
DQ786077.1,18S ribosomal RNA,genomic DNA,1728,Burmannia flava,126601-1,Burmanniaceae,Burmannia,flava,,False,Burmannia flava,396653
DQ786076.1,18S ribosomal RNA,genomic DNA,1714,Burmannia flava,126601-1,Burmanniaceae,Burmannia,flava,,False,Burmannia flava,396653
EU420994.1,18S ribosomal RNA,genomic DNA,1725,Burmannia hexaptera,126612-1,Burmanniaceae,Burmannia,hexaptera,,False,Burmannia hexaptera,516738
DQ786078.1,18S ribosomal RNA,genomic DNA,1750,Burmannia itoana,126615-1,Burmanniaceae,Burmannia,itoana,,False,Burmannia itoana,396654
DQ786063.1,18S ribosomal RNA,genomic DNA,1736,Burmannia juncea,126618-1,Burmanniaceae,Burmannia,juncea,,False,Burmannia juncea,396655
DQ786062.1,18S ribosomal RNA,genomic DNA,1726,Burmannia latialata,126620-1,Burmanniaceae,Burmannia,latialata,,False,Burmannia latialata,396656
KY554859.1,18S ribosomal RNA,genomic DNA,1748,Burmannia longifolia,126626-1,Burmanniaceae,Burmannia,longifolia,,False,Burmannia longifolia,167574
AF309398.1,18S ribosomal RNA,genomic DNA,1521,Burmannia longifolia,126626-1,Burmanniaceae,Burmannia,longifolia,,False,Burmannia longifolia,167574
AF309401.1,18S ribosomal RNA,genomic DNA,1721,Burmannia lutescens,126628-1,Burmanniaceae,Burmannia,lutescens,,False,Burmannia lutescens,167578
EU420995.1,18S ribosomal RNA,genomic DNA,1746,Burmannia madagascariensis,126630-1,Burmanniaceae,Burmannia,madagascariensis,,False,Burmannia madagascariensis,142854
AF309399.1,18S ribosomal RNA,genomic DNA,1736,Burmannia madagascariensis,126630-1,Burmanniaceae,Burmannia,madagascariensis,,False,Burmannia madagascariensis,142854
EU816703.1,18S ribosomal RNA,genomic DNA,1758,Burmannia nepalensis,126635-1,Burmanniaceae,Burmannia,nepalensis,,False,Burmannia nepalensis,548677
GQ469513.1,18S ribosomal RNA,genomic DNA,1749,Burmannia oblonga,126637-1,Burmanniaceae,Burmannia,oblonga,,False,Burmannia oblonga,396658
DQ786064.1,18S ribosomal RNA,genomic DNA,1702,Burmannia oblonga,126637-1,Burmanniaceae,Burmannia,oblonga,,False,Burmannia oblonga,396658
KM103393.1,18S ribosomal RNA,genomic DNA,1743,Burmannia sp.,5066-1,Burmanniaceae,Burmannia,,,False,Burmannia sp. KH-2014,1552342
EU816702.1,18S ribosomal RNA,genomic DNA,1740,Burmannia sp.,5066-1,Burmanniaceae,Burmannia,,,False,Burmannia sp. Dessein 1021,408203
DQ786068.1,18S ribosomal RNA,genomic DNA,1719,Burmannia stuebelii,38396-2,Burmanniaceae,Burmannia,stuebelii,,False,Burmannia stuebelii,396660
DQ786067.1,18S ribosomal RNA,genomic DNA,1706,Burmannia stuebelii,38396-2,Burmanniaceae,Burmannia,stuebelii,,False,Burmannia stuebelii,396660
DQ786069.1,18S ribosomal RNA,genomic DNA,1666,Burmannia wallichii,126664-1,Burmanniaceae,Burmannia,wallichii,,False,Burmannia wallichii,396661
DQ786061.1,18S ribosomal RNA,genomic DNA,1744,Campylosiphon congestus,77108196-1,Burmanniaceae,Campylosiphon,congestus,,False,Campylosiphon congestus,396650
EU420993.1,18S ribosomal RNA,genomic DNA,1678,Campylosiphon congestus,77108196-1,Burmanniaceae,Campylosiphon,congestus,,False,Campylosiphon congestus,396650
KY554860.1,18S ribosomal RNA,genomic DNA,1580,Campylosiphon purpurascens,126667-1,Burmanniaceae,Campylosiphon,purpurascens,,False,Campylosiphon purpurascens,516740
AF309402.1,18S ribosomal RNA,genomic DNA,1767,Gymnosiphon aphyllus,126704-1,Burmanniaceae,Gymnosiphon,aphyllus,,False,Gymnosiphon aphyllus,147074
EU420998.1,18S ribosomal RNA,genomic DNA,1718,Gymnosiphon bekensis,126706-1,Burmanniaceae,Gymnosiphon,bekensis,,False,Gymnosiphon bekensis,516741
DQ786037.1,18S ribosomal RNA,genomic DNA,1750,Gymnosiphon breviflorus,115820-2,Burmanniaceae,Gymnosiphon,breviflorus,,False,Gymnosiphon breviflorus,396664
DQ786041.1,18S ribosomal RNA,genomic DNA,1740,Gymnosiphon breviflorus,115820-2,Burmanniaceae,Gymnosiphon,breviflorus,,False,Gymnosiphon breviflorus,396664
DQ786054.1,18S ribosomal RNA,genomic DNA,1757,Gymnosiphon capitatus,115821-2,Burmanniaceae,Gymnosiphon,capitatus,,False,Gymnosiphon capitatus,396665
DQ786044.1,18S ribosomal RNA,genomic DNA,1753,Gymnosiphon divaricatus,126714-1,Burmanniaceae,Gymnosiphon,divaricatus,,False,Gymnosiphon divaricatus,396666
DQ786042.1,18S ribosomal RNA,genomic DNA,1695,Gymnosiphon divaricatus,126714-1,Burmanniaceae,Gymnosiphon,divaricatus,,False,Gymnosiphon divaricatus,396666
DQ786051.1,18S ribosomal RNA,genomic DNA,1771,Gymnosiphon longistylus,126721-1,Burmanniaceae,Gymnosiphon,longistylus,,False,Gymnosiphon longistylus,396667
DQ786049.1,18S ribosomal RNA,genomic DNA,1754,Gymnosiphon minutus,115828-2,Burmanniaceae,Gymnosiphon,minutus,,False,Gymnosiphon minutus,396668
DQ786055.1,18S ribosomal RNA,genomic DNA,1689,Gymnosiphon panamensis,126731-1,Burmanniaceae,Gymnosiphon,panamensis,,False,Gymnosiphon panamensis,396669
DQ786050.1,18S ribosomal RNA,genomic DNA,1737,Gymnosiphon recurvatus,115835-2,Burmanniaceae,Gymnosiphon,recurvatus,,False,Gymnosiphon recurvatus,396670
DQ786038.1,18S ribosomal RNA,genomic DNA,1725,Gymnosiphon refractus,126738-1,Burmanniaceae,Gymnosiphon,refractus,,False,Cymbocarpa refracta,101694
DQ786039.1,18S ribosomal RNA,genomic DNA,1640,Gymnosiphon saccatum,77182640-1,Burmanniaceae,Gymnosiphon,saccatum,,False,Cymbocarpa saccata,396662
U59942.1,18S ribosomal RNA,genomic DNA,1762,Gymnosiphon suaveolens,115837-2,Burmanniaceae,Gymnosiphon,suaveolens,,False,Gymnosiphon suaveolens,48530
DQ786082.1,18S ribosomal RNA,genomic DNA,1734,Haplothismia exannulata,126747-1,Burmanniaceae,Haplothismia,exannulata,,False,Haplothismia exannulata,396673
DQ786058.1,18S ribosomal RNA,genomic DNA,1761,Hexapterella gentianoides,121845-2,Burmanniaceae,Hexapterella,gentianoides,,False,Hexapterella gentianoides,396675
AF309404.1,18S ribosomal RNA,genomic DNA,1736,Thismia aseroe,126807-1,Burmanniaceae,Thismia,aseroe,,False,Thismia aseroe,167627
KF692533.1,18S ribosomal RNA,genomic DNA,1751,Thismia clavarioides,20007243-1,Burmanniaceae,Thismia,clavarioides,,False,Thismia clavarioides,1436802
AF309405.1,18S ribosomal RNA,genomic DNA,1764,Thismia clavigera,126816-1,Burmanniaceae,Thismia,clavigera,,False,Geomitra clavigera,167577
KY554862.1,18S ribosomal RNA,genomic DNA,1760,Thismia hillii,77335521-1,Burmanniaceae,Thismia,hillii,,False,Thismia hillii,1961076
KY554861.1,18S ribosomal RNA,genomic DNA,1760,Thismia hillii,77335521-1,Burmanniaceae,Thismia,hillii,,False,Thismia hillii,1961076
KF692534.1,18S ribosomal RNA,genomic DNA,1668,Thismia huangii,77113149-1,Burmanniaceae,Thismia,huangii,,False,Thismia huangii,1436803
KJ885661.1,18S ribosomal RNA,genomic DNA,1767,Thismia megalongensis,77154380-1,Burmanniaceae,Thismia,megalongensis,,False,Thismia megalongensis,1539158
KF692536.1,18S ribosomal RNA,genomic DNA,1766,Thismia rodwayi,126835-1,Burmanniaceae,Thismia,rodwayi,,False,Thismia rodwayi,147078
KY554864.1,18S ribosomal RNA,genomic DNA,1766,Thismia rodwayi,126835-1,Burmanniaceae,Thismia,rodwayi,,False,Thismia rodwayi,147078
KY554863.1,18S ribosomal RNA,genomic DNA,1766,Thismia sp.,30015452-2,Burmanniaceae,Thismia,,,False,Thismia sp. VSFTM-2017,1961077
DQ786080.1,18S ribosomal RNA,genomic DNA,1705,Thismia taiwanensis,20007843-1,Burmanniaceae,Thismia,taiwanensis,,False,Thismia taiwanensis,396678
FJ215764.1,18S ribosomal RNA,genomic DNA,1669,Tiputinia foetida,77077134-1,Burmanniaceae,Tiputinia,foetida,,False,Tiputinia foetida,593732
AF206877.1,18S ribosomal RNA,genomic DNA,1741,Bursera inaguensis,38614-2,Burseraceae,Bursera,inaguensis,,False,Bursera inaguensis,4016
KM103394.1,18S ribosomal RNA,genomic DNA,1792,Butomus sp.,1076-1,Butomaceae,Butomus,,,False,Butomus sp. KH-2014,1552343
L54065.1,18S ribosomal RNA,genomic DNA,1712,Buxus sempervirens,340317-1,Buxaceae,Buxus,sempervirens,,False,Buxus sempervirens,4002
AF094541.1,18S ribosomal RNA,genomic DNA,1694,Didymeles perrieri,316443-1,Buxaceae,Didymeles,perrieri,,False,Didymeles perrieri,84142
AF094533.1,18S ribosomal RNA,genomic DNA,1689,Pachysandra procumbens,353207-1,Buxaceae,Pachysandra,procumbens,,False,Pachysandra procumbens,83909
AF197583.1,18S ribosomal RNA,genomic DNA,1741,Sarcococca confusa,128718-1,Buxaceae,Sarcococca,confusa,,False,Sarcococca confusa,108423
U42509.1,18S ribosomal RNA,genomic DNA,1733,Byblis gigantea,321759-1,Byblidaceae,Byblis,gigantea,,False,Byblis gigantea,45326
HQ384686.1,18S ribosomal RNA,genomic DNA,1750,Byblis liniflora,321761-1,Byblidaceae,Byblis,liniflora,,False,Byblis liniflora,3770
AF096693.1,18S ribosomal RNA,genomic DNA,1722,Brasenia schreberi,605270-1,Cabombaceae,Brasenia,schreberi,,False,Brasenia schreberi,4424
AF206874.1,18S ribosomal RNA,genomic DNA,1722,Brasenia schreberi,605270-1,Cabombaceae,Brasenia,schreberi,,False,Brasenia schreberi,4424
AF206878.1,18S ribosomal RNA,genomic DNA,1731,Cabomba caroliniana,273581-2,Cabombaceae,Cabomba,caroliniana,,False,Cabomba caroliniana,4426
AF096691.1,18S ribosomal RNA,genomic DNA,1731,Cabomba caroliniana,273581-2,Cabombaceae,Cabomba,caroliniana,,False,Cabomba caroliniana,4426
HQ843432.1,18S ribosomal RNA,genomic DNA,1500,Opuntia microdasys,136806-1,Cactaceae,Opuntia,microdasys,,False,Opuntia microdasys,169217
JQ795955.1,18S ribosomal RNA,genomic DNA,1781,Opuntia sp.,30002080-2,Cactaceae,Opuntia,,,False,Opuntia sp. MCCPL-2012,1198106
JQ795943.1,18S ribosomal RNA,genomic DNA,1752,Opuntia sp.,30002080-2,Cactaceae,Opuntia,,,False,Opuntia sp. MCCPL-2012,1198106
AF206986.1,18S ribosomal RNA,genomic DNA,1739,Pereskia aculeata,137452-1,Cactaceae,Pereskia,aculeata,,False,Pereskia aculeata,3597
MK160494.1,18S ribosomal RNA,genomic DNA,1672,Selenicereus undatus,77163184-1,Cactaceae,Selenicereus,undatus,,False,Selenicereus undatus,176265
GQ497569.1,18S ribosomal RNA,genomic DNA,1797,Calceolaria integrifolia,41427-2,Calceolariaceae,Calceolaria,integrifolia,,True,Calceolaria integrifolia,240950
AY674580.1,18S ribosomal RNA,genomic DNA,1677,Calophyllum soulattri,136326-3,Calophyllaceae,Calophyllum,soulattri,,False,Calophyllum soulattri,257776
FJ669688.1,18S ribosomal RNA,genomic DNA,1699,Endodesmia calophylloides,433112-1,Calophyllaceae,Endodesmia,calophylloides,,False,Endodesmia calophylloides,279256
FJ669689.1,18S ribosomal RNA,genomic DNA,1693,Mammea siamensis,428781-1,Calophyllaceae,Mammea,siamensis,,False,Mammea siamensis,231913
AF206962.1,18S ribosomal RNA,genomic DNA,1740,Mesua sp.,19370-1,Calophyllaceae,Mesua,,,False,Mesua sp. Chase 677,120070
DQ490923.1,18S ribosomal RNA,genomic DNA,1554,Calycanthus chinensis,77067552-1,Calycanthaceae,Calycanthus,chinensis,,False,Calycanthus chinensis,3431
U38318.1,18S ribosomal RNA,genomic DNA,1757,Calycanthus floridus,42922-2,Calycanthaceae,Calycanthus,floridus,,False,Calycanthus floridus,3429
DQ490914.1,18S ribosomal RNA,genomic DNA,1552,Calycanthus floridus,42922-2,Calycanthaceae,Calycanthus,floridus,,False,Calycanthus floridus,3429
DQ490922.1,18S ribosomal RNA,genomic DNA,1552,Calycanthus occidentalis,139230-1,Calycanthaceae,Calycanthus,occidentalis,,False,Calycanthus occidentalis,3430
EF175622.1,18S ribosomal RNA,genomic DNA,1485,Chimonanthus campanulatus,139241-1,Calycanthaceae,Chimonanthus,campanulatus,,False,Chimonanthus campanulatus,300216
DQ490915.1,18S ribosomal RNA,genomic DNA,1552,Chimonanthus grammatus,903871-1,Calycanthaceae,Chimonanthus,grammatus,,False,Chimonanthus grammatus,300217
DQ490917.1,18S ribosomal RNA,genomic DNA,1553,Chimonanthus nitens,139245-1,Calycanthaceae,Chimonanthus,nitens,,False,Chimonanthus nitens,300218
AF503352.1,18S ribosomal RNA,genomic DNA,1715,Chimonanthus praecox,139248-1,Calycanthaceae,Chimonanthus,praecox,,False,Chimonanthus praecox,13419
DQ490918.1,18S ribosomal RNA,genomic DNA,1554,Chimonanthus praecox,139248-1,Calycanthaceae,Chimonanthus,praecox,,False,Chimonanthus praecox,13419
DQ490919.1,18S ribosomal RNA,genomic DNA,1552,Chimonanthus salicifolius,139249-1,Calycanthaceae,Chimonanthus,salicifolius,,False,Chimonanthus salicifolius,2855397
DQ490920.1,18S ribosomal RNA,genomic DNA,1552,Chimonanthus zhejiangensis,903872-1,Calycanthaceae,Chimonanthus,zhejiangensis,,False,Chimonanthus zhejiangensis,262280
AF206937.1,18S ribosomal RNA,genomic DNA,1739,Idiospermum australiense,434684-1,Calycanthaceae,Idiospermum,australiense,,False,Idiospermum australiense,13573
AF107583.1,18S ribosomal RNA,genomic DNA,1739,Gamocarpha graminea,77214773-1,Calyceraceae,Gamocarpha,graminea,,False,Boopis graminea,86860
U42510.1,18S ribosomal RNA,genomic DNA,1713,Campanula pallida,140779-1,Campanulaceae,Campanula,pallida,,False,Campanula ramulosa,45327
KT179691.1,18S ribosomal RNA,genomic DNA,1809,Campanula rotundifolia,30036649-2,Campanulaceae,Campanula,rotundifolia,,False,Campanula rotundifolia,239422
AF107584.1,18S ribosomal RNA,genomic DNA,1749,Codonopsis pilosula,141829-1,Campanulaceae,Codonopsis,pilosula,,False,Codonopsis pilosula,86864
GU246728.1,18S ribosomal RNA,genomic DNA,1728,Codonopsis pilosula subsp. tangshen,77112229-1,Campanulaceae,Codonopsis,pilosula,tangshen,False,Codonopsis pilosula subsp. tangshen,94284
GU246727.1,18S ribosomal RNA,genomic DNA,1716,Codonopsis pilosula subsp. tangshen,77112229-1,Campanulaceae,Codonopsis,pilosula,tangshen,False,Codonopsis pilosula subsp. tangshen,94284
U42785.1,18S ribosomal RNA,genomic DNA,1713,Lobelia erinus,143240-1,Campanulaceae,Lobelia,erinus,,False,Lobelia erinus,16430
GQ497570.1,18S ribosomal RNA,genomic DNA,1798,Campynema lineare,63568-1,Campynemataceae,Campynema,lineare,,False,Campynema lineare,59062
KP420430.1,18S ribosomal RNA,genomic DNA,1693,Campynema lineare,63568-1,Campynemataceae,Campynema,lineare,,False,Campynema lineare,59062
AF206879.1,18S ribosomal RNA,genomic DNA,1719,Canella winterana,146013-1,Canellaceae,Canella,winterana,,False,Canella winterana,3426
AF206887.1,18S ribosomal RNA,genomic DNA,1793,Cinnamodendron ekmanii,58787-2,Canellaceae,Cinnamodendron,ekmanii,,False,Cinnamodendron ekmanii,85183
AY572311.1,18S ribosomal RNA,genomic DNA,1708,Cinnamosma madagascariensis,146029-1,Canellaceae,Cinnamosma,madagascariensis,,False,Cinnamosma madagascariensis,132965
XR_004008744.2,18S ribosomal RNA,rRNA,1807,Cannabis sativa,306087-2,Cannabaceae,Cannabis,sativa,,False,Cannabis sativa,3483
KT459180.1,18S ribosomal RNA,genomic DNA,1807,Cannabis sativa,306087-2,Cannabaceae,Cannabis,sativa,,False,Cannabis sativa,3483
KC539549.1,18S ribosomal RNA,genomic DNA,1635,Celtis laevigata,836997-1,Cannabaceae,Celtis,laevigata,,True,Celtis laevigata,102692
GU476393.1,18S ribosomal RNA,genomic DNA,1599,Celtis latifolia,851096-1,Cannabaceae,Celtis,latifolia,,False,Celtis latifolia,384951
KC539546.1,18S ribosomal RNA,genomic DNA,1635,Celtis occidentalis,301424-2,Cannabaceae,Celtis,occidentalis,,False,Celtis occidentalis,228587
GU476394.1,18S ribosomal RNA,genomic DNA,1599,Celtis occidentalis,301424-2,Cannabaceae,Celtis,occidentalis,,False,Celtis occidentalis,228587
AY263899.1,18S ribosomal RNA,genomic DNA,1526,Celtis philippensis,56400-3,Cannabaceae,Celtis,philippensis,,False,Celtis philippensis,213552
U42818.1,18S ribosomal RNA,genomic DNA,1737,Celtis tetrandra,851188-1,Cannabaceae,Celtis,tetrandra,,False,Celtis yunnanensis,13409
JF317361.1,18S ribosomal RNA,genomic DNA,1724,Celtis tetrandra,851188-1,Cannabaceae,Celtis,tetrandra,,False,Celtis tetrandra,1037060
KC539550.1,18S ribosomal RNA,genomic DNA,1635,Chaetachme aristata,851209-1,Cannabaceae,Chaetachme,aristata,,False,Chaetachme aristata,63056
XR_009879970.1,18S ribosomal RNA,rRNA,1826,Humulus lupulus,303502-2,Cannabaceae,Humulus,lupulus,,False,Humulus lupulus,3486
XR_009882894.1,18S ribosomal RNA,rRNA,1822,Humulus lupulus,303502-2,Cannabaceae,Humulus,lupulus,,False,Humulus lupulus,3486
KF137767.1,18S ribosomal RNA,genomic DNA,1721,Humulus scandens,584308-1,Cannabaceae,Humulus,scandens,,False,Humulus scandens,228586
KC539547.1,18S ribosomal RNA,genomic DNA,1635,Humulus scandens,584308-1,Cannabaceae,Humulus,scandens,,False,Humulus japonicus,3485
JF317376.1,18S ribosomal RNA,genomic DNA,1701,Trema angustifolium,856729-1,Cannabaceae,Trema,angustifolium,,False,Trema angustifolium,1037064
AF207044.1,18S ribosomal RNA,genomic DNA,1740,Trema micranthum,1018059-2,Cannabaceae,Trema,micranthum,,False,Trema micranthum,28954
GU476395.1,18S ribosomal RNA,genomic DNA,1599,Trema orientale,856758-1,Cannabaceae,Trema,orientale,,False,Trema orientale,63057
D29785.1,18S ribosomal RNA,genomic DNA,1731,Canna indica,319130-2,Cannaceae,Canna,indica,,False,Canna indica,4628
EU090942.1,18S ribosomal RNA,genomic DNA,1711,Capparis spinosa,146789-1,Capparaceae,Capparis,spinosa,,False,Capparis spinosa,65558
GQ983566.1,18S ribosomal RNA,genomic DNA,1725,Diervilla sessilifolia,148488-1,Caprifoliaceae,Diervilla,sessilifolia,,False,Diervilla sessilifolia,79608
GQ983567.1,18S ribosomal RNA,genomic DNA,1725,Dipelta yunnanensis,148499-1,Caprifoliaceae,Dipelta,yunnanensis,,False,Dipelta yunnanensis,180069
GU166826.1,18S ribosomal RNA,genomic DNA,1770,Dipsacus asper,60453523-2,Caprifoliaceae,Dipsacus,asper,,False,Dipsacus asperoides,180066
GU166824.1,18S ribosomal RNA,genomic DNA,1767,Dipsacus asper,60453523-2,Caprifoliaceae,Dipsacus,asper,,False,Dipsacus asperoides,180066
U43150.1,18S ribosomal RNA,genomic DNA,1728,Dipsacus sp.,14309-1,Caprifoliaceae,Dipsacus,,,False,Dipsacus sp. Jansen 931,44760
U66701.1,18S ribosomal RNA,genomic DNA,1809,Lonicera maackii,60463205-2,Caprifoliaceae,Lonicera,maackii,,False,Lonicera maackii,51255
GQ983569.1,18S ribosomal RNA,genomic DNA,1725,Morina longifolia,319570-1,Caprifoliaceae,Morina,longifolia,,False,Morina longifolia,180562
GQ983572.1,18S ribosomal RNA,genomic DNA,1725,Patrinia triloba,859473-1,Caprifoliaceae,Patrinia,triloba,,False,Patrinia triloba,105272
MT735330.1,18S ribosomal RNA,genomic DNA,1808,Scabiosa canescens,319769-1,Caprifoliaceae,Scabiosa,canescens,,True,Scabiosa canescens,1161148
AJ236006.1,18S ribosomal RNA,genomic DNA,1769,Scabiosa sp.,14326-1,Caprifoliaceae,Scabiosa,,,False,Scabiosa sp. Albach 39,87008
U42513.1,18S ribosomal RNA,genomic DNA,1723,Symphoricarpos albus,149485-1,Caprifoliaceae,Symphoricarpos,albus,,False,Symphoricarpos albus,13702
KT179690.1,18S ribosomal RNA,genomic DNA,1809,Symphoricarpos occidentalis,149463-1,Caprifoliaceae,Symphoricarpos,occidentalis,,False,Symphoricarpos occidentalis,318448
GQ983577.1,18S ribosomal RNA,genomic DNA,1725,Triplostegia glandulifera,320460-1,Caprifoliaceae,Triplostegia,glandulifera,,False,Triplostegia glandulifera,59180
AJ236003.1,18S ribosomal RNA,genomic DNA,1766,Valeriana officinalis,860012-1,Caprifoliaceae,Valeriana,officinalis,,False,Valeriana officinalis,19953
AJ236004.1,18S ribosomal RNA,genomic DNA,1767,Zabelia triflora,150126-1,Caprifoliaceae,Zabelia,triflora,,False,Zabelia triflora,86867
GQ983562.1,18S ribosomal RNA,genomic DNA,1724,Cardiopteris sp.,153773-3,Cardiopteridaceae,Cardiopteris,,,False,Cardiopteris sp. van der Werff et al. 17270,880041
AF206919.1,18S ribosomal RNA,genomic DNA,1736,Gonocaryum litorale,434341-1,Cardiopteridaceae,Gonocaryum,litorale,,False,Gonocaryum litorale,85209
U42514.1,18S ribosomal RNA,genomic DNA,1724,Carica papaya,30011248-2,Caricaceae,Carica,papaya,,False,Carica papaya,3649
FJ669686.1,18S ribosomal RNA,genomic DNA,1712,Anthodiscus amazonicus,15001-2,Caryocaraceae,Anthodiscus,amazonicus,,False,Anthodiscus amazonicus,544650
AF206881.1,18S ribosomal RNA,genomic DNA,1742,Caryocar glabrum,828599-1,Caryocaraceae,Caryocar,glabrum,,False,Caryocar glabrum,72385
KT179718.1,18S ribosomal RNA,genomic DNA,1810,Silene antirrhina,156818-1,Caryophyllaceae,Silene,antirrhina,,False,Silene antirrhina,54821
NC_014487.1,18S ribosomal RNA,genomic DNA,2131,Silene latifolia,157647-1,Caryophyllaceae,Silene,latifolia,,True,Silene latifolia,37657
HM562727.1,18S ribosomal RNA,genomic DNA,2131,Silene latifolia,157647-1,Caryophyllaceae,Silene,latifolia,,True,Silene latifolia,37657
MT735331.1,18S ribosomal RNA,genomic DNA,1807,Silene nutans,157927-1,Caryophyllaceae,Silene,nutans,,False,Silene nutans,42038
HM562728.1,rrn18,genomic DNA,2103,Silene vulgaris,158668-1,Caryophyllaceae,Silene,vulgaris,,False,Silene vulgaris,42043
JQ771300.1,18S ribosomal RNA,genomic DNA,2087,Silene vulgaris,158668-1,Caryophyllaceae,Silene,vulgaris,,False,Silene vulgaris,42043
AF207027.1,18S ribosomal RNA,genomic DNA,1733,Stellaria media,159330-1,Caryophyllaceae,Stellaria,media,,True,Stellaria media,13274
U42515.1,18S ribosomal RNA,genomic DNA,1714,Casuarina equisetifolia,159856-1,Casuarinaceae,Casuarina,equisetifolia,,False,Casuarina equisetifolia,3523
U42543.1,18S ribosomal RNA,genomic DNA,1741,Brexia madagascariensis,790429-1,Celastraceae,Brexia,madagascariensis,,False,Brexia madagascariensis,39394
AY929342.1,18S ribosomal RNA,genomic DNA,1781,Canotia holacantha,771773-1,Celastraceae,Canotia,holacantha,,False,Canotia holacantha,147189
AY788162.1,18S ribosomal RNA,genomic DNA,1687,Celastrus orbiculatus,927512-1,Celastraceae,Celastrus,orbiculatus,,False,Celastrus orbiculatus,85181
AY674581.1,18S ribosomal RNA,genomic DNA,1670,Celastrus scandens,319139-2,Celastraceae,Celastrus,scandens,,False,Celastrus scandens,123407
AY674591.1,18S ribosomal RNA,genomic DNA,1681,Denhamia celastroides,913927-1,Celastraceae,Denhamia,celastroides,,False,Denhamia celastroides,123412
AY929343.1,18S ribosomal RNA,genomic DNA,1779,Dicarpellum pancheri,430976-1,Celastraceae,Dicarpellum,pancheri,,False,Dicarpellum pancheri,123391
AY674593.1,18S ribosomal RNA,genomic DNA,1672,Elaeodendron orientale,160712-1,Celastraceae,Elaeodendron,orientale,,False,Elaeodendron orientale,123415
AY929344.1,18S ribosomal RNA,genomic DNA,1786,Empleuridium juniperinum,772658-1,Celastraceae,Empleuridium,juniperinum,,False,Empleuridium juniperinum,324789
AY788164.1,18S ribosomal RNA,genomic DNA,1656,Euonymus alatus,30148396-2,Celastraceae,Euonymus,alatus,,True,Euonymus alatus,4307
AY674596.1,18S ribosomal RNA,genomic DNA,1656,Euonymus alatus,30148396-2,Celastraceae,Euonymus,alatus,,True,Euonymus alatus,4307
AB233630.1,18S ribosomal RNA,genomic DNA,1736,Euonymus hamiltonianus,160922-1,Celastraceae,Euonymus,hamiltonianus,,False,Euonymus hamiltonianus var. sieboldianus,344450
AY674616.1,18S ribosomal RNA,genomic DNA,1682,Gymnosporia arbutifolia,161290-1,Celastraceae,Gymnosporia,arbutifolia,,False,Gymnosporia arbutifolia,228003
AY788165.1,18S ribosomal RNA,genomic DNA,1678,Gymnosporia senegalensis,161441-1,Celastraceae,Gymnosporia,senegalensis,,False,Gymnosporia senegalensis,256095
AY929347.1,18S ribosomal RNA,genomic DNA,1785,Lepuropetalon spathulatum,791803-1,Celastraceae,Lepuropetalon,spathulatum,,False,Lepuropetalon spathulatum,23255
L28141.1,18S ribosomal RNA,genomic DNA,1722,Lepuropetalon spathulatum,791803-1,Celastraceae,Lepuropetalon,spathulatum,,False,Lepuropetalon spathulatum,23255
AF206928.1,18S ribosomal RNA,genomic DNA,1739,Loeseneriella barbata,431095-1,Celastraceae,Loeseneriella,barbata,,False,Loeseneriella barbata,85211
AY929348.1,18S ribosomal RNA,genomic DNA,1778,Mortonia greggii,162242-1,Celastraceae,Mortonia,greggii,,False,Mortonia greggii,123436
PX171456.1,18S ribosomal RNA,genomic DNA,1925,Parnassia faberi,792083-1,Celastraceae,Parnassia,faberi,,False,Parnassia faberi,324804
AY929349.1,18S ribosomal RNA,genomic DNA,1772,Parnassia faberi,792083-1,Celastraceae,Parnassia,faberi,,False,Parnassia faberi,324804
U42809.1,18S ribosomal RNA,genomic DNA,1744,Parnassia fimbriata,792086-1,Celastraceae,Parnassia,fimbriata,,False,Parnassia fimbriata,3797
AY929350.1,18S ribosomal RNA,genomic DNA,1771,Parnassia glauca,792089-1,Celastraceae,Parnassia,glauca,,False,Parnassia glauca,324805
AY929351.1,18S ribosomal RNA,genomic DNA,1771,Parnassia laxmannii,792097-1,Celastraceae,Parnassia,laxmannii,,False,Parnassia laxmannii,324806
AY929353.1,18S ribosomal RNA,genomic DNA,1788,Parnassia palustris,792120-1,Celastraceae,Parnassia,palustris,,False,Parnassia palustris,38862
AY929352.1,18S ribosomal RNA,genomic DNA,1787,Parnassia palustris,792120-1,Celastraceae,Parnassia,palustris,,False,Parnassia palustris,38862
PX168804.1,18S ribosomal RNA,genomic DNA,1936,Parnassia rhombipetala,77222102-1,Celastraceae,Parnassia,rhombipetala,,False,Parnassia rhombipetala,3456620
AY929354.1,18S ribosomal RNA,genomic DNA,1775,Parnassia tenella,792137-1,Celastraceae,Parnassia,tenella,,False,Parnassia tenella,324807
AY929355.1,18S ribosomal RNA,genomic DNA,1773,Parnassia trinervis,792140-1,Celastraceae,Parnassia,trinervis,,False,Parnassia trinervis,324808
AY674623.1,18S ribosomal RNA,genomic DNA,1675,Paxistima canbyi,60458019-2,Celastraceae,Paxistima,canbyi,,False,Paxistima canbyi,123440
AY929356.1,18S ribosomal RNA,genomic DNA,1757,Peripterygia marginata,162327-1,Celastraceae,Peripterygia,marginata,,False,Peripterygia marginata,123443
AF206993.1,18S ribosomal RNA,genomic DNA,1790,Plagiopteron suaveolens,835027-1,Celastraceae,Plagiopteron,suaveolens,,False,Plagiopteron suaveolens,85242
AF207021.1,18S ribosomal RNA,genomic DNA,1745,Siphonodon celastrineus,162797-1,Celastraceae,Siphonodon,celastrineus,,False,Siphonodon celastrineus,112808
AF207026.1,18S ribosomal RNA,genomic DNA,1733,Stackhousia minima,821899-1,Celastraceae,Stackhousia,minima,,False,Stackhousia minima,50538
AY929362.1,18S ribosomal RNA,genomic DNA,1781,Stackhousia monogyna,821901-1,Celastraceae,Stackhousia,monogyna,,False,Stackhousia monogyna,123499
AY929363.1,18S ribosomal RNA,genomic DNA,1783,Tripterococcus brunonis,821919-1,Celastraceae,Tripterococcus,brunonis,,False,Tripterococcus brunonis,123501
AY788161.1,18S ribosomal RNA,genomic DNA,1608,Tripterygium regelii,162907-1,Celastraceae,Tripterygium,regelii,,False,Tripterygium regelii,123485
XR_005467417.1,18S ribosomal RNA,rRNA,1822,Tripterygium wilfordii,162908-1,Celastraceae,Tripterygium,wilfordii,,False,Tripterygium wilfordii,458696
XR_005464650.1,18S ribosomal RNA,rRNA,1821,Tripterygium wilfordii,162908-1,Celastraceae,Tripterygium,wilfordii,,False,Tripterygium wilfordii,458696
AY929364.1,18S ribosomal RNA,genomic DNA,1780,Zinowiewia concinna,271165-2,Celastraceae,Zinowiewia,concinna,,False,Zinowiewia concinna,123490
AY929340.1,18S ribosomal RNA,genomic DNA,1723,Bhesa paniculata,159987-1,Centroplacaceae,Bhesa,paniculata,,False,Bhesa paniculata,324800
AY929341.1,18S ribosomal RNA,genomic DNA,1778,Bhesa robusta,159988-1,Centroplacaceae,Bhesa,robusta,,False,Bhesa robusta,324803
AY674582.1,18S ribosomal RNA,genomic DNA,1731,Centroplacus glaucinus,111514-1,Centroplacaceae,Centroplacus,glaucinus,,False,Centroplacus glaucinus,289629
FJ669687.1,18S ribosomal RNA,genomic DNA,1731,Centroplacus glaucinus,111514-1,Centroplacaceae,Centroplacus,glaucinus,,False,Centroplacus glaucinus,289629
U42516.1,18S ribosomal RNA,genomic DNA,1730,Cephalotus follicularis,790476-1,Cephalotaceae,Cephalotus,follicularis,,False,Cephalotus follicularis,3775
D38241.1,18S ribosomal RNA,genomic DNA,1732,Cephalotaxus harringtonia,261818-1,Cephalotaxaceae,Cephalotaxus,harringtonia,,False,Cephalotaxus harringtonia var. wilsoniana,50179
OR366024.1,rrn18,genomic DNA,2019,Ceratophyllum demersum,30006047-2,Ceratophyllaceae,Ceratophyllum,demersum,,False,Ceratophyllum demersum,4428
U42517.1,18S ribosomal RNA,genomic DNA,1739,Ceratophyllum demersum,30006047-2,Ceratophyllaceae,Ceratophyllum,demersum,,False,Ceratophyllum demersum,4428
AF197582.1,18S ribosomal RNA,genomic DNA,1745,Ceratophyllum submersum,163088-1,Ceratophyllaceae,Ceratophyllum,submersum,,False,Ceratophyllum submersum,108412
U42518.1,18S ribosomal RNA,genomic DNA,1739,Cercidiphyllum japonicum,77084481-1,Cercidiphyllaceae,Cercidiphyllum,japonicum,,False,Cercidiphyllum japonicum,13413
D29783.1,18S ribosomal RNA,genomic DNA,1731,Cercidiphyllum japonicum,77084481-1,Cercidiphyllaceae,Cercidiphyllum,japonicum,,False,Cercidiphyllum japonicum,13413
AY032650.1,18S ribosomal RNA,genomic DNA,1542,Chloranthus holostegius,167796-1,Chloranthaceae,Chloranthus,holostegius,,False,Chloranthus holostegius,131138
AF206885.1,18S ribosomal RNA,genomic DNA,1714,Chloranthus multistachys,167813-1,Chloranthaceae,Chloranthus,multistachys,,False,Chloranthus multistachys,108430
AF094535.1,18S ribosomal RNA,genomic DNA,1697,Chloranthus oldhamii,167817-1,Chloranthaceae,Chloranthus,oldhamii,,False,Chloranthus oldhamii,92926
D29787.1,18S ribosomal RNA,genomic DNA,1731,Chloranthus spicatus,167824-1,Chloranthaceae,Chloranthus,spicatus,,False,Chloranthus spicatus,13006
AF206925.1,18S ribosomal RNA,genomic DNA,1809,Hedyosmum arborescens,277966-2,Chloranthaceae,Hedyosmum,arborescens,,True,Hedyosmum arborescens,13559
U38536.1,18S ribosomal RNA,genomic DNA,1765,Hedyosmum arborescens,277966-2,Chloranthaceae,Hedyosmum,arborescens,,True,Hedyosmum arborescens,13559
KY761967.1,18S ribosomal RNA,genomic DNA,1820,Sarcandra glabra,167899-1,Chloranthaceae,Sarcandra,glabra,,False,Sarcandra glabra,92927
AF094536.1,18S ribosomal RNA,genomic DNA,1692,Sarcandra glabra,167899-1,Chloranthaceae,Sarcandra,glabra,,False,Sarcandra glabra,92927
AF207012.1,18S ribosomal RNA,genomic DNA,1733,Sarcandra glabra subsp. brachystachys,924491-1,Chloranthaceae,Sarcandra,glabra,brachystachys,False,Sarcandra grandifolia,13670
AB233534.1,18S ribosomal RNA,genomic DNA,1736,Afrolicania elaeosperma,720235-1,Chrysobalanaceae,Afrolicania,elaeosperma,,False,Afrolicania elaeosperma,1272966
AY674575.1,18S ribosomal RNA,genomic DNA,1685,Atuna excelsa subsp. racemosa,77202185-1,Chrysobalanaceae,Atuna,excelsa,racemosa,False,Atuna racemosa,82151
KJ414866.1,rrn18,genomic DNA,1938,Chrysobalanus icaco,722181-1,Chrysobalanaceae,Chrysobalanus,icaco,,False,Chrysobalanus icaco,22978
KJ414477.1,18S ribosomal RNA,genomic DNA,1807,Chrysobalanus icaco,722181-1,Chrysobalanaceae,Chrysobalanus,icaco,,False,Chrysobalanus icaco,22978
KJ414703.1,18S ribosomal RNA,genomic DNA,1938,Couepia guianensis,67154-2,Chrysobalanaceae,Couepia,guianensis,,False,Couepia guianensis,597284
KJ414475.1,18S ribosomal RNA,genomic DNA,1807,Couepia guianensis,67154-2,Chrysobalanaceae,Couepia,guianensis,,False,Couepia guianensis,597284
AY674603.1,18S ribosomal RNA,genomic DNA,1640,Hirtella bicornis,725506-1,Chrysobalanaceae,Hirtella,bicornis,,False,Hirtella bicornis,82155
KJ414644.1,18S ribosomal RNA,genomic DNA,1938,Hirtella physophora,725594-1,Chrysobalanaceae,Hirtella,physophora,,False,Hirtella physophora,715485
KJ414478.1,18S ribosomal RNA,genomic DNA,1807,Hirtella physophora,725594-1,Chrysobalanaceae,Hirtella,physophora,,False,Hirtella physophora,715485
KJ414610.1,rrn18,genomic DNA,1938,Hirtella racemosa,725607-1,Chrysobalanaceae,Hirtella,racemosa,,True,Hirtella racemosa,1125932
KJ414472.1,18S ribosomal RNA,genomic DNA,1807,Hirtella racemosa,725607-1,Chrysobalanaceae,Hirtella,racemosa,,True,Hirtella racemosa,1125932
KJ414763.1,18S ribosomal RNA,genomic DNA,1938,Hymenopus heteromorphus,77156960-1,Chrysobalanaceae,Hymenopus,heteromorphus,,False,Hymenopus heteromorphus,123495
KJ414471.1,18S ribosomal RNA,genomic DNA,1807,Hymenopus heteromorphus,77156960-1,Chrysobalanaceae,Hymenopus,heteromorphus,,False,Hymenopus heteromorphus,123495
KJ414949.1,rrn18,genomic DNA,1938,Leptobalanus sprucei,60472877-2,Chrysobalanaceae,Leptobalanus,sprucei,,False,Leptobalanus sprucei,1186155
KJ414476.1,18S ribosomal RNA,genomic DNA,1808,Leptobalanus sprucei,60472877-2,Chrysobalanaceae,Leptobalanus,sprucei,,False,Leptobalanus sprucei,1186155
KJ414978.1,rrn18,genomic DNA,1938,Licania alba,725974-1,Chrysobalanaceae,Licania,alba,,False,Licania alba,597311
KJ414473.1,18S ribosomal RNA,genomic DNA,1807,Licania alba,725974-1,Chrysobalanaceae,Licania,alba,,False,Licania alba,597311
U42520.1,18S ribosomal RNA,genomic DNA,1732,Moquilea tomentosa,726782-1,Chrysobalanaceae,Moquilea,tomentosa,,False,Moquilea tomentosa,22987
KJ414877.1,rrn18,genomic DNA,1938,Parinari campestris,727083-1,Chrysobalanaceae,Parinari,campestris,,False,Parinari campestris,1186172
KJ414474.1,18S ribosomal RNA,genomic DNA,1807,Parinari campestris,727083-1,Chrysobalanaceae,Parinari,campestris,,False,Parinari campestris,1186172
AB233535.1,18S ribosomal RNA,genomic DNA,1736,Parinari sp.,33939-1,Chrysobalanaceae,Parinari,,,False,Parinari sp. Mlangwa et al. 1138,212233
AF094538.1,18S ribosomal RNA,genomic DNA,1695,Circaeaster agrestis,167828-1,Circaeasteraceae,Circaeaster,agrestis,,False,Circaeaster agrestis,39288
AF094537.1,18S ribosomal RNA,genomic DNA,1696,Kingdonia uniflora,711491-1,Circaeasteraceae,Kingdonia,uniflora,,False,Kingdonia uniflora,39325
U42511.1,18S ribosomal RNA,genomic DNA,1722,Cleome houtteana,147105-1,Cleomaceae,Cleome,houtteana,,False,Tarenaya hassleriana,28532
KT459185.1,18S ribosomal RNA,genomic DNA,1807,Cleomella serrulata,77146869-1,Cleomaceae,Cleomella,serrulata,,False,Cleomella serrulata,377454
AF419793.1,18S ribosomal RNA,genomic DNA,1788,Clethra alnifolia,319146-2,Clethraceae,Clethra,alnifolia,,False,Clethra alnifolia,13435
U42521.1,18S ribosomal RNA,genomic DNA,1708,Clethra alnifolia,319146-2,Clethraceae,Clethra,alnifolia,,False,Clethra alnifolia,13435
AY674584.1,18S ribosomal RNA,genomic DNA,1692,Clusia gundlachii,427531-1,Clusiaceae,Clusia,gundlachii,,False,Clusia gundlachii,72404
AB233537.1,18S ribosomal RNA,genomic DNA,1714,Clusia rosea,61583-2,Clusiaceae,Clusia,rosea,,True,Clusia rosea,156476
FJ669691.1,18S ribosomal RNA,genomic DNA,1681,Garcinia latissima,428038-1,Clusiaceae,Garcinia,latissima,,False,Garcinia latissima,186172
FJ669692.1,18S ribosomal RNA,genomic DNA,1693,Garcinia macrophylla,428065-1,Clusiaceae,Garcinia,macrophylla,,True,Garcinia macrophylla,469955
AB233538.1,18S ribosomal RNA,genomic DNA,1714,Garcinia subelliptica,428254-1,Clusiaceae,Garcinia,subelliptica,,False,Garcinia subelliptica,212238
FJ669690.1,18S ribosomal RNA,genomic DNA,1712,Montrouziera cauliflora,428875-1,Clusiaceae,Montrouziera,cauliflora,,False,Montrouziera cauliflora,489681
AB233539.1,18S ribosomal RNA,genomic DNA,1736,Montrouziera sphaeroidea,428879-1,Clusiaceae,Montrouziera,sphaeroidea,,False,Montrouziera sphaeroidea,198781
AB233540.1,18S ribosomal RNA,genomic DNA,1736,Symphonia tanalensis,429298-1,Clusiaceae,Symphonia,tanalensis,,False,Symphonia tanalensis,344444
KP420412.1,18S ribosomal RNA,genomic DNA,1703,Colchicum autumnale,533232-1,Colchicaceae,Colchicum,autumnale,,False,Colchicum autumnale,45005
KP420421.1,18S ribosomal RNA,genomic DNA,1690,Gloriosa modesta,77077144-1,Colchicaceae,Gloriosa,modesta,,False,Gloriosa modesta,225796
KP420417.1,18S ribosomal RNA,genomic DNA,1681,Gloriosa superba,535953-1,Colchicaceae,Gloriosa,superba,,False,Gloriosa superba,41220
MT247906.1,18S ribosomal RNA,genomic DNA,1883,Uvularia grandiflora,543399-1,Colchicaceae,Uvularia,grandiflora,,False,Uvularia grandiflora,49460
MT247905.1,18S ribosomal RNA,genomic DNA,1877,Wurmbea pygmaea,543588-1,Colchicaceae,Wurmbea,pygmaea,,False,Wurmbea pygmaea,217520
GQ983564.1,18S ribosomal RNA,genomic DNA,1724,Columellia oblonga,169715-1,Columelliaceae,Columellia,oblonga,,False,Columellia oblonga,57720
GQ983565.1,18S ribosomal RNA,genomic DNA,1725,Desfontainia spinosa,546059-1,Columelliaceae,Desfontainia,spinosa,,False,Desfontainia spinosa,34247
AF207004.1,18S ribosomal RNA,genomic DNA,1737,Combretum indicum,77101543-1,Combretaceae,Combretum,indicum,,False,Combretum indicum,3956
AY289636.1,18S ribosomal RNA,genomic DNA,1670,Conocarpus erectus,319151-2,Combretaceae,Conocarpus,erectus,,False,Conocarpus erectus,134917
AY289635.1,18S ribosomal RNA,genomic DNA,1670,Laguncularia racemosa,170672-1,Combretaceae,Laguncularia,racemosa,,False,Laguncularia racemosa,190524
AY289637.1,18S ribosomal RNA,genomic DNA,1670,Lumnitzera littorea,170675-1,Combretaceae,Lumnitzera,littorea,,False,Lumnitzera littorea,99437
AY952410.1,18S ribosomal RNA,genomic DNA,1723,Amischotolype hispida,171501-1,Commelinaceae,Amischotolype,hispida,,False,Amischotolype hispida,319736
AY929368.1,18S ribosomal RNA,genomic DNA,1768,Connarus championii,264317-1,Connaraceae,Connarus,championii,,False,Connarus championii,324811
EF135603.1,18S ribosomal RNA,genomic DNA,1712,Rourea minor,264810-1,Connaraceae,Rourea,minor,,False,Rourea minor,85261
KT179695.1,18S ribosomal RNA,genomic DNA,1811,Convolvulus arvensis,265849-1,Convolvulaceae,Convolvulus,arvensis,,False,Convolvulus arvensis,4123
AJ236013.1,18S ribosomal RNA,genomic DNA,1765,Convolvulus arvensis,265849-1,Convolvulaceae,Convolvulus,arvensis,,False,Convolvulus arvensis,4123
BK059197.1,rrn18,genomic DNA,2075,Cuscuta australis,267308-1,Convolvulaceae,Cuscuta,australis,,True,Cuscuta australis,267555
KC588403.1,18S ribosomal RNA,genomic DNA,1791,Cuscuta australis,267308-1,Convolvulaceae,Cuscuta,australis,,True,Cuscuta australis,267555
BK016277.1,rrn18,genomic DNA,2037,Cuscuta campestris,72786-2,Convolvulaceae,Cuscuta,campestris,,False,Cuscuta campestris,132261
OR139599.1,rrn18,genomic DNA,2036,Cuscuta gronovii,72854-2,Convolvulaceae,Cuscuta,gronovii,,False,Cuscuta gronovii,35886
OR139601.1,rrn18,genomic DNA,2036,Cuscuta gronovii,72854-2,Convolvulaceae,Cuscuta,gronovii,,False,Cuscuta gronovii,35886
KT179697.1,18S ribosomal RNA,genomic DNA,1811,Evolvulus nuttallianus,268113-1,Convolvulaceae,Evolvulus,nuttallianus,,False,Evolvulus nuttallianus,197389
PP885438.1,rrn18,genomic DNA,1942,Ipomoea aquatica,268410-1,Convolvulaceae,Ipomoea,aquatica,,False,Ipomoea aquatica,89636
LC773294.1,rrn18,genomic DNA,1942,Ipomoea batatas,1101088-2,Convolvulaceae,Ipomoea,batatas,,False,Ipomoea batatas,4120
HM053484.1,18S ribosomal RNA,genomic DNA,1630,Ipomoea batatas,1101088-2,Convolvulaceae,Ipomoea,batatas,,False,Ipomoea batatas,4120
U38310.1,18S ribosomal RNA,genomic DNA,1750,Ipomoea hederacea,268998-1,Convolvulaceae,Ipomoea,hederacea,,True,Ipomoea hederacea,43178
KT179696.1,18S ribosomal RNA,genomic DNA,1811,Ipomoea leptophylla,269184-1,Convolvulaceae,Ipomoea,leptophylla,,False,Ipomoea leptophylla,89648
MF502418.1,18S ribosomal RNA,genomic DNA,1630,Ipomoea pes-caprae,30040623-2,Convolvulaceae,Ipomoea,pes-caprae,,False,Ipomoea pes-caprae,89656
HM053486.1,18S ribosomal RNA,genomic DNA,1630,Ipomoea setosa,269795-1,Convolvulaceae,Ipomoea,setosa,,True,Ipomoea setosa,89662
LC773296.1,rrn18,genomic DNA,1942,Ipomoea trifida,269968-1,Convolvulaceae,Ipomoea,trifida,,False,Ipomoea trifida,35884
XR_004096408.1,18S ribosomal RNA,rRNA,1829,Ipomoea triloba,129763-2,Convolvulaceae,Ipomoea,triloba,,True,Ipomoea triloba,35885
XR_004096393.1,18S ribosomal RNA,rRNA,1811,Ipomoea triloba,129763-2,Convolvulaceae,Ipomoea,triloba,,True,Ipomoea triloba,35885
AF008954.1,18S ribosomal RNA,genomic DNA,1808,Coriaria arborea,271351-1,Coriariaceae,Coriaria,arborea,,False,Coriaria arborea,48248
AF206891.1,18S ribosomal RNA,genomic DNA,1737,Coriaria myrtifolia,271361-1,Coriariaceae,Coriaria,myrtifolia,,False,Coriaria myrtifolia,3460
AF094539.1,18S ribosomal RNA,genomic DNA,1691,Coriaria myrtifolia,271361-1,Coriariaceae,Coriaria,myrtifolia,,False,Coriaria myrtifolia,3460
AY968394.1,18S ribosomal RNA,genomic DNA,1785,Coriaria napalensis,271362-1,Coriariaceae,Coriaria,napalensis,,False,Coriaria nepalensis,79760
AY968395.1,18S ribosomal RNA,genomic DNA,1781,Coriaria ruscifolia subsp. microphylla,66026-2,Coriariaceae,Coriaria,ruscifolia,microphylla,False,Coriaria microphylla,79759
AY968396.1,18S ribosomal RNA,genomic DNA,1785,Coriaria sarmentosa,60471364-2,Coriariaceae,Coriaria,sarmentosa,,False,Coriaria sarmentosa,79765
AF206843.1,18S ribosomal RNA,genomic DNA,1743,Alangium chinense,58133-1,Cornaceae,Alangium,chinense,,False,Alangium chinense,16897
XR_009474175.1,18S ribosomal RNA,rRNA,1860,Cornus florida,271574-1,Cornaceae,Cornus,florida,,False,Cornus florida,4283
XR_009473149.1,18S ribosomal RNA,rRNA,1818,Cornus florida,271574-1,Cornaceae,Cornus,florida,,False,Cornus florida,4283
U52033.1,18S ribosomal RNA,genomic DNA,1807,Cornus officinalis,271629-1,Cornaceae,Cornus,officinalis,,False,Cornus officinalis,16906
GQ497571.1,18S ribosomal RNA,genomic DNA,1802,Arachnitis uniflora,126551-1,Corsiaceae,Arachnitis,uniflora,,False,Arachnitis uniflora,191246
KP420410.1,18S ribosomal RNA,genomic DNA,1722,Arachnitis uniflora,126551-1,Corsiaceae,Arachnitis,uniflora,,False,Arachnitis uniflora,191246
GU476402.1,18S ribosomal RNA,genomic DNA,1618,Corynocarpus cribbianus,272099-1,Corynocarpaceae,Corynocarpus,cribbianus,,False,Corynocarpus cribbianus,95444
AF206892.1,18S ribosomal RNA,genomic DNA,1751,Corynocarpus laevigatus,272100-1,Corynocarpaceae,Corynocarpus,laevigatus,,False,Corynocarpus laevigatus,4312
GU476403.1,18S ribosomal RNA,genomic DNA,1618,Corynocarpus laevigatus,272100-1,Corynocarpaceae,Corynocarpus,laevigatus,,False,Corynocarpus laevigatus,4312
U42525.1,18S ribosomal RNA,genomic DNA,1740,Crassula rupestris subsp. marnieriana,878790-1,Crassulaceae,Crassula,rupestris,marnieriana,False,Crassula rupestris subsp. marnieriana,2823420
U42526.1,18S ribosomal RNA,genomic DNA,1722,Dudleya viscida,85644-2,Crassulaceae,Dudleya,viscida,,False,Dudleya viscida,23004
PV256627.1,rrn18,genomic DNA,1908,Graptopetalum paraguayense,113312-2,Crassulaceae,Graptopetalum,paraguayense,,False,Graptopetalum paraguayense,264171
U42527.1,18S ribosomal RNA,genomic DNA,1738,Kalanchoe daigremontiana,274315-1,Crassulaceae,Kalanchoe,daigremontiana,,False,Kalanchoe daigremontiana,23013
AB742450.1,18S ribosomal RNA,genomic DNA,1639,Kalanchoe pinnata,274438-1,Crassulaceae,Kalanchoe,pinnata,,False,Kalanchoe pinnata,80913
OP312070.1,18S ribosomal RNA,genomic DNA,1942,Rhodiola chrysanthemifolia subsp. sacra,878862-1,Crassulaceae,Rhodiola,chrysanthemifolia,sacra,False,Rhodiola sacra,203000
OR188139.1,rrn18,genomic DNA,1941,Rhodiola coccinea subsp. coccinea,77224457-1,Crassulaceae,Rhodiola,coccinea,coccinea,False,Rhodiola juparensis,1871911
NC_082108.1,18S ribosomal RNA,genomic DNA,1941,Rhodiola coccinea subsp. coccinea,77224457-1,Crassulaceae,Rhodiola,coccinea,coccinea,False,Rhodiola juparensis,1871911
OP312067.1,18S ribosomal RNA,genomic DNA,1942,Rhodiola crenulata,274793-1,Crassulaceae,Rhodiola,crenulata,,False,Rhodiola crenulata,242839
NC_070303.1,18S ribosomal RNA,genomic DNA,1942,Rhodiola crenulata,274793-1,Crassulaceae,Rhodiola,crenulata,,False,Rhodiola crenulata,242839
PP024540.1,rrn18,genomic DNA,1927,Rhodiola rosea,315148-2,Crassulaceae,Rhodiola,rosea,,False,Rhodiola rosea,203015
OP573219.1,18S ribosomal RNA,genomic DNA,1922,Rhodiola tangutica,943333-1,Crassulaceae,Rhodiola,tangutica,,False,Rhodiola tangutica,1442784
NC_072122.1,rrn18,genomic DNA,1922,Rhodiola tangutica,943333-1,Crassulaceae,Rhodiola,tangutica,,False,Rhodiola tangutica,1442784
OP312068.1,rrn18,genomic DNA,1942,Rhodiola wallichiana,274900-1,Crassulaceae,Rhodiola,wallichiana,,False,Rhodiola wallichiana,203018
NC_069572.1,rrn18,genomic DNA,1902,Sedum plumbizincicola,77125797-1,Crassulaceae,Sedum,plumbizincicola,,False,Sedum plumbizincicola,1532924
OP588116.1,rrn18,genomic DNA,1902,Sedum plumbizincicola,77125797-1,Crassulaceae,Sedum,plumbizincicola,,False,Sedum plumbizincicola,1532924
PV608516.1,rrn18,genomic DNA,1902,Sedum sarmentosum,276014-1,Crassulaceae,Sedum,sarmentosum,,False,Sedum sarmentosum,91146
AF193942.1,18S ribosomal RNA,genomic DNA,1671,Crossosoma bigelovii,316540-1,Crossosomataceae,Crossosoma,bigelovii,,False,Crossosoma bigelovii,105808
U42529.1,18S ribosomal RNA,genomic DNA,1732,Crossosoma californicum,277101-1,Crossosomataceae,Crossosoma,californicum,,False,Crossosoma californicum,23043
AM235477.1,18S rRNA,genomic DNA,1629,Axinandra coriacea,552818-1,Crypteroniaceae,Axinandra,coriacea,,False,Axinandra coriacea,376203
AM235478.1,18S ribosomal RNA,genomic DNA,1629,Axinandra zeylanica,552820-1,Crypteroniaceae,Axinandra,zeylanica,,False,Axinandra zeylanica,186935
AM235479.1,18S ribosomal RNA,genomic DNA,1629,Crypteronia borneensis,985709-1,Crypteroniaceae,Crypteronia,borneensis,,False,Crypteronia borneensis,376205
AM235480.1,18S ribosomal RNA,genomic DNA,1629,Crypteronia glabriflora,985711-1,Crypteroniaceae,Crypteronia,glabriflora,,False,Crypteronia glabriflora,376206
AM235482.1,18S ribosomal RNA,genomic DNA,1629,Crypteronia paniculata,552858-1,Crypteroniaceae,Crypteronia,paniculata,,False,Crypteronia paniculata,111953
AM235481.1,18S rRNA,genomic DNA,1629,Crypteronia rubiflora,77314850-1,Crypteroniaceae,Crypteronia,rubiflora,,False,Crypteronia griffithii,253289
AM235483.1,18S ribosomal RNA,genomic DNA,1629,Dactylocladus stenostachys,568142-1,Crypteroniaceae,Dactylocladus,stenostachys,,False,Dactylocladus stenostachys,186933
AY674589.1,18S ribosomal RNA,genomic DNA,1730,Ctenolophon englerianus,543965-1,Ctenolophonaceae,Ctenolophon,englerianus,,False,Ctenolophon englerianus,125022
U41501.1,18S ribosomal RNA,genomic DNA,1806,Abobra tenuifolia,291167-1,Cucurbitaceae,Abobra,tenuifolia,,False,Abobra tenuifolia,44762
XR_005483675.1,18S ribosomal RNA,rRNA,1808,Benincasa hispida,163640-3,Cucurbitaceae,Benincasa,hispida,,False,Benincasa hispida,102211
XR_005483674.1,18S ribosomal RNA,rRNA,1802,Benincasa hispida,163640-3,Cucurbitaceae,Benincasa,hispida,,False,Benincasa hispida,102211
AF534782.1,18S ribosomal RNA,genomic DNA,1750,Cephalopentandra ecirrhosa,291886-1,Cucurbitaceae,Cephalopentandra,ecirrhosa,,False,Cephalopentandra ecirrhosa,213597
AY357215.1,rrn18,genomic DNA,1859,Citrullus lanatus,291938-1,Cucurbitaceae,Citrullus,lanatus,,False,Citrullus lanatus,3654
AF534781.1,18S ribosomal RNA,genomic DNA,1764,Coccinia adoensis,291954-1,Cucurbitaceae,Coccinia,adoensis,,False,Coccinia adoensis,213599
AY973011.1,18S ribosomal RNA,genomic DNA,1723,Coccinia sessilifolia,292015-1,Cucurbitaceae,Coccinia,sessilifolia,,False,Coccinia sessilifolia,328384
AF008955.1,18S ribosomal RNA,genomic DNA,1809,Corallocarpus bainesii,292051-1,Cucurbitaceae,Corallocarpus,bainesii,,False,Corallocarpus bainesii,62976
AF534777.1,18S ribosomal RNA,genomic DNA,1755,Cucumis anguria,292141-1,Cucurbitaceae,Cucumis,anguria,,False,Cucumis anguria,39473
AY357214.1,18S ribosomal RNA,genomic DNA,1820,Cucumis melo,292238-1,Cucurbitaceae,Cucumis,melo,,False,Cucumis melo,3656
XR_007818570.1,18S ribosomal RNA,rRNA,1813,Cucumis melo,292238-1,Cucurbitaceae,Cucumis,melo,,False,Cucumis melo,3656
AY258278.1,18S ribosomal RNA,genomic DNA,1879,Cucumis sativus,292296-1,Cucurbitaceae,Cucumis,sativus,,False,Cucumis sativus,3659
AY258271.1,rrn18,genomic DNA,1878,Cucumis sativus,292296-1,Cucurbitaceae,Cucumis,sativus,,False,Cucumis sativus,3659
KM979454.1,18S ribosomal RNA,genomic DNA,1857,Cucurbita moschata,320034-2,Cucurbitaceae,Cucurbita,moschata,,False,Cucurbita moschata,3662
AF206895.1,18S ribosomal RNA,genomic DNA,1736,Cucurbita pepo,292416-1,Cucurbitaceae,Cucurbita,pepo,,False,Cucurbita pepo,3663
AY968397.1,18S ribosomal RNA,genomic DNA,1782,Dendrosicyos socotranus,292552-1,Cucurbitaceae,Dendrosicyos,socotranus,,False,Dendrosicyos socotranus,229694
AF534778.1,18S ribosomal RNA,genomic DNA,1778,Ecballium elaterium,292573-1,Cucurbitaceae,Ecballium,elaterium,,False,Ecballium elaterium,3679
AY973012.1,18S ribosomal RNA,genomic DNA,1755,Ecballium elaterium,292573-1,Cucurbitaceae,Ecballium,elaterium,,False,Ecballium elaterium,3679
AF534779.1,18S ribosomal RNA,genomic DNA,1603,Gurania makoyana,292814-1,Cucurbitaceae,Gurania,makoyana,,False,Gurania makoyana,213601
AY973013.1,18S ribosomal RNA,genomic DNA,1762,Gurania tubulosa,292861-1,Cucurbitaceae,Gurania,tubulosa,,False,Gurania tubulosa,328385
AY973014.1,18S ribosomal RNA,genomic DNA,1714,Gynostemma pentaphyllum,292905-1,Cucurbitaceae,Gynostemma,pentaphyllum,,False,Gynostemma pentaphyllum,182084
MW497575.1,18S ribosomal RNA,genomic DNA,1858,Herpetospermum pedunculosum,292933-1,Cucurbitaceae,Herpetospermum,pedunculosum,,True,Herpetospermum pedunculosum,386182
AY929371.1,18S ribosomal RNA,genomic DNA,1781,Lagenaria breviflora,293036-1,Cucurbitaceae,Lagenaria,breviflora,,False,Lagenaria breviflora,254159
KC020479.1,18S ribosomal RNA,genomic DNA,1400,Lagenaria siceraria,134809-2,Cucurbitaceae,Lagenaria,siceraria,,False,Lagenaria siceraria,3668
KM656452.1,18S ribosomal RNA,genomic DNA,1862,Luffa aegyptiaca,293060-1,Cucurbitaceae,Luffa,aegyptiaca,,False,Luffa aegyptiaca,3670
AF008957.1,18S ribosomal RNA,genomic DNA,1807,Luffa quinquefida,293104-1,Cucurbitaceae,Luffa,quinquefida,,False,Luffa quinquefida,34295
AF008956.1,18S ribosomal RNA,genomic DNA,1805,Marah macrocarpa,152834-2,Cucurbitaceae,Marah,macrocarpa,,False,Marah macrocarpa,48242
AY973015.1,18S ribosomal RNA,genomic DNA,1759,Marah macrocarpa,152834-2,Cucurbitaceae,Marah,macrocarpa,,False,Marah macrocarpa,48242
AY968399.1,18S ribosomal RNA,genomic DNA,1785,Neoalsomitra sarcophylla,1024517-2,Cucurbitaceae,Neoalsomitra,sarcophylla,,False,Neoalsomitra sarcophylla,48238
AY968400.1,18S ribosomal RNA,genomic DNA,1785,Schizopepon bryoniifolius,293867-1,Cucurbitaceae,Schizopepon,bryoniifolius,,False,Schizopepon bryoniifolius,328388
AY973016.1,18S ribosomal RNA,genomic DNA,1761,Seyrigia humbertii,293897-1,Cucurbitaceae,Seyrigia,humbertii,,False,Seyrigia humbertii,244770
AF534780.1,18S ribosomal RNA,genomic DNA,1586,Trochomeria macrocarpa,294346-1,Cucurbitaceae,Trochomeria,macrocarpa,,False,Trochomeria macrocarpa,213603
AY973017.1,18S ribosomal RNA,genomic DNA,1754,Xerosicyos danguyi,294393-1,Cucurbitaceae,Xerosicyos,danguyi,,False,Xerosicyos danguyi,85297
AF534776.1,18S ribosomal RNA,genomic DNA,1791,Xerosicyos decaryi,294394-1,Cucurbitaceae,Xerosicyos,decaryi,,False,Xerosicyos decaryi,48240
GU476408.1,18S ribosomal RNA,genomic DNA,1618,Ackama paniculosa,60471351-2,Cunoniaceae,Ackama,paniculosa,,False,Caldcluvia paniculosa,138858
GU476486.1,18S ribosomal RNA,genomic DNA,1588,Ackama rosifolia,790200-1,Cunoniaceae,Ackama,rosifolia,,False,Ackama rosifolia,140416
U42505.1,18S ribosomal RNA,genomic DNA,1720,Bauera rubioides,790336-1,Cunoniaceae,Bauera,rubioides,,False,Bauera rubioides,23051
GU476410.1,18S ribosomal RNA,genomic DNA,1618,Ceratopetalum apetalum,790477-1,Cunoniaceae,Ceratopetalum,apetalum,,False,Ceratopetalum apetalum,384952
U42530.1,18S ribosomal RNA,genomic DNA,1714,Ceratopetalum gummiferum,790478-1,Cunoniaceae,Ceratopetalum,gummiferum,,False,Ceratopetalum gummiferum,3778
GU476409.1,18S ribosomal RNA,genomic DNA,1618,Ceratopetalum succirubrum,294548-1,Cunoniaceae,Ceratopetalum,succirubrum,,False,Ceratopetalum succirubrum,384953
AF206897.1,18S ribosomal RNA,genomic DNA,1756,Davidsonia pruriens,790765-1,Cunoniaceae,Davidsonia,pruriens,,False,Davidsonia pruriens,60422
U42533.1,18S ribosomal RNA,genomic DNA,1735,Eucryphia lucida,337097-1,Cunoniaceae,Eucryphia,lucida,,False,Eucryphia lucida,3791
GU476407.1,18S ribosomal RNA,genomic DNA,1618,Opocunonia nymanii,294598-1,Cunoniaceae,Opocunonia,nymanii,,False,Opocunonia papuana,384939
GU476484.1,18S ribosomal RNA,genomic DNA,1588,Pterophylla hooglandii,77234602-1,Cunoniaceae,Pterophylla,hooglandii,,False,Weinmannia hooglandii,189896
GU476485.1,18S ribosomal RNA,genomic DNA,1588,Pterophylla racemosa,77234625-1,Cunoniaceae,Pterophylla,racemosa,,False,Weinmannia racemosa,140592
EU161299.1,18S ribosomal RNA,genomic DNA,1689,Austrocedrus chilensis,294848-1,Cupressaceae,Austrocedrus,chilensis,,False,Austrocedrus chilensis,103964
EU161290.1,18S ribosomal RNA,genomic DNA,1649,Callitris preissii,261780-1,Cupressaceae,Callitris,preissii,,False,Callitris preissii,329097
EU161298.1,18S ribosomal RNA,genomic DNA,1689,Callitris pyramidalis,77105538-1,Cupressaceae,Callitris,pyramidalis,,True,Callitris pyramidalis,214228
D85293.1,18S ribosomal RNA,genomic DNA,1732,Calocedrus decurrens,42548-2,Cupressaceae,Calocedrus,decurrens,,False,Calocedrus decurrens,13387
D85298.1,18S ribosomal RNA,genomic DNA,1732,Calocedrus formosana,294855-1,Cupressaceae,Calocedrus,formosana,,False,Calocedrus formosana,54798
EF053170.1,18S ribosomal RNA,genomic DNA,1646,Calocedrus macrolepis,261793-1,Cupressaceae,Calocedrus,macrolepis,,False,Calocedrus macrolepis,103965
EU273294.1,18S ribosomal RNA,genomic DNA,1665,Calocedrus rupestris,77086050-1,Cupressaceae,Calocedrus,rupestris,,False,Calocedrus rupestris,486493
EF053165.1,18S ribosomal RNA,genomic DNA,1662,Chamaecyparis pisifera,261847-1,Cupressaceae,Chamaecyparis,pisifera,,False,Chamaecyparis pisifera,99808
XR_009365762.1,18S ribosomal RNA,rRNA,1838,Cryptomeria japonica,261870-1,Cupressaceae,Cryptomeria,japonica,,False,Cryptomeria japonica,3369
XR_009367211.1,18S ribosomal RNA,rRNA,1836,Cryptomeria japonica,261870-1,Cupressaceae,Cryptomeria,japonica,,False,Cryptomeria japonica,3369
EU273292.1,18S ribosomal RNA,genomic DNA,1699,Cunninghamia konishii,676724-1,Cupressaceae,Cunninghamia,konishii,,False,Cunninghamia lanceolata var. konishii,66170
EF053175.1,18S ribosomal RNA,genomic DNA,1665,Cunninghamia konishii,676724-1,Cupressaceae,Cunninghamia,konishii,,False,Cunninghamia lanceolata var. konishii,66170
AB115773.1,18S ribosomal RNA,genomic DNA,1697,Cunninghamia lanceolata,676725-1,Cupressaceae,Cunninghamia,lanceolata,,False,Cunninghamia lanceolata,28977
EF053166.1,18S ribosomal RNA,genomic DNA,1734,Cupressus majestica,77323746-1,Cupressaceae,Cupressus,majestica,,False,Cupressus gigantea,329084
EU273296.1,18S ribosomal RNA,genomic DNA,1657,Cupressus tonkinensis,977230-1,Cupressaceae,Cupressus,tonkinensis,,False,Cupressus tonkinensis,329090
EU273295.1,18S ribosomal RNA,genomic DNA,1693,Fokienia hodginsii,262079-1,Cupressaceae,Fokienia,hodginsii,,False,Chamaecyparis hodginsii,89191
EF053169.1,18S ribosomal RNA,genomic DNA,1643,Fokienia hodginsii,262079-1,Cupressaceae,Fokienia,hodginsii,,False,Chamaecyparis hodginsii,89191
EF053177.1,18S ribosomal RNA,genomic DNA,1664,Glyptostrobus pensilis,262131-1,Cupressaceae,Glyptostrobus,pensilis,,False,Glyptostrobus pensilis,28978
AF051797.1,18S ribosomal RNA,genomic DNA,1724,Hesperocyparis macrocarpa,60451558-2,Cupressaceae,Hesperocyparis,macrocarpa,,False,Hesperocyparis macrocarpa,76352
D38243.1,18S ribosomal RNA,genomic DNA,1732,Juniperus chinensis,30044367-2,Cupressaceae,Juniperus,chinensis,,True,Juniperus chinensis,50182
EU161291.1,18S ribosomal RNA,genomic DNA,1656,Libocedrus sp.,11669-1,Cupressaceae,Libocedrus,,,False,Libocedrus sp. QBW-2007,506789
AB107898.1,18S ribosomal RNA,genomic DNA,1732,Metasequoia glyptostroboides,828387-1,Cupressaceae,Metasequoia,glyptostroboides,,False,Metasequoia glyptostroboides,3371
EF053174.1,18S ribosomal RNA,genomic DNA,1626,Metasequoia glyptostroboides,828387-1,Cupressaceae,Metasequoia,glyptostroboides,,False,Metasequoia glyptostroboides,3371
EU161294.1,18S ribosomal RNA,genomic DNA,1654,Microbiota decussata,676932-1,Cupressaceae,Microbiota,decussata,,False,Microbiota decussata,13614
EU161300.1,18S ribosomal RNA,genomic DNA,1689,Papuacedrus papuana,294873-1,Cupressaceae,Papuacedrus,papuana,,False,Papuacedrus papuana,103977
EU161301.1,18S ribosomal RNA,genomic DNA,1689,Pilgerodendron uviferum,196481-2,Cupressaceae,Pilgerodendron,uviferum,,False,Pilgerodendron uviferum,103979
EF053168.1,18S ribosomal RNA,genomic DNA,1665,Platycladus orientalis,677124-1,Cupressaceae,Platycladus,orientalis,,False,Platycladus orientalis,58046
EF053171.1,18S ribosomal RNA,genomic DNA,1661,Sequoia sempervirens,263741-1,Cupressaceae,Sequoia,sempervirens,,False,Sequoia sempervirens,28980
EU161296.1,18S ribosomal RNA,genomic DNA,1650,Sequoiadendron giganteum,234727-2,Cupressaceae,Sequoiadendron,giganteum,,False,Sequoiadendron giganteum,99814
FJ009673.1,18S ribosomal RNA,genomic DNA,1762,Taiwania cryptomerioides,263753-1,Cupressaceae,Taiwania,cryptomerioides,,False,Taiwania cryptomerioides,50187
D38250.1,18S ribosomal RNA,genomic DNA,1732,Taiwania cryptomerioides,263753-1,Cupressaceae,Taiwania,cryptomerioides,,False,Taiwania cryptomerioides,50187
EF053176.1,18S ribosomal RNA,genomic DNA,1644,Taxodium distichum var. mexicanum,60453296-2,Cupressaceae,Taxodium,distichum,mexicanum,False,Taxodium mucronatum,99812
EU161293.1,18S ribosomal RNA,genomic DNA,1690,Tetraclinis articulata,677193-1,Cupressaceae,Tetraclinis,articulata,,False,Tetraclinis articulata,13717
EF053167.1,18S ribosomal RNA,genomic DNA,1653,Thuja occidentalis,263956-1,Cupressaceae,Thuja,occidentalis,,False,Thuja occidentalis,3317
EF053172.1,18S ribosomal RNA,genomic DNA,1665,Thujopsis dolabrata,263878-1,Cupressaceae,Thujopsis,dolabrata,,False,Thujopsis dolabrata,13727
EU161289.1,18S ribosomal RNA,genomic DNA,1628,Widdringtonia nodiflora,294877-1,Cupressaceae,Widdringtonia,nodiflora,,False,Widdringtonia nodiflora,214229
EU273293.1,18S ribosomal RNA,genomic DNA,1690,Xanthocyparis vietnamensis,20006840-1,Cupressaceae,Xanthocyparis,vietnamensis,,False,Callitropsis vietnamensis,257623
MW354217.1,18S ribosomal RNA,genomic DNA,1837,Cycas revoluta,328823-2,Cycadaceae,Cycas,revoluta,,False,Cycas revoluta,3396
D85297.1,18S ribosomal RNA,genomic DNA,1732,Cycas revoluta,328823-2,Cycadaceae,Cycas,revoluta,,False,Cycas taitungensis,54799
KF264477.1,18S ribosomal RNA,genomic DNA,1732,Asplundia rigida,22953-2,Cyclanthaceae,Asplundia,rigida,,False,Asplundia rigida,1351762
AF293756.1,18S ribosomal RNA,genomic DNA,1785,Carludovica palmata,297578-1,Cyclanthaceae,Carludovica,palmata,,False,Carludovica palmata,108411
KF264478.1,18S ribosomal RNA,genomic DNA,1767,Carludovica palmata,297578-1,Cyclanthaceae,Carludovica,palmata,,False,Carludovica palmata,108411
AF207024.1,18S ribosomal RNA,genomic DNA,1741,Chorigyne pendula,274537-2,Cyclanthaceae,Chorigyne,pendula,,False,Chorigyne pendula,85271
KF264480.1,18S ribosomal RNA,genomic DNA,1717,Cyclanthus bipartitus,30336798-2,Cyclanthaceae,Cyclanthus,bipartitus,,False,Cyclanthus bipartitus,101611
KF264481.1,18S ribosomal RNA,genomic DNA,1731,Dicranopygium atrovirens,79897-2,Cyclanthaceae,Dicranopygium,atrovirens,,False,Dicranopygium atrovirens,1351763
KF264482.1,18S ribosomal RNA,genomic DNA,1727,Ludovia lancifolia,297687-1,Cyclanthaceae,Ludovia,lancifolia,,False,Ludovia lancifolia,1348479
JN034102.1,18S ribosomal RNA,genomic DNA,1616,Cymodocea rotundata,602937-1,Cymodoceaceae,Cymodocea,rotundata,,False,Cymodocea rotundata,1046423
JQ041654.1,18S ribosomal RNA,genomic DNA,1405,Cymodocea rotundata,602937-1,Cymodoceaceae,Cymodocea,rotundata,,False,Cymodocea rotundata,1046423
JQ041645.1,18S ribosomal RNA,genomic DNA,1403,Halodule pinifolia,602955-1,Cymodoceaceae,Halodule,pinifolia,,False,Halodule pinifolia,55315
AY952401.1,18S ribosomal RNA,genomic DNA,1660,Halodule uninervis,602956-1,Cymodoceaceae,Halodule,uninervis,,False,Halodule uninervis,319738
JQ041657.1,18S ribosomal RNA,genomic DNA,1403,Halodule uninervis,602956-1,Cymodoceaceae,Halodule,uninervis,,False,Halodule uninervis,319738
JQ041660.1,18S ribosomal RNA,genomic DNA,1404,Halodule wrightii,602957-1,Cymodoceaceae,Halodule,wrightii,,False,Halodule wrightii,13078
JQ041655.1,18S ribosomal RNA,genomic DNA,1405,Oceana serrulata,77183513-1,Cymodoceaceae,Oceana,serrulata,,False,Cymodocea serrulata,55449
JQ041653.1,18S ribosomal RNA,genomic DNA,1403,Syringodium isoetifolium,699866-1,Cymodoceaceae,Syringodium,isoetifolium,,False,Syringodium isoetifolium,55323
KX270753.1,rrn18,genomic DNA,2089,Cynomorium coccineum,103330-1,Cynomoriaceae,Cynomorium,coccineum,,False,Cynomorium coccineum,51503
AY957442.1,18S ribosomal RNA,genomic DNA,1739,Cynomorium coccineum,103330-1,Cynomoriaceae,Cynomorium,coccineum,,False,Cynomorium coccineum,51503
JX287338.1,18S ribosomal RNA,genomic DNA,1665,Cynomorium coccineum subsp. songaricum,953068-1,Cynomoriaceae,Cynomorium,coccineum,songaricum,False,Cynomorium songaricum,627609
AY952404.1,18S ribosomal RNA,genomic DNA,1666,Cyperus alternifolius,303729-1,Cyperaceae,Cyperus,alternifolius,,True,Cyperus alternifolius,4611
OK001347.1,rrn18,genomic DNA,2008,Cyperus rotundus,305797-1,Cyperaceae,Cyperus,rotundus,,False,Cyperus rotundus,512623
AF207009.1,18S ribosomal RNA,genomic DNA,1741,Rhynchospora nervosa,312330-1,Cyperaceae,Rhynchospora,nervosa,,False,Rhynchospora nervosa,76499
AY739089.1,18S ribosomal RNA,genomic DNA,1739,Bdallophytum americanum,30215-2,Cytinaceae,Bdallophytum,americanum,,False,Bdallophytum americanum,51505
AY739092.1,18S ribosomal RNA,genomic DNA,1670,Cytinus hypocistis,316032-1,Cytinaceae,Cytinus,hypocistis,,False,Cytinus hypocistis,327100
L24085.1,18S ribosomal RNA,genomic DNA,1756,Cytinus ruber,707066-1,Cytinaceae,Cytinus,ruber,,False,Cytinus ruber,45982
AY739091.1,18S ribosomal RNA,genomic DNA,1670,Cytinus sp.,331539-2,Cytinaceae,Cytinus,,,False,Cytinus sp. 4339,301897
U42531.1,18S ribosomal RNA,genomic DNA,1732,Daphniphyllum sp.,15293-1,Daphniphyllaceae,Daphniphyllum,,,False,Daphniphyllum sp. Qiu 91026,132528
AF094540.1,18S ribosomal RNA,genomic DNA,1696,Daphniphyllum sp.,15293-1,Daphniphyllaceae,Daphniphyllum,,,False,Daphniphyllum sp. SH1999,94705
AJ417898.1,18S rRNA,genomic DNA,1743,Dasypogon bromeliifolius,442534-1,Dasypogonaceae,Dasypogon,bromeliifolius,,False,Dasypogon bromeliifolius,101696
KM103401.1,18S ribosomal RNA,genomic DNA,1737,Kingia australis,443674-1,Dasypogonaceae,Kingia,australis,,False,Kingia australis,131247
AF008952.1,18S ribosomal RNA,genomic DNA,1803,Datisca cannabina,316093-1,Datiscaceae,Datisca,cannabina,,False,Datisca cannabina,34296
U42426.1,18S ribosomal RNA,genomic DNA,1808,Datisca glomerata,316095-1,Datiscaceae,Datisca,glomerata,,False,Datisca glomerata,34297
AF206898.1,18S ribosomal RNA,genomic DNA,1634,Degeneria vitiensis,316106-1,Degeneriaceae,Degeneria,vitiensis,,False,Degeneria vitiensis,13483
AF419794.1,18S ribosomal RNA,genomic DNA,1784,Diapensia lapponica,316120-1,Diapensiaceae,Diapensia,lapponica,,False,Diapensia lapponica,13487
L49278.1,18S ribosomal RNA,genomic DNA,1728,Diapensia lapponica,316120-1,Diapensiaceae,Diapensia,lapponica,,False,Diapensia lapponica,13487
L49281.1,18S ribosomal RNA,genomic DNA,1727,Galax urceolata,106783-2,Diapensiaceae,Galax,urceolata,,False,Galax urceolata,55362
AF206902.1,18S ribosomal RNA,genomic DNA,1717,Dichapetalum macrocarpum,316287-1,Dichapetalaceae,Dichapetalum,macrocarpum,,False,Dichapetalum macrocarpum,82142
FJ669693.1,18S ribosomal RNA,genomic DNA,1712,Tapura guianensis,163309-1,Dichapetalaceae,Tapura,guianensis,,False,Tapura guianensis,431206
U38314.1,18S ribosomal RNA,genomic DNA,1749,Dillenia alata,146788-3,Dilleniaceae,Dillenia,alata,,False,Dillenia alata,43169
AY788163.1,18S ribosomal RNA,genomic DNA,1686,Dillenia philippinensis,316735-1,Dilleniaceae,Dillenia,philippinensis,,False,Dillenia philippinensis,169244
AF094542.1,18S ribosomal RNA,genomic DNA,1695,Hibbertia scandens var. scandens,119441-3,Dilleniaceae,Hibbertia,scandens,scandens,False,Hibbertia volubilis,92930
AF094543.1,18S ribosomal RNA,genomic DNA,1694,Schumacheria sp.,14228-1,Dilleniaceae,Schumacheria,,,True,Schumacheria sp. SH1999,94704
AJ235982.1,18S ribosomal RNA,genomic DNA,1761,Tetracera sarmentosa subsp. sarmentosa,77224316-1,Dilleniaceae,Tetracera,sarmentosa,sarmentosa,False,Tetracera asiatica,85285
AF207049.1,18S ribosomal RNA,genomic DNA,1749,Triphyophyllum peltatum,317595-1,Dioncophyllaceae,Triphyophyllum,peltatum,,False,Triphyophyllum peltatum,63090
EU817833.1,18S ribosomal RNA,genomic DNA,1766,Dioscorea alata,317625-1,Dioscoreaceae,Dioscorea,alata,,False,Dioscorea alata,55571
EU817831.1,18S ribosomal RNA,genomic DNA,1766,Dioscorea alata,317625-1,Dioscoreaceae,Dioscorea,alata,,False,Dioscorea alata,55571
EU420997.1,18S ribosomal RNA,genomic DNA,1775,Dioscorea althaeoides,317632-1,Dioscoreaceae,Dioscorea,althaeoides,,False,Dioscorea althaeoides,502766
KC921384.1,18S ribosomal RNA,genomic DNA,1454,Dioscorea belophylla,60444719-2,Dioscoreaceae,Dioscorea,belophylla,,False,Dioscorea belophylla,1381967
KC921382.1,18S ribosomal RNA,genomic DNA,1467,Dioscorea bulbifera,323908-2,Dioscoreaceae,Dioscorea,bulbifera,,False,Dioscorea bulbifera,35874
FJ215769.1,18S ribosomal RNA,genomic DNA,1671,Dioscorea caucasica,317786-1,Dioscoreaceae,Dioscorea,caucasica,,False,Dioscorea caucasica,49457
EU186223.1,18S ribosomal RNA,genomic DNA,1738,Dioscorea communis,20005752-1,Dioscoreaceae,Dioscorea,communis,,False,Dioscorea communis,55634
FJ215767.1,18S ribosomal RNA,genomic DNA,1671,Dioscorea elephantipes,317936-1,Dioscoreaceae,Dioscorea,elephantipes,,False,Dioscorea elephantipes,145284
EU817835.1,18S ribosomal RNA,genomic DNA,1766,Dioscorea japonica,927492-1,Dioscoreaceae,Dioscorea,japonica,,False,Dioscorea japonica,4673
KC921385.1,18S ribosomal RNA,genomic DNA,1451,Dioscorea lepcharum,318175-1,Dioscoreaceae,Dioscorea,lepcharum,,False,Dioscorea lepcharum,1271615
KC921386.1,18S ribosomal RNA,genomic DNA,1453,Dioscorea melanophyma,318255-1,Dioscoreaceae,Dioscorea,melanophyma,,False,Dioscorea melanophyma,374978
AF309391.1,18S ribosomal RNA,genomic DNA,1736,Dioscorea nipponica,318323-1,Dioscoreaceae,Dioscorea,nipponica,,False,Dioscorea nipponica,64700
JF703101.1,18S ribosomal RNA,genomic DNA,1646,Dioscorea oppositifolia,318348-1,Dioscoreaceae,Dioscorea,oppositifolia,,False,Dioscorea oppositifolia,569628
KC921387.1,18S ribosomal RNA,genomic DNA,1452,Dioscorea oppositifolia,318348-1,Dioscoreaceae,Dioscorea,oppositifolia,,False,Dioscorea oppositifolia,569628
AF309392.1,18S ribosomal RNA,genomic DNA,1470,Dioscorea pentaphylla,318398-1,Dioscoreaceae,Dioscorea,pentaphylla,,False,Dioscorea pentaphylla,167592
KC921380.1,18S ribosomal RNA,genomic DNA,1457,Dioscorea pentaphylla,318398-1,Dioscoreaceae,Dioscorea,pentaphylla,,False,Dioscorea pentaphylla,167592
AF206903.1,18S ribosomal RNA,genomic DNA,1749,Dioscorea polygonoides,323921-2,Dioscoreaceae,Dioscorea,polygonoides,,True,Dioscorea polygonoides,85194
EU817836.1,18S ribosomal RNA,genomic DNA,1766,Dioscorea polystachya,318443-1,Dioscoreaceae,Dioscorea,polystachya,,False,Dioscorea polystachya,55575
EU817838.1,18S ribosomal RNA,genomic DNA,1766,Dioscorea polystachya,318443-1,Dioscoreaceae,Dioscorea,polystachya,,False,Dioscorea polystachya,55575
KC921383.1,18S ribosomal RNA,genomic DNA,1456,Dioscorea pubera,318471-1,Dioscoreaceae,Dioscorea,pubera,,False,Dioscorea pubera,1381966
AF309393.1,18S ribosomal RNA,genomic DNA,1810,Dioscorea schimperiana,318571-1,Dioscoreaceae,Dioscorea,schimperiana,,False,Dioscorea schimperiana,167593
FJ215768.1,18S ribosomal RNA,genomic DNA,1672,Dioscorea sylvatica,318649-1,Dioscoreaceae,Dioscorea,sylvatica,,False,Dioscorea sylvatica,50285
DQ786086.1,18S ribosomal RNA,genomic DNA,1718,Tacca chantrieri,827891-1,Dioscoreaceae,Tacca,chantrieri,,False,Tacca chantrieri,85283
DQ786085.1,18S ribosomal RNA,genomic DNA,1738,Tacca integrifolia,827904-1,Dioscoreaceae,Tacca,integrifolia,,False,Tacca integrifolia,167567
AF309397.1,18S ribosomal RNA,genomic DNA,1760,Tacca leontopetaloides,827910-1,Dioscoreaceae,Tacca,leontopetaloides,,False,Tacca artocarpifolia,167566
EU420999.1,18S ribosomal RNA,genomic DNA,1747,Tacca leontopetaloides,827910-1,Dioscoreaceae,Tacca,leontopetaloides,,False,Tacca leontopetaloides,72648
EU421000.1,18S ribosomal RNA,genomic DNA,1745,Tacca palmata,827919-1,Dioscoreaceae,Tacca,palmata,,False,Tacca palmata,167568
DQ786084.1,18S ribosomal RNA,genomic DNA,1735,Tacca palmatifida,827920-1,Dioscoreaceae,Tacca,palmatifida,,False,Tacca palmatifida,325985
EU421001.1,18S ribosomal RNA,genomic DNA,1620,Tacca parkeri,30093347-2,Dioscoreaceae,Tacca,parkeri,,False,Tacca parkeri,244043
AB679372.1,18S ribosomal RNA,genomic DNA,1746,Tacca sp.,38964-1,Dioscoreaceae,Tacca,,,False,Tacca sp. 14312,203641
KM103409.1,18S ribosomal RNA,genomic DNA,1741,Tacca sp.,38964-1,Dioscoreaceae,Tacca,,,False,Tacca sp. KH-2014,1552351
AF309395.1,18S ribosomal RNA,genomic DNA,1785,Trichopus sempervirens,20005759-1,Dioscoreaceae,Trichopus,sempervirens,,False,Trichopus sempervirens,167580
AF309394.1,18S ribosomal RNA,genomic DNA,1721,Trichopus zeylanicus,318956-1,Dioscoreaceae,Trichopus,zeylanicus,,False,Trichopus zeylanicus,167602
KF255798.1,18S ribosomal RNA,genomic DNA,1562,Trichopus zeylanicus,318956-1,Dioscoreaceae,Trichopus,zeylanicus,,False,Trichopus zeylanicus subsp. travancoricus,459581
AF375610.1,18S ribosomal RNA,genomic DNA,1729,Dipentodon sinicus,324296-2,Dipentodontaceae,Dipentodon,sinicus,,False,Dipentodon sinicus,179843
AY929357.1,18S ribosomal RNA,genomic DNA,1772,Perrottetia longistylis,190586-2,Dipentodontaceae,Perrottetia,longistylis,,False,Perrottetia longistylis,324809
AY929358.1,18S ribosomal RNA,genomic DNA,1773,Perrottetia ovata,162352-1,Dipentodontaceae,Perrottetia,ovata,,False,Perrottetia ovata,123447
AF206849.1,18S ribosomal RNA,genomic DNA,1774,Anisoptera marginata,320558-1,Dipterocarpaceae,Anisoptera,marginata,,False,Anisoptera marginata,69458
JF317364.1,18S ribosomal RNA,genomic DNA,1709,Dirachma socotrana,372126-1,Dirachmaceae,Dirachma,socotrana,,False,Dirachma socotrana,72160
HM640766.1,18S ribosomal RNA,genomic DNA,1739,Doryanthes excelsa,64287-1,Doryanthaceae,Doryanthes,excelsa,,False,Doryanthes excelsa,49713
GQ497572.1,18S ribosomal RNA,genomic DNA,1799,Doryanthes palmeri,64291-1,Doryanthaceae,Doryanthes,palmeri,,False,Doryanthes palmeri,182178
HM640767.1,18S ribosomal RNA,genomic DNA,1739,Doryanthes palmeri,64291-1,Doryanthaceae,Doryanthes,palmeri,,False,Doryanthes palmeri,182178
AY096114.1,18S ribosomal RNA,genomic DNA,1703,Aldrovanda vesiculosa,321755-1,Droseraceae,Aldrovanda,vesiculosa,,False,Aldrovanda vesiculosa,173386
AY096116.1,18S ribosomal RNA,genomic DNA,1743,Dionaea muscipula,275898-2,Droseraceae,Dionaea,muscipula,,False,Dionaea muscipula,4362
AY096117.1,18S ribosomal RNA,genomic DNA,1700,Drosera adelae,321769-1,Droseraceae,Drosera,adelae,,False,Drosera adelae,173387
U42532.1,18S ribosomal RNA,genomic DNA,1713,Drosera capensis,321806-1,Droseraceae,Drosera,capensis,,False,Drosera capensis,4366
AY096118.1,18S ribosomal RNA,genomic DNA,1697,Drosera capensis,321806-1,Droseraceae,Drosera,capensis,,False,Drosera capensis,4366
AY096115.1,18S ribosomal RNA,genomic DNA,1708,Drosera regia,321953-1,Droseraceae,Drosera,regia,,False,Drosera regia,4371
AY096119.1,18S ribosomal RNA,genomic DNA,1691,Drosophyllum lusitanicum,321999-1,Drosophyllaceae,Drosophyllum,lusitanicum,,False,Drosophyllum lusitanicum,4373
MF171070.1,18S ribosomal RNA,genomic DNA,1750,Diospyros dumetorum,322339-1,Ebenaceae,Diospyros,dumetorum,,False,Diospyros dumetorum,210373
GU476411.1,18S ribosomal RNA,genomic DNA,1618,Diospyros ferrea,322393-1,Ebenaceae,Diospyros,ferrea,,False,Diospyros ferrea,240001
XR_008024599.1,18S ribosomal RNA,rRNA,1808,Diospyros lotus,322629-1,Ebenaceae,Diospyros,lotus,,True,Diospyros lotus,55363
MF171071.1,18S ribosomal RNA,genomic DNA,1750,Diospyros strigosa,323050-1,Ebenaceae,Diospyros,strigosa,,False,Diospyros strigosa,1938279
L49279.1,18S ribosomal RNA,genomic DNA,1737,Diospyros virginiana,323180-1,Ebenaceae,Diospyros,virginiana,,False,Diospyros virginiana,13493
GU476412.1,18S ribosomal RNA,genomic DNA,1618,Diospyros virginiana,323180-1,Ebenaceae,Diospyros,virginiana,,False,Diospyros virginiana,13493
GU476413.1,18S ribosomal RNA,genomic DNA,1618,Euclea crispa subsp. linearis,879970-1,Ebenaceae,Euclea,crispa,linearis,False,Euclea crispa subsp. linearis,384993
GQ497573.1,18S ribosomal RNA,genomic DNA,1801,Ecdeiocolea monostachya,715822-1,Ecdeiocoleaceae,Ecdeiocolea,monostachya,,False,Ecdeiocolea monostachya,98869
KM103397.1,18S ribosomal RNA,genomic DNA,1787,Ecdeiocolea sp.,33345-1,Ecdeiocoleaceae,Ecdeiocolea,,,False,Ecdeiocolea sp. KH-2014,1552345
JF317366.1,18S ribosomal RNA,genomic DNA,1724,Elaeagnus bockii,323660-1,Elaeagnaceae,Elaeagnus,bockii,,False,Elaeagnus bockii,193514
L24090.1,18S ribosomal RNA,genomic DNA,1761,Elaeagnus umbellata,927281-1,Elaeagnaceae,Elaeagnus,umbellata,,False,Elaeagnus umbellata,43233
PQ309694.1,18S ribosomal RNA,genomic DNA,1918,Hippophae rhamnoides,323851-1,Elaeagnaceae,Hippophae,rhamnoides,,False,Hippophae rhamnoides,193516
JF317370.1,18S ribosomal RNA,genomic DNA,1724,Hippophae sinensis,70028331-1,Elaeagnaceae,Hippophae,sinensis,,False,Hippophae rhamnoides subsp. sinensis,193531
AF207020.1,18S ribosomal RNA,genomic DNA,1737,Shepherdia canadensis,323864-1,Elaeagnaceae,Shepherdia,canadensis,,False,Shepherdia canadensis,36905
GU476422.1,18S ribosomal RNA,genomic DNA,1599,Aristotelia serrata,323917-1,Elaeocarpaceae,Aristotelia,serrata,,False,Aristotelia serrata,140574
AF206893.1,18S ribosomal RNA,genomic DNA,1740,Crinodendron hookerianum,833692-1,Elaeocarpaceae,Crinodendron,hookerianum,,False,Crinodendron hookerianum,112810
GU476420.1,18S ribosomal RNA,genomic DNA,1599,Elaeocarpus hookerianus,833846-1,Elaeocarpaceae,Elaeocarpus,hookerianus,,False,Elaeocarpus hookerianus,378460
AF206906.1,18S ribosomal RNA,genomic DNA,1754,Elaeocarpus sphaericus,833966-1,Elaeocarpaceae,Elaeocarpus,sphaericus,,False,Elaeocarpus sphaericus,112811
GU476421.1,18S ribosomal RNA,genomic DNA,1599,Elaeocarpus sphaericus,833966-1,Elaeocarpaceae,Elaeocarpus,sphaericus,,False,Elaeocarpus sphaericus,112811
AF206994.1,18S ribosomal RNA,genomic DNA,1756,Platytheca galioides,836147-1,Elaeocarpaceae,Platytheca,galioides,,False,Platytheca verticillata,4273
L28142.1,18S ribosomal RNA,genomic DNA,1736,Sloanea hirsuta subsp. hirsuta,77227064-1,Elaeocarpaceae,Sloanea,hirsuta,hirsuta,False,Pittosporum japonicum,23130
U42826.1,18S ribosomal RNA,genomic DNA,1733,Sloanea latifolia,237432-2,Elaeocarpaceae,Sloanea,latifolia,,False,Sloanea latifolia,45191
AY674577.1,18S ribosomal RNA,genomic DNA,1694,Bergia texana,324651-1,Elatinaceae,Bergia,texana,,False,Bergia texana,256092
AB233541.1,18S ribosomal RNA,genomic DNA,1736,Elatine triandra,89520-2,Elatinaceae,Elatine,triandra,,False,Elatine triandra,256093
AY674594.1,18S ribosomal RNA,genomic DNA,1687,Elatine triandra,89520-2,Elatinaceae,Elatine,triandra,,False,Elatine triandra,256093
AY755698.1,18S ribosomal RNA,genomic DNA,1688,Ephedra alata,383343-1,Ephedraceae,Ephedra,alata,,False,Ephedra alata,302006
AY755696.1,18S ribosomal RNA,genomic DNA,1688,Ephedra altissima,60459745-2,Ephedraceae,Ephedra,altissima,,True,Ephedra altissima,3391
AY755697.1,18S ribosomal RNA,genomic DNA,1688,Ephedra altissima,60459745-2,Ephedraceae,Ephedra,altissima,,True,Ephedra altissima,3391
EF053187.1,18S ribosomal RNA,genomic DNA,1648,Ephedra americana,383352-1,Ephedraceae,Ephedra,americana,,False,Ephedra americana,173275
L24091.1,18S rRNA,genomic DNA,1767,Ephedra antisyphilitica,383355-1,Ephedraceae,Ephedra,antisyphilitica,,False,Ephedra antisyphilitica,36014
AY755682.1,18S ribosomal RNA,genomic DNA,1688,Ephedra antisyphilitica,383355-1,Ephedraceae,Ephedra,antisyphilitica,,False,Ephedra antisyphilitica,36014
AY755695.1,18S ribosomal RNA,genomic DNA,1688,Ephedra aphylla,383356-1,Ephedraceae,Ephedra,aphylla,,False,Ephedra aphylla,191304
AY755676.1,18S ribosomal RNA,genomic DNA,1688,Ephedra californica,383367-1,Ephedraceae,Ephedra,californica,,False,Ephedra californica,45090
AY755679.1,18S ribosomal RNA,genomic DNA,1689,Ephedra chilensis,329491-2,Ephedraceae,Ephedra,chilensis,,True,Ephedra chilensis,224737
AY755691.1,18S ribosomal RNA,genomic DNA,1646,Ephedra chilensis,329491-2,Ephedraceae,Ephedra,chilensis,,True,Ephedra chilensis,224737
FJ957969.1,18S ribosomal RNA,genomic DNA,1689,Ephedra ciliata,383372-1,Ephedraceae,Ephedra,ciliata,,False,Ephedra foliata,302007
FJ957970.1,18S ribosomal RNA,genomic DNA,1689,Ephedra ciliata,383372-1,Ephedraceae,Ephedra,ciliata,,False,Ephedra foliata,302007
AY755686.1,18S ribosomal RNA,genomic DNA,1688,Ephedra distachya,383381-1,Ephedraceae,Ephedra,distachya,,False,Ephedra distachya,3389
FJ957973.1,18S ribosomal RNA,genomic DNA,1657,Ephedra distachya,383381-1,Ephedraceae,Ephedra,distachya,,False,Ephedra distachya,3389
AB453784.1,18S ribosomal RNA,genomic DNA,1792,Ephedra equisetina,928049-1,Ephedraceae,Ephedra,equisetina,,False,Ephedra equisetina,173280
EF053178.1,18S ribosomal RNA,genomic DNA,1736,Ephedra equisetina,928049-1,Ephedraceae,Ephedra,equisetina,,False,Ephedra equisetina,173280
AY755701.1,18S ribosomal RNA,genomic DNA,1688,Ephedra foeminea,383392-1,Ephedraceae,Ephedra,foeminea,,False,Ephedra campylopoda,302009
EF053186.1,18S ribosomal RNA,genomic DNA,1661,Ephedra foeminea,383392-1,Ephedraceae,Ephedra,foeminea,,False,Ephedra major,34344
FJ957974.1,18S ribosomal RNA,genomic DNA,1689,Ephedra fragilis,383397-1,Ephedraceae,Ephedra,fragilis,,False,Ephedra fragilis,50295
FJ957979.1,18S ribosomal RNA,genomic DNA,1689,Ephedra fragilis,383397-1,Ephedraceae,Ephedra,fragilis,,False,Ephedra fragilis,50295
AY755669.1,18S ribosomal RNA,genomic DNA,1689,Ephedra frustillata,383398-1,Ephedraceae,Ephedra,frustillata,,False,Ephedra frustillata,173277
AY755674.1,18S ribosomal RNA,genomic DNA,1689,Ephedra frustillata,383398-1,Ephedraceae,Ephedra,frustillata,,False,Ephedra frustillata,173277
AB453785.1,18S ribosomal RNA,genomic DNA,1792,Ephedra gerardiana,60470164-2,Ephedraceae,Ephedra,gerardiana,,False,Ephedra gerardiana,42328
AY755678.1,18S ribosomal RNA,genomic DNA,1688,Ephedra gerardiana,60470164-2,Ephedraceae,Ephedra,gerardiana,,False,Ephedra gerardiana,42328
AB600676.1,18S ribosomal RNA,genomic DNA,1792,Ephedra intermedia,383409-1,Ephedraceae,Ephedra,intermedia,,False,Ephedra intermedia,173278
AB600675.1,18S ribosomal RNA,genomic DNA,1792,Ephedra intermedia,383409-1,Ephedraceae,Ephedra,intermedia,,False,Ephedra intermedia,173278
FJ957980.1,18S ribosomal RNA,genomic DNA,1689,Ephedra laristanica,996008-1,Ephedraceae,Ephedra,laristanica,,False,Ephedra laristanica,288819
AB453787.1,18S ribosomal RNA,genomic DNA,1792,Ephedra likiangensis,383413-1,Ephedraceae,Ephedra,likiangensis,,False,Ephedra likiangensis,257426
AY755665.1,18S ribosomal RNA,genomic DNA,1688,Ephedra likiangensis,383413-1,Ephedraceae,Ephedra,likiangensis,,False,Ephedra likiangensis,257426
AB600678.1,18S ribosomal RNA,genomic DNA,1792,Ephedra lomatolepis,383415-1,Ephedraceae,Ephedra,lomatolepis,,False,Ephedra lomatolepis,191309
FJ957967.1,18S ribosomal RNA,genomic DNA,1689,Ephedra lomatolepis,383415-1,Ephedraceae,Ephedra,lomatolepis,,False,Ephedra lomatolepis,191309
AB453788.1,18S ribosomal RNA,genomic DNA,1792,Ephedra minuta,383425-1,Ephedraceae,Ephedra,minuta,,False,Ephedra minuta,173279
AY755681.1,18S ribosomal RNA,genomic DNA,1689,Ephedra minuta,383425-1,Ephedraceae,Ephedra,minuta,,False,Ephedra minuta,173279
AB600674.1,18S ribosomal RNA,genomic DNA,1792,Ephedra monosperma,1008173-1,Ephedraceae,Ephedra,monosperma,,False,Ephedra monosperma,173276
AB453789.1,18S ribosomal RNA,genomic DNA,1792,Ephedra monosperma,1008173-1,Ephedraceae,Ephedra,monosperma,,False,Ephedra monosperma,173276
AY755688.1,18S ribosomal RNA,genomic DNA,1689,Ephedra nevadensis,383434-1,Ephedraceae,Ephedra,nevadensis,,False,Ephedra nevadensis,191310
EF053190.1,18S ribosomal RNA,genomic DNA,1652,Ephedra nevadensis,383434-1,Ephedraceae,Ephedra,nevadensis,,False,Ephedra nevadensis,191310
AY755703.1,18S ribosomal RNA,genomic DNA,1624,Ephedra pachyclada,383437-1,Ephedraceae,Ephedra,pachyclada,,False,Ephedra pachyclada,289842
FJ957976.1,18S ribosomal RNA,genomic DNA,1667,Ephedra procera,383448-1,Ephedraceae,Ephedra,procera,,False,Ephedra major subsp. procera,288836
AB453790.1,18S ribosomal RNA,genomic DNA,1792,Ephedra przewalskii,383449-1,Ephedraceae,Ephedra,przewalskii,,False,Ephedra przewalskii,257425
EF053181.1,18S ribosomal RNA,genomic DNA,1665,Ephedra przewalskii,383449-1,Ephedraceae,Ephedra,przewalskii,,False,Ephedra przewalskii,257425
AB600677.1,18S ribosomal RNA,genomic DNA,1792,Ephedra regeliana,383451-1,Ephedraceae,Ephedra,regeliana,,False,Ephedra regeliana,288823
AB453791.1,18S ribosomal RNA,genomic DNA,1792,Ephedra regeliana,383451-1,Ephedraceae,Ephedra,regeliana,,False,Ephedra regeliana,288823
DQ212959.1,18S ribosomal RNA,genomic DNA,1654,Ephedra rhytidosperma,326027-1,Ephedraceae,Ephedra,rhytidosperma,,False,Ephedra rhytidosperma,329755
DQ028781.2,18S ribosomal RNA,genomic DNA,1548,Ephedra rhytidosperma,326027-1,Ephedraceae,Ephedra,rhytidosperma,,False,Ephedra rhytidosperma,329755
AY755689.1,18S ribosomal RNA,genomic DNA,1688,Ephedra rupestris,312979-2,Ephedraceae,Ephedra,rupestris,,False,Ephedra rupestris,288829
FJ957977.1,18S ribosomal RNA,genomic DNA,1537,Ephedra sarcocarpa,383455-1,Ephedraceae,Ephedra,sarcocarpa,,False,Ephedra sarcocarpa,191312
FJ957981.1,18S ribosomal RNA,genomic DNA,1669,Ephedra saxatilis,383456-1,Ephedraceae,Ephedra,saxatilis,,False,Ephedra saxatilis,45091
AB453793.1,18S ribosomal RNA,genomic DNA,1792,Ephedra sinica,383460-1,Ephedraceae,Ephedra,sinica,,False,Ephedra sinica,33152
AB453792.1,18S ribosomal RNA,genomic DNA,1792,Ephedra sinica,383460-1,Ephedraceae,Ephedra,sinica,,False,Ephedra sinica,33152
FJ957966.1,18S ribosomal RNA,genomic DNA,1689,Ephedra somalensis,70028728-1,Ephedraceae,Ephedra,somalensis,,False,Ephedra somalensis,288821
AB453794.1,18S ribosomal RNA,genomic DNA,1792,Ephedra sp.,328160-2,Ephedraceae,Ephedra,,,False,Ephedra sp. M-ESP1,555516
EF053184.1,18S ribosomal RNA,genomic DNA,1736,Ephedra sp.,328160-2,Ephedraceae,Ephedra,,,False,Ephedra sp. Tibet-7,425398
FJ957978.1,18S ribosomal RNA,genomic DNA,1646,Ephedra strobilacea,928048-1,Ephedraceae,Ephedra,strobilacea,,False,Ephedra strobilacea,288822
AY755684.1,18S ribosomal RNA,genomic DNA,1689,Ephedra torreyana,30155955-2,Ephedraceae,Ephedra,torreyana,,False,Ephedra torreyana,45077
EF053189.1,18S ribosomal RNA,genomic DNA,1657,Ephedra triandra,383468-1,Ephedraceae,Ephedra,triandra,,False,Ephedra triandra,288830
AY755687.1,18S ribosomal RNA,genomic DNA,1688,Ephedra trifurca,383471-1,Ephedraceae,Ephedra,trifurca,,False,Ephedra trifurca,39583
EF053185.1,18S ribosomal RNA,genomic DNA,1650,Ephedra tweedieana,383472-1,Ephedraceae,Ephedra,tweedieana,,False,Ephedra tweediana,3390
AY755692.1,18S ribosomal RNA,genomic DNA,1467,Ephedra tweedieana,383472-1,Ephedraceae,Ephedra,tweedieana,,False,Ephedra tweediana,3390
AF419795.1,18S ribosomal RNA,genomic DNA,1767,Arbutus canariensis,326442-1,Ericaceae,Arbutus,canariensis,,False,Arbutus canariensis,13343
AF206853.1,18S ribosomal RNA,genomic DNA,1744,Arbutus unedo,326526-1,Ericaceae,Arbutus,unedo,,False,Arbutus unedo,84005
AF161008.1,18S ribosomal RNA,genomic DNA,1744,Arbutus unedo,326526-1,Ericaceae,Arbutus,unedo,,False,Arbutus unedo,84005
L49272.1,18S ribosomal RNA,genomic DNA,1738,Arctostaphylos uva-ursi,1024084-2,Ericaceae,Arctostaphylos,uva-ursi,,False,Arctostaphylos uva-ursi,84009
AF419797.1,18S ribosomal RNA,genomic DNA,1788,Calluna vulgaris,327305-1,Ericaceae,Calluna,vulgaris,,False,Calluna vulgaris,13385
AF419798.1,18S ribosomal RNA,genomic DNA,1793,Cassiope mertensiana,327321-1,Ericaceae,Cassiope,mertensiana,,False,Cassiope mertensiana,13405
AF419799.1,18S ribosomal RNA,genomic DNA,1787,Ceratiola ericoides,324754-1,Ericaceae,Ceratiola,ericoides,,False,Ceratiola ericoides,13411
AF419800.1,18S ribosomal RNA,genomic DNA,1794,Chamaedaphne calyculata,1058520-2,Ericaceae,Chamaedaphne,calyculata,,False,Chamaedaphne calyculata,13417
AF419801.1,18S ribosomal RNA,genomic DNA,1795,Cosmelia rubra,324943-1,Ericaceae,Cosmelia,rubra,,False,Cosmelia rubra,55226
AF419809.1,18S ribosomal RNA,genomic DNA,1793,Dracophyllum longifolium,77133255-1,Ericaceae,Dracophyllum,longifolium,,False,Dracophyllum longifolium,13500
AF419802.1,18S ribosomal RNA,genomic DNA,1790,Enkianthus campanulatus,328063-1,Ericaceae,Enkianthus,campanulatus,,False,Enkianthus campanulatus,13508
AF419803.1,18S ribosomal RNA,genomic DNA,1787,Epacris impressa,325143-1,Ericaceae,Epacris,impressa,,False,Epacris impressa,64689
AF419804.1,18S ribosomal RNA,genomic DNA,1790,Gaultheria eriophylla,330529-1,Ericaceae,Gaultheria,eriophylla,,False,Gaultheria eriophylla,13539
HQ448762.1,18S ribosomal RNA,genomic DNA,1614,Hemitomes congestum,582515-1,Ericaceae,Hemitomes,congestum,,False,Hemitomes congestum,176246
L25680.1,18S ribosomal RNA,genomic DNA,1764,Monotropa uniflora,281016-2,Ericaceae,Monotropa,uniflora,,False,Monotropa uniflora,50148
KC588401.1,18S ribosomal RNA,genomic DNA,1764,Monotropastrum humile,582559-1,Ericaceae,Monotropastrum,humile,,False,Monotropastrum humile,176250
KC588402.1,18S ribosomal RNA,genomic DNA,1758,Monotropastrum humile,582559-1,Ericaceae,Monotropastrum,humile,,False,Cheilotheca macrocarpa,626230
AF419805.1,18S ribosomal RNA,genomic DNA,1797,Pentachondra pumila,325577-1,Ericaceae,Pentachondra,pumila,,False,Pentachondra pumila,13630
HQ448764.1,18S ribosomal RNA,genomic DNA,1613,Pityopus californicus,200890-2,Ericaceae,Pityopus,californicus,,False,Pityopus californicus,176255
AF419806.1,18S ribosomal RNA,genomic DNA,1787,Prionotes cerinthoides,325592-1,Ericaceae,Prionotes,cerinthoides,,False,Prionotes cerinthoides,55259
U59943.1,18S ribosomal RNA,genomic DNA,1760,Pterospora andromedea,582569-1,Ericaceae,Pterospora,andromedea,,False,Pterospora andromedea,4349
U59936.1,18S ribosomal RNA,genomic DNA,1760,Pyrola picta,331838-1,Ericaceae,Pyrola,picta,,False,Pyrola picta,48518
AF419810.1,18S ribosomal RNA,genomic DNA,1796,Pyrola rotundifolia,331846-1,Ericaceae,Pyrola,rotundifolia,,False,Pyrola rotundifolia,13651
AF419807.1,18S ribosomal RNA,genomic DNA,1750,Rhododendron hippophaeoides,332575-1,Ericaceae,Rhododendron,hippophaeoides,,False,Rhododendron hippophaeoides,4347
XR_009194849.1,18S ribosomal RNA,rRNA,1812,Rhododendron vialii,333561-1,Ericaceae,Rhododendron,vialii,,False,Rhododendron vialii,182163
XR_009194841.1,18S ribosomal RNA,rRNA,1809,Rhododendron vialii,333561-1,Ericaceae,Rhododendron,vialii,,False,Rhododendron vialii,182163
U59945.1,18S ribosomal RNA,genomic DNA,1763,Sarcodes sanguinea,227700-2,Ericaceae,Sarcodes,sanguinea,,False,Sarcodes sanguinea,4351
AF419808.1,18S ribosomal RNA,genomic DNA,1790,Vaccinium macrocarpon,261912-2,Ericaceae,Vaccinium,macrocarpon,,False,Vaccinium macrocarpon,13750
L49297.2,18S ribosomal RNA,genomic DNA,1734,Vaccinium macrocarpon,261912-2,Ericaceae,Vaccinium,macrocarpon,,False,Vaccinium macrocarpon,13750
AY952402.1,18S ribosomal RNA,genomic DNA,1769,Eriocaulon aquaticum,1060148-2,Eriocaulaceae,Eriocaulon,aquaticum,,True,Eriocaulon aquaticum,72646
KM103398.1,18S ribosomal RNA,genomic DNA,1581,Eriocaulon schimperi,335698-1,Eriocaulaceae,Eriocaulon,schimperi,,False,Eriocaulon schimperi,1387319
FJ669694.1,18S ribosomal RNA,genomic DNA,1694,Aneulophus africanus,543892-1,Erythroxylaceae,Aneulophus,africanus,,False,Aneulophus africanus,117153
AF206909.1,18S ribosomal RNA,genomic DNA,1733,Erythroxylum confusum,296482-2,Erythroxylaceae,Erythroxylum,confusum,,False,Erythroxylum confusum,13512
FJ588876.1,18S ribosomal RNA,genomic DNA,1587,Erythroxylum monogynum,544103-1,Erythroxylaceae,Erythroxylum,monogynum,,False,Erythroxylum monogynum,591145
AB233618.1,18S ribosomal RNA,genomic DNA,1693,Erythroxylum novocaledonicum,337009-1,Erythroxylaceae,Erythroxylum,novocaledonicum,,False,Erythroxylum novocaledonicum,212240
U42807.1,18S ribosomal RNA,genomic DNA,1736,Eremosyne pectinata,790973-1,Escalloniaceae,Eremosyne,pectinata,,False,Eremosyne pectinata,43129
U42544.1,18S ribosomal RNA,genomic DNA,1716,Escallonia angustifolia,790980-1,Escalloniaceae,Escallonia,angustifolia,,False,Escallonia coquimbensis,23076
GQ983575.1,18S ribosomal RNA,genomic DNA,1725,Polyosma sp.,37128-1,Escalloniaceae,Polyosma,,,False,Polyosma sp. McPherson 18643,880047
OR296708.1,18S ribosomal RNA,genomic DNA,2187,Eucommia ulmoides,554475-1,Eucommiaceae,Eucommia,ulmoides,,False,Eucommia ulmoides,4392
HQ384682.1,18S ribosomal RNA,genomic DNA,1748,Eucommia ulmoides,554475-1,Eucommiaceae,Eucommia,ulmoides,,False,Eucommia ulmoides,4392
AY674572.1,18S ribosomal RNA,genomic DNA,1712,Acalypha californica,1150-2,Euphorbiaceae,Acalypha,californica,,False,Acalypha californica,256091
AB233542.1,18S ribosomal RNA,genomic DNA,1736,Acalypha insulana,337500-1,Euphorbiaceae,Acalypha,insulana,,False,Acalypha insulana,212272
AB268069.1,18S ribosomal RNA,genomic DNA,1734,Acidoton urens,337987-1,Euphorbiaceae,Acidoton,urens,,False,Acidoton urens,398583
AB233571.1,18S ribosomal RNA,genomic DNA,1736,Actinostemon concolor,1187218-2,Euphorbiaceae,Actinostemon,concolor,,False,Actinostemon concolor,344420
AB268070.1,18S ribosomal RNA,genomic DNA,1732,Adelia ricinella,4207-2,Euphorbiaceae,Adelia,ricinella,,False,Adelia ricinella,316673
AB233562.1,18S ribosomal RNA,genomic DNA,1736,Adenocline acuta,338158-1,Euphorbiaceae,Adenocline,acuta,,False,Adenocline acuta,344421
AB268110.1,18S ribosomal RNA,genomic DNA,1736,Adenopeltis serrata,4367-2,Euphorbiaceae,Adenopeltis,serrata,,False,Adenopeltis serrata,316826
AB233543.1,18S ribosomal RNA,genomic DNA,1736,Adriana quadripartita,338253-1,Euphorbiaceae,Adriana,quadripartita,,False,Adriana quadripartita,344422
L37581.1,18S rRNA,genomic DNA,1737,Adriana tomentosa var. tomentosa,77167470-1,Euphorbiaceae,Adriana,tomentosa,tomentosa,False,Adriana glabrata,37497
AB233544.1,18S ribosomal RNA,genomic DNA,1736,Agrostistachys borneensis,338288-1,Euphorbiaceae,Agrostistachys,borneensis,,False,Agrostistachys borneensis,212274
AB268071.1,18S ribosomal RNA,genomic DNA,1735,Argomuellera macrophylla,339401-1,Euphorbiaceae,Argomuellera,macrophylla,,False,Argomuellera macrophylla,316910
AB233553.1,18S ribosomal RNA,genomic DNA,1736,Argythamnia montevidensis,339374-1,Euphorbiaceae,Argythamnia,montevidensis,,False,Argythamnia montevidensis,344433
AB233563.1,18S ribosomal RNA,genomic DNA,1736,Baloghia inophylla,943159-1,Euphorbiaceae,Baloghia,inophylla,,False,Baloghia inophylla,316759
AB268091.1,18S ribosomal RNA,genomic DNA,1736,Bertya sharpeana,936006-1,Euphorbiaceae,Bertya,sharpeana,,False,Bertya sharpeana,398629
AB268092.1,18S ribosomal RNA,genomic DNA,1736,Blachia siamensis,339944-1,Euphorbiaceae,Blachia,siamensis,,False,Blachia siamensis,316761
AB233545.1,18S ribosomal RNA,genomic DNA,1736,Caryodendron orinocense,340439-1,Euphorbiaceae,Caryodendron,orinocense,,False,Caryodendron orinocense,316669
AB268066.1,18S ribosomal RNA,genomic DNA,1736,Cheilosa montana,340901-1,Euphorbiaceae,Cheilosa,montana,,False,Cheilosa montana,398611
AB233547.1,18S ribosomal RNA,genomic DNA,1736,Chondrostylis kunstleri,340933-1,Euphorbiaceae,Chondrostylis,kunstleri,,False,Chondrostylis kunstleri,344414
AB233548.1,18S ribosomal RNA,genomic DNA,1736,Chrozophora oblongifolia,60464928-2,Euphorbiaceae,Chrozophora,oblongifolia,,False,Chrozophora oblongifolia,344429
KY498663.1,18S ribosomal RNA,genomic DNA,1655,Cladogynos orientalis,341028-1,Euphorbiaceae,Cladogynos,orientalis,,False,Cladogynos orientalis,2068634
KY498664.1,18S ribosomal RNA,genomic DNA,1637,Cleidiocarpon cavaleriei,341239-1,Euphorbiaceae,Cleidiocarpon,cavaleriei,,False,Cleidiocarpon cavaleriei,1848211
AB268093.1,18S ribosomal RNA,genomic DNA,1736,Cnidoscolus aconitifolius,61821-2,Euphorbiaceae,Cnidoscolus,aconitifolius,,False,Cnidoscolus aconitifolius,398630
AB268094.1,18S ribosomal RNA,genomic DNA,1736,Cocconerion minus,341806-1,Euphorbiaceae,Cocconerion,minus,,False,Cocconerion minus,398613
AB233564.1,18S ribosomal RNA,genomic DNA,1736,Codiaeum peltatum,943160-1,Euphorbiaceae,Codiaeum,peltatum,,False,Codiaeum peltatum,212292
AY674586.1,18S ribosomal RNA,genomic DNA,1712,Codiaeum variegatum,85073-3,Euphorbiaceae,Codiaeum,variegatum,,False,Codiaeum variegatum,138558
AY674587.1,18S ribosomal RNA,genomic DNA,1711,Conceveiba martiana,341924-1,Euphorbiaceae,Conceveiba,martiana,,False,Conceveiba martiana,289641
AY674588.1,18S ribosomal RNA,genomic DNA,1714,Croton alabamensis var. alabamensis,77168013-1,Euphorbiaceae,Croton,alabamensis,alabamensis,False,Croton alabamensis var. alabamensis,289670
AB233565.1,18S ribosomal RNA,genomic DNA,1734,Croton insularis,342726-1,Euphorbiaceae,Croton,insularis,,False,Croton insularis,212293
KT459186.1,18S ribosomal RNA,genomic DNA,1810,Croton texensis,1197425-2,Euphorbiaceae,Croton,texensis,,False,Croton texensis,504260
AB233550.1,18S ribosomal RNA,genomic DNA,1736,Crotonogynopsis usambarica,343811-1,Euphorbiaceae,Crotonogynopsis,usambarica,,False,Crotonogynopsis usambarica,316675
AB233551.1,18S ribosomal RNA,genomic DNA,1715,Dalechampia spathulata,1092397-2,Euphorbiaceae,Dalechampia,spathulata,,False,Dalechampia spathulata,212295
AY788149.1,18S ribosomal RNA,genomic DNA,1708,Dalechampia spathulata,1092397-2,Euphorbiaceae,Dalechampia,spathulata,,False,Dalechampia spathulata,212295
AB268072.1,18S ribosomal RNA,genomic DNA,1726,Discoglypremna caloneura,344849-1,Euphorbiaceae,Discoglypremna,caloneura,,False,Discoglypremna caloneura,316671
AB268095.1,18S ribosomal RNA,genomic DNA,1736,Ditta myricoides,344932-1,Euphorbiaceae,Ditta,myricoides,,False,Ditta myricoides,316687
AB268073.1,18S ribosomal RNA,genomic DNA,1731,Droceloncia rigidifolia,344945-1,Euphorbiaceae,Droceloncia,rigidifolia,,False,Droceloncia rigidifolia,398615
AB268096.1,18S ribosomal RNA,genomic DNA,1733,Elateriospermum tapos,345259-1,Euphorbiaceae,Elateriospermum,tapos,,False,Elateriospermum tapos,212299
AB268097.1,18S ribosomal RNA,genomic DNA,1733,Endospermum moluccanum,77176800-1,Euphorbiaceae,Endospermum,moluccanum,,False,Endospermum moluccanum,124827
AY674595.1,18S ribosomal RNA,genomic DNA,1687,Endospermum moluccanum,77176800-1,Euphorbiaceae,Endospermum,moluccanum,,False,Endospermum moluccanum,124827
KY498665.1,18S ribosomal RNA,genomic DNA,1666,Epiprinus siletianus,345307-1,Euphorbiaceae,Epiprinus,siletianus,,False,Epiprinus siletianus,1679419
KY498666.1,18S ribosomal RNA,genomic DNA,1653,Epiprinus siletianus,345307-1,Euphorbiaceae,Epiprinus,siletianus,,False,Epiprinus siletianus,1679419
AB268074.1,18S ribosomal RNA,genomic DNA,1735,Erythrococca anomala,345346-1,Euphorbiaceae,Erythrococca,anomala,,False,Erythrococca anomala,398631
AB268111.1,18S ribosomal RNA,genomic DNA,1735,Euphorbia atoto,345695-1,Euphorbiaceae,Euphorbia,atoto,,False,Euphorbia atoto,212286
KT459188.1,18S ribosomal RNA,genomic DNA,1808,Euphorbia esula,346448-1,Euphorbiaceae,Euphorbia,esula,,False,Euphorbia esula,3993
AB233576.1,18S ribosomal RNA,genomic DNA,1736,Euphorbia grantii,346682-1,Euphorbiaceae,Euphorbia,grantii,,False,Euphorbia grantii,213049
AB233572.1,18S ribosomal RNA,genomic DNA,1736,Euphorbia humifusa,346840-1,Euphorbiaceae,Euphorbia,humifusa,,False,Euphorbia humifusa,212301
XR_010678015.1,18S ribosomal RNA,rRNA,1812,Euphorbia lathyris,347072-1,Euphorbiaceae,Euphorbia,lathyris,,True,Euphorbia lathyris,212925
XR_010678013.1,18S ribosomal RNA,rRNA,1809,Euphorbia lathyris,347072-1,Euphorbiaceae,Euphorbia,lathyris,,True,Euphorbia lathyris,212925
KT459189.1,18S ribosomal RNA,genomic DNA,1808,Euphorbia marginata,101724-2,Euphorbiaceae,Euphorbia,marginata,,True,Euphorbia marginata,28955
AB268114.1,18S ribosomal RNA,genomic DNA,1736,Euphorbia neocrispa,77074448-1,Euphorbiaceae,Euphorbia,neocrispa,,False,Euphorbia neocrispa,398634
L37582.1,18S rRNA,genomic DNA,1740,Euphorbia pulcherrima,30176564-2,Euphorbiaceae,Euphorbia,pulcherrima,,False,Euphorbia pulcherrima,37495
U42535.1,18S ribosomal RNA,genomic DNA,1736,Euphorbia pulcherrima,30176564-2,Euphorbiaceae,Euphorbia,pulcherrima,,False,Euphorbia pulcherrima,37495
AB268115.1,18S ribosomal RNA,genomic DNA,1736,Euphorbia tithymaloides,102036-2,Euphorbiaceae,Euphorbia,tithymaloides,,False,Euphorbia tithymaloides,212310
AY289628.1,18S ribosomal RNA,genomic DNA,1670,Excoecaria agallocha,348815-1,Euphorbiaceae,Excoecaria,agallocha,,False,Excoecaria agallocha,241838
KC140581.1,18S ribosomal RNA,genomic DNA,1659,Excoecaria agallocha,348815-1,Euphorbiaceae,Excoecaria,agallocha,,False,Excoecaria agallocha,241838
AB233573.1,18S ribosomal RNA,genomic DNA,1709,Excoecaria cochinchinensis,348839-1,Euphorbiaceae,Excoecaria,cochinchinensis,,False,Excoecaria cochinchinensis,179682
AB233566.1,18S ribosomal RNA,genomic DNA,1736,Fontainea venosa,906134-1,Euphorbiaceae,Fontainea,venosa,,False,Fontainea venosa,316765
AB268098.1,18S ribosomal RNA,genomic DNA,1736,Glycydendron amazonicum,111068-2,Euphorbiaceae,Glycydendron,amazonicum,,False,Glycydendron amazonicum,316689
XR_009146660.1,18S ribosomal RNA,rRNA,1809,Hevea brasiliensis,349913-1,Euphorbiaceae,Hevea,brasiliensis,,False,Hevea brasiliensis,3981
XR_009146661.1,18S ribosomal RNA,rRNA,1809,Hevea brasiliensis,349913-1,Euphorbiaceae,Hevea,brasiliensis,,False,Hevea brasiliensis,3981
AY674601.1,18S ribosomal RNA,genomic DNA,1712,Hevea sp.,327698-2,Euphorbiaceae,Hevea,,,False,Hevea sp. Gillespie 4272,289674
AB268112.1,18S ribosomal RNA,genomic DNA,1736,Hippomane mancinella,349995-1,Euphorbiaceae,Hippomane,mancinella,,False,Hippomane mancinella,316844
AB268113.1,18S ribosomal RNA,genomic DNA,1733,Homalanthus nutans,350030-1,Euphorbiaceae,Homalanthus,nutans,,False,Homalanthus nutans,398632
AY674604.1,18S ribosomal RNA,genomic DNA,1682,Homalanthus populneus,352545-1,Euphorbiaceae,Homalanthus,populneus,,False,Homalanthus populneus,124835
AB233574.1,18S ribosomal RNA,genomic DNA,1736,Hura crepitans,350060-1,Euphorbiaceae,Hura,crepitans,,False,Hura crepitans,99294
AY674606.1,18S ribosomal RNA,genomic DNA,1712,Hura crepitans,350060-1,Euphorbiaceae,Hura,crepitans,,False,Hura crepitans,99294
AY823528.1,18S ribosomal RNA,genomic DNA,1451,Jatropha curcas,131462-2,Euphorbiaceae,Jatropha,curcas,,False,Jatropha curcas,180498
AB233567.1,18S ribosomal RNA,genomic DNA,1736,Jatropha integerrima,350290-1,Euphorbiaceae,Jatropha,integerrima,,False,Jatropha integerrima,316874
AB268100.1,18S ribosomal RNA,genomic DNA,1736,Klaineanthus gaboniae,350711-1,Euphorbiaceae,Klaineanthus,gaboniae,,False,Klaineanthus gaboniae,316691
KY498667.1,18S ribosomal RNA,genomic DNA,1665,Koilodepas hainanense,341866-1,Euphorbiaceae,Koilodepas,hainanense,,False,Koilodepas hainanense,2068635
AY788152.1,18S ribosomal RNA,genomic DNA,1707,Lasiocroton bahamensis,135797-2,Euphorbiaceae,Lasiocroton,bahamensis,,False,Lasiocroton bahamensis,289646
AB268075.1,18S ribosomal RNA,genomic DNA,1734,Lasiocroton macrophyllus,350755-1,Euphorbiaceae,Lasiocroton,macrophyllus,,False,Lasiocroton macrophyllus,353067
AB268076.1,18S ribosomal RNA,genomic DNA,1734,Lasiocroton microphyllus,77109489-1,Euphorbiaceae,Lasiocroton,microphyllus,,False,Lasiocroton microphyllus,316680
AB268077.1,18S ribosomal RNA,genomic DNA,1730,Lobanilia bakeriana,946859-1,Euphorbiaceae,Lobanilia,bakeriana,,False,Lobanilia bakeriana,316644
AB268078.1,18S ribosomal RNA,genomic DNA,1735,Macaranga aleuritoides,351020-1,Euphorbiaceae,Macaranga,aleuritoides,,False,Macaranga aleuritoides,212302
AB233554.1,18S ribosomal RNA,genomic DNA,1736,Macaranga tanarius,351381-1,Euphorbiaceae,Macaranga,tanarius,,False,Macaranga tanarius,109849
AB268079.1,18S ribosomal RNA,genomic DNA,1713,Mallotus japonicus,351579-1,Euphorbiaceae,Mallotus,japonicus,,False,Mallotus japonicus,29747
XR_006349783.1,18S ribosomal RNA,rRNA,1817,Manihot esculenta,351790-1,Euphorbiaceae,Manihot,esculenta,,False,Manihot esculenta,3983
XR_006349680.1,18S ribosomal RNA,rRNA,1809,Manihot esculenta,351790-1,Euphorbiaceae,Manihot,esculenta,,False,Manihot esculenta,3983
FJ707524.1,18S ribosomal RNA,genomic DNA,1695,Manihot grahamii,351805-1,Euphorbiaceae,Manihot,grahamii,,False,Manihot grahamii,316880
AB268080.1,18S ribosomal RNA,genomic DNA,1735,Mareya micrantha,352062-1,Euphorbiaceae,Mareya,micrantha,,False,Mareya micrantha,316647
AB268081.1,18S ribosomal RNA,genomic DNA,1736,Melanolepis multiglandulosa,352136-1,Euphorbiaceae,Melanolepis,multiglandulosa,,False,Melanolepis multiglandulosa,212304
XR_007637348.1,18S ribosomal RNA,rRNA,1849,Mercurialis annua,352179-1,Euphorbiaceae,Mercurialis,annua,,False,Mercurialis annua,3986
XR_007637307.1,18S ribosomal RNA,rRNA,1845,Mercurialis annua,352179-1,Euphorbiaceae,Mercurialis,annua,,False,Mercurialis annua,3986
AB233555.1,18S ribosomal RNA,genomic DNA,1736,Mercurialis leiocarpa,352199-1,Euphorbiaceae,Mercurialis,leiocarpa,,False,Mercurialis leiocarpa,197602
AB268101.1,18S ribosomal RNA,genomic DNA,1736,Micrandra spruceana,159993-2,Euphorbiaceae,Micrandra,spruceana,,False,Micrandra spruceana,398633
AB268102.1,18S ribosomal RNA,genomic DNA,1736,Micrandropsis scleroxylon,159995-2,Euphorbiaceae,Micrandropsis,scleroxylon,,False,Micrandropsis scleroxylon,398625
FJ669695.1,18S ribosomal RNA,genomic DNA,1698,Moultonianthus leembruggianus,352446-1,Euphorbiaceae,Moultonianthus,leembruggianus,,False,Moultonianthus leembruggianus,316808
AB233556.1,18S ribosomal RNA,genomic DNA,1736,Necepsia afzelii,352463-1,Euphorbiaceae,Necepsia,afzelii,,False,Necepsia afzelii,344416
AB233569.1,18S ribosomal RNA,genomic DNA,1736,Neoboutonia mannii,352471-1,Euphorbiaceae,Neoboutonia,mannii,,False,Neoboutonia mannii,316725
AB268067.1,18S ribosomal RNA,genomic DNA,1736,Neoscortechinia forbesii,352506-1,Euphorbiaceae,Neoscortechinia,forbesii,,False,Neoscortechinia forbesii,398635
AB268068.1,18S ribosomal RNA,genomic DNA,1736,Neoscortechinia kingii,352507-1,Euphorbiaceae,Neoscortechinia,kingii,,False,Neoscortechinia kingii,124833
AY674619.1,18S ribosomal RNA,genomic DNA,1708,Neoscortechinia kingii,352507-1,Euphorbiaceae,Neoscortechinia,kingii,,False,Neoscortechinia kingii,124833
AY674622.1,18S ribosomal RNA,genomic DNA,1709,Omphalea diandra,352565-1,Euphorbiaceae,Omphalea,diandra,,True,Omphalea diandra,289649
AB268103.1,18S ribosomal RNA,genomic DNA,1736,Ophellantha spinosa,311248-2,Euphorbiaceae,Ophellantha,spinosa,,False,Ophellantha spinosa,323091
AB268104.1,18S ribosomal RNA,genomic DNA,1733,Ostodes paniculata,352623-1,Euphorbiaceae,Ostodes,paniculata,,False,Ostodes paniculata,124837
AB268082.1,18S ribosomal RNA,genomic DNA,1731,Paranecepsia alchorneifolia,353235-1,Euphorbiaceae,Paranecepsia,alchorneifolia,,False,Paranecepsia alchorneifolia,316739
AB268083.1,18S ribosomal RNA,genomic DNA,1736,Philyra brasiliensis,353418-1,Euphorbiaceae,Philyra,brasiliensis,,False,Philyra brasiliensis,316617
AB233575.1,18S ribosomal RNA,genomic DNA,1736,Pimelodendron griffithianum,77176667-1,Euphorbiaceae,Pimelodendron,griffithianum,,False,Pimelodendron griffithianum,212315
AY674628.1,18S ribosomal RNA,genomic DNA,1712,Pimelodendron zoanthogyne,77176992-1,Euphorbiaceae,Pimelodendron,zoanthogyne,,False,Pimelodendron zoanthogyne,179698
AB268084.1,18S ribosomal RNA,genomic DNA,1736,Plukenetia polyadenia,203935-2,Euphorbiaceae,Plukenetia,polyadenia,,False,Plukenetia polyadenia,398636
KP729648.1,18S ribosomal RNA,genomic DNA,1700,Plukenetia volubilis,354970-1,Euphorbiaceae,Plukenetia,volubilis,,True,Plukenetia volubilis,316893
AB233558.1,18S ribosomal RNA,genomic DNA,1736,Pycnocoma cornuta,355122-1,Euphorbiaceae,Pycnocoma,cornuta,,False,Pycnocoma cornuta,344442
AB268105.1,18S ribosomal RNA,genomic DNA,1736,Ricinocarpos pinifolius,355235-1,Euphorbiaceae,Ricinocarpos,pinifolius,,False,Ricinocarpos pinifolius,398637
XR_007214941.1,18S ribosomal RNA,rRNA,1809,Ricinus communis,355498-1,Euphorbiaceae,Ricinus,communis,,False,Ricinus communis,3988
XR_007214944.1,18S ribosomal RNA,rRNA,1809,Ricinus communis,355498-1,Euphorbiaceae,Ricinus,communis,,False,Ricinus communis,3988
AB233560.1,18S ribosomal RNA,genomic DNA,1733,Romanoa tamnoides,355591-1,Euphorbiaceae,Romanoa,tamnoides,,False,Romanoa tamnoides,316895
AB233570.1,18S ribosomal RNA,genomic DNA,1736,Schinziophyton rautanenii,947611-1,Euphorbiaceae,Schinziophyton,rautanenii,,False,Schinziophyton rautanenii,212325
AB268085.1,18S ribosomal RNA,genomic DNA,1735,Seidelia triandra,356367-1,Euphorbiaceae,Seidelia,triandra,,False,Seidelia triandra,316656
AY788151.1,18S ribosomal RNA,genomic DNA,1710,Spathiostemon javensis,250467-1,Euphorbiaceae,Spathiostemon,javensis,,False,Spathiostemon javensis,314337
AB268086.1,18S ribosomal RNA,genomic DNA,1736,Speranskia cantonensis,356420-1,Euphorbiaceae,Speranskia,cantonensis,,False,Speranskia cantonensis,316744
AB268116.1,18S ribosomal RNA,genomic DNA,1736,Spirostachys africana,356435-1,Euphorbiaceae,Spirostachys,africana,,False,Spirostachys africana,316863
AB268087.1,18S ribosomal RNA,genomic DNA,1736,Sumbaviopsis albicans,356640-1,Euphorbiaceae,Sumbaviopsis,albicans,,False,Sumbaviopsis albicans,179704
AB268106.1,18S ribosomal RNA,genomic DNA,1734,Suregada aequorea,356642-1,Euphorbiaceae,Suregada,aequorea,,False,Suregada aequorea,316818
AY788157.1,18S ribosomal RNA,genomic DNA,1709,Suregada boiviniana,356652-1,Euphorbiaceae,Suregada,boiviniana,,False,Suregada boiviniana,314341
AB268107.1,18S ribosomal RNA,genomic DNA,1736,Suregada glomerulata,356667-1,Euphorbiaceae,Suregada,glomerulata,,False,Suregada glomerulata,316821
AB268108.1,18S ribosomal RNA,genomic DNA,1731,Tetrorchidium rubrivenium,356873-1,Euphorbiaceae,Tetrorchidium,rubrivenium,,False,Tetrorchidium rubrivenium,398638
AY788159.1,18S ribosomal RNA,genomic DNA,1712,Tetrorchidium sp.,327704-2,Euphorbiaceae,Tetrorchidium,,,False,Tetrorchidium sp. Bell 93-204,289658
AB268088.1,18S ribosomal RNA,genomic DNA,1736,Tragia betonicifolia,357676-1,Euphorbiaceae,Tragia,betonicifolia,,True,Tragia betonicifolia,398639
AB268089.1,18S ribosomal RNA,genomic DNA,1736,Tragiella anomala,357921-1,Euphorbiaceae,Tragiella,anomala,,False,Tragiella anomala,316901
KY656703.1,18S ribosomal RNA,genomic DNA,1808,Triadica sebifera,256588-2,Euphorbiaceae,Triadica,sebifera,,False,Triadica sebifera,139772
AB268117.1,18S ribosomal RNA,genomic DNA,1686,Triadica sebifera,256588-2,Euphorbiaceae,Triadica,sebifera,,False,Triadica sebifera,139772
AY788160.1,18S ribosomal RNA,genomic DNA,1710,Trigonostemon capitellatus,357991-1,Euphorbiaceae,Trigonostemon,capitellatus,,False,Trigonostemon verrucosus,289661
KY498668.1,18S ribosomal RNA,genomic DNA,1677,Tsaiodendron dioicum,77164524-1,Euphorbiaceae,Tsaiodendron,dioicum,,False,Tsaiodendron dioicum,2068637
AB268109.1,18S ribosomal RNA,genomic DNA,1736,Vernicia montana,358199-1,Euphorbiaceae,Vernicia,montana,,False,Vernicia montana,316732
AB268090.1,18S ribosomal RNA,genomic DNA,1735,Wetria insignis,358210-1,Euphorbiaceae,Wetria,insignis,,False,Wetria insignis,398640
AB233533.1,18S ribosomal RNA,genomic DNA,1736,Euphronia guianensis,724860-1,Euphroniaceae,Euphronia,guianensis,,False,Euphronia guianensis,82261
AY674597.1,18S ribosomal RNA,genomic DNA,1712,Euphronia guianensis,724860-1,Euphroniaceae,Euphronia,guianensis,,False,Euphronia guianensis,82261
AF469771.1,18S ribosomal RNA,genomic DNA,1730,Eupomatia bennettii,72993-1,Eupomatiaceae,Eupomatia,bennettii,,False,Eupomatia bennettii,13521
L75831.1,18S ribosomal RNA,genomic DNA,1711,Euptelea polyandra,554480-1,Eupteleaceae,Euptelea,polyandra,,False,Euptelea polyandra,13523
XR_003504792.1,18S ribosomal RNA,rRNA,1811,Abrus precatorius,469605-1,Fabaceae,Abrus,precatorius,,False,Abrus precatorius,3816
XR_003504793.1,18S ribosomal RNA,rRNA,1811,Abrus precatorius,469605-1,Fabaceae,Abrus,precatorius,,False,Abrus precatorius,3816
GU476370.1,18S ribosomal RNA,genomic DNA,1618,Acacia aulacocarpa,469779-1,Fabaceae,Acacia,aulacocarpa,,False,Acacia aulacocarpa,138511
GU476371.1,18S ribosomal RNA,genomic DNA,1618,Acacia frigescens,470360-1,Fabaceae,Acacia,frigescens,,False,Acacia frigescens,384947
U42536.1,18S ribosomal RNA,genomic DNA,1737,Albizia julibrissin,473275-1,Fabaceae,Albizia,julibrissin,,False,Albizia julibrissin,3813
GU476373.1,18S ribosomal RNA,genomic DNA,1610,Albizia julibrissin,473275-1,Fabaceae,Albizia,julibrissin,,False,Albizia julibrissin,3813
GU476374.1,18S ribosomal RNA,genomic DNA,1610,Albizia procera,473360-1,Fabaceae,Albizia,procera,,False,Albizia procera,384949
KT459175.1,18S ribosomal RNA,genomic DNA,1807,Amorpha canescens,60431313-2,Fabaceae,Amorpha,canescens,,False,Amorpha canescens,252450
KT459176.1,18S ribosomal RNA,genomic DNA,1807,Amorpha fruticosa,11421-2,Fabaceae,Amorpha,fruticosa,,True,Amorpha fruticosa,48131
HM746724.1,18S ribosomal RNA,genomic DNA,1863,Arachis batizocoi,17285-2,Fabaceae,Arachis,batizocoi,,False,Arachis batizocoi,108210
XR_008005494.1,18S ribosomal RNA,rRNA,1835,Arachis duranensis,317968-2,Fabaceae,Arachis,duranensis,,False,Arachis duranensis,130453
XR_008005626.1,18S ribosomal RNA,rRNA,1808,Arachis duranensis,317968-2,Fabaceae,Arachis,duranensis,,False,Arachis duranensis,130453
XR_003817538.1,18S ribosomal RNA,rRNA,1809,Arachis hypogaea,318562-2,Fabaceae,Arachis,hypogaea,,False,Arachis hypogaea,3818
XR_003816679.1,18S ribosomal RNA,rRNA,1808,Arachis hypogaea,318562-2,Fabaceae,Arachis,hypogaea,,False,Arachis hypogaea,3818
XR_009071311.1,18S ribosomal RNA,rRNA,1809,Arachis stenosperma,318542-2,Fabaceae,Arachis,stenosperma,,False,Arachis stenosperma,217475
XR_009076332.1,18S ribosomal RNA,rRNA,1809,Arachis stenosperma,318542-2,Fabaceae,Arachis,stenosperma,,False,Arachis stenosperma,217475
PQ439250.1,18S ribosomal RNA,genomic DNA,1808,Astragalus aboriginorum var. aboriginorum,3310584-4,Fabaceae,Astragalus,aboriginorum,aboriginorum,False,Astragalus australis var. glabriusculus,90374
PQ439235.1,18S ribosomal RNA,genomic DNA,1808,Astragalus acutirostris,475947-1,Fabaceae,Astragalus,acutirostris,,False,Astragalus acutirostris,457880
PQ439236.1,18S ribosomal RNA,genomic DNA,1808,Astragalus adanus,24392-2,Fabaceae,Astragalus,adanus,,False,Astragalus adanus,3083906
PQ439237.1,18S ribosomal RNA,genomic DNA,1808,Astragalus agnicidus,24400-2,Fabaceae,Astragalus,agnicidus,,False,Astragalus agnicidus,1277752
PQ439238.1,18S ribosomal RNA,genomic DNA,1808,Astragalus agrestis,24402-2,Fabaceae,Astragalus,agrestis,,True,Astragalus agrestis,20402
AF359598.1,18S ribosomal RNA,genomic DNA,1784,Astragalus aksuensis,476006-1,Fabaceae,Astragalus,aksuensis,,False,Astragalus aksuensis,158320
PQ439239.1,18S ribosomal RNA,genomic DNA,1808,Astragalus albulus,476036-1,Fabaceae,Astragalus,albulus,,False,Astragalus albulus,3083913
PQ439240.1,18S ribosomal RNA,genomic DNA,1808,Astragalus alvordensis,24432-2,Fabaceae,Astragalus,alvordensis,,False,Astragalus alvordensis,90155
PQ439241.1,18S ribosomal RNA,genomic DNA,1808,Astragalus americanus,24436-2,Fabaceae,Astragalus,americanus,,False,Astragalus americanus,47052
PQ439242.1,18S ribosomal RNA,genomic DNA,1808,Astragalus amphioxys var. amphioxys,77214171-1,Fabaceae,Astragalus,amphioxys,amphioxys,False,Astragalus amphioxys var. amphioxys,3373155
PQ439243.1,18S ribosomal RNA,genomic DNA,1808,Astragalus ampullarioides,999735-1,Fabaceae,Astragalus,ampullarioides,,False,Astragalus ampullarioides,2873416
PQ439244.1,18S ribosomal RNA,genomic DNA,1808,Astragalus ampullarius,476113-1,Fabaceae,Astragalus,ampullarius,,False,Astragalus ampullarius,2873417
PQ439245.1,18S ribosomal RNA,genomic DNA,1808,Astragalus anemophilus,476140-1,Fabaceae,Astragalus,anemophilus,,False,Astragalus anemophilus,3373156
PQ439246.1,18S ribosomal RNA,genomic DNA,1808,Astragalus aretioides,24470-2,Fabaceae,Astragalus,aretioides,,False,Astragalus aretioides,20404
PQ439247.1,18S ribosomal RNA,genomic DNA,1808,Astragalus arnottianus,476258-1,Fabaceae,Astragalus,arnottianus,,False,Astragalus arnottianus,90157
PQ439248.1,18S ribosomal RNA,genomic DNA,1808,Astragalus arrectus,476261-1,Fabaceae,Astragalus,arrectus,,False,Astragalus arrectus,2873418
PQ439249.1,18S ribosomal RNA,genomic DNA,1808,Astragalus asclepiadoides,24496-2,Fabaceae,Astragalus,asclepiadoides,,False,Astragalus asclepiadoides,90159
PQ439251.1,18S ribosomal RNA,genomic DNA,1808,Astragalus beathii,24522-2,Fabaceae,Astragalus,beathii,,False,Astragalus beathii,3373157
PQ439252.1,18S ribosomal RNA,genomic DNA,1808,Astragalus beckwithii var. weiserensis,24527-2,Fabaceae,Astragalus,beckwithii,weiserensis,False,Astragalus beckwithii var. weiserensis,3373158
PQ439253.1,18S ribosomal RNA,genomic DNA,1808,Astragalus bicristatus,476440-1,Fabaceae,Astragalus,bicristatus,,False,Astragalus bicristatus,2873419
PQ439254.1,18S ribosomal RNA,genomic DNA,1808,Astragalus bisulcatus var. bisulcatus,77214197-1,Fabaceae,Astragalus,bisulcatus,bisulcatus,False,Astragalus bisulcatus var. bisulcatus,3373159
PQ439255.1,18S ribosomal RNA,genomic DNA,1808,Astragalus bodinii,476471-1,Fabaceae,Astragalus,bodinii,,False,Astragalus bodinii,47089
PQ439256.1,18S ribosomal RNA,genomic DNA,1808,Astragalus bolanderi,476479-1,Fabaceae,Astragalus,bolanderi,,False,Astragalus bolanderi,2873420
PQ439257.1,18S ribosomal RNA,genomic DNA,1808,Astragalus calycosus var. calycosus,77223833-1,Fabaceae,Astragalus,calycosus,calycosus,False,Astragalus calycosus var. calycosus,2873497
PQ439258.1,18S ribosomal RNA,genomic DNA,1808,Astragalus camptopus,24593-2,Fabaceae,Astragalus,camptopus,,False,Astragalus camptopus,3083995
KT459177.1,18S ribosomal RNA,genomic DNA,1807,Astragalus canadensis,24595-2,Fabaceae,Astragalus,canadensis,,False,Astragalus canadensis,20408
PQ439259.1,18S ribosomal RNA,genomic DNA,1808,Astragalus ceramicus var. ceramicus,77223163-1,Fabaceae,Astragalus,ceramicus,ceramicus,False,Astragalus ceramicus var. ceramicus,3373160
PQ439260.1,18S ribosomal RNA,genomic DNA,1808,Astragalus clevelandii,476846-1,Fabaceae,Astragalus,clevelandii,,False,Astragalus clevelandii,2873421
PQ439261.1,18S ribosomal RNA,genomic DNA,1808,Astragalus conjunctus var. conjunctus,77223416-1,Fabaceae,Astragalus,conjunctus,conjunctus,False,Astragalus conjunctus var. conjunctus,3373161
PQ439262.1,18S ribosomal RNA,genomic DNA,1808,Astragalus cottamii,24698-2,Fabaceae,Astragalus,cottamii,,False,Astragalus cottamii,3373162
KT459178.1,18S ribosomal RNA,genomic DNA,1807,Astragalus crassicarpus,24705-2,Fabaceae,Astragalus,crassicarpus,,True,Astragalus crassicarpus,1552224
PQ439263.1,18S ribosomal RNA,genomic DNA,1808,Astragalus crotalariae,476970-1,Fabaceae,Astragalus,crotalariae,,False,Astragalus crotalariae,746889
PQ439264.1,18S ribosomal RNA,genomic DNA,1808,Astragalus curvicarpus var. curvicarpus,77223476-1,Fabaceae,Astragalus,curvicarpus,curvicarpus,False,Astragalus curvicarpus var. curvicarpus,3144680
PQ439265.1,18S ribosomal RNA,genomic DNA,1808,Astragalus cutleri,999736-1,Fabaceae,Astragalus,cutleri,,False,Astragalus cutleri,3373163
PQ439266.1,18S ribosomal RNA,genomic DNA,1808,Astragalus debequaeus,272892-2,Fabaceae,Astragalus,debequaeus,,False,Astragalus eastwoodiae var. debequaeus,3084109
PQ439267.1,18S ribosomal RNA,genomic DNA,1808,Astragalus douglasii var. douglasii,77223020-1,Fabaceae,Astragalus,douglasii,douglasii,False,Astragalus douglasii var. douglasii,3373164
AF359600.1,18S ribosomal RNA,genomic DNA,1785,Astragalus dshimensis,477221-1,Fabaceae,Astragalus,dshimensis,,False,Astragalus dschimensis,2749467
PQ439268.1,18S ribosomal RNA,genomic DNA,1808,Astragalus eastwoodiae,24804-2,Fabaceae,Astragalus,eastwoodiae,,False,Astragalus eastwoodiae,3084108
PQ439269.1,18S ribosomal RNA,genomic DNA,1808,Astragalus episcopus,477311-1,Fabaceae,Astragalus,episcopus,,False,Astragalus episcopus,3084115
PQ439270.1,18S ribosomal RNA,genomic DNA,1808,Astragalus eremiticus var. spencianus,24826-2,Fabaceae,Astragalus,eremiticus,spencianus,False,Astragalus eremiticus var. spencianus,3373165
PQ439271.1,18S ribosomal RNA,genomic DNA,1808,Astragalus flavus var. flavus,77223249-1,Fabaceae,Astragalus,flavus,flavus,False,Astragalus flavus var. flavus,3373166
PQ439272.1,18S ribosomal RNA,genomic DNA,1808,Astragalus flexuosus var. flexuosus,77223388-1,Fabaceae,Astragalus,flexuosus,flexuosus,False,Astragalus flexuosus var. flexuosus,2878230
PQ439273.1,18S ribosomal RNA,genomic DNA,1808,Astragalus gilensis,477589-1,Fabaceae,Astragalus,gilensis,,False,Astragalus gilensis,3084138
PQ439274.1,18S ribosomal RNA,genomic DNA,1808,Astragalus gilviflorus,1013493-2,Fabaceae,Astragalus,gilviflorus,,False,Astragalus gilviflorus,90181
PQ439317.1,18S ribosomal RNA,genomic DNA,1808,Astragalus grayi,477682-1,Fabaceae,Astragalus,grayi,,False,Astragalus grayi,3084145
PQ439275.1,18S ribosomal RNA,genomic DNA,1808,Astragalus guatemalensis var. brevidentatus,24934-2,Fabaceae,Astragalus,guatemalensis,brevidentatus,False,Astragalus guatemalensis var. brevidentatus,3373167
PQ439276.1,18S ribosomal RNA,genomic DNA,1808,Astragalus gypsodes,24937-2,Fabaceae,Astragalus,gypsodes,,False,Astragalus gypsodes,2873422
AF359599.1,18S ribosomal RNA,genomic DNA,1785,Astragalus hoantchy,477826-1,Fabaceae,Astragalus,hoantchy,,False,Astragalus hoantchy,119826
PQ439277.1,18S ribosomal RNA,genomic DNA,1808,Astragalus humistratus var. humistratus,77223254-1,Fabaceae,Astragalus,humistratus,humistratus,False,Astragalus humistratus var. humistratus,3373168
PQ439278.1,18S ribosomal RNA,genomic DNA,1808,Astragalus iodanthus var. iodanthus,3311106-4,Fabaceae,Astragalus,iodanthus,iodanthus,False,Astragalus iodanthus var. iodanthus,3463355
PQ439279.1,18S ribosomal RNA,genomic DNA,1808,Astragalus iselyi,25027-2,Fabaceae,Astragalus,iselyi,,False,Astragalus iselyi,3084168
PQ439280.1,18S ribosomal RNA,genomic DNA,1808,Astragalus jejunus,478017-1,Fabaceae,Astragalus,jejunus,,False,Astragalus jejunus,3084171
PQ439281.1,18S ribosomal RNA,genomic DNA,1808,Astragalus knightii,25062-2,Fabaceae,Astragalus,knightii,,False,Astragalus knightii,3084180
AF359603.1,18S ribosomal RNA,genomic DNA,1786,Astragalus laxmannii subsp. laxmannii,77223683-1,Fabaceae,Astragalus,laxmannii,laxmannii,False,Astragalus austrosibiricus,158321
PQ439282.1,18S ribosomal RNA,genomic DNA,1808,Astragalus laxmannii subsp. robustior,1011970-1,Fabaceae,Astragalus,laxmannii,robustior,False,Astragalus laxmannii var. robustior,278718
AF359601.1,18S ribosomal RNA,genomic DNA,1791,Astragalus lehmannianus,478275-1,Fabaceae,Astragalus,lehmannianus,,False,Astragalus lehmannianus,119827
PQ439283.1,18S ribosomal RNA,genomic DNA,1808,Astragalus lemmonii,478284-1,Fabaceae,Astragalus,lemmonii,,False,Astragalus lemmonii,3084190
PQ439284.1,18S ribosomal RNA,genomic DNA,1808,Astragalus lentiginosus var. diphysus,25106-2,Fabaceae,Astragalus,lentiginosus,diphysus,False,Astragalus lentiginosus var. diphysus,486710
PQ439285.1,18S ribosomal RNA,genomic DNA,1808,Astragalus lentiginosus var. mokiacensis,25119-2,Fabaceae,Astragalus,lentiginosus,mokiacensis,False,Astragalus lentiginosus var. mokiacensis,2873423
AF359597.1,18S ribosomal RNA,genomic DNA,1784,Astragalus lepsensis,478297-1,Fabaceae,Astragalus,lepsensis,,False,Astragalus lepsensis,158322
PQ439286.1,18S ribosomal RNA,genomic DNA,1808,Astragalus linifolius,25166-2,Fabaceae,Astragalus,linifolius,,False,Astragalus linifolius,90186
PQ439287.1,18S ribosomal RNA,genomic DNA,1808,Astragalus malacus,478525-1,Fabaceae,Astragalus,malacus,,False,Astragalus malacus,457884
PQ439288.1,18S ribosomal RNA,genomic DNA,1808,Astragalus michauxii,25224-2,Fabaceae,Astragalus,michauxii,,False,Astragalus michauxii,3114740
PQ439289.1,18S ribosomal RNA,genomic DNA,1808,Astragalus miser var. decumbens,1217265-2,Fabaceae,Astragalus,miser,decumbens,False,Astragalus miser var. decumbens,3373169
PQ439290.1,18S ribosomal RNA,genomic DNA,1808,Astragalus moencoppensis,25262-2,Fabaceae,Astragalus,moencoppensis,,False,Astragalus moencoppensis,3084236
PQ439291.1,18S ribosomal RNA,genomic DNA,1808,Astragalus mollissimus var. mollissimus,77223024-1,Fabaceae,Astragalus,mollissimus,mollissimus,False,Astragalus mollissimus var. mollissimus,2506115
AF359604.1,18S ribosomal RNA,genomic DNA,1786,Astragalus mongholicus,478720-1,Fabaceae,Astragalus,mongholicus,,False,Astragalus propinquus,158324
AF359595.1,18S ribosomal RNA,genomic DNA,1784,Astragalus mongholicus,478720-1,Fabaceae,Astragalus,mongholicus,,False,Astragalus mongholicus,119829
PQ439292.1,18S ribosomal RNA,genomic DNA,1808,Astragalus neglectus,478822-1,Fabaceae,Astragalus,neglectus,,True,Astragalus neglectus,90195
PQ439293.1,18S ribosomal RNA,genomic DNA,1808,Astragalus nelsonianus,25305-2,Fabaceae,Astragalus,nelsonianus,,False,Astragalus nelsonianus,3084254
PQ439294.1,18S ribosomal RNA,genomic DNA,1808,Astragalus nothoxys,478890-1,Fabaceae,Astragalus,nothoxys,,False,Astragalus nothoxys,90197
PQ439295.1,18S ribosomal RNA,genomic DNA,1808,Astragalus nuttallianus var. imperfectus,25336-2,Fabaceae,Astragalus,nuttallianus,imperfectus,False,Astragalus nuttallianus var. imperfectus,2873424
PQ439296.1,18S ribosomal RNA,genomic DNA,1808,Astragalus nuttallii var. nuttallii,77223869-1,Fabaceae,Astragalus,nuttallii,nuttallii,False,Astragalus nuttallii var. nuttallii,3373170
PQ439297.1,18S ribosomal RNA,genomic DNA,1808,Astragalus obscurus,478932-1,Fabaceae,Astragalus,obscurus,,False,Astragalus obscurus,90199
PQ439298.1,18S ribosomal RNA,genomic DNA,1808,Astragalus oocalycis,25357-2,Fabaceae,Astragalus,oocalycis,,False,Astragalus oocalycis,20420
PQ439299.1,18S ribosomal RNA,genomic DNA,1808,Astragalus orcuttianus,478996-1,Fabaceae,Astragalus,orcuttianus,,False,Astragalus orcuttianus,3084271
PQ439300.1,18S ribosomal RNA,genomic DNA,1808,Astragalus osterhoutii,25378-2,Fabaceae,Astragalus,osterhoutii,,False,Astragalus osterhoutii,3084272
PQ439301.1,18S ribosomal RNA,genomic DNA,1808,Astragalus palenae var. palenae,77223071-1,Fabaceae,Astragalus,palenae,palenae,False,Astragalus palenae var. palenae,90377
PQ439302.1,18S ribosomal RNA,genomic DNA,1808,Astragalus pattersonii,479125-1,Fabaceae,Astragalus,pattersonii,,False,Astragalus pattersonii,2873425
PQ439303.1,18S ribosomal RNA,genomic DNA,1808,Astragalus peckii,25418-2,Fabaceae,Astragalus,peckii,,False,Astragalus peckii,1277758
PQ439304.1,18S ribosomal RNA,genomic DNA,1808,Astragalus pectinatus,479147-1,Fabaceae,Astragalus,pectinatus,,True,Astragalus pectinatus,668558
PQ439305.1,18S ribosomal RNA,genomic DNA,1808,Astragalus pehuenches,479150-1,Fabaceae,Astragalus,pehuenches,,False,Astragalus pehuenches,90206
AF359596.1,18S ribosomal RNA,genomic DNA,1786,Astragalus penduliflorus,479157-1,Fabaceae,Astragalus,penduliflorus,,False,Astragalus penduliflorus,158323
PQ439306.1,18S ribosomal RNA,genomic DNA,1808,Astragalus platytropis,479240-1,Fabaceae,Astragalus,platytropis,,False,Astragalus platytropis,457886
PQ439307.1,18S ribosomal RNA,genomic DNA,1808,Astragalus porrectus,479289-1,Fabaceae,Astragalus,porrectus,,False,Astragalus porrectus,3084300
PQ439308.1,18S ribosomal RNA,genomic DNA,1808,Astragalus praelongus var. praelongus,77222916-1,Fabaceae,Astragalus,praelongus,praelongus,False,Astragalus praelongus var. praelongus,3373171
PQ439309.1,18S ribosomal RNA,genomic DNA,1808,Astragalus preussii var. preussii,77223713-1,Fabaceae,Astragalus,preussii,preussii,False,Astragalus preussii var. preussii,3373172
PQ439310.1,18S ribosomal RNA,genomic DNA,1808,Astragalus purshii var. purshii,77223432-1,Fabaceae,Astragalus,purshii,purshii,False,Astragalus purshii var. purshii,3158766
PQ439311.1,18S ribosomal RNA,genomic DNA,1808,Astragalus racemosus var. racemosus,77222893-1,Fabaceae,Astragalus,racemosus,racemosus,False,Astragalus racemosus var. racemosus,3373173
PQ439312.1,18S ribosomal RNA,genomic DNA,1808,Astragalus rafaelensis,25522-2,Fabaceae,Astragalus,rafaelensis,,False,Astragalus rafaelensis,3084316
PQ439313.1,18S ribosomal RNA,genomic DNA,1808,Astragalus recurvus,479513-1,Fabaceae,Astragalus,recurvus,,False,Astragalus recurvus,3084317
PQ439314.1,18S ribosomal RNA,genomic DNA,1808,Astragalus sabulosus var. sabulosus,77223853-1,Fabaceae,Astragalus,sabulosus,sabulosus,False,Astragalus sabulosus var. sabulosus,3373174
PQ439315.1,18S ribosomal RNA,genomic DNA,1808,Astragalus saurinus,25578-2,Fabaceae,Astragalus,saurinus,,False,Astragalus saurinus,3084338
PQ439316.1,18S ribosomal RNA,genomic DNA,1808,Astragalus serenoi var. serenoi,77223563-1,Fabaceae,Astragalus,serenoi,serenoi,False,Astragalus serenoi var. serenoi,458138
AF359602.1,18S ribosomal RNA,genomic DNA,1786,Astragalus sieversianus,479820-1,Fabaceae,Astragalus,sieversianus,,True,Astragalus sieversianus,158325
PQ439318.1,18S ribosomal RNA,genomic DNA,1808,Astragalus sophoroides,25631-2,Fabaceae,Astragalus,sophoroides,,False,Astragalus sophoroides,3084363
PQ439319.1,18S ribosomal RNA,genomic DNA,1808,Astragalus spatulatus,479891-1,Fabaceae,Astragalus,spatulatus,,False,Astragalus spatulatus,90220
PQ439320.1,18S ribosomal RNA,genomic DNA,1808,Astragalus speirocarpus,25642-2,Fabaceae,Astragalus,speirocarpus,,False,Astragalus speirocarpus,90221
KM892911.1,18S ribosomal RNA,genomic DNA,1727,Astragalus strictus,20008200-1,Fabaceae,Astragalus,strictus,,True,Astragalus strictus,545222
PQ439321.1,18S ribosomal RNA,genomic DNA,1808,Astragalus tegetarioides,25678-2,Fabaceae,Astragalus,tegetarioides,,False,Astragalus tegetarioides,3084379
PQ439322.1,18S ribosomal RNA,genomic DNA,1808,Astragalus tenellus,480157-1,Fabaceae,Astragalus,tenellus,,True,Astragalus tenellus,90222
PQ439323.1,18S ribosomal RNA,genomic DNA,1808,Astragalus tephrodes var. chloridae,25703-2,Fabaceae,Astragalus,tephrodes,chloridae,False,Astragalus tephrodes var. chloridae,2873427
PQ439324.1,18S ribosomal RNA,genomic DNA,1808,Astragalus terminalis,480182-1,Fabaceae,Astragalus,terminalis,,False,Astragalus terminalis,3114747
PQ439325.1,18S ribosomal RNA,genomic DNA,1808,Astragalus tetrapterus,480187-1,Fabaceae,Astragalus,tetrapterus,,False,Astragalus tetrapterus,90224
PQ439326.1,18S ribosomal RNA,genomic DNA,1808,Astragalus toanus var. toanus,77223558-1,Fabaceae,Astragalus,toanus,toanus,False,Astragalus toanus var. toanus,2873498
KM892914.1,18S ribosomal RNA,genomic DNA,1726,Astragalus variabilis,480415-1,Fabaceae,Astragalus,variabilis,,True,Astragalus variabilis,545218
PQ439327.1,18S ribosomal RNA,genomic DNA,1808,Astragalus villosus,25781-2,Fabaceae,Astragalus,villosus,,False,Astragalus villosus,1620020
PQ439328.1,18S ribosomal RNA,genomic DNA,1808,Astragalus woodruffii,25818-2,Fabaceae,Astragalus,woodruffii,,False,Astragalus woodruffii,90227
PQ439329.1,18S ribosomal RNA,genomic DNA,1808,Astragalus wootonii var. wootonii,3298947-4,Fabaceae,Astragalus,wootonii,wootonii,False,Astragalus wootonii var. wootonii,2873499
U42537.1,18S ribosomal RNA,genomic DNA,1737,Bauhinia sp.,327181-2,Fabaceae,Bauhinia,,,False,Bauhinia sp. Doyle s.n.,45160
AF525295.1,18S ribosomal RNA,genomic DNA,1729,Bauhinia variegata,481756-1,Fabaceae,Bauhinia,variegata,,False,Bauhinia variegata,167791
XR_003803625.1,18S ribosomal RNA,rRNA,1805,Cajanus cajan,1152177-2,Fabaceae,Cajanus,cajan,,False,Cajanus cajan,3821
AF525696.1,18S ribosomal RNA,genomic DNA,1707,Calopogonium caeruleum,60471356-2,Fabaceae,Calopogonium,caeruleum,,False,Calopogonium caeruleum,109163
GU476474.1,18S ribosomal RNA,genomic DNA,1619,Calpurnia aurea,907827-1,Fabaceae,Calpurnia,aurea,,False,Calpurnia aurea,53848
PV936475.1,rrn18,genomic DNA,1937,Cercis chinensis,485670-1,Fabaceae,Cercis,chinensis,,False,Cercis chinensis,161750
KT459183.1,18S ribosomal RNA,genomic DNA,1807,Chamaecrista fasciculata,54500-2,Fabaceae,Chamaecrista,fasciculata,,False,Chamaecrista fasciculata,53854
AJ577394.1,18S ribosomal RNA,genomic DNA,1808,Cicer arietinum,486336-1,Fabaceae,Cicer,arietinum,,False,Cicer arietinum,3827
AJ011011.4,18S ribosomal RNA,genomic DNA,1808,Cicer arietinum,486336-1,Fabaceae,Cicer,arietinum,,False,Cicer arietinum,3827
AF525697.1,18S ribosomal RNA,genomic DNA,1769,Cleobulia coccinea,77212303-1,Fabaceae,Cleobulia,coccinea,,False,Cleobulia multiflora,202237
AF525294.1,18S ribosomal RNA,genomic DNA,1767,Cratylia argentea,69204-2,Fabaceae,Cratylia,argentea,,False,Cratylia argentea,83131
AF525694.1,18S ribosomal RNA,genomic DNA,1774,Cymbosema roseum,320097-2,Fabaceae,Cymbosema,roseum,,False,Cymbosema roseum,202239
AY289630.1,18S ribosomal RNA,genomic DNA,1668,Cynometra iripa,489428-1,Fabaceae,Cynometra,iripa,,False,Cynometra iripa,241839
KT459187.1,18S ribosomal RNA,genomic DNA,1808,Desmodium illinoense,491822-1,Fabaceae,Desmodium,illinoense,,False,Desmodium illinoense,732116
AF525698.1,18S ribosomal RNA,genomic DNA,1768,Dioclea guianensis,492636-1,Fabaceae,Dioclea,guianensis,,False,Dioclea guianensis,99571
OR106061.1,18S ribosomal RNA,genomic DNA,1809,Eperua bijuga,493931-1,Fabaceae,Eperua,bijuga,,False,Eperua bijuga,327902
OR106058.1,18S ribosomal RNA,genomic DNA,1809,Eperua bijuga,493931-1,Fabaceae,Eperua,bijuga,,False,Eperua bijuga,327902
OR106062.1,18S ribosomal RNA,genomic DNA,1809,Eperua duckeana,91104-2,Fabaceae,Eperua,duckeana,,False,Eperua duckeana,1954556
OR106063.1,18S ribosomal RNA,genomic DNA,1809,Eperua duckeana,91104-2,Fabaceae,Eperua,duckeana,,False,Eperua duckeana,1954556
OR106114.1,18S ribosomal RNA,genomic DNA,1809,Eperua falcata,493934-1,Fabaceae,Eperua,falcata,,False,Eperua falcata,162769
OR106115.1,18S ribosomal RNA,genomic DNA,1809,Eperua falcata,493934-1,Fabaceae,Eperua,falcata,,False,Eperua falcata,162769
OR106095.1,18S ribosomal RNA,genomic DNA,1809,Eperua glabra,91105-2,Fabaceae,Eperua,glabra,,False,Eperua glabra,3074951
OR106093.1,18S ribosomal RNA,genomic DNA,1809,Eperua glabra,91105-2,Fabaceae,Eperua,glabra,,False,Eperua praesagata,3074932
OR106074.1,18S ribosomal RNA,genomic DNA,1809,Eperua glabriflora,91106-2,Fabaceae,Eperua,glabriflora,,False,Eperua glabriflora,1954557
OR106075.1,18S ribosomal RNA,genomic DNA,1809,Eperua glabriflora,91106-2,Fabaceae,Eperua,glabriflora,,False,Eperua glabriflora,1954557
OR106078.1,18S ribosomal RNA,genomic DNA,1809,Eperua grandiflora subsp. grandiflora,77223641-1,Fabaceae,Eperua,grandiflora,grandiflora,False,Eperua grandiflora subsp. grandiflora,3074919
OR106079.1,18S ribosomal RNA,genomic DNA,1809,Eperua grandiflora subsp. grandiflora,77223641-1,Fabaceae,Eperua,grandiflora,grandiflora,False,Eperua grandiflora subsp. grandiflora,3074919
OR106088.1,18S ribosomal RNA,genomic DNA,1809,Eperua grandiflora subsp. guyanensis,91107-2,Fabaceae,Eperua,grandiflora,guyanensis,False,Eperua grandiflora subsp. guyanensis,3074929
OR106086.1,18S ribosomal RNA,genomic DNA,1809,Eperua grandiflora subsp. guyanensis,91107-2,Fabaceae,Eperua,grandiflora,guyanensis,False,Eperua grandiflora subsp. guyanensis,3074929
OR106068.1,18S ribosomal RNA,genomic DNA,1809,Eperua jenmanii subsp. jenmanii,77223588-1,Fabaceae,Eperua,jenmanii,jenmanii,False,Eperua jenmanii subsp. jenmanii,3074920
OR106072.1,18S ribosomal RNA,genomic DNA,1809,Eperua jenmanii subsp. jenmanii,77223588-1,Fabaceae,Eperua,jenmanii,jenmanii,False,Eperua jenmanii subsp. jenmanii,3074920
OR106071.1,18S ribosomal RNA,genomic DNA,1809,Eperua jenmanii subsp. sandwithii,91109-2,Fabaceae,Eperua,jenmanii,sandwithii,False,Eperua jenmanii subsp. sandwithii,3074930
OR106070.1,18S ribosomal RNA,genomic DNA,1809,Eperua jenmanii subsp. sandwithii,91109-2,Fabaceae,Eperua,jenmanii,sandwithii,False,Eperua jenmanii subsp. sandwithii,3074930
OR106117.1,18S ribosomal RNA,genomic DNA,1809,Eperua leucantha,493941-1,Fabaceae,Eperua,leucantha,,False,Eperua leucantha,1548976
OR106116.1,18S ribosomal RNA,genomic DNA,1809,Eperua leucantha,493941-1,Fabaceae,Eperua,leucantha,,False,Eperua leucantha,1548976
OR106121.1,18S ribosomal RNA,genomic DNA,1810,Eperua oleifera var. campestris,91113-2,Fabaceae,Eperua,oleifera,campestris,False,Eperua oleifera var. campestris,3074931
OR106122.1,18S ribosomal RNA,genomic DNA,1810,Eperua oleifera var. campestris,91113-2,Fabaceae,Eperua,oleifera,campestris,False,Eperua oleifera var. campestris,3074931
OR106123.1,18S ribosomal RNA,genomic DNA,1810,Eperua oleifera var. oleifera,77223235-1,Fabaceae,Eperua,oleifera,oleifera,False,Eperua oleifera var. oleifera,3074921
OR106124.1,18S ribosomal RNA,genomic DNA,1809,Eperua purpurea,493943-1,Fabaceae,Eperua,purpurea,,False,Eperua purpurea,1548977
OR106125.1,18S ribosomal RNA,genomic DNA,1809,Eperua purpurea,493943-1,Fabaceae,Eperua,purpurea,,False,Eperua purpurea,1548977
OR106097.1,18S ribosomal RNA,genomic DNA,1810,Eperua rubiginosa var. grandiflora,91114-2,Fabaceae,Eperua,rubiginosa,grandiflora,False,Eperua rubiginosa var. grandiflora,3074933
OR106098.1,18S ribosomal RNA,genomic DNA,1810,Eperua rubiginosa var. rubiginosa,77223405-1,Fabaceae,Eperua,rubiginosa,rubiginosa,False,Eperua rubiginosa var. rubiginosa,2054473
OR106099.1,18S ribosomal RNA,genomic DNA,1810,Eperua rubiginosa var. rubiginosa,77223405-1,Fabaceae,Eperua,rubiginosa,rubiginosa,False,Eperua rubiginosa var. rubiginosa,2054473
OR106066.1,18S ribosomal RNA,genomic DNA,1809,Eperua schomburgkiana,493946-1,Fabaceae,Eperua,schomburgkiana,,False,Eperua schomburgkiana,327147
OR106067.1,18S ribosomal RNA,genomic DNA,1809,Eperua schomburgkiana,493946-1,Fabaceae,Eperua,schomburgkiana,,False,Eperua schomburgkiana,327147
OR106119.1,18S ribosomal RNA,genomic DNA,1809,Eperua venosa,91116-2,Fabaceae,Eperua,venosa,,False,Eperua venosa,3074934
OR106120.1,18S ribosomal RNA,genomic DNA,1809,Eperua venosa,91116-2,Fabaceae,Eperua,venosa,,False,Eperua venosa,3074934
AF525296.1,18S ribosomal RNA,genomic DNA,1778,Erythrina crista-galli,494400-1,Fabaceae,Erythrina,crista-galli,,False,Erythrina crista-galli,49817
OQ471964.1,18S ribosomal RNA,genomic DNA,1808,Erythrophleum sp.,22390-1,Fabaceae,Erythrophleum,,,False,Erythrophleum sp. AU2,2742928
OR106127.1,18S ribosomal RNA,genomic DNA,1811,Eurypetalum tessmannii,494681-1,Fabaceae,Eurypetalum,tessmannii,,False,Eurypetalum tessmannii,162774
KY316157.1,18S ribosomal RNA,genomic DNA,1808,Faidherbia albida,494764-1,Fabaceae,Faidherbia,albida,,False,Faidherbia albida,138055
XR_009752380.1,18S ribosomal RNA,rRNA,1812,Gastrolobium bilobum,495740-1,Fabaceae,Gastrolobium,bilobum,,False,Gastrolobium bilobum,150636
XR_009752379.1,18S ribosomal RNA,rRNA,1808,Gastrolobium bilobum,495740-1,Fabaceae,Gastrolobium,bilobum,,False,Gastrolobium bilobum,150636
M16859.1,18S ribosomal RNA,genomic DNA,1990,Glycine max,60450240-2,Fabaceae,Glycine,max,,False,Glycine max,3847
XR_003264253.2,18S ribosomal RNA,rRNA,1809,Glycine max,60450240-2,Fabaceae,Glycine,max,,False,Glycine max,3847
XR_003660317.1,18S ribosomal RNA,rRNA,1810,Glycine max subsp. soja,920989-1,Fabaceae,Glycine,max,soja,False,Glycine soja,3848
XR_003660316.1,18S ribosomal RNA,rRNA,1808,Glycine max subsp. soja,920989-1,Fabaceae,Glycine,max,soja,False,Glycine soja,3848
KX530463.1,18S ribosomal RNA,genomic DNA,1808,Glycyrrhiza glabra,496941-1,Fabaceae,Glycyrrhiza,glabra,,False,Glycyrrhiza glabra,49827
KX530462.1,18S ribosomal RNA,genomic DNA,1808,Glycyrrhiza glabra,496941-1,Fabaceae,Glycyrrhiza,glabra,,False,Glycyrrhiza glabra,49827
KT459191.1,18S ribosomal RNA,genomic DNA,1807,Glycyrrhiza lepidota,60466049-2,Fabaceae,Glycyrrhiza,lepidota,,False,Glycyrrhiza lepidota,47080
KX530461.1,18S ribosomal RNA,genomic DNA,1808,Glycyrrhiza uralensis,496974-1,Fabaceae,Glycyrrhiza,uralensis,,False,Glycyrrhiza uralensis,74613
GU476375.1,18S ribosomal RNA,genomic DNA,1610,Inga edulis,128478-2,Fabaceae,Inga,edulis,,False,Inga edulis,199163
KT459208.1,18S ribosomal RNA,genomic DNA,1808,Ladeania lanceolata,60453291-2,Fabaceae,Ladeania,lanceolata,,False,Ladeania lanceolata,109222
KT459192.1,18S ribosomal RNA,genomic DNA,1807,Lathyrus decaphyllus,30090395-2,Fabaceae,Lathyrus,decaphyllus,,True,Lathyrus decaphyllus,1276791
MK748602.1,rrn18,genomic DNA,1986,Lathyrus formosus,77222325-1,Fabaceae,Lathyrus,formosus,,False,Vavilovia formosa,512756
MW394515.1,rrn18,genomic DNA,1995,Lathyrus oleraceus,501912-1,Fabaceae,Lathyrus,oleraceus,,False,Pisum sativum subsp. abyssinicum,198035
XR_007798665.1,18S ribosomal RNA,rRNA,1818,Lathyrus oleraceus,501912-1,Fabaceae,Lathyrus,oleraceus,,False,Lathyrus oleraceus,3888
KT459194.1,18S ribosomal RNA,genomic DNA,1807,Lespedeza capitata,502425-1,Fabaceae,Lespedeza,capitata,,False,Lespedeza capitata,571920
XR_009015182.1,18S ribosomal RNA,rRNA,1890,Lotus japonicus,503703-1,Fabaceae,Lotus,japonicus,,False,Lotus japonicus,34305
XR_009015183.1,18S ribosomal RNA,rRNA,1890,Lotus japonicus,503703-1,Fabaceae,Lotus,japonicus,,False,Lotus japonicus,34305
Z11512.1,18S ribosomal RNA,genomic DNA,2023,Lupinus luteus,504707-1,Fabaceae,Lupinus,luteus,,False,Lupinus luteus,3873
PV916041.1,rrn18,genomic DNA,1986,Medicago edgeworthii,506166-1,Fabaceae,Medicago,edgeworthii,,False,Medicago edgeworthii,70945
PV916040.1,18S ribosomal RNA,genomic DNA,1986,Medicago lupulina,506268-1,Fabaceae,Medicago,lupulina,,False,Medicago lupulina,47085
KT459195.1,18S ribosomal RNA,genomic DNA,1807,Medicago lupulina,506268-1,Fabaceae,Medicago,lupulina,,False,Medicago lupulina,47085
PV916042.1,18S ribosomal RNA,genomic DNA,1986,Medicago minima,77089103-1,Fabaceae,Medicago,minima,,False,Medicago minima,70957
PV892892.1,18S ribosomal RNA,genomic DNA,1986,Medicago platycarpos,506345-1,Fabaceae,Medicago,platycarpos,,False,Medicago platycarpos,119393
MW971562.1,rrn18,genomic DNA,1986,Medicago polymorpha,60465997-2,Fabaceae,Medicago,polymorpha,,False,Medicago polymorpha,47084
MW971561.1,18S ribosomal RNA,genomic DNA,1986,Medicago polymorpha,60465997-2,Fabaceae,Medicago,polymorpha,,False,Medicago polymorpha,47084
PV936479.1,18S ribosomal RNA,genomic DNA,1982,Medicago ruthenica,506403-1,Fabaceae,Medicago,ruthenica,,True,Medicago ruthenica,70973
KU097353.1,18S ribosomal RNA,genomic DNA,1713,Medicago ruthenica,506403-1,Fabaceae,Medicago,ruthenica,,True,Medicago ruthenica,70973
PV916045.1,rrn18,genomic DNA,1986,Medicago sativa,30234961-2,Fabaceae,Medicago,sativa,,False,Medicago sativa,3879
PV892893.1,rrn18,genomic DNA,1986,Medicago sativa,30234961-2,Fabaceae,Medicago,sativa,,False,Medicago sativa,3879
XR_003008627.2,18S ribosomal RNA,rRNA,1808,Medicago truncatula,506474-1,Fabaceae,Medicago,truncatula,,False,Medicago truncatula,3880
AF093506.1,18S ribosomal RNA,genomic DNA,1781,Medicago truncatula,506474-1,Fabaceae,Medicago,truncatula,,False,Medicago truncatula,3880
KT459197.1,18S ribosomal RNA,genomic DNA,1808,Melilotus albus,156656-2,Fabaceae,Melilotus,albus,,True,Melilotus albus,47082
KT459198.1,18S ribosomal RNA,genomic DNA,1808,Melilotus officinalis,30429323-2,Fabaceae,Melilotus,officinalis,,False,Melilotus officinalis,47083
KU569492.1,18S ribosomal RNA,genomic DNA,1821,Mezoneuron cucullatum,507176-1,Fabaceae,Mezoneuron,cucullatum,,False,Mezoneuron cucullatum,1387641
AF525695.1,18S ribosomal RNA,genomic DNA,1774,Mucuna pruriens,509275-1,Fabaceae,Mucuna,pruriens,,False,Mucuna pruriens,157652
AF525699.1,18S ribosomal RNA,genomic DNA,1769,Mucuna sloanei,291345-2,Fabaceae,Mucuna,sloanei,,False,Mucuna sloanei,202240
XR_003740953.1,18S ribosomal RNA,rRNA,1812,Neltuma alba,77303585-1,Fabaceae,Neltuma,alba,,False,Neltuma alba,207710
XR_003740952.1,18S ribosomal RNA,rRNA,1810,Neltuma alba,77303585-1,Fabaceae,Neltuma,alba,,False,Neltuma alba,207710
MW448452.1,rrn18,genomic DNA,2035,Neltuma glandulosa,168104-2,Fabaceae,Neltuma,glandulosa,,False,Neltuma glandulosa,102697
MW455117.1,18S ribosomal RNA,genomic DNA,1922,Ormosia boluoensis,77221872-1,Fabaceae,Ormosia,boluoensis,,False,Ormosia boluoensis,2729512
NC_059804.1,18S ribosomal RNA,genomic DNA,1922,Ormosia boluoensis,77221872-1,Fabaceae,Ormosia,boluoensis,,False,Ormosia boluoensis,2729512
KM892910.1,18S ribosomal RNA,genomic DNA,1724,Oxytropis falcata,511449-1,Fabaceae,Oxytropis,falcata,,True,Oxytropis falcata,1479707
KM892913.1,18S ribosomal RNA,genomic DNA,1728,Oxytropis glabra,511482-1,Fabaceae,Oxytropis,glabra,,False,Oxytropis glabra,483874
KM892915.1,18S ribosomal RNA,genomic DNA,1724,Oxytropis glabra,511482-1,Fabaceae,Oxytropis,glabra,,False,Oxytropis glabra,483874
KM892917.1,18S ribosomal RNA,genomic DNA,1727,Oxytropis kansuensis,511570-1,Fabaceae,Oxytropis,kansuensis,,False,Oxytropis kansuensis,545221
KT459201.1,18S ribosomal RNA,genomic DNA,1807,Oxytropis lambertii,511610-1,Fabaceae,Oxytropis,lambertii,,False,Oxytropis lambertii,20805
PQ439330.1,18S ribosomal RNA,genomic DNA,1808,Oxytropis lambertii var. lambertii,77190629-1,Fabaceae,Oxytropis,lambertii,lambertii,False,Oxytropis lambertii var. lambertii,2071499
KM892916.1,18S ribosomal RNA,genomic DNA,1726,Oxytropis ochrocephala,511732-1,Fabaceae,Oxytropis,ochrocephala,,False,Oxytropis ochrocephala,483875
KM892912.1,18S ribosomal RNA,genomic DNA,1731,Oxytropis sericopetala,511869-1,Fabaceae,Oxytropis,sericopetala,,False,Oxytropis sericopetala,545219
MW448456.1,18S ribosomal RNA,genomic DNA,2001,Pachyrhizus erosus,179936-2,Fabaceae,Pachyrhizus,erosus,,False,Pachyrhizus erosus,109171
AF525693.1,18S ribosomal RNA,genomic DNA,1774,Pachyrhizus erosus,179936-2,Fabaceae,Pachyrhizus,erosus,,False,Pachyrhizus erosus,109171
GU476372.1,18S ribosomal RNA,genomic DNA,1618,Parkia timoriana,512235-1,Fabaceae,Parkia,timoriana,,False,Parkia timoriana,139018
KT459202.1,18S ribosomal RNA,genomic DNA,1807,Pediomelum argophyllum,962321-1,Fabaceae,Pediomelum,argophyllum,,False,Pediomelum argophyllum,458352
KT459203.1,18S ribosomal RNA,genomic DNA,1807,Pediomelum digitatum,282261-2,Fabaceae,Pediomelum,digitatum,,False,Pediomelum digitatum,458362
KT459204.1,18S ribosomal RNA,genomic DNA,1807,Pediomelum esculentum,186566-2,Fabaceae,Pediomelum,esculentum,,False,Pediomelum esculentum,458363
KT459209.1,18S ribosomal RNA,genomic DNA,1807,Pediomelum tenuiflorum,60453080-2,Fabaceae,Pediomelum,tenuiflorum,,False,Pediomelum tenuiflorum,247917
XR_011085225.1,18S ribosomal RNA,rRNA,1808,Phaseolus vulgaris,514191-1,Fabaceae,Phaseolus,vulgaris,,False,Phaseolus vulgaris,3885
XR_011081976.1,18S ribosomal RNA,rRNA,1808,Phaseolus vulgaris,514191-1,Fabaceae,Phaseolus,vulgaris,,False,Phaseolus vulgaris,3885
AY289629.1,18S ribosomal RNA,genomic DNA,1668,Pongamia pinnata,515679-1,Fabaceae,Pongamia,pinnata,,False,Pongamia pinnata,56065
XR_008590266.1,18S ribosomal RNA,rRNA,1812,Prosopis cineraria,515801-1,Fabaceae,Prosopis,cineraria,,False,Prosopis cineraria,364024
XR_008589794.1,18S ribosomal RNA,rRNA,1811,Prosopis cineraria,515801-1,Fabaceae,Prosopis,cineraria,,False,Prosopis cineraria,364024
OK018064.1,rrn18,genomic DNA,1999,Pterodon emarginatus,516615-1,Fabaceae,Pterodon,emarginatus,,False,Pterodon emarginatus,1079077
OK018016.1,rrn18,genomic DNA,1994,Pterodon pubescens,516618-1,Fabaceae,Pterodon,pubescens,,False,Pterodon pubescens,104318
OP800433.1,18S ribosomal RNA,genomic DNA,2002,Pueraria montana var. lobata,967441-1,Fabaceae,Pueraria,montana,lobata,False,Pueraria montana var. lobata,3893
KY316158.1,18S ribosomal RNA,genomic DNA,1808,Senegalia laeta,60451308-2,Fabaceae,Senegalia,laeta,,False,Senegalia laeta,205073
KY316159.1,18S ribosomal RNA,genomic DNA,1808,Senegalia laeta,60451308-2,Fabaceae,Senegalia,laeta,,False,Senegalia laeta,205073
KT459211.1,18S ribosomal RNA,genomic DNA,1807,Senna marilandica,518344-1,Fabaceae,Senna,marilandica,,False,Senna marilandica,1789066
GU476472.1,18S ribosomal RNA,genomic DNA,1618,Sophora tetraptera,60464406-2,Fabaceae,Sophora,tetraptera,,False,Sophora tetraptera,171567
GU476473.1,18S ribosomal RNA,genomic DNA,1618,Sophora tomentosa,518954-1,Fabaceae,Sophora,tomentosa,,False,Sophora tomentosa,256637
PV944204.1,rrn18,genomic DNA,1796,Strombocarpa tamarugo,77303583-1,Fabaceae,Strombocarpa,tamarugo,,False,Strombocarpa tamarugo,433935
NC_048502.1,18S ribosomal RNA,genomic DNA,1990,Trifolium aureum,522892-1,Fabaceae,Trifolium,aureum,,True,Trifolium aureum,361561
MT039392.1,18S ribosomal RNA,genomic DNA,1990,Trifolium aureum,522892-1,Fabaceae,Trifolium,aureum,,True,Trifolium aureum,361561
XR_006801863.1,18S ribosomal RNA,rRNA,1825,Trifolium pratense,523575-1,Fabaceae,Trifolium,pratense,,False,Trifolium pratense,57577
XR_006807401.1,18S ribosomal RNA,rRNA,1824,Trifolium pratense,523575-1,Fabaceae,Trifolium,pratense,,False,Trifolium pratense,57577
MT735335.1,18S ribosomal RNA,genomic DNA,1807,Trifolium repens,523626-1,Fabaceae,Trifolium,repens,,False,Trifolium repens,3899
AF071069.1,18S ribosomal RNA,genomic DNA,1760,Trifolium repens,523626-1,Fabaceae,Trifolium,repens,,False,Trifolium repens,3899
KY316152.1,18S ribosomal RNA,genomic DNA,1808,Vachellia flava,77131715-1,Fabaceae,Vachellia,flava,,False,Vachellia flava,2004884
KY316153.1,18S ribosomal RNA,genomic DNA,1808,Vachellia nilotica,77089275-1,Fabaceae,Vachellia,nilotica,,False,Vachellia nilotica,138033
KY316156.1,18S ribosomal RNA,genomic DNA,1808,Vachellia seyal,77089276-1,Fabaceae,Vachellia,seyal,,False,Vachellia seyal,138044
KY316155.1,18S ribosomal RNA,genomic DNA,1808,Vachellia tortilis subsp. raddiana,77132778-1,Fabaceae,Vachellia,tortilis,raddiana,False,Vachellia tortilis subsp. raddiana,1095369
KY316154.1,18S ribosomal RNA,genomic DNA,1808,Vachellia tortilis subsp. raddiana,77132778-1,Fabaceae,Vachellia,tortilis,raddiana,False,Vachellia tortilis subsp. raddiana,1095369
KT459213.1,18S ribosomal RNA,genomic DNA,1807,Vicia americana var. minor,265008-2,Fabaceae,Vicia,americana,minor,False,Vicia americana var. minor,1635303
XR_009295425.1,18S ribosomal RNA,rRNA,1808,Vicia villosa,525259-1,Fabaceae,Vicia,villosa,,True,Vicia villosa,3911
XR_009294319.1,18S ribosomal RNA,rRNA,1808,Vicia villosa,525259-1,Fabaceae,Vicia,villosa,,True,Vicia villosa,3911
XR_008246334.1,18S ribosomal RNA,rRNA,1808,Vigna angularis,525291-1,Fabaceae,Vigna,angularis,,False,Vigna angularis,3914
XR_008245491.1,18S ribosomal RNA,rRNA,1808,Vigna angularis,525291-1,Fabaceae,Vigna,angularis,,False,Vigna angularis,3914
XR_007028672.1,18S ribosomal RNA,rRNA,1808,Vigna umbellata,525554-1,Fabaceae,Vigna,umbellata,,False,Vigna umbellata,87088
XR_003601463.1,18S ribosomal RNA,rRNA,1809,Vigna unguiculata,1127257-2,Fabaceae,Vigna,unguiculata,,False,Vigna unguiculata,3917
XR_003599611.1,18S ribosomal RNA,rRNA,1808,Vigna unguiculata,1127257-2,Fabaceae,Vigna,unguiculata,,False,Vigna unguiculata,3917
KM117261.1,18S ribosomal RNA,genomic DNA,1812,Wisteria floribunda,525791-1,Fabaceae,Wisteria,floribunda,,False,Wisteria floribunda,3922
PP856681.1,18S ribosomal RNA,genomic DNA,1936,Castanea henryi,358295-1,Fagaceae,Castanea,henryi,,False,Castanea henryi,168165
XR_012841160.1,18S ribosomal RNA,rRNA,1921,Castanea sativa,295349-1,Fagaceae,Castanea,sativa,,False,Castanea sativa,21020
XR_012839537.1,18S ribosomal RNA,rRNA,1837,Castanea sativa,295349-1,Fagaceae,Castanea,sativa,,False,Castanea sativa,21020
AY263902.1,18S ribosomal RNA,genomic DNA,1461,Castanea seguinii,358308-1,Fagaceae,Castanea,seguinii,,False,Castanea seguinii,167379
AY263889.1,18S ribosomal RNA,genomic DNA,1528,Castanopsis tibetana,295411-1,Fagaceae,Castanopsis,tibetana,,False,Castanopsis tibetana,212656
AF206886.1,18S ribosomal RNA,genomic DNA,1727,Chrysolepis sempervirens,57672-2,Fagaceae,Chrysolepis,sempervirens,,False,Chrysolepis sempervirens,28927
AF206910.1,18S ribosomal RNA,genomic DNA,1753,Fagus grandifolia,295597-1,Fagaceae,Fagus,grandifolia,,False,Fagus grandifolia,60423
AY263903.1,18S ribosomal RNA,genomic DNA,1430,Lithocarpus henryi,358790-1,Fagaceae,Lithocarpus,henryi,,False,Lithocarpus henryi,210134
GU476437.1,18S ribosomal RNA,genomic DNA,1619,Lithocarpus rufovillosus,358980-1,Fagaceae,Lithocarpus,rufovillosus,,False,Lithocarpus rufovillosus,384962
GU476436.1,18S ribosomal RNA,genomic DNA,1619,Notholithocarpus densiflorus var. densiflorus,77172211-1,Fagaceae,Notholithocarpus,densiflorus,densiflorus,False,Notholithocarpus densiflorus var. densiflorus,385390
ON398339.1,rrn18,genomic DNA,1927,Quercus acutissima,295743-1,Fagaceae,Quercus,acutissima,,False,Quercus acutissima,58330
PQ862791.1,18S ribosomal RNA,genomic DNA,1950,Quercus gilva,296186-1,Fagaceae,Quercus,gilva,,False,Quercus gilva,103490
AY147108.1,18S ribosomal RNA,genomic DNA,1505,Quercus hypargyrea,969371-1,Fagaceae,Quercus,hypargyrea,,False,Quercus hypargyrea,2231307
XR_004084296.1,18S ribosomal RNA,rRNA,1810,Quercus lobata,296396-1,Fagaceae,Quercus,lobata,,False,Quercus lobata,97700
XR_004087030.1,18S ribosomal RNA,rRNA,1809,Quercus lobata,296396-1,Fagaceae,Quercus,lobata,,False,Quercus lobata,97700
XR_007649755.1,18S ribosomal RNA,rRNA,1877,Quercus robur,304293-2,Fagaceae,Quercus,robur,,False,Quercus robur,38942
XR_007650308.1,18S ribosomal RNA,rRNA,1841,Quercus robur,304293-2,Fagaceae,Quercus,robur,,False,Quercus robur,38942
AF132892.1,18S ribosomal RNA,genomic DNA,1737,Quercus rubra,296701-1,Fagaceae,Quercus,rubra,,False,Quercus rubra,3512
XR_002883356.2,18S ribosomal RNA,rRNA,1804,Quercus suber,296785-1,Fagaceae,Quercus,suber,,False,Quercus suber,58331
GU476438.1,18S ribosomal RNA,genomic DNA,1619,Quercus suber,296785-1,Fagaceae,Quercus,suber,,False,Quercus suber,58331
AY147112.1,18S ribosomal RNA,genomic DNA,1498,Trigonobalanus verticillata,360431-1,Fagaceae,Trigonobalanus,verticillata,,False,Trigonobalanus verticillata,60430
AF206913.1,18S ribosomal RNA,genomic DNA,1741,Flagellaria indica,366164-1,Flagellariaceae,Flagellaria,indica,,False,Flagellaria indica,13529
AF003961.1,18S ribosomal RNA,genomic DNA,1733,Fouquieria columnaris,1092291-2,Fouquieriaceae,Fouquieria,columnaris,,False,Fouquieria columnaris,61167
L49280.1,18S ribosomal RNA,genomic DNA,1733,Fouquieria splendens,105437-2,Fouquieriaceae,Fouquieria,splendens,,False,Fouquieria splendens,13533
AF206867.1,18S ribosomal RNA,genomic DNA,1748,Bersama abyssinica,782127-1,Francoaceae,Bersama,abyssinica,,False,Bersama abyssinica,113247
L28137.1,18S ribosomal RNA,genomic DNA,1706,Francoa appendiculata var. sonchifolia,77252565-1,Francoaceae,Francoa,appendiculata,sonchifolia,False,Francoa sonchifolia,23250
U43151.1,18S ribosomal RNA,genomic DNA,1713,Greyia radlkoferi,783196-1,Francoaceae,Greyia,radlkoferi,,False,Greyia radlkoferi,23282
AF207054.1,18S ribosomal RNA,genomic DNA,1727,Viviania marifolia,266245-2,Francoaceae,Viviania,marifolia,,False,Viviania marifolia,28971
AF206914.1,18S ribosomal RNA,genomic DNA,1726,Frankenia pulverulenta,366332-1,Frankeniaceae,Frankenia,pulverulenta,,False,Frankenia pulverulenta,63091
U42522.1,18S ribosomal RNA,genomic DNA,1732,Aucuba japonica,271451-1,Garryaceae,Aucuba,japonica,,False,Aucuba japonica,16901
HQ384683.1,18S ribosomal RNA,genomic DNA,1750,Garrya elliptica,271782-1,Garryaceae,Garrya,elliptica,,False,Garrya elliptica,4288
U42540.1,18S ribosomal RNA,genomic DNA,1713,Garrya elliptica,271782-1,Garryaceae,Garrya,elliptica,,False,Garrya elliptica,4288
OP805353.1,18S ribosomal RNA,genomic DNA,1845,Gelsemium elegans,546348-1,Gelsemiaceae,Gelsemium,elegans,,False,Gelsemium elegans,427660
AJ236025.1,18S ribosomal RNA,genomic DNA,1768,Gelsemium sempervirens,60448812-2,Gelsemiaceae,Gelsemium,sempervirens,,False,Gelsemium sempervirens,28542
KY638685.1,18S ribosomal RNA,genomic DNA,1845,Mostuea sp.,328253-2,Gelsemiaceae,Mostuea,,,False,Mostuea sp. NW-2017,2057172
AJ236026.1,18S ribosomal RNA,genomic DNA,1765,Anthocleista grandiflora,545611-1,Gentianaceae,Anthocleista,grandiflora,,False,Anthocleista grandiflora,28539
KC535917.1,18S ribosomal RNA,genomic DNA,1712,Canscora diffusa,366552-1,Gentianaceae,Canscora,diffusa,,False,Canscora diffusa,84872
KC535918.1,18S ribosomal RNA,genomic DNA,1712,Centaurium erythraea,326619-2,Gentianaceae,Centaurium,erythraea,,False,Centaurium erythraea,172057
HQ448759.1,18S ribosomal RNA,genomic DNA,1729,Chelonanthus purpurascens,1002418-1,Gentianaceae,Chelonanthus,purpurascens,,False,Chelonanthus purpurascens,84874
KC535919.1,18S ribosomal RNA,genomic DNA,1712,Chelonanthus purpurascens,1002418-1,Gentianaceae,Chelonanthus,purpurascens,,False,Chelonanthus purpurascens,84874
KC535920.1,18S ribosomal RNA,genomic DNA,1712,Chironia baccifera,366779-1,Gentianaceae,Chironia,baccifera,,False,Chironia baccifera,82706
KC535921.1,18S ribosomal RNA,genomic DNA,1712,Chironia tetragona,366892-1,Gentianaceae,Chironia,tetragona,,False,Chironia tetragona,1312880
AJ236023.1,18S ribosomal RNA,genomic DNA,1768,Exacum affine,367449-1,Gentianaceae,Exacum,affine,,False,Exacum affine,13525
KC535924.1,18S ribosomal RNA,genomic DNA,1713,Exacum paucisquamum,77076924-1,Gentianaceae,Exacum,paucisquamum,,False,Exacum paucisquamum,198366
HQ448760.1,18S ribosomal RNA,genomic DNA,1615,Exacum paucisquamum,77076924-1,Gentianaceae,Exacum,paucisquamum,,False,Exacum paucisquamum,198366
KC535925.1,18S ribosomal RNA,genomic DNA,1714,Exochaenium baumianum,367588-1,Gentianaceae,Exochaenium,baumianum,,False,Exochaenium baumianum,592744
KC535926.1,18S ribosomal RNA,genomic DNA,1772,Exochaenium debile,367591-1,Gentianaceae,Exochaenium,debile,,False,Exochaenium debile,592752
HQ448767.1,18S ribosomal RNA,genomic DNA,1736,Exochaenium grande,367597-1,Gentianaceae,Exochaenium,grande,,False,Exochaenium grande,592745
KC535927.1,18S ribosomal RNA,genomic DNA,1713,Exochaenium grande,367597-1,Gentianaceae,Exochaenium,grande,,False,Exochaenium grande,592745
KC535928.1,18S ribosomal RNA,genomic DNA,1714,Exochaenium oliganthum,77121338-1,Gentianaceae,Exochaenium,oliganthum,,False,Exochaenium oliganthum,592757
HQ448768.1,18S ribosomal RNA,genomic DNA,1601,Exochaenium oliganthum,77121338-1,Gentianaceae,Exochaenium,oliganthum,,False,Exochaenium oliganthum,592757
KC535929.1,18S ribosomal RNA,genomic DNA,1714,Exochaenium perparvum,77121339-1,Gentianaceae,Exochaenium,perparvum,,False,Exochaenium perparvum,592758
KC535930.1,18S ribosomal RNA,genomic DNA,1714,Exochaenium teuszii,367605-1,Gentianaceae,Exochaenium,teuszii,,False,Exochaenium teucszii,592746
KC535933.1,18S ribosomal RNA,genomic DNA,1712,Gentiana acaulis subsp. dinarica,77192258-1,Gentianaceae,Gentiana,acaulis,dinarica,False,Gentiana dinarica,49944
HQ448773.1,18S ribosomal RNA,genomic DNA,1792,Gentiana asclepiadea,367809-1,Gentianaceae,Gentiana,asclepiadea,,False,Gentiana asclepiadea,49935
KC535932.1,18S ribosomal RNA,genomic DNA,1712,Gentiana asclepiadea,367809-1,Gentianaceae,Gentiana,asclepiadea,,False,Gentiana asclepiadea,49935
KC535934.1,18S ribosomal RNA,genomic DNA,1712,Gentiana lutea,368453-1,Gentianaceae,Gentiana,lutea,,True,Gentiana lutea,38851
KC535931.1,18S ribosomal RNA,genomic DNA,1713,Gentiana tibetica,369036-1,Gentianaceae,Gentiana,tibetica,,False,Gentiana tibetica,374099
KC535935.1,18S ribosomal RNA,genomic DNA,1712,Gentianella amarella,108639-2,Gentianaceae,Gentianella,amarella,,False,Gentianella amarella,137095
HQ448761.1,18S ribosomal RNA,genomic DNA,1533,Gentianella amarella,108639-2,Gentianaceae,Gentianella,amarella,,False,Gentianella amarella,137095
KC535936.1,18S ribosomal RNA,genomic DNA,1712,Gentianella campestris,77068283-1,Gentianaceae,Gentianella,campestris,,False,Gentianella campestris,49940
KC535937.1,18S ribosomal RNA,genomic DNA,1712,Gentianella rapunculoides,108726-2,Gentianaceae,Gentianella,rapunculoides,,False,Gentianella rapunculoides,61949
KC535938.1,18S ribosomal RNA,genomic DNA,1712,Halenia umbellata,117013-2,Gentianaceae,Halenia,umbellata,,False,Halenia umbellata,1312881
KC535939.1,18S ribosomal RNA,genomic DNA,1712,Lisianthius silenifolius,141488-2,Gentianaceae,Lisianthius,silenifolius,,False,Lisianthius silenifolius,1312882
KC535940.1,18S ribosomal RNA,genomic DNA,1709,Lomatogonium oreocharis,370061-1,Gentianaceae,Lomatogonium,oreocharis,,False,Lomatogonium cuneifolium,197666
KC535943.1,18S ribosomal RNA,genomic DNA,1712,Macrocarpaea micrantha,148807-2,Gentianaceae,Macrocarpaea,micrantha,,False,Macrocarpaea micrantha,512536
KC535944.1,18S ribosomal RNA,genomic DNA,1712,Macrocarpaea noctiluca,327564-2,Gentianaceae,Macrocarpaea,noctiluca,,False,Macrocarpaea noctiluca,512539
KC535942.1,18S ribosomal RNA,genomic DNA,1447,Macrocarpaea ovalis,148810-2,Gentianaceae,Macrocarpaea,ovalis,,False,Macrocarpaea arborescens,512513
HQ448763.1,18S ribosomal RNA,genomic DNA,1736,Orphium frutescens,370294-1,Gentianaceae,Orphium,frutescens,,False,Orphium frutescens,82726
KC535945.1,18S ribosomal RNA,genomic DNA,1712,Orphium frutescens,370294-1,Gentianaceae,Orphium,frutescens,,False,Orphium frutescens,82726
KC535947.1,18S ribosomal RNA,genomic DNA,1712,Pycnosphaera buchananii,370466-1,Gentianaceae,Pycnosphaera,buchananii,,False,Pycnosphaera buchananii,84917
KC535948.1,18S ribosomal RNA,genomic DNA,1712,Schinziella tetragona,1206718-2,Gentianaceae,Schinziella,tetragona,,False,Schinziella tetragona,82730
KC535949.1,18S ribosomal RNA,genomic DNA,1712,Schultesia crenuliflora,370583-1,Gentianaceae,Schultesia,crenuliflora,,False,Schultesia crenuliflora,1312883
KC535950.1,18S ribosomal RNA,genomic DNA,1712,Symbolanthus mathewsii,1126394-2,Gentianaceae,Symbolanthus,mathewsii,,False,Symbolanthus mathewsii,512559
KC535951.1,18S ribosomal RNA,genomic DNA,1711,Voyria aphylla,1167766-2,Gentianaceae,Voyria,aphylla,,False,Voyria aphylla,873266
KC535952.1,18S ribosomal RNA,genomic DNA,1708,Voyria aurantiaca,371437-1,Gentianaceae,Voyria,aurantiaca,,False,Voyria aurantiaca,931104
HQ448769.1,18S ribosomal RNA,genomic DNA,1613,Voyria aurantiaca,371437-1,Gentianaceae,Voyria,aurantiaca,,False,Voyria aurantiaca,931104
KC535953.1,18S ribosomal RNA,genomic DNA,1710,Voyria caerulea,371441-1,Gentianaceae,Voyria,caerulea,,False,Voyria caerulea,931105
HQ448770.1,18S ribosomal RNA,genomic DNA,1615,Voyria caerulea,371441-1,Gentianaceae,Voyria,caerulea,,False,Voyria caerulea,931105
KC535954.1,18S ribosomal RNA,genomic DNA,1712,Voyria clavata,371444-1,Gentianaceae,Voyria,clavata,,False,Voyria clavata,1312884
KC535955.1,18S ribosomal RNA,genomic DNA,1710,Voyria corymbosa,371446-1,Gentianaceae,Voyria,corymbosa,,False,Voyria corymbosa,931106
HQ448771.1,18S ribosomal RNA,genomic DNA,1612,Voyria corymbosa,371446-1,Gentianaceae,Voyria,corymbosa,,False,Voyria corymbosa,931106
KC535956.1,18S ribosomal RNA,genomic DNA,1710,Voyria obconica,371456-1,Gentianaceae,Voyria,obconica,,False,Voyria obconica,1312885
KC535957.1,18S ribosomal RNA,genomic DNA,1710,Voyria parasitica,266502-2,Gentianaceae,Voyria,parasitica,,False,Voyria parasitica,1312886
KC535959.1,18S ribosomal RNA,genomic DNA,1709,Voyria rosea,371464-1,Gentianaceae,Voyria,rosea,,False,Voyria rosea,1312888
KC535960.1,18S ribosomal RNA,genomic DNA,1709,Voyria tenella,371471-1,Gentianaceae,Voyria,tenella,,False,Voyria tenella,1312889
KC535961.1,18S ribosomal RNA,genomic DNA,1710,Voyria tenuiflora,371473-1,Gentianaceae,Voyria,tenuiflora,,False,Voyria tenuiflora,1312890
KC535962.1,18S ribosomal RNA,genomic DNA,1711,Voyriella parviflora,371480-1,Gentianaceae,Voyriella,parviflora,,False,Voyriella parviflora,94431
HQ448772.1,18S ribosomal RNA,genomic DNA,1613,Voyriella parviflora,371480-1,Gentianaceae,Voyriella,parviflora,,False,Voyriella parviflora,94431
KP974312.1,18S ribosomal RNA,genomic DNA,1903,Geranium brycei,372841-1,Geraniaceae,Geranium,brycei,,False,Geranium brycei,379939
AF193943.1,18S ribosomal RNA,genomic DNA,1672,Geranium himalayense,373138-1,Geraniaceae,Geranium,himalayense,,False,Geranium himalayense,105809
U42541.1,18S ribosomal RNA,genomic DNA,1729,Geranium sp.,327764-2,Geraniaceae,Geranium,,,False,Geranium sp.,45161
AF206964.1,18S ribosomal RNA,genomic DNA,1741,Monsonia emarginata,374510-1,Geraniaceae,Monsonia,emarginata,,False,Monsonia emarginata,28966
AF206982.1,18S ribosomal RNA,genomic DNA,1741,Pelargonium cotyledonis,60443362-2,Geraniaceae,Pelargonium,cotyledonis,,False,Pelargonium cotyledonis,28968
U42542.1,18S ribosomal RNA,genomic DNA,1740,Aeschynanthus radicans,377844-1,Gesneriaceae,Aeschynanthus,radicans,,True,Aeschynanthus radicans,45166
AJ236053.1,18S ribosomal RNA,genomic DNA,1768,Cyrtandra hawaiensis,379578-1,Gesneriaceae,Cyrtandra,hawaiensis,,False,Cyrtandra hawaiensis,48779
AJ236050.1,18S ribosomal RNA,genomic DNA,1767,Drymonia urceolata,298690-2,Gesneriaceae,Drymonia,urceolata,,False,Drymonia urceolata,63541
XR_012153302.1,18S ribosomal RNA,rRNA,1809,Henckelia pumila,381362-1,Gesneriaceae,Henckelia,pumila,,False,Henckelia pumila,405737
XR_012153300.1,18S ribosomal RNA,rRNA,1809,Henckelia pumila,381362-1,Gesneriaceae,Henckelia,pumila,,False,Henckelia pumila,405737
AF161012.1,18S ribosomal RNA,genomic DNA,1747,Nematanthus strigillosus,168217-2,Gesneriaceae,Nematanthus,strigillosus,,False,Nematanthus hirsutus,39408
XR_012115969.1,18S ribosomal RNA,rRNA,1808,Primulina eburnea,77113174-1,Gesneriaceae,Primulina,eburnea,,False,Primulina eburnea,1245227
XR_012115524.1,18S ribosomal RNA,rRNA,1808,Primulina eburnea,77113174-1,Gesneriaceae,Primulina,eburnea,,False,Primulina eburnea,1245227
XR_012175127.1,18S ribosomal RNA,rRNA,1809,Primulina huaijiensis,77131011-1,Gesneriaceae,Primulina,huaijiensis,,False,Primulina huaijiensis,1492673
XR_012173807.1,18S ribosomal RNA,rRNA,1808,Primulina huaijiensis,77131011-1,Gesneriaceae,Primulina,huaijiensis,,False,Primulina huaijiensis,1492673
XR_012814298.1,18S ribosomal RNA,rRNA,1810,Primulina tabacum,382335-1,Gesneriaceae,Primulina,tabacum,,False,Primulina tabacum,48773
XR_012814297.1,18S ribosomal RNA,rRNA,1808,Primulina tabacum,382335-1,Gesneriaceae,Primulina,tabacum,,False,Primulina tabacum,48773
AJ236052.1,18S ribosomal RNA,genomic DNA,1766,Rhynchoglossum notonianum,382487-1,Gesneriaceae,Rhynchoglossum,notonianum,,False,Rhynchoglossum notonianum,48801
AJ236038.1,18S ribosomal RNA,genomic DNA,1768,Streptocarpus holstii,382929-1,Gesneriaceae,Streptocarpus,holstii,,False,Streptocarpus holstii,28536
AJ236054.1,18S ribosomal RNA,genomic DNA,1766,Titanotrichum oldhamii,383081-1,Gesneriaceae,Titanotrichum,oldhamii,,False,Titanotrichum oldhamii,49121
MW354241.1,rrn18,genomic DNA,1840,Ginkgo biloba,262125-1,Ginkgoaceae,Ginkgo,biloba,,False,Ginkgo biloba,3311
D16448.1,18S ribosomal RNA,genomic DNA,1732,Ginkgo biloba,262125-1,Ginkgoaceae,Ginkgo,biloba,,False,Ginkgo biloba,3311
AY755661.1,18S ribosomal RNA,genomic DNA,1691,Gnetum costatum,383510-1,Gnetaceae,Gnetum,costatum,,False,Gnetum costatum,174662
KM672405.1,rrn18,genomic DNA,1841,Gnetum gnemon,383520-1,Gnetaceae,Gnetum,gnemon,,False,Gnetum gnemon,3382
AY755660.1,18S ribosomal RNA,genomic DNA,1691,Gnetum gnemon,383520-1,Gnetaceae,Gnetum,gnemon,,False,Gnetum gnemon,3382
LC783586.1,18S ribosomal RNA,genomic DNA,1841,Gnetum gnemon var. brunonianum,60453968-2,Gnetaceae,Gnetum,gnemon,brunonianum,False,Gnetum gnemon var. brunonianum,3081846
AY755664.1,18S ribosomal RNA,genomic DNA,1690,Gnetum montanum,383546-1,Gnetaceae,Gnetum,montanum,,False,Gnetum montanum,3381
LC783596.1,18S ribosomal RNA,genomic DNA,1841,Gnetum parvifolium,383557-1,Gnetaceae,Gnetum,parvifolium,,False,Gnetum parvifolium,33153
AY755662.1,18S ribosomal RNA,genomic DNA,1690,Gnetum parvifolium,383557-1,Gnetaceae,Gnetum,parvifolium,,False,Gnetum parvifolium,33153
LC783612.1,rrn18,genomic DNA,1841,Gnetum pendulum,383559-1,Gnetaceae,Gnetum,pendulum,,False,Gnetum pendulum,1886610
L24045.1,18S rRNA,genomic DNA,1812,Gnetum urens,383578-1,Gnetaceae,Gnetum,urens,,False,Gnetum leyboldii var. woodsonianum,225597
AF206918.1,18S ribosomal RNA,genomic DNA,1693,Gomortega keule,1151149-2,Gomortegaceae,Gomortega,keule,,False,Gomortega keule,63806
KT750327.1,18S ribosomal RNA,genomic DNA,1810,Brunonia australis,75840-3,Goodeniaceae,Brunonia,australis,,False,Brunonia australis,49589
KP828778.1,18S ribosomal RNA,genomic DNA,1810,Coopernookia polygalacea,383657-1,Goodeniaceae,Coopernookia,polygalacea,,False,Coopernookia polygalacea,1161753
KP828785.1,18S ribosomal RNA,genomic DNA,1810,Coopernookia strophiolata,383659-1,Goodeniaceae,Coopernookia,strophiolata,,False,Coopernookia strophiolata,49591
KP828788.1,18S ribosomal RNA,genomic DNA,1810,Goodenia brendannarum,77210079-1,Goodeniaceae,Goodenia,brendannarum,,False,Goodenia brendannarum,1690108
KP828787.1,18S ribosomal RNA,genomic DNA,1810,Goodenia collaris,77210083-1,Goodeniaceae,Goodenia,collaris,,False,Scaevola collaris,197955
KP828786.1,18S ribosomal RNA,genomic DNA,1810,Goodenia decursiva,383812-1,Goodeniaceae,Goodenia,decursiva,,False,Goodenia decursiva,1161802
KP828790.1,18S ribosomal RNA,genomic DNA,1810,Goodenia discophora,77210086-1,Goodeniaceae,Goodenia,discophora,,False,Goodenia discophora,1690107
KP828776.1,18S ribosomal RNA,genomic DNA,1810,Goodenia drummondii,939306-1,Goodeniaceae,Goodenia,drummondii,,False,Goodenia drummondii,1161805
KP828779.1,18S ribosomal RNA,genomic DNA,1810,Goodenia filiformis,383827-1,Goodeniaceae,Goodenia,filiformis,,False,Goodenia filiformis,1690103
KP828783.1,18S ribosomal RNA,genomic DNA,1810,Goodenia hassallii,383845-1,Goodeniaceae,Goodenia,hassallii,,False,Goodenia hassallii,1690104
KP828780.1,18S ribosomal RNA,genomic DNA,1810,Goodenia helmsii,947767-1,Goodeniaceae,Goodenia,helmsii,,False,Goodenia helmsii,1161820
KP828796.1,18S ribosomal RNA,genomic DNA,1810,Goodenia micrantha,941253-1,Goodeniaceae,Goodenia,micrantha,,False,Goodenia micrantha,1161825
KP828784.1,18S ribosomal RNA,genomic DNA,1810,Goodenia ovata,383908-1,Goodeniaceae,Goodenia,ovata,,False,Goodenia ovata,49600
KP828791.1,18S ribosomal RNA,genomic DNA,1810,Goodenia phillipsiae,939327-1,Goodeniaceae,Goodenia,phillipsiae,,False,Goodenia phillipsiae,1690105
KP828792.1,18S ribosomal RNA,genomic DNA,1810,Goodenia pinifolia,383912-1,Goodeniaceae,Goodenia,pinifolia,,False,Goodenia pinifolia,1161831
KP828795.1,18S ribosomal RNA,genomic DNA,1810,Goodenia radicans,383929-1,Goodeniaceae,Goodenia,radicans,,False,Goodenia radicans,49632
KP828781.1,18S ribosomal RNA,genomic DNA,1810,Goodenia reinwardtii,77210097-1,Goodeniaceae,Goodenia,reinwardtii,,False,Goodenia reinwardtii,49636
KP828793.1,18S ribosomal RNA,genomic DNA,1810,Goodenia rosea,77210098-1,Goodeniaceae,Goodenia,rosea,,False,Goodenia rosea,1164868
KP828777.1,18S ribosomal RNA,genomic DNA,1810,Goodenia tripartita,939313-1,Goodeniaceae,Goodenia,tripartita,,False,Goodenia tripartita,1161840
KP828797.1,18S ribosomal RNA,genomic DNA,1810,Goodenia viscida,383979-1,Goodeniaceae,Goodenia,viscida,,False,Goodenia viscida,1690106
AJ236008.1,18S ribosomal RNA,genomic DNA,1768,Scaevola aemula,384140-1,Goodeniaceae,Scaevola,aemula,,False,Scaevola aemula,112242
KP828798.1,18S ribosomal RNA,genomic DNA,1810,Scaevola filifolia,77210372-1,Goodeniaceae,Scaevola,filifolia,,False,Scaevola filifolia,49596
KP828782.1,18S ribosomal RNA,genomic DNA,1810,Scaevola phlebopetala,384289-1,Goodeniaceae,Scaevola,phlebopetala,,False,Scaevola phlebopetala,197981
KP828794.1,18S ribosomal RNA,genomic DNA,1810,Scaevola porocarya,384297-1,Goodeniaceae,Scaevola,porocarya,,False,Scaevola porocarya,197983
KP828789.1,18S ribosomal RNA,genomic DNA,1810,Scaevola tomentosa,384345-1,Goodeniaceae,Scaevola,tomentosa,,False,Scaevola tomentosa,197992
AF206920.1,18S ribosomal RNA,genomic DNA,1749,Goupia glabra,161264-1,Goupiaceae,Goupia,glabra,,False,Goupia glabra,39314
AJ236000.1,18S ribosomal RNA,genomic DNA,1765,Griselinia littoralis,271806-1,Griseliniaceae,Griselinia,littoralis,,False,Griselinia littoralis,86852
AF206922.1,18S ribosomal RNA,genomic DNA,1743,Griselinia lucida,271807-1,Griseliniaceae,Griselinia,lucida,,False,Griselinia lucida,16913
GU476404.1,18S ribosomal RNA,genomic DNA,1619,Griselinia lucida,271807-1,Griseliniaceae,Griselinia,lucida,,False,Griselinia lucida,16913
L28143.1,18S rRNA,genomic DNA,1726,Ribes aureum,220870-2,Grossulariaceae,Ribes,aureum,,False,Ribes aureum,23283
MT735329.1,18S ribosomal RNA,genomic DNA,1809,Ribes uva-crispa,793052-1,Grossulariaceae,Ribes,uva-crispa,,False,Ribes uva-crispa,135518
U43787.1,18S ribosomal RNA,genomic DNA,1721,Gunnera manicata,324610-2,Gunneraceae,Gunnera,manicata,,False,Gunnera manicata,24957
AF070971.1,18S ribosomal RNA,genomic DNA,1708,Gyrostemon tepperi,910723-1,Gyrostemonaceae,Gyrostemon,tepperi,,False,Gyrostemon tepperi,34338
KM103390.1,18S ribosomal RNA,genomic DNA,1792,Anigozanthos sp.,19442-1,Haemodoraceae,Anigozanthos,,,False,Anigozanthos sp. KH-2014,1552339
GQ497574.1,18S ribosomal RNA,genomic DNA,1798,Halophytum ameghinoi,117130-2,Halophytaceae,Halophytum,ameghinoi,,False,Halophytum ameghinoi,124817
HQ843429.1,18S ribosomal RNA,genomic DNA,1480,Halophytum ameghinoi,117130-2,Halophytaceae,Halophytum,ameghinoi,,False,Halophytum ameghinoi,124817
U42550.1,18S ribosomal RNA,genomic DNA,1715,Haloragis erecta,430235-1,Haloragaceae,Haloragis,erecta,,False,Haloragis erecta,45167
AF094547.1,18S ribosomal RNA,genomic DNA,1674,Haloragis erecta,430235-1,Haloragaceae,Haloragis,erecta,,False,Haloragis erecta,45167
U42551.1,18S ribosomal RNA,genomic DNA,1715,Myriophyllum sibiricum,430459-1,Haloragaceae,Myriophyllum,sibiricum,,False,Myriophyllum sibiricum,24953
AF094548.1,18S ribosomal RNA,genomic DNA,1694,Corylopsis pauciflora,430577-1,Hamamelidaceae,Corylopsis,pauciflora,,False,Corylopsis pauciflora,50993
AF094549.1,18S ribosomal RNA,genomic DNA,1695,Disanthus cercidifolius,430612-1,Hamamelidaceae,Disanthus,cercidifolius,,False,Disanthus cercidifolius,54451
AF094550.1,18S ribosomal RNA,genomic DNA,1694,Exbucklandia populnea,430650-1,Hamamelidaceae,Exbucklandia,populnea,,False,Exbucklandia populnea,54453
AY147113.1,18S ribosomal RNA,genomic DNA,1525,Hamamelis japonica,430683-1,Hamamelidaceae,Hamamelis,japonica,,False,Hamamelis japonica,63355
AF094551.1,18S ribosomal RNA,genomic DNA,1688,Hamamelis virginiana,430697-1,Hamamelidaceae,Hamamelis,virginiana,,False,Hamamelis virginiana,4397
AF274598.1,18S ribosomal RNA,genomic DNA,1792,Mytilaria laosensis,430736-1,Hamamelidaceae,Mytilaria,laosensis,,False,Mytilaria laosensis,54454
AF274599.1,18S ribosomal RNA,genomic DNA,1786,Rhodoleia championii,430745-1,Hamamelidaceae,Rhodoleia,championii,,False,Rhodoleia championii,54456
U42524.1,18S ribosomal RNA,genomic DNA,1725,Helwingia japonica,972474-1,Helwingiaceae,Helwingia,japonica,,False,Helwingia japonica,16915
AF206923.1,18S ribosomal RNA,genomic DNA,1707,Gyrocarpus americanus,170637-1,Hernandiaceae,Gyrocarpus,americanus,,False,Gyrocarpus americanus,63807
DQ007407.1,18S ribosomal RNA,genomic DNA,1714,Hernandia ovigera,430815-1,Hernandiaceae,Hernandia,ovigera,,True,Hernandia ovigera,13561
AF206916.1,18S ribosomal RNA,genomic DNA,1708,Galbulimima belgraveana,554484-1,Himantandraceae,Galbulimima,belgraveana,,False,Galbulimima belgraveana,13535
AY929338.1,18S ribosomal RNA,genomic DNA,1779,Afrostyrax kamerunensis,826261-1,Huaceae,Afrostyrax,kamerunensis,,False,Afrostyrax kamerunensis,324801
AY929339.1,18S ribosomal RNA,genomic DNA,1770,Afrostyrax lepidophyllus,826262-1,Huaceae,Afrostyrax,lepidophyllus,,False,Afrostyrax lepidophyllus,324802
AF206840.1,18S ribosomal RNA,genomic DNA,1739,Afrostyrax sp.,38885-1,Huaceae,Afrostyrax,,,False,Afrostyrax sp. Cheek 5007,85715
AY929345.1,18S ribosomal RNA,genomic DNA,1785,Hua gabonii,824048-1,Huaceae,Hua,gabonii,,False,Hua gabonii,124940
FJ669719.1,18S ribosomal RNA,genomic DNA,1696,Hua gabonii,824048-1,Huaceae,Hua,gabonii,,False,Hua gabonii,124940
AY929369.1,18S ribosomal RNA,genomic DNA,1770,Humiria balsamifera,431431-1,Humiriaceae,Humiria,balsamifera,,False,Humiria balsamifera,4009
AF206930.1,18S ribosomal RNA,genomic DNA,1743,Humiria balsamifera,431431-1,Humiriaceae,Humiria,balsamifera,,False,Humiria balsamifera,4009
AB233577.1,18S ribosomal RNA,genomic DNA,1731,Humiria balsamifera var. balsamifera,77231716-1,Humiriaceae,Humiria,balsamifera,balsamifera,False,Humiria balsamifera var. balsamifera,344437
FJ669696.1,18S ribosomal RNA,genomic DNA,1679,Sacoglottis gabonensis,431491-1,Humiriaceae,Sacoglottis,gabonensis,,False,Sacoglottis gabonensis,544672
AB233578.1,18S ribosomal RNA,genomic DNA,1736,Sacoglottis sp.,19674-1,Humiriaceae,Sacoglottis,,,False,Sacoglottis sp. Hammel 18390,212248
AY674639.1,18S ribosomal RNA,genomic DNA,1688,Vantanea guianensis,431524-1,Humiriaceae,Vantanea,guianensis,,True,Vantanea guianensis,58849
AJ235992.1,18S ribosomal RNA,genomic DNA,1763,Carpenteria californica,790459-1,Hydrangeaceae,Carpenteria,californica,,False,Carpenteria californica,23101
AJ235986.1,18S ribosomal RNA,genomic DNA,1768,Fendlera rupicola,315095-2,Hydrangeaceae,Fendlera,rupicola,,False,Fendlera rupicola,86877
AJ235985.1,18S ribosomal RNA,genomic DNA,1767,Hydrangea barbara,60470170-2,Hydrangeaceae,Hydrangea,barbara,,False,Hydrangea barbara,86875
U42781.1,18S ribosomal RNA,genomic DNA,1739,Hydrangea macrophylla,791637-1,Hydrangeaceae,Hydrangea,macrophylla,,False,Hydrangea macrophylla,23110
PV878598.1,18S ribosomal RNA,genomic DNA,1935,Hydrangea platyarguta,77152113-1,Hydrangeaceae,Hydrangea,platyarguta,,False,Hydrangea platyarguta,123676
AJ235984.1,18S ribosomal RNA,genomic DNA,1769,Philadelphus lewisii,317401-2,Hydrangeaceae,Philadelphus,lewisii,,False,Philadelphus lewisii,23115
U42782.1,18S ribosomal RNA,genomic DNA,1707,Philadelphus lewisii,317401-2,Hydrangeaceae,Philadelphus,lewisii,,False,Philadelphus lewisii,23115
JF975483.1,18S ribosomal RNA,genomic DNA,1643,Blyxa echinosperma,55489-3,Hydrocharitaceae,Blyxa,echinosperma,,False,Blyxa echinosperma,203636
AY952406.1,18S ribosomal RNA,genomic DNA,1678,Blyxa japonica,431629-1,Hydrocharitaceae,Blyxa,japonica,,False,Blyxa japonica,62338
JF975484.1,18S ribosomal RNA,genomic DNA,1644,Elodea densa,431710-1,Hydrocharitaceae,Elodea,densa,,False,Egeria densa,55453
OL435806.1,18S ribosomal RNA,genomic DNA,1704,Elodea najas,431721-1,Hydrocharitaceae,Elodea,najas,,False,Egeria najas,239012
AY952403.1,18S ribosomal RNA,genomic DNA,1656,Enhalus acoroides,160634-3,Hydrocharitaceae,Enhalus,acoroides,,False,Enhalus acoroides,55455
JQ041644.1,18S ribosomal RNA,genomic DNA,1623,Enhalus acoroides,160634-3,Hydrocharitaceae,Enhalus,acoroides,,False,Enhalus acoroides,55455
JQ041646.1,18S ribosomal RNA,genomic DNA,1625,Halophila beccarii,431747-1,Hydrocharitaceae,Halophila,beccarii,,False,Halophila beccarii,180123
PV999282.1,18S ribosomal RNA,genomic DNA,1458,Halophila beccarii,431747-1,Hydrocharitaceae,Halophila,beccarii,,False,Halophila beccarii,180123
JQ041661.1,18S ribosomal RNA,genomic DNA,1625,Halophila decipiens,431748-1,Hydrocharitaceae,Halophila,decipiens,,False,Halophila decipiens,55459
JQ041659.1,18S ribosomal RNA,genomic DNA,1904,Halophila minor,431760-1,Hydrocharitaceae,Halophila,minor,,False,Halophila minor,180126
LC027444.1,18S ribosomal RNA,genomic DNA,1749,Halophila ovalis,431761-1,Hydrocharitaceae,Halophila,ovalis,,False,Halophila ovalis,62339
AY952400.1,18S ribosomal RNA,genomic DNA,1670,Halophila ovalis,431761-1,Hydrocharitaceae,Halophila,ovalis,,False,Halophila ovalis,62339
JQ041652.1,18S ribosomal RNA,genomic DNA,1624,Halophila ovalis subsp. ramamurthiana,951516-1,Hydrocharitaceae,Halophila,ovalis,ramamurthiana,False,Halophila ovalis subsp. ramamurthiana,1137756
JQ041643.1,18S ribosomal RNA,genomic DNA,1624,Halophila stipulacea,431764-1,Hydrocharitaceae,Halophila,stipulacea,,False,Halophila stipulacea,83836
AY952399.1,18S ribosomal RNA,genomic DNA,1768,Hydrilla verticillata,114224-3,Hydrocharitaceae,Hydrilla,verticillata,,False,Hydrilla verticillata,51024
OL435807.1,18S ribosomal RNA,genomic DNA,1703,Hydrilla verticillata,114224-3,Hydrocharitaceae,Hydrilla,verticillata,,False,Hydrilla verticillata,51024
AY952398.1,18S ribosomal RNA,genomic DNA,1659,Hydrocharis dubia,431797-1,Hydrocharitaceae,Hydrocharis,dubia,,False,Hydrocharis dubia,62340
JF975489.1,18S ribosomal RNA,genomic DNA,1645,Hydrocharis dubia,431797-1,Hydrocharitaceae,Hydrocharis,dubia,,False,Hydrocharis dubia,62340
JF975485.1,18S ribosomal RNA,genomic DNA,1643,Najas marina,321282-2,Hydrocharitaceae,Najas,marina,,False,Najas marina,55316
JF975487.1,18S ribosomal RNA,genomic DNA,1643,Najas minor,603043-1,Hydrocharitaceae,Najas,minor,,False,Najas minor,62343
JF975486.1,18S ribosomal RNA,genomic DNA,1643,Najas sp.,60437228-2,Hydrocharitaceae,Najas,,,False,Najas sp. 1 LYC-2011,1046419
AY952392.1,18S ribosomal RNA,genomic DNA,1764,Ottelia acuminata,431848-1,Hydrocharitaceae,Ottelia,acuminata,,False,Ottelia acuminata,319739
JF975490.1,18S ribosomal RNA,genomic DNA,1643,Ottelia alismoides,1080475-2,Hydrocharitaceae,Ottelia,alismoides,,False,Ottelia alismoides,55483
JF975492.1,18S ribosomal RNA,genomic DNA,1643,Ottelia balansae,431851-1,Hydrocharitaceae,Ottelia,balansae,,False,Ottelia balansae,1046420
JF975491.1,18S ribosomal RNA,genomic DNA,1643,Ottelia emersa,933502-1,Hydrocharitaceae,Ottelia,emersa,,False,Ottelia emersa,1046409
JF975493.1,18S ribosomal RNA,genomic DNA,1643,Stratiotes aloides,431936-1,Hydrocharitaceae,Stratiotes,aloides,,False,Stratiotes aloides,55494
AY952386.1,18S ribosomal RNA,genomic DNA,1675,Thalassia hemprichii,77310108-1,Hydrocharitaceae,Thalassia,hemprichii,,False,Thalassia hemprichii,55496
JQ041656.1,18S ribosomal RNA,genomic DNA,1624,Thalassia hemprichii,77310108-1,Hydrocharitaceae,Thalassia,hemprichii,,False,Thalassia hemprichii,55496
AY952384.1,18S ribosomal RNA,genomic DNA,1718,Vallisneria natans,431989-1,Hydrocharitaceae,Vallisneria,natans,,False,Vallisneria asiatica,451758
JF975494.1,18S ribosomal RNA,genomic DNA,1644,Vallisneria natans,431989-1,Hydrocharitaceae,Vallisneria,natans,,False,Vallisneria natans,62345
AF207050.1,18S ribosomal RNA,genomic DNA,1718,Vallisneria sp.,30023196-2,Hydrocharitaceae,Vallisneria,,,False,Vallisneria sp. Chase 6018,120078
AJ236014.1,18S ribosomal RNA,genomic DNA,1766,Hydrolea ovata,278487-2,Hydroleaceae,Hydrolea,ovata,,False,Hydrolea ovata,28524
AJ235983.1,18S ribosomal RNA,genomic DNA,1771,Hydrostachys imbricata,688219-1,Hydrostachyaceae,Hydrostachys,imbricata,,False,Hydrostachys imbricata,86842
AB233579.1,18S ribosomal RNA,genomic DNA,1736,Cratoxylum cochinchinense,433054-1,Hypericaceae,Cratoxylum,cochinchinense,,False,Cratoxylum cochinchinense,271749
FJ669697.1,18S ribosomal RNA,genomic DNA,1692,Cratoxylum formosum,433057-1,Hypericaceae,Cratoxylum,formosum,,False,Cratoxylum formosum,198761
FJ669698.1,18S ribosomal RNA,genomic DNA,1710,Eliea articulata,433085-1,Hypericaceae,Eliea,articulata,,False,Eliea articulata,670036
AF206934.1,18S ribosomal RNA,genomic DNA,1750,Hypericum perforatum,433719-1,Hypericaceae,Hypericum,perforatum,,False,Hypericum perforatum,65561
AY674640.1,18S ribosomal RNA,genomic DNA,1702,Vismia sp.,19867-1,Hypericaceae,Vismia,,,False,Vismia sp. Miller et al. 9313,289691
HM640770.1,18S ribosomal RNA,genomic DNA,1739,Curculigo capitulata,64141-1,Hypoxidaceae,Curculigo,capitulata,,False,Molineria capitulata,72645
HM640772.1,18S ribosomal RNA,genomic DNA,1739,Hypoxis baurii,65354-1,Hypoxidaceae,Hypoxis,baurii,,False,Rhodohypoxis baurii,82259
AF135209.1,18S ribosomal RNA,genomic DNA,1653,Hypoxis curtissii,126627-2,Hypoxidaceae,Hypoxis,curtissii,,False,Hypoxis leptocarpa,49720
HM640771.1,18S ribosomal RNA,genomic DNA,1728,Hypoxis hemerocallidea,65431-1,Hypoxidaceae,Hypoxis,hemerocallidea,,False,Hypoxis hemerocallidea,862860
AF207008.1,18S ribosomal RNA,genomic DNA,1563,Hypoxis milloides,65480-1,Hypoxidaceae,Hypoxis,milloides,,False,Rhodohypoxis milloides,59076
AF206854.1,18S ribosomal RNA,genomic DNA,1730,Aristea glauca,435971-1,Iridaceae,Aristea,glauca,,False,Aristea glauca,61253
EU816707.1,18S ribosomal RNA,genomic DNA,1688,Geosiris sp.,20348-1,Iridaceae,Geosiris,,,False,Geosiris sp. Prance 30781,61233
L54062.1,18S ribosomal RNA,genomic DNA,1783,Gladiolus buckerveldii,437325-1,Iridaceae,Gladiolus,buckerveldii,,False,Gladiolus buckerveldii,49748
HM640774.1,18S ribosomal RNA,genomic DNA,1731,Gladiolus illyricus,20008765-1,Iridaceae,Gladiolus,illyricus,,False,Gladiolus illyricus,928058
AY952396.1,18S ribosomal RNA,genomic DNA,1671,Iris japonica,438741-1,Iridaceae,Iris,japonica,,False,Iris japonica,203638
HM640773.1,18S ribosomal RNA,genomic DNA,1738,Iris rossii,439043-1,Iridaceae,Iris,rossii,,False,Iris rossii,928059
JQ283937.1,18S ribosomal RNA,genomic DNA,1780,Iris tenax,439169-1,Iridaceae,Iris,tenax,,False,Iris tenax,34216
L54063.1,18S ribosomal RNA,genomic DNA,1783,Isophysis tasmanica,536949-1,Iridaceae,Isophysis,tasmanica,,False,Isophysis tasmanica,49752
AB233580.1,18S ribosomal RNA,genomic DNA,1736,Irvingia malayana,813775-1,Irvingiaceae,Irvingia,malayana,,False,Irvingia malayana,85215
AF206939.1,18S ribosomal RNA,genomic DNA,1736,Irvingia malayana,813775-1,Irvingiaceae,Irvingia,malayana,,False,Irvingia malayana,85215
AY674610.1,18S ribosomal RNA,genomic DNA,1708,Klainedoxa gabonensis,813802-1,Irvingiaceae,Klainedoxa,gabonensis,,False,Klainedoxa gabonensis,289639
AF274601.1,18S ribosomal RNA,genomic DNA,1786,Itea rhamnoides,77164727-1,Iteaceae,Itea,rhamnoides,,False,Choristylis rhamnoides,91919
U42545.1,18S ribosomal RNA,genomic DNA,1739,Itea virginica,278948-2,Iteaceae,Itea,virginica,,False,Itea virginica,23081
U42547.1,18S ribosomal RNA,genomic DNA,1745,Pterostemon rotundifolius,730451-1,Iteaceae,Pterostemon,rotundifolius,,False,Pterostemon rotundifolius,23090
HM640775.1,18S ribosomal RNA,genomic DNA,1740,Ixiolirion tataricum,65691-1,Ixioliriaceae,Ixiolirion,tataricum,,False,Ixiolirion tataricum,49722
AF206940.1,18S ribosomal RNA,genomic DNA,1565,Ixiolirion tataricum,65691-1,Ixioliriaceae,Ixiolirion,tataricum,,False,Ixiolirion tataricum,49722
FJ669700.1,18S ribosomal RNA,genomic DNA,1711,Cyrillopsis paraensis,75419-2,Ixonanthaceae,Cyrillopsis,paraensis,,False,Cyrillopsis paraensis,597288
AF206941.1,18S ribosomal RNA,genomic DNA,1793,Ixonanthes icosandra,544276-1,Ixonanthaceae,Ixonanthes,icosandra,,False,Ixonanthes icosandra,112826
AY674608.1,18S ribosomal RNA,genomic DNA,1793,Ixonanthes reticulata,544286-1,Ixonanthaceae,Ixonanthes,reticulata,,False,Ixonanthes chinensis,257781
AB233581.1,18S ribosomal RNA,genomic DNA,1736,Ixonanthes reticulata,544286-1,Ixonanthaceae,Ixonanthes,reticulata,,False,Ixonanthes reticulata,212250
AY674621.1,18S ribosomal RNA,genomic DNA,1706,Ochthocosmus longipedicellatus,171468-2,Ixonanthaceae,Ochthocosmus,longipedicellatus,,False,Ochthocosmus longipedicellatus,289682
AF206880.1,18S ribosomal RNA,genomic DNA,1739,Carya glabra,30055752-2,Juglandaceae,Carya,glabra,,False,Carya glabra,13403
XR_006239241.1,18S ribosomal RNA,rRNA,1812,Carya illinoinensis,442167-1,Juglandaceae,Carya,illinoinensis,,False,Carya illinoinensis,32201
XR_006243093.1,18S ribosomal RNA,rRNA,1812,Carya illinoinensis,442167-1,Juglandaceae,Carya,illinoinensis,,False,Carya illinoinensis,32201
AY263890.1,18S ribosomal RNA,genomic DNA,1512,Carya sinensis,442199-1,Juglandaceae,Carya,sinensis,,False,Carya sinensis,139926
AY263892.1,18S ribosomal RNA,genomic DNA,1535,Cyclocarya paliurus,442206-1,Juglandaceae,Cyclocarya,paliurus,,False,Cyclocarya paliurus,117167
AY263894.1,18S ribosomal RNA,genomic DNA,1528,Engelhardia roxburghiana,442229-1,Juglandaceae,Engelhardia,roxburghiana,,False,Engelhardia fenzelii,210133
AY263901.1,18S ribosomal RNA,genomic DNA,1512,Juglans mandshurica,442388-1,Juglandaceae,Juglans,mandshurica,,False,Juglans mandshurica,91218
AF206943.1,18S ribosomal RNA,genomic DNA,1738,Juglans nigra,279034-2,Juglandaceae,Juglans,nigra,,False,Juglans nigra,16719
XR_004799236.1,18S ribosomal RNA,rRNA,1824,Juglans regia,442427-1,Juglandaceae,Juglans,regia,,False,Juglans regia,51240
XR_004800323.1,18S ribosomal RNA,rRNA,1809,Juglans regia,442427-1,Juglandaceae,Juglans,regia,,False,Juglans regia,51240
AY263897.1,18S ribosomal RNA,genomic DNA,1529,Juglans sp.,30000723-2,Juglandaceae,Juglans,,,False,Juglans sp. RQL-2004,1828336
AY263893.1,18S ribosomal RNA,genomic DNA,1534,Platycarya strobilacea,442460-1,Juglandaceae,Platycarya,strobilacea,,False,Platycarya strobilacea,91224
AY263891.1,18S ribosomal RNA,genomic DNA,1517,Pterocarya hupehensis,442472-1,Juglandaceae,Pterocarya,hupehensis,,False,Pterocarya hupehensis,210135
AY147109.1,18S ribosomal RNA,genomic DNA,1539,Rhoiptelea chiliantha,719917-1,Juglandaceae,Rhoiptelea,chiliantha,,False,Rhoiptelea chiliantha,60426
AF206944.1,18S ribosomal RNA,genomic DNA,1735,Juncus effusus,442917-1,Juncaceae,Juncus,effusus,,False,Juncus effusus,13579
AF197586.1,18S ribosomal RNA,genomic DNA,1709,Triglochin maritima,258178-2,Juncaginaceae,Triglochin,maritima,,False,Triglochin maritima,55501
U42512.1,18S ribosomal RNA,genomic DNA,1710,Koeberlinia spinosa,30070320-2,Koeberliniaceae,Koeberlinia,spinosa,,False,Koeberlinia spinosa,28533
AF206948.1,18S ribosomal RNA,genomic DNA,1744,Krameria ixine,690428-1,Krameriaceae,Krameria,ixine,,False,Krameria ixine,85221
AY929370.1,18S ribosomal RNA,genomic DNA,1738,Lacistema aggregatum,134457-2,Lacistemataceae,Lacistema,aggregatum,,False,Lacistema aggregatum,112829
AB233582.1,18S ribosomal RNA,genomic DNA,1733,Lacistema aggregatum,134457-2,Lacistemataceae,Lacistema,aggregatum,,False,Lacistema aggregatum,112829
FJ669702.1,18S ribosomal RNA,genomic DNA,1715,Lozania pittieri,144138-2,Lacistemataceae,Lozania,pittieri,,False,Lozania pittieri,179706
MT277325.1,18S ribosomal RNA,genomic DNA,1692,Ajuga campylantha,444541-1,Lamiaceae,Ajuga,campylantha,,False,Ajuga campylantha,2684400
MT277204.1,rrn18,genomic DNA,1692,Ajuga campylanthoides,444542-1,Lamiaceae,Ajuga,campylanthoides,,False,Ajuga campylanthoides,2684399
MT075725.1,rrn18,genomic DNA,1692,Ajuga ciliata,444550-1,Lamiaceae,Ajuga,ciliata,,False,Ajuga ciliata,199542
MT277236.1,18S ribosomal RNA,genomic DNA,1692,Ajuga decumbens,927390-1,Lamiaceae,Ajuga,decumbens,,True,Ajuga decumbens,167911
MT277300.1,18S ribosomal RNA,genomic DNA,1692,Ajuga forrestii,444573-1,Lamiaceae,Ajuga,forrestii,,False,Ajuga forrestii,2684401
MT277296.1,18S ribosomal RNA,genomic DNA,1692,Ajuga lupulina,444613-1,Lamiaceae,Ajuga,lupulina,,False,Ajuga lupulina,587657
MT277249.1,rrn18,genomic DNA,1692,Ajuga nipponensis,444633-1,Lamiaceae,Ajuga,nipponensis,,False,Ajuga nipponensis,984302
MT277187.1,18S ribosomal RNA,genomic DNA,1695,Amethystea caerulea,444785-1,Lamiaceae,Amethystea,caerulea,,False,Amethystea caerulea,201506
PP554241.1,18S ribosomal RNA,genomic DNA,1694,Anisomeles indica,444831-1,Lamiaceae,Anisomeles,indica,,False,Anisomeles indica,516069
AJ236048.1,18S ribosomal RNA,genomic DNA,1765,Callicarpa dichotoma,60475856-2,Lamiaceae,Callicarpa,dichotoma,,False,Callicarpa dichotoma,28515
MT277221.1,18S ribosomal RNA,genomic DNA,1695,Caryopteris mongholica,861594-1,Lamiaceae,Caryopteris,mongholica,,False,Caryopteris mongholica,201515
MT277160.1,rrn18,genomic DNA,1695,Caryopteris trichosphaera,861606-1,Lamiaceae,Caryopteris,trichosphaera,,False,Caryopteris trichosphaera,2290797
AJ236033.1,18S ribosomal RNA,genomic DNA,1766,Clerodendrum chinense,946989-1,Lamiaceae,Clerodendrum,chinense,,False,Clerodendrum chinense,54464
MT277191.1,18S ribosomal RNA,genomic DNA,1692,Clerodendrum mandarinorum,862240-1,Lamiaceae,Clerodendrum,mandarinorum,,False,Clerodendrum mandarinorum,54221
MT277272.1,rrn18,genomic DNA,1692,Clerodendrum yunnanense,862495-1,Lamiaceae,Clerodendrum,yunnanense,,False,Clerodendrum yunnanense,201513
MT277314.1,rrn18,genomic DNA,1689,Colquhounia coccinea,446244-1,Lamiaceae,Colquhounia,coccinea,,False,Colquhounia coccinea,457135
L49287.2,18S ribosomal RNA,genomic DNA,1743,Lamium amplexicaule,448797-1,Lamiaceae,Lamium,amplexicaule,,False,Lamium amplexicaule,53160
HQ384694.1,18S ribosomal RNA,genomic DNA,1749,Lamium purpureum,448939-1,Lamiaceae,Lamium,purpureum,,False,Lamium purpureum,53164
ON631245.1,18S ribosomal RNA,genomic DNA,1914,Mentha spicata,451162-1,Lamiaceae,Mentha,spicata,,False,Mentha spicata,29719
KT179704.1,18S ribosomal RNA,genomic DNA,1809,Monarda fistulosa var. mollis,77189955-1,Lamiaceae,Monarda,fistulosa,mollis,False,Monarda fistulosa var. mollis,1701427
KT179706.1,18S ribosomal RNA,genomic DNA,1809,Nepeta cataria,452333-1,Lamiaceae,Nepeta,cataria,,False,Nepeta cataria,39347
JN802671.1,18S ribosomal RNA,genomic DNA,1807,Nepeta tenuifolia,452775-1,Lamiaceae,Nepeta,tenuifolia,,False,Schizonepeta tenuifolia,2849020
KT220693.1,18S ribosomal RNA,genomic DNA,1808,Perilla frutescens,190343-2,Lamiaceae,Perilla,frutescens,,False,Perilla frutescens,48386
KT220694.1,18S ribosomal RNA,genomic DNA,1808,Perilla frutescens var. crispa,190344-2,Lamiaceae,Perilla,frutescens,crispa,False,Perilla frutescens var. acuta,279737
KT220695.1,18S ribosomal RNA,genomic DNA,1808,Perilla frutescens var. crispa,190344-2,Lamiaceae,Perilla,frutescens,crispa,False,Perilla frutescens f. crispidiscolor,1812033
KT220698.1,18S ribosomal RNA,genomic DNA,1808,Perilla frutescens var. frutescens,77169338-1,Lamiaceae,Perilla,frutescens,frutescens,False,Perilla frutescens var. frutescens,151328
KR921733.1,18S ribosomal RNA,genomic DNA,1703,Perilla frutescens var. frutescens,77169338-1,Lamiaceae,Perilla,frutescens,frutescens,False,Perilla frutescens var. frutescens,151328
KT220700.1,18S ribosomal RNA,genomic DNA,1808,Perilla frutescens var. hirtella,77189794-1,Lamiaceae,Perilla,frutescens,hirtella,False,Perilla frutescens var. hirtella,608512
KT220701.1,18S ribosomal RNA,genomic DNA,1808,Perilla frutescens var. hirtella,77189794-1,Lamiaceae,Perilla,frutescens,hirtella,False,Perilla frutescens var. hirtella,608512
MT277278.1,18S ribosomal RNA,genomic DNA,1689,Phlomoides alpina,945048-1,Lamiaceae,Phlomoides,alpina,,False,Phlomoides alpina,2953160
EF529586.1,18S ribosomal RNA,genomic DNA,1809,Pogostemon cablin,454827-1,Lamiaceae,Pogostemon,cablin,,False,Pogostemon cablin,28511
EF529578.1,18S ribosomal RNA,genomic DNA,1809,Pogostemon cablin,454827-1,Lamiaceae,Pogostemon,cablin,,False,Pogostemon cablin,28511
KP718621.1,18S ribosomal RNA,genomic DNA,1809,Pogostemon stellatus,454904-1,Lamiaceae,Pogostemon,stellatus,,False,Pogostemon stellatus,1081573
KP718619.1,18S ribosomal RNA,genomic DNA,1809,Pogostemon yatabeanus,911140-1,Lamiaceae,Pogostemon,yatabeanus,,False,Pogostemon yatabeanus,1667030
OR113011.1,18S ribosomal RNA,genomic DNA,1925,Prunella vulgaris,455176-1,Lamiaceae,Prunella,vulgaris,,False,Prunella vulgaris,39358
NC_081933.1,18S ribosomal RNA,genomic DNA,1925,Prunella vulgaris,455176-1,Lamiaceae,Prunella,vulgaris,,False,Prunella vulgaris,39358
MT277178.1,rrn18,genomic DNA,1695,Pseudocaryopteris foetida,1008761-1,Lamiaceae,Pseudocaryopteris,foetida,,False,Pseudocaryopteris paniculata,199172
XR_007171146.1,18S ribosomal RNA,rRNA,1809,Salvia hispanica,456385-1,Lamiaceae,Salvia,hispanica,,True,Salvia hispanica,49212
XR_009097863.1,18S ribosomal RNA,rRNA,1809,Salvia miltiorrhiza,456707-1,Lamiaceae,Salvia,miltiorrhiza,,False,Salvia miltiorrhiza,226208
XR_009097862.1,18S ribosomal RNA,rRNA,1808,Salvia miltiorrhiza,456707-1,Lamiaceae,Salvia,miltiorrhiza,,False,Salvia miltiorrhiza,226208
KT179705.1,18S ribosomal RNA,genomic DNA,1809,Salvia nemorosa,456774-1,Lamiaceae,Salvia,nemorosa,,False,Salvia nemorosa,49215
OQ001564.1,rrn18,genomic DNA,1921,Salvia officinalis,456833-1,Lamiaceae,Salvia,officinalis,,False,Salvia officinalis,38868
OQ675155.1,rrn18,genomic DNA,1904,Salvia splendens,60466516-2,Lamiaceae,Salvia,splendens,,False,Salvia splendens,180675
XR_006048609.1,18S ribosomal RNA,rRNA,1811,Salvia splendens,60466516-2,Lamiaceae,Salvia,splendens,,False,Salvia splendens,180675
MT277317.1,rrn18,genomic DNA,1677,Schnabelia oligophylla,864600-1,Lamiaceae,Schnabelia,oligophylla,,False,Schnabelia oligophylla,167919
MT277181.1,18S ribosomal RNA,genomic DNA,1688,Scutellaria amoena,458123-1,Lamiaceae,Scutellaria,amoena,,False,Scutellaria amoena,1052904
MT277211.1,rrn18,genomic DNA,1694,Tectona grandis,864923-1,Lamiaceae,Tectona,grandis,,False,Tectona grandis,41396
KT179712.1,18S ribosomal RNA,genomic DNA,1808,Teucrium canadense,30057247-2,Lamiaceae,Teucrium,canadense,,False,Teucrium canadense,201512
MT277260.1,18S ribosomal RNA,genomic DNA,1678,Teucrium ornatum,460600-1,Lamiaceae,Teucrium,ornatum,,False,Teucrium ornatum,2290806
MT277274.1,18S ribosomal RNA,genomic DNA,1658,Teucrium simplex,460731-1,Lamiaceae,Teucrium,simplex,,False,Teucrium simplex,2684402
GU476482.1,18S ribosomal RNA,genomic DNA,1619,Vitex cofassus,865659-1,Lamiaceae,Vitex,cofassus,,False,Vitex cofassus,384981
GU476483.1,18S ribosomal RNA,genomic DNA,1617,Vitex lucens,865843-1,Lamiaceae,Vitex,lucens,,False,Vitex lucens,384982
OK563725.1,18S ribosomal RNA,genomic DNA,1518,Vitex trifolia,866039-1,Lamiaceae,Vitex,trifolia,,False,Vitex trifolia,204215
NC_065806.1,18S ribosomal RNA,genomic DNA,1518,Vitex trifolia,866039-1,Lamiaceae,Vitex,trifolia,,False,Vitex trifolia,204215
AY289644.1,18S ribosomal RNA,genomic DNA,1669,Volkameria inermis,866113-1,Lamiaceae,Volkameria,inermis,,False,Volkameria inermis,49994
GQ497576.1,18S ribosomal RNA,genomic DNA,1790,Lanaria lanata,60442450-2,Lanariaceae,Lanaria,lanata,,False,Lanaria lanata,59087
KM103402.1,18S ribosomal RNA,genomic DNA,1675,Lanaria lanata,60442450-2,Lanariaceae,Lanaria,lanata,,False,Lanaria lanata,59087
L31795.1,18S ribosomal RNA,genomic DNA,1711,Akebia quinata,106376-1,Lardizabalaceae,Akebia,quinata,,False,Akebia quinata,13331
L37905.1,18S ribosomal RNA,genomic DNA,1710,Akebia quinata,106376-1,Lardizabalaceae,Akebia,quinata,,False,Akebia quinata,13331
L37906.1,18S ribosomal RNA,genomic DNA,1710,Boquila trifoliolata,107230-1,Lardizabalaceae,Boquila,trifoliolata,,False,Boquila trifoliolata,41778
L37907.1,18S ribosomal RNA,genomic DNA,1710,Decaisnea fargesii,107239-1,Lardizabalaceae,Decaisnea,fargesii,,False,Decaisnea fargesii,41780
L37910.1,18S ribosomal RNA,genomic DNA,1710,Lardizabala funaria,135596-2,Lardizabalaceae,Lardizabala,funaria,,False,Lardizabala biternata,41784
L37912.1,18S ribosomal RNA,genomic DNA,1710,Sinofranchetia chinensis,462112-1,Lardizabalaceae,Sinofranchetia,chinensis,,False,Sinofranchetia chinensis,41786
L37913.1,18S ribosomal RNA,genomic DNA,1710,Stauntonia hexaphylla,107615-1,Lardizabalaceae,Stauntonia,hexaphylla,,False,Stauntonia hexaphylla,41788
L37909.1,18S ribosomal RNA,genomic DNA,1710,Stauntonia latifolia,107616-1,Lardizabalaceae,Stauntonia,latifolia,,False,Holboellia latifolia,41782
JF966550.1,18S ribosomal RNA,genomic DNA,1748,Beilschmiedia anay,31038-2,Lauraceae,Beilschmiedia,anay,,False,Beilschmiedia anay,702072
AF206888.1,18S ribosomal RNA,genomic DNA,1713,Camphora officinarum,77328940-1,Lauraceae,Camphora,officinarum,,False,Cinnamomum camphora,13429
KC588400.1,18S ribosomal RNA,genomic DNA,1770,Cassytha filiformis,463202-1,Lauraceae,Cassytha,filiformis,,True,Cassytha filiformis,121073
DQ490921.1,18S ribosomal RNA,genomic DNA,1552,Cinnamomum sp.,328262-2,Lauraceae,Cinnamomum,,,False,Cinnamomum sp. Zhou 200450,382158
AF293757.1,18S ribosomal RNA,genomic DNA,1787,Cryptocarya meisneriana,464004-1,Lauraceae,Cryptocarya,meisneriana,,False,Cryptocarya meisneriana,108413
AF197580.1,18S ribosomal RNA,genomic DNA,1749,Laurus nobilis,465049-1,Lauraceae,Laurus,nobilis,,False,Laurus nobilis,85223
PQ214323.1,rrn18,genomic DNA,2131,Persea americana,325643-2,Lauraceae,Persea,americana,,False,Persea americana,3435
JF966555.1,18S ribosomal RNA,genomic DNA,1748,Persea americana,325643-2,Lauraceae,Persea,americana,,False,Persea americana var. drymifolia,580376
JF966568.1,18S ribosomal RNA,genomic DNA,1748,Persea chamissonis,190615-2,Lauraceae,Persea,chamissonis,,False,Persea chamissonis,702076
JF966554.1,18S ribosomal RNA,genomic DNA,1748,Persea cinerascens,190619-2,Lauraceae,Persea,cinerascens,,False,Persea cinerascens,702077
JF966547.1,18S ribosomal RNA,genomic DNA,1748,Persea lingue,1095742-2,Lauraceae,Persea,lingue,,False,Persea lingue,128683
JF966558.1,18S ribosomal RNA,genomic DNA,1748,Persea longipes,468108-1,Lauraceae,Persea,longipes,,False,Persea longipes,702080
JF966548.1,18S ribosomal RNA,genomic DNA,1748,Persea pallescens,60452456-2,Lauraceae,Persea,pallescens,,False,Persea parvifolia,702082
JF966567.1,18S ribosomal RNA,genomic DNA,1748,Persea schiedeana,190745-2,Lauraceae,Persea,schiedeana,,False,Persea schiedeana,590026
JF966562.1,18S ribosomal RNA,genomic DNA,1748,Persea schiedeana,190745-2,Lauraceae,Persea,schiedeana,,False,Persea schiedeana,590026
JF966538.1,18S ribosomal RNA,genomic DNA,1748,Persea sp.,325623-2,Lauraceae,Persea,,,False,Persea sp. 'Freddy 4',702084
JF966559.1,18S ribosomal RNA,genomic DNA,1748,Persea sp.,325623-2,Lauraceae,Persea,,,False,Persea sp. 'PR',702083
U52031.1,18S ribosomal RNA,genomic DNA,1810,Sassafras albidum,468624-1,Lauraceae,Sassafras,albidum,,False,Sassafras albidum,46945
AF207014.1,18S ribosomal RNA,genomic DNA,1728,Sassafras albidum,468624-1,Lauraceae,Sassafras,albidum,,False,Sassafras albidum,46945
MF171076.1,18S ribosomal RNA,genomic DNA,1750,Barringtonia fusicarpa,104061-1,Lecythidaceae,Barringtonia,fusicarpa,,False,Barringtonia fusicarpa,129297
MF171077.1,18S ribosomal RNA,genomic DNA,1750,Barringtonia racemosa,155081-3,Lecythidaceae,Barringtonia,racemosa,,False,Barringtonia racemosa,107821
AY289647.1,18S ribosomal RNA,genomic DNA,1669,Barringtonia racemosa,155081-3,Lecythidaceae,Barringtonia,racemosa,,False,Barringtonia racemosa,107821
AJ235993.1,18S ribosomal RNA,genomic DNA,1768,Couroupita guianensis,592385-1,Lecythidaceae,Couroupita,guianensis,,False,Couroupita guianensis,66684
AJ235994.1,18S ribosomal RNA,genomic DNA,1765,Gustavia superba,323304-2,Lecythidaceae,Gustavia,superba,,False,Gustavia superba,86843
AJ236043.1,18S ribosomal RNA,genomic DNA,1767,Pinguicula lutea,30056247-2,Lentibulariaceae,Pinguicula,lutea,,False,Pinguicula lutea,86857
HQ384687.1,18S ribosomal RNA,genomic DNA,1747,Pinguicula moranensis,526491-1,Lentibulariaceae,Pinguicula,moranensis,,False,Pinguicula moranensis,192269
AJ236044.1,18S ribosomal RNA,genomic DNA,1767,Utricularia sp.,30001688-2,Lentibulariaceae,Utricularia,,,False,Utricularia sp. Albach 5,87011
AY929346.1,18S ribosomal RNA,genomic DNA,1701,Lepidobotrys staudtii,544288-1,Lepidobotryaceae,Lepidobotrys,staudtii,,False,Lepidobotrys staudtii,125033
AY929361.1,18S ribosomal RNA,genomic DNA,1750,Ruptiliocarpon caracolito,300099-2,Lepidobotryaceae,Ruptiliocarpon,caracolito,,False,Ruptiliocarpon caracolito,125035
AY788166.1,18S ribosomal RNA,genomic DNA,1722,Ruptiliocarpon caracolito,300099-2,Lepidobotryaceae,Ruptiliocarpon,caracolito,,False,Ruptiliocarpon caracolito,125035
KM103395.1,18S ribosomal RNA,genomic DNA,1786,Calochortus sp.,30008714-2,Liliaceae,Calochortus,,,False,Calochortus sp. KH-2014,1552344
KP420411.1,18S ribosomal RNA,genomic DNA,1723,Calochortus venustus,532481-1,Liliaceae,Calochortus,venustus,,False,Calochortus venustus,255005
PQ073105.1,rrn18,genomic DNA,1898,Cardiocrinum giganteum,532549-1,Liliaceae,Cardiocrinum,giganteum,,False,Cardiocrinum giganteum,83800
PV819112.1,18S ribosomal RNA,genomic DNA,1869,Fritillaria taipaiensis,535333-1,Liliaceae,Fritillaria,taipaiensis,,False,Fritillaria taipaiensis,152093
KP420419.1,18S ribosomal RNA,genomic DNA,1734,Lilium auratum,537467-1,Liliaceae,Lilium,auratum,,False,Lilium auratum,78997
D29775.1,18S ribosomal RNA,genomic DNA,1730,Lilium formosanum,60467143-2,Liliaceae,Lilium,formosanum,,False,Lilium formosanum,63788
KP420420.1,18S ribosomal RNA,genomic DNA,1700,Lilium henryi,537595-1,Liliaceae,Lilium,henryi,,False,Lilium henryi,4689
AF206952.1,18S ribosomal RNA,genomic DNA,1739,Lilium superbum,537809-1,Liliaceae,Lilium,superbum,,True,Lilium superbum,4692
KM117263.1,18S ribosomal RNA,genomic DNA,1808,Lilium tsingtauense,537827-1,Liliaceae,Lilium,tsingtauense,,False,Lilium tsingtauense,82331
AF207018.1,18S ribosomal RNA,genomic DNA,1742,Scoliopus hallii,541137-1,Liliaceae,Scoliopus,hallii,,False,Scoliopus hallii,49673
MT247902.1,18S ribosomal RNA,genomic DNA,1881,Streptopus ovalis,542080-1,Liliaceae,Streptopus,ovalis,,False,Streptopus ovalis,1218743
KP420434.1,18S ribosomal RNA,genomic DNA,1723,Tricyrtis formosana,542477-1,Liliaceae,Tricyrtis,formosana,,False,Tricyrtis formosana,1126413
KP420435.1,18S ribosomal RNA,genomic DNA,1482,Tricyrtis hirta,542478-1,Liliaceae,Tricyrtis,hirta,,False,Tricyrtis hirta,304327
AF207046.1,18S ribosomal RNA,genomic DNA,1746,Tricyrtis latifolia,542484-1,Liliaceae,Tricyrtis,latifolia,,False,Tricyrtis latifolia,85291
AF094554.1,18S ribosomal RNA,genomic DNA,1689,Limeum sp.,16235-1,Limeaceae,Limeum,,,False,Limeum sp. Hoot 983,98043
U42784.1,18S ribosomal RNA,genomic DNA,1712,Floerkea proserpinacoides,372501-1,Limnanthaceae,Floerkea,proserpinacoides,,False,Floerkea proserpinacoides,13531
AY788150.1,18S ribosomal RNA,genomic DNA,1710,Hugonia jenkinsii,544220-1,Linaceae,Hugonia,jenkinsii,,False,Durandea pentagyna,289635
AY674605.1,18S ribosomal RNA,genomic DNA,1728,Hugonia platysepala,544245-1,Linaceae,Hugonia,platysepala,,False,Hugonia platysepala,72458
AB233584.1,18S ribosomal RNA,genomic DNA,1726,Linum digynum,544449-1,Linaceae,Linum,digynum,,False,Sclerolinon digynum,344406
AB233583.1,18S ribosomal RNA,genomic DNA,1730,Linum lewisii,140855-2,Linaceae,Linum,lewisii,,False,Linum lewisii,586382
L24401.1,18S ribosomal RNA,genomic DNA,1746,Linum perenne,544634-1,Linaceae,Linum,perenne,,True,Linum perenne,35941
EU307117.1,18S ribosomal RNA,genomic DNA,1840,Linum usitatissimum,544772-1,Linaceae,Linum,usitatissimum,,False,Linum usitatissimum,4006
AF207005.1,18S ribosomal RNA,genomic DNA,1740,Reinwardtia indica,544868-1,Linaceae,Reinwardtia,indica,,False,Reinwardtia indica,13654
GU359049.1,18S ribosomal RNA,genomic DNA,1804,Torenia crustacea,1189750-2,Linderniaceae,Torenia,crustacea,,False,Torenia crustacea,2508703
AJ235988.1,18S ribosomal RNA,genomic DNA,1766,Eucnide bartonioides,545110-1,Loasaceae,Eucnide,bartonioides,,False,Eucnide bartonioides,86880
AJ235987.1,18S ribosomal RNA,genomic DNA,1766,Mentzelia lindleyi,545434-1,Loasaceae,Mentzelia,lindleyi,,False,Mentzelia lindleyi,86878
AJ235990.1,18S ribosomal RNA,genomic DNA,1765,Nasa grandiflora,1014829-1,Loasaceae,Nasa,grandiflora,,False,Nasa grandiflora,86881
AJ235989.1,18S ribosomal RNA,genomic DNA,1768,Petalonyx nitidus,545546-1,Loasaceae,Petalonyx,nitidus,,False,Petalonyx nitidus,60126
GU476426.1,18S ribosomal RNA,genomic DNA,1620,Geniostoma rupestre,546462-1,Loganiaceae,Geniostoma,rupestre,,False,Geniostoma rupestre,62096
GU476427.1,18S ribosomal RNA,genomic DNA,1619,Geniostoma rupestre,546462-1,Loganiaceae,Geniostoma,rupestre,,False,Geniostoma rupestre,62096
GU476428.1,18S ribosomal RNA,genomic DNA,1619,Mitreola petiolata,546721-1,Loganiaceae,Mitreola,petiolata,,False,Mitreola petiolata,74716
AJ236024.1,18S ribosomal RNA,genomic DNA,1766,Spigelia marilandica,546966-1,Loganiaceae,Spigelia,marilandica,,False,Spigelia marilandica,28544
GQ497577.1,18S ribosomal RNA,genomic DNA,1797,Corbichonia decumbens,361371-1,Lophiocarpaceae,Corbichonia,decumbens,,False,Corbichonia decumbens,115631
AY674614.1,18S ribosomal RNA,genomic DNA,1705,Lophopyxis maingayi,350921-1,Lophopyxidaceae,Lophopyxis,maingayi,,False,Lophopyxis maingayi,125041
U59946.1,18S ribosomal RNA,genomic DNA,1762,Agelanthus sansibarensis,969293-1,Loranthaceae,Agelanthus,sansibarensis,,False,Agelanthus sansibarensis,48923
L24139.2,18S ribosomal RNA,genomic DNA,1752,Alepis flavida,547660-1,Loranthaceae,Alepis,flavida,,False,Alepis flavida,50113
AF039073.1,18S ribosomal RNA,genomic DNA,1751,Amyema glabra,547721-1,Loranthaceae,Amyema,glabra,,False,Amyema glabra,70877
EF464464.1,18S ribosomal RNA,genomic DNA,1683,Atkinsonia ligustrina,547973-1,Loranthaceae,Atkinsonia,ligustrina,,False,Atkinsonia ligustrina,364660
AF039074.1,18S ribosomal RNA,genomic DNA,1769,Decaisnina hollrungii,548176-1,Loranthaceae,Decaisnina,hollrungii,,False,Decaisnina hollrungii,70879
AF039075.1,18S ribosomal RNA,genomic DNA,1755,Dendropemon bicolor,77680-2,Loranthaceae,Dendropemon,bicolor,,False,Dendropemon bicolor,70881
AY957441.1,18S ribosomal RNA,genomic DNA,1739,Dendrophthoe curvata,548253-1,Loranthaceae,Dendrophthoe,curvata,,False,Dendrophthoe curvata,234927
L26491.1,18S ribosomal RNA,genomic DNA,1737,Dendrophthoe curvata,548253-1,Loranthaceae,Dendrophthoe,curvata,,False,Dendrophthoe curvata,234927
EF464465.1,18S ribosomal RNA,genomic DNA,1694,Desmaria mutabilis,60470777-2,Loranthaceae,Desmaria,mutabilis,,False,Desmaria mutabilis,364678
L24088.1,18S ribosomal RNA,genomic DNA,1761,Diplatia furcata,548518-1,Loranthaceae,Diplatia,furcata,,False,Diplatia furcata,50125
L24140.1,18S ribosomal RNA,genomic DNA,1761,Englerina woodfordioides,548666-1,Loranthaceae,Englerina,woodfordioides,,False,Englerina woodfordioides,43235
L25679.2,18S ribosomal RNA,genomic DNA,1747,Erianthemum dregei,548677-1,Loranthaceae,Erianthemum,dregei,,False,Erianthemum dregei,43237
L24143.2,18S ribosomal RNA,genomic DNA,1748,Gaiadendron punctatum,548708-1,Loranthaceae,Gaiadendron,punctatum,,False,Gaiadendron punctatum,35972
AF039076.1,18S ribosomal RNA,genomic DNA,1749,Globimetula dinklagei,548739-1,Loranthaceae,Globimetula,dinklagei,,False,Globimetula dinklagei,70883
ON055385.1,18S ribosomal RNA,genomic DNA,1870,Helicanthes elastica,548756-1,Loranthaceae,Helicanthes,elastica,,False,Helicanthes elasticus,2486982
NC_072104.1,18S ribosomal RNA,genomic DNA,1870,Helicanthes elastica,548756-1,Loranthaceae,Helicanthes,elastica,,False,Helicanthes elasticus,2486982
AF039077.1,18S ribosomal RNA,genomic DNA,1745,Helixanthera kirkii,548777-1,Loranthaceae,Helixanthera,kirkii,,False,Helixanthera kirkii,70885
L24152.2,18S ribosomal RNA,genomic DNA,1756,Ligaria cuneifolia,139989-2,Loranthaceae,Ligaria,cuneifolia,,False,Ligaria cuneifolia,50140
JQ613220.1,18S ribosomal RNA,genomic DNA,1717,Loranthus delavayi,549321-1,Loranthaceae,Loranthus,delavayi,,True,Loranthus delavayi,227897
L24153.2,18S ribosomal RNA,genomic DNA,1736,Loranthus europaeus,549404-1,Loranthaceae,Loranthus,europaeus,,False,Loranthus europaeus,50142
JQ613221.1,18S ribosomal RNA,genomic DNA,1715,Loranthus kaoi,912765-1,Loranthaceae,Loranthus,kaoi,,False,Loranthus kaoi,1248967
L24154.1,18S ribosomal RNA,genomic DNA,1767,Lysiana exocarpi,550440-1,Loranthaceae,Lysiana,exocarpi,,False,Lysiana exocarpi,50144
AF039078.1,18S ribosomal RNA,genomic DNA,1755,Moquiniella rubra,550551-1,Loranthaceae,Moquiniella,rubra,,False,Moquiniella rubra,70887
EF464466.1,18S ribosomal RNA,genomic DNA,1631,Notanthera heterophylla,550585-1,Loranthaceae,Notanthera,heterophylla,,False,Notanthera heterophylla,364690
L24408.2,18S ribosomal RNA,genomic DNA,1743,Oryctanthus occidentalis,550656-1,Loranthaceae,Oryctanthus,occidentalis,,False,Oryctanthus occidentalis,50157
L24412.2,18S ribosomal RNA,genomic DNA,1756,Passovia pyrifolia,185262-2,Loranthaceae,Passovia,pyrifolia,,False,Passovia pyrifolia,2661938
L24414.1,18S ribosomal RNA,genomic DNA,1753,Psittacanthus angustifolius,283932-2,Loranthaceae,Psittacanthus,angustifolius,,False,Psittacanthus angustifolius,50161
L24421.1,18S ribosomal RNA,genomic DNA,1735,Struthanthus oerstedii,247199-2,Loranthaceae,Struthanthus,oerstedii,,False,Struthanthus oerstedii,50163
L24422.1,18S ribosomal RNA,genomic DNA,1751,Tapinanthus oleifolius,552014-1,Loranthaceae,Tapinanthus,oleifolius,,False,Tapinanthus quinquangulus,50165
KP263288.1,18S ribosomal RNA,genomic DNA,1714,Taxillus pseudochinensis,552165-1,Loranthaceae,Taxillus,pseudochinensis,,False,Taxillus pseudochinensis,1618144
NC_056836.1,18S ribosomal RNA,genomic DNA,1882,Tolypanthus maclurei,552203-1,Loranthaceae,Tolypanthus,maclurei,,False,Tolypanthus maclurei,1026954
MZ343374.1,rrn18,genomic DNA,1882,Tolypanthus maclurei,552203-1,Loranthaceae,Tolypanthus,maclurei,,False,Tolypanthus maclurei,1026954
L24424.1,18S ribosomal RNA,genomic DNA,1766,Tripodanthus acutifolius,258636-2,Loranthaceae,Tripodanthus,acutifolius,,False,Tripodanthus acutifolius,50169
EF464467.1,18S ribosomal RNA,genomic DNA,1648,Tristerix corymbosus,286447-2,Loranthaceae,Tristerix,corymbosus,,False,Tristerix corymbosus,364704
L24425.1,18S ribosomal RNA,genomic DNA,1761,Tupeia antarctica,552237-1,Loranthaceae,Tupeia,antarctica,,False,Tupeia antarctica,50171
AM235547.1,18S ribosomal RNA,genomic DNA,1626,Cuphea hyssopifolia,553043-1,Lythraceae,Cuphea,hyssopifolia,,True,Cuphea hyssopifolia,376207
AM235548.1,18S ribosomal RNA,genomic DNA,1626,Duabanga grandiflora,553409-1,Lythraceae,Duabanga,grandiflora,,False,Duabanga grandiflora,122808
MG704137.1,18S ribosomal RNA,genomic DNA,1726,Lagerstroemia indica,553576-1,Lythraceae,Lagerstroemia,indica,,False,Lagerstroemia indica,141186
AF206955.1,18S ribosomal RNA,genomic DNA,1740,Lythrum salicaria,147990-2,Lythraceae,Lythrum,salicaria,,False,Lythrum salicaria,13129
AY289639.1,18S ribosomal RNA,genomic DNA,1669,Pemphis acidula,554064-1,Lythraceae,Pemphis,acidula,,False,Pemphis acidula,126635
OQ973292.1,rrn18,genomic DNA,1929,Punica granatum,554129-1,Lythraceae,Punica,granatum,,False,Punica granatum,22663
XR_004152595.1,18S ribosomal RNA,rRNA,1814,Punica granatum,554129-1,Lythraceae,Punica,granatum,,False,Punica granatum,22663
AY289638.1,18S ribosomal RNA,genomic DNA,1670,Sonneratia ovata,821820-1,Lythraceae,Sonneratia,ovata,,False,Sonneratia ovata,122816
MN990525.1,18S ribosomal RNA,genomic DNA,1810,Liriodendron chinense,554609-1,Magnoliaceae,Liriodendron,chinense,,False,Liriodendron chinense,3414
AJ235981.1,18S ribosomal RNA,genomic DNA,1765,Liriodendron chinense,554609-1,Magnoliaceae,Liriodendron,chinense,,False,Liriodendron chinense,3414
MN990553.1,18S ribosomal RNA,genomic DNA,1810,Liriodendron tulipifera,30197364-2,Magnoliaceae,Liriodendron,tulipifera,,False,Liriodendron tulipifera,3415
AF206954.1,18S ribosomal RNA,genomic DNA,1714,Liriodendron tulipifera,30197364-2,Magnoliaceae,Liriodendron,tulipifera,,False,Liriodendron tulipifera,3415
MN990518.1,18S ribosomal RNA,genomic DNA,1810,Magnolia  viridula,77097505-1,Magnoliaceae,Magnolia,viridula,,False,Magnolia viridula,2735989
MN990523.1,18S ribosomal RNA,genomic DNA,1810,Magnolia acuminata,554627-1,Magnoliaceae,Magnolia,acuminata,,False,Magnolia acuminata,3404
D29776.1,18S ribosomal RNA,genomic DNA,1731,Magnolia acuminata,554627-1,Magnoliaceae,Magnolia,acuminata,,False,Magnolia acuminata,3404
MN990548.1,18S ribosomal RNA,genomic DNA,1810,Magnolia albosericea,554629-1,Magnoliaceae,Magnolia,albosericea,,False,Magnolia albosericea,86723
MN990559.1,18S ribosomal RNA,genomic DNA,1810,Magnolia amazonica,991403-1,Magnoliaceae,Magnolia,amazonica,,False,Magnolia amazonica,2735990
MN990551.1,18S ribosomal RNA,genomic DNA,1810,Magnolia amoena,554632-1,Magnoliaceae,Magnolia,amoena,,False,Magnolia amoena,86724
MN990504.1,18S ribosomal RNA,genomic DNA,1810,Magnolia aromatica,77074646-1,Magnoliaceae,Magnolia,aromatica,,False,Magnolia aromatica,86741
MN990537.1,18S ribosomal RNA,genomic DNA,1810,Magnolia ashei,149272-2,Magnoliaceae,Magnolia,ashei,,False,Magnolia ashei,86777
MN990506.1,18S ribosomal RNA,genomic DNA,1810,Magnolia baillonii,554644-1,Magnoliaceae,Magnolia,baillonii,,False,Magnolia baillonii,86754
MN990552.1,18S ribosomal RNA,genomic DNA,1810,Magnolia bidoupensis,77118041-1,Magnoliaceae,Magnolia,bidoupensis,,False,Magnolia bidoupensis,2735977
MN990524.1,18S ribosomal RNA,genomic DNA,1810,Magnolia biondii,554647-1,Magnoliaceae,Magnolia,biondii,,False,Magnolia biondii,86725
MN990497.1,18S ribosomal RNA,genomic DNA,1812,Magnolia cathcartii,915248-1,Magnoliaceae,Magnolia,cathcartii,,False,Magnolia cathcartii,86726
MN990539.1,18S ribosomal RNA,genomic DNA,1810,Magnolia champaca,554657-1,Magnoliaceae,Magnolia,champaca,,False,Magnolia champaca,86757
MN990501.1,18S ribosomal RNA,genomic DNA,1810,Magnolia championii,554659-1,Magnoliaceae,Magnolia,championii,,False,Magnolia championii,86727
MN990503.1,18S ribosomal RNA,genomic DNA,1810,Magnolia championii,554659-1,Magnoliaceae,Magnolia,championii,,False,Magnolia shangsiensis,211006
MN990544.1,18S ribosomal RNA,genomic DNA,1810,Magnolia chevalieri,77074657-1,Magnoliaceae,Magnolia,chevalieri,,False,Magnolia chevalieri,2735983
MN990560.1,18S ribosomal RNA,genomic DNA,1810,Magnolia chimantensis,149277-2,Magnoliaceae,Magnolia,chimantensis,,False,Magnolia chimantensis,2735984
MN990540.1,18S ribosomal RNA,genomic DNA,1810,Magnolia coco,554663-1,Magnoliaceae,Magnolia,coco,,False,Magnolia coco,85854
MN990545.1,18S ribosomal RNA,genomic DNA,1810,Magnolia cylindrica,554671-1,Magnoliaceae,Magnolia,cylindrica,,False,Magnolia cylindrica,86728
MN990550.1,18S ribosomal RNA,genomic DNA,1810,Magnolia dawsoniana,554673-1,Magnoliaceae,Magnolia,dawsoniana,,False,Magnolia dawsoniana,86729
MN990519.1,18S ribosomal RNA,genomic DNA,1810,Magnolia decidua,77074650-1,Magnoliaceae,Magnolia,decidua,,False,Magnolia decidua,152192
MN990502.1,18S ribosomal RNA,genomic DNA,1810,Magnolia delavayi,554677-1,Magnoliaceae,Magnolia,delavayi,,False,Magnolia delavayi,85855
MN990546.1,18S ribosomal RNA,genomic DNA,1810,Magnolia denudata,554678-1,Magnoliaceae,Magnolia,denudata,,False,Magnolia denudata,85856
MN990561.1,18S ribosomal RNA,genomic DNA,1810,Magnolia dixonii,991413-1,Magnoliaceae,Magnolia,dixonii,,False,Magnolia dixonii,2735985
MN990526.1,18S ribosomal RNA,genomic DNA,1810,Magnolia dodecapetala,991414-1,Magnoliaceae,Magnolia,dodecapetala,,False,Magnolia dodecapetala,101471
MN990558.1,18S ribosomal RNA,genomic DNA,1810,Magnolia elegans,554688-1,Magnoliaceae,Magnolia,elegans,,False,Magnolia elegans,128258
MN990566.1,18S ribosomal RNA,genomic DNA,1810,Magnolia ernestii,20011688-1,Magnoliaceae,Magnolia,ernestii,,False,Magnolia ernestii,86773
AY952393.1,18S ribosomal RNA,genomic DNA,1647,Magnolia fordiana,554706-1,Magnoliaceae,Magnolia,fordiana,,False,Magnolia fordiana,13606
MN990547.1,18S ribosomal RNA,genomic DNA,1810,Magnolia foveolata,20011693-1,Magnoliaceae,Magnolia,foveolata,,False,Magnolia foveolata,86761
MN990527.1,18S ribosomal RNA,genomic DNA,1810,Magnolia fraseri,30302949-2,Magnoliaceae,Magnolia,fraseri,,False,Magnolia fraseri,85857
MN990555.1,18S ribosomal RNA,genomic DNA,1809,Magnolia gilbertoi,991417-1,Magnoliaceae,Magnolia,gilbertoi,,False,Magnolia gilbertoi,2735986
MN990522.1,18S ribosomal RNA,genomic DNA,1810,Magnolia grandiflora,554723-1,Magnoliaceae,Magnolia,grandiflora,,False,Magnolia grandiflora,3406
MN990556.1,18S ribosomal RNA,genomic DNA,1810,Magnolia guatemalensis,149300-2,Magnoliaceae,Magnolia,guatemalensis,,False,Magnolia guatemalensis,85860
MN990515.1,18S ribosomal RNA,genomic DNA,1810,Magnolia hodgsonii,554736-1,Magnoliaceae,Magnolia,hodgsonii,,False,Magnolia hodgsonii,480420
MN990505.1,18S ribosomal RNA,genomic DNA,1810,Magnolia insignis,554743-1,Magnoliaceae,Magnolia,insignis,,False,Magnolia insignis,86749
MN990569.1,18S ribosomal RNA,genomic DNA,1810,Magnolia kachirachirai,554747-1,Magnoliaceae,Magnolia,kachirachirai,,False,Magnolia kachirachirai,111567
MN990563.1,18S ribosomal RNA,genomic DNA,1811,Magnolia kobus,332100-2,Magnoliaceae,Magnolia,kobus,,False,Magnolia kobus,54732
MN990521.1,18S ribosomal RNA,genomic DNA,1810,Magnolia kwangsiensis,60433085-2,Magnoliaceae,Magnolia,kwangsiensis,,False,Magnolia kwangsiensis,86722
MN990543.1,18S ribosomal RNA,genomic DNA,1810,Magnolia kwangtungensis,554752-1,Magnoliaceae,Magnolia,kwangtungensis,,False,Magnolia kwangtungensis,86751
MN990510.1,18S ribosomal RNA,genomic DNA,1810,Magnolia laevifolia,77087225-1,Magnoliaceae,Magnolia,laevifolia,,False,Magnolia laevifolia,215555
MN990557.1,18S ribosomal RNA,genomic DNA,1810,Magnolia lenticellata,991424-1,Magnoliaceae,Magnolia,lenticellata,,False,Magnolia lenticellata,111600
MN990538.1,18S ribosomal RNA,genomic DNA,1810,Magnolia liliifera,554760-1,Magnoliaceae,Magnolia,liliifera,,False,Magnolia liliifera,85861
MN990516.1,18S ribosomal RNA,genomic DNA,1810,Magnolia liliiflora,554759-1,Magnoliaceae,Magnolia,liliiflora,,False,Magnolia liliiflora,3403
MN990513.1,18S ribosomal RNA,genomic DNA,1810,Magnolia lotungensis,554764-1,Magnoliaceae,Magnolia,lotungensis,,False,Magnolia lotungensis,86779
MN990529.1,18S ribosomal RNA,genomic DNA,1810,Magnolia macrophylla,30417720-2,Magnoliaceae,Magnolia,macrophylla,,False,Magnolia macrophylla,3410
MN990507.1,18S ribosomal RNA,genomic DNA,1810,Magnolia martini,554770-1,Magnoliaceae,Magnolia,martini,,False,Magnolia martini,86766
MN990508.1,18S ribosomal RNA,genomic DNA,1810,Magnolia maudiae,20011707-1,Magnoliaceae,Magnolia,maudiae,,False,Magnolia maudiae,86768
MN990530.1,18S ribosomal RNA,genomic DNA,1810,Magnolia mexicana,554774-1,Magnoliaceae,Magnolia,mexicana,,False,Magnolia mexicana,111569
MN990542.1,18S ribosomal RNA,genomic DNA,1810,Magnolia montana,20011710-1,Magnoliaceae,Magnolia,montana,,False,Magnolia montana,86769
MN990568.1,18S ribosomal RNA,genomic DNA,1810,Magnolia nitida,554781-1,Magnoliaceae,Magnolia,nitida,,False,Magnolia nitida,85863
MN990498.1,18S ribosomal RNA,genomic DNA,1810,Magnolia obovata,554784-1,Magnoliaceae,Magnolia,obovata,,True,Magnolia obovata,349509
MN990509.1,18S ribosomal RNA,genomic DNA,1810,Magnolia odora,60433402-2,Magnoliaceae,Magnolia,odora,,False,Magnolia odora,86770
MN990499.1,18S ribosomal RNA,genomic DNA,1810,Magnolia officinalis,554787-1,Magnoliaceae,Magnolia,officinalis,,False,Magnolia officinalis,85864
MN990500.1,18S ribosomal RNA,genomic DNA,1810,Magnolia officinalis var. biloba,50997083-1,Magnoliaceae,Magnolia,officinalis,biloba,False,Magnolia officinalis subsp. biloba,85865
MN990567.1,18S ribosomal RNA,genomic DNA,1810,Magnolia omeiensis,554788-1,Magnoliaceae,Magnolia,omeiensis,,False,Magnolia omeiensis,114511
MN990532.1,18S ribosomal RNA,genomic DNA,1809,Magnolia ovata,554789-1,Magnoliaceae,Magnolia,ovata,,True,Magnolia ovata,152188
MN990533.1,18S ribosomal RNA,genomic DNA,1810,Magnolia portoricensis,554808-1,Magnoliaceae,Magnolia,portoricensis,,False,Magnolia portoricensis,111574
MN990517.1,18S ribosomal RNA,genomic DNA,1810,Magnolia salicifolia,554831-1,Magnoliaceae,Magnolia,salicifolia,,False,Magnolia salicifolia,3411
MN990520.1,18S ribosomal RNA,genomic DNA,1810,Magnolia siamensis,554839-1,Magnoliaceae,Magnolia,siamensis,,False,Magnolia siamensis,2735988
MN990511.1,18S ribosomal RNA,genomic DNA,1810,Magnolia sieboldii,554840-1,Magnoliaceae,Magnolia,sieboldii,,False,Magnolia sieboldii,85868
XR_009165629.1,18S ribosomal RNA,rRNA,1810,Magnolia sinica,915250-1,Magnoliaceae,Magnolia,sinica,,False,Magnolia sinica,86752
XR_009161063.1,18S ribosomal RNA,rRNA,1810,Magnolia sinica,915250-1,Magnoliaceae,Magnolia,sinica,,False,Magnolia sinica,86752
MN990554.1,18S ribosomal RNA,genomic DNA,1810,Magnolia sp.,30000709-2,Magnoliaceae,Magnolia,,,False,Magnolia sp. Wen 10839,2735974
MN990514.1,18S ribosomal RNA,genomic DNA,1810,Magnolia sp.,30000709-2,Magnoliaceae,Magnolia,,,False,Magnolia sp. Wen 14597,2735972
MN990534.1,18S ribosomal RNA,genomic DNA,1810,Magnolia splendens,149313-2,Magnoliaceae,Magnolia,splendens,,True,Magnolia splendens,111568
MN990562.1,18S ribosomal RNA,genomic DNA,1810,Magnolia sprengeri,554854-1,Magnoliaceae,Magnolia,sprengeri,,False,Magnolia sprengeri,86737
MN990565.1,18S ribosomal RNA,genomic DNA,1810,Magnolia stellata,554855-1,Magnoliaceae,Magnolia,stellata,,False,Magnolia stellata,54733
MN990541.1,18S ribosomal RNA,genomic DNA,1810,Magnolia sumatrana var. glauca,77115201-1,Magnoliaceae,Magnolia,sumatrana,glauca,False,Magnolia sumatrana var. glauca,86746
MN990564.1,18S ribosomal RNA,genomic DNA,1810,Magnolia tarahumara,77160992-1,Magnoliaceae,Magnolia,tarahumara,,False,Magnolia tarahumara,111571
MN990535.1,18S ribosomal RNA,genomic DNA,1810,Magnolia tripetala,554866-1,Magnoliaceae,Magnolia,tripetala,,False,Magnolia tripetala,44926
AF206956.1,18S ribosomal RNA,genomic DNA,1731,Magnolia tripetala,554866-1,Magnoliaceae,Magnolia,tripetala,,False,Magnolia tripetala,44926
MN990536.1,18S ribosomal RNA,genomic DNA,1810,Magnolia tsiampacca,60433399-2,Magnoliaceae,Magnolia,tsiampacca,,False,Magnolia tsiampacca,384958
GU476442.1,18S ribosomal RNA,genomic DNA,1620,Magnolia tsiampacca,60433399-2,Magnoliaceae,Magnolia,tsiampacca,,False,Magnolia tsiampacca,384958
GU476443.1,18S ribosomal RNA,genomic DNA,1620,Magnolia virginiana,30016308-2,Magnoliaceae,Magnolia,virginiana,,False,Magnolia virginiana,3412
MN990549.1,18S ribosomal RNA,genomic DNA,1810,Magnolia wilsonii,554881-1,Magnoliaceae,Magnolia,wilsonii,,False,Magnolia wilsonii,86738
AY674573.1,18S ribosomal RNA,genomic DNA,1678,Acridocarpus natalitius,555354-1,Malpighiaceae,Acridocarpus,natalitius,,False,Acridocarpus natalitius,151788
AB233585.1,18S ribosomal RNA,genomic DNA,1736,Bunchosia hookeriana,555918-1,Malpighiaceae,Bunchosia,hookeriana,,False,Bunchosia hookeriana,344427
AB233586.1,18S ribosomal RNA,genomic DNA,1736,Byrsonima crassifolia,556033-1,Malpighiaceae,Byrsonima,crassifolia,,True,Byrsonima crassifolia,4270
AY674579.1,18S ribosomal RNA,genomic DNA,1681,Byrsonima crassifolia,556033-1,Malpighiaceae,Byrsonima,crassifolia,,True,Byrsonima crassifolia,4270
AF206901.1,18S ribosomal RNA,genomic DNA,1739,Dicella nucifera,79201-2,Malpighiaceae,Dicella,nucifera,,False,Dicella nucifera,85192
AB233592.1,18S ribosomal RNA,genomic DNA,1736,Galphimia glauca,556347-1,Malpighiaceae,Galphimia,glauca,,True,Galphimia glauca,212252
AF206917.1,18S ribosomal RNA,genomic DNA,1740,Galphimia gracilis,556349-1,Malpighiaceae,Galphimia,gracilis,,False,Galphimia gracilis,112833
AB233587.1,18S ribosomal RNA,genomic DNA,1736,Hiraea fagifolia,556804-1,Malpighiaceae,Hiraea,fagifolia,,False,Hiraea fagifolia,176642
L24046.1,18S ribosomal RNA,genomic DNA,1760,Malpighia coccigera,323776-2,Malpighiaceae,Malpighia,coccigera,,False,Malpighia coccigera,29755
AB233588.1,18S ribosomal RNA,genomic DNA,1720,Malpighia glabra,557048-1,Malpighiaceae,Malpighia,glabra,,True,Malpighia glabra,71611
AB233589.1,18S ribosomal RNA,genomic DNA,1723,Psychopterys rivularis,60447680-2,Malpighiaceae,Psychopterys,rivularis,,False,Psychopterys rivularis,344438
AB233590.1,18S ribosomal RNA,genomic DNA,1700,Stigmaphyllon diversifolium,557496-1,Malpighiaceae,Stigmaphyllon,diversifolium,,False,Stigmaphyllon diversifolium,212254
AB233591.1,18S ribosomal RNA,genomic DNA,1727,Tetrapterys tinifolia,557792-1,Malpighiaceae,Tetrapterys,tinifolia,,False,Tetrapterys glabrifolia,344445
AY674638.1,18S ribosomal RNA,genomic DNA,1676,Thryallis longifolia,557826-1,Malpighiaceae,Thryallis,longifolia,,False,Thryallis longifolia,176648
AB233593.1,18S ribosomal RNA,genomic DNA,1731,Tristellateia australasiae,557928-1,Malpighiaceae,Tristellateia,australasiae,,False,Tristellateia australasiae,344447
MG792348.1,18S ribosomal RNA,genomic DNA,1710,Abelmoschus esculentus,558006-1,Malvaceae,Abelmoschus,esculentus,,False,Abelmoschus esculentus,455045
U42507.1,18S ribosomal RNA,genomic DNA,1743,Bombax ceiba,559120-1,Malvaceae,Bombax,ceiba,,True,Bombax ceiba,45325
KT459179.1,18S ribosomal RNA,genomic DNA,1807,Callirhoe involucrata,559229-1,Malvaceae,Callirhoe,involucrata,,False,Callirhoe involucrata,108539
OR839131.1,18S ribosomal RNA,genomic DNA,1942,Craigia yunnanensis,822874-1,Malvaceae,Craigia,yunnanensis,,False,Craigia yunnanensis,197121
AF206905.1,18S ribosomal RNA,genomic DNA,1745,Durio zibethinus,559531-1,Malvaceae,Durio,zibethinus,,True,Durio zibethinus,66656
XR_008278862.1,18S ribosomal RNA,rRNA,1806,Gossypium arboreum,559664-1,Malvaceae,Gossypium,arboreum,,False,Gossypium arboreum,29729
XR_008278865.1,18S ribosomal RNA,rRNA,1805,Gossypium arboreum,559664-1,Malvaceae,Gossypium,arboreum,,False,Gossypium arboreum,29729
XR_005924038.1,18S ribosomal RNA,rRNA,1831,Gossypium hirsutum,30042843-2,Malvaceae,Gossypium,hirsutum,,True,Gossypium hirsutum,3635
XR_005924046.1,18S ribosomal RNA,rRNA,1814,Gossypium hirsutum,30042843-2,Malvaceae,Gossypium,hirsutum,,True,Gossypium hirsutum,3635
XR_008193649.1,18S ribosomal RNA,rRNA,1808,Gossypium raimondii,112750-2,Malvaceae,Gossypium,raimondii,,False,Gossypium raimondii,29730
XR_008193346.1,18S ribosomal RNA,rRNA,1808,Gossypium raimondii,112750-2,Malvaceae,Gossypium,raimondii,,False,Gossypium raimondii,29730
AF206921.1,18S ribosomal RNA,genomic DNA,1784,Grewia occidentalis,834417-1,Malvaceae,Grewia,occidentalis,,False,Grewia occidentalis,82408
AY289633.1,18S ribosomal RNA,genomic DNA,1670,Heritiera littoralis,823569-1,Malvaceae,Heritiera,littoralis,,False,Heritiera littoralis,93780
FJ665614.1,18S ribosomal RNA,genomic DNA,1670,Hibiscus  rosa-sinensis,560756-1,Malvaceae,Hibiscus,rosa-sinensis,,False,Hibiscus rosa-sinensis,183298
KX816334.1,18S ribosomal RNA,genomic DNA,1722,Hibiscus cannabinus,560068-1,Malvaceae,Hibiscus,cannabinus,,False,Hibiscus cannabinus,229543
KM117267.1,18S ribosomal RNA,genomic DNA,1854,Hibiscus syriacus,560890-1,Malvaceae,Hibiscus,syriacus,,False,Hibiscus syriacus,106335
XR_005521458.1,18S ribosomal RNA,rRNA,1807,Hibiscus syriacus,560890-1,Malvaceae,Hibiscus,syriacus,,False,Hibiscus syriacus,106335
AY289631.1,18S ribosomal RNA,genomic DNA,1669,Hibiscus tiliaceus,30143354-2,Malvaceae,Hibiscus,tiliaceus,,False,Talipariti tiliaceum,183267
U42829.1,18S ribosomal RNA,genomic DNA,1736,Luehea seemannii,834758-1,Malvaceae,Luehea,seemannii,,False,Luehea seemannii,45194
AM071397.1,18S ribosomal RNA,genomic DNA,1743,Malva sylvestris,561932-1,Malvaceae,Malva,sylvestris,,False,Malva sylvestris,145754
OR839129.1,rrn18,genomic DNA,1955,Ochroma pyramidale,171458-2,Malvaceae,Ochroma,pyramidale,,False,Ochroma pyramidale,66662
AF206975.1,18S ribosomal RNA,genomic DNA,1789,Ochroma pyramidale,171458-2,Malvaceae,Ochroma,pyramidale,,False,Ochroma pyramidale,66662
AY739080.1,18S ribosomal RNA,genomic DNA,1708,Pavonia spinifex,186083-2,Malvaceae,Pavonia,spinifex,,False,Pavonia spinifex,301890
KT459212.1,18S ribosomal RNA,genomic DNA,1807,Sphaeralcea coccinea,241641-2,Malvaceae,Sphaeralcea,coccinea,,False,Sphaeralcea coccinea,1234508
AF207029.1,18S ribosomal RNA,genomic DNA,1751,Sterculia recordiana,245176-2,Malvaceae,Sterculia,recordiana,,False,Sterculia recordiana,113251
JQ228373.1,18S ribosomal RNA,genomic DNA,1750,Theobroma cacao,320783-2,Malvaceae,Theobroma,cacao,,False,Theobroma cacao,3641
JQ228372.1,18S ribosomal RNA,genomic DNA,1750,Theobroma cacao,320783-2,Malvaceae,Theobroma,cacao,,False,Theobroma cacao,3641
JQ228378.1,18S ribosomal RNA,genomic DNA,1750,Theobroma grandiflorum,825580-1,Malvaceae,Theobroma,grandiflorum,,False,Theobroma grandiflorum,108881
AY289632.1,18S ribosomal RNA,genomic DNA,1668,Thespesia populnea,564713-1,Malvaceae,Thespesia,populnea,,False,Thespesia populnea,3638
MT735333.1,18S ribosomal RNA,genomic DNA,1807,Tilia  europaea,835306-1,Malvaceae,Tilia,europaea,,False,Tilia x europaea,644191
AF207042.1,18S ribosomal RNA,genomic DNA,1735,Tilia americana,286108-2,Malvaceae,Tilia,americana,,False,Tilia americana,66669
MT735332.1,18S ribosomal RNA,genomic DNA,1807,Tilia cordata,835277-1,Malvaceae,Tilia,cordata,,False,Tilia cordata,172266
MZ715048.1,18S ribosomal RNA,genomic DNA,1807,Tilia miqueliana,835448-1,Malvaceae,Tilia,miqueliana,,False,Tilia miqueliana,332109
AJ236040.1,18S ribosomal RNA,genomic DNA,1767,Proboscidea louisianica,210335-2,Martyniaceae,Proboscidea,louisianica,,False,Proboscidea louisianica,9786
KM103403.1,18S ribosomal RNA,genomic DNA,1792,Mayaca sp.,26130-1,Mayacaceae,Mayaca,,,False,Mayaca sp. KH-2014,1552346
GU359050.1,18S ribosomal RNA,genomic DNA,1805,Mazus pumilus,805568-1,Mazaceae,Mazus,pumilus,,False,Mazus pumilus,113205
AF206884.1,18S ribosomal RNA,genomic DNA,1459,Chamaelirium luteum,532651-1,Melanthiaceae,Chamaelirium,luteum,,False,Chamaelirium luteum,112831
MT247904.1,18S ribosomal RNA,genomic DNA,1607,Helonias koreana,77194216-1,Melanthiaceae,Helonias,koreana,,False,Helonias koreana,229473
KP420425.1,18S ribosomal RNA,genomic DNA,1577,Trillium cuneatum,542532-1,Melanthiaceae,Trillium,cuneatum,,False,Trillium cuneatum,82479
AF207048.1,18S ribosomal RNA,genomic DNA,1794,Trillium erectum,304585-2,Melanthiaceae,Trillium,erectum,,False,Trillium erectum,50545
KP420426.1,18S ribosomal RNA,genomic DNA,1593,Veratrum album,30192264-2,Melanthiaceae,Veratrum,album,,False,Veratrum album,50243
AY952383.1,18S ribosomal RNA,genomic DNA,1791,Veratrum maackii,543507-1,Melanthiaceae,Veratrum,maackii,,False,Veratrum maackii,82471
KP420427.1,18S ribosomal RNA,genomic DNA,1703,Veratrum nigrum,543516-1,Melanthiaceae,Veratrum,nigrum,,False,Veratrum nigrum,203100
AF207057.1,18S ribosomal RNA,genomic DNA,1675,Xerophyllum tenax,1013593-2,Melanthiaceae,Xerophyllum,tenax,,False,Xerophyllum tenax,86979
AM235515.1,18S ribosomal RNA,genomic DNA,1627,Bertolonia marmorata,566640-1,Melastomataceae,Bertolonia,marmorata,,False,Bertolonia marmorata,376204
AM235517.1,18S rRNA,genomic DNA,1627,Graffenrieda latifolia,1043391-2,Melastomataceae,Graffenrieda,latifolia,,False,Graffenrieda latifolia,263257
AM235518.1,18S rRNA,genomic DNA,1627,Macrocentrum cristatum,569866-1,Melastomataceae,Macrocentrum,cristatum,,False,Macrocentrum cristatum,376210
AM235519.1,18S rRNA,genomic DNA,1627,Melastoma beccarianum,570620-1,Melastomataceae,Melastoma,beccarianum,,False,Melastoma beccarianum,130509
AM235514.1,18S rRNA,genomic DNA,1627,Memecylon durum,571519-1,Melastomataceae,Memecylon,durum,,False,Memecylon durum,376202
AM235520.1,18S rRNA,genomic DNA,1627,Meriania macrophylla,571971-1,Melastomataceae,Meriania,macrophylla,,False,Meriania macrophylla,263282
AM235521.1,18S rRNA,genomic DNA,1627,Miconia donaeana,572416-1,Melastomataceae,Miconia,donaeana,,False,Miconia donaeana,263295
AM235516.1,18S ribosomal RNA,genomic DNA,1627,Miconia petiolaris,77207656-1,Melastomataceae,Miconia,petiolaris,,False,Miconia petiolaris,85187
AM235525.1,18S rRNA,genomic DNA,1627,Miconia tococa,77207761-1,Melastomataceae,Miconia,tococa,,False,Miconia tococa,3021299
AF206965.1,18S ribosomal RNA,genomic DNA,1750,Mouriri cyphocarpa,164542-2,Melastomataceae,Mouriri,cyphocarpa,,False,Mouriri cyphocarpa,40018
AF206977.1,18S ribosomal RNA,genomic DNA,1747,Osbeckia stellata,574191-1,Melastomataceae,Osbeckia,stellata,,False,Osbeckia stellata,40007
AM235524.1,18S rRNA,genomic DNA,1627,Pleroma urvilleanum,77206410-1,Melastomataceae,Pleroma,urvilleanum,,False,Pleroma urvilleanum,40009
AM235522.1,18S rRNA,genomic DNA,1627,Pternandra coerulescens,85163-3,Melastomataceae,Pternandra,coerulescens,,False,Pternandra caerulescens,119905
AM235523.1,18S rRNA,genomic DNA,1627,Rhexia virginica,30028730-2,Melastomataceae,Rhexia,virginica,,False,Rhexia virginica,40003
GU476418.1,18S ribosomal RNA,genomic DNA,1589,Didymocheton spectabilis,77222455-1,Meliaceae,Didymocheton,spectabilis,,False,Didymocheton spectabilis,384957
MK058685.1,18S ribosomal RNA,genomic DNA,1809,Entandrophragma congoense,578404-1,Meliaceae,Entandrophragma,congoense,,False,Entandrophragma congoense,2590899
GU476417.1,18S ribosomal RNA,genomic DNA,1589,Goniocheton arborescens,578509-1,Meliaceae,Goniocheton,arborescens,,False,Goniocheton arborescens,384956
GU476419.1,18S ribosomal RNA,genomic DNA,1589,Guarea glabra,578602-1,Meliaceae,Guarea,glabra,,False,Guarea glabra,43909
AF207031.1,18S ribosomal RNA,genomic DNA,1741,Swietenia macrophylla,246905-2,Meliaceae,Swietenia,macrophylla,,False,Swietenia macrophylla,43891
PQ318327.1,18S ribosomal RNA,genomic DNA,1954,Toona ciliata,579299-1,Meliaceae,Toona,ciliata,,False,Toona microcarpa,3367136
AF207045.1,18S ribosomal RNA,genomic DNA,1740,Trichilia emetica,579419-1,Meliaceae,Trichilia,emetica,,False,Trichilia emetica,43895
AY289634.1,18S ribosomal RNA,genomic DNA,1670,Xylocarpus granatum,579970-1,Meliaceae,Xylocarpus,granatum,,False,Xylocarpus granatum,241841
FJ603106.1,18S ribosomal RNA,genomic DNA,1805,Arcangelisia flava,580199-1,Menispermaceae,Arcangelisia,flava,,False,Arcangelisia flava,461553
AF293758.1,18S ribosomal RNA,genomic DNA,1786,Cissampelos pareira,59219-2,Menispermaceae,Cissampelos,pareira,,False,Cissampelos pareira,108409
FJ603107.1,18S ribosomal RNA,genomic DNA,1809,Coscinium fenestratum,580661-1,Menispermaceae,Coscinium,fenestratum,,False,Coscinium fenestratum,483232
FJ603108.1,18S ribosomal RNA,genomic DNA,1809,Fibraurea tinctoria,580826-1,Menispermaceae,Fibraurea,tinctoria,,False,Fibraurea tinctoria,461588
L37914.1,18S rRNA,genomic DNA,1710,Hyalosepalum afrum,580864-1,Menispermaceae,Hyalosepalum,afrum,,False,Hyalosepalum caffrum,41790
AF197581.1,18S ribosomal RNA,genomic DNA,1750,Nephroia orbiculata,77260870-1,Menispermaceae,Nephroia,orbiculata,,False,Cocculus trilobus,13441
AJ303202.1,18S rRNA,genomic DNA,1664,Stephania longa,581458-1,Menispermaceae,Stephania,longa,,False,Stephania longa,147244
AJ303200.1,18S ribosomal RNA,genomic DNA,1664,Stephania sp.,27017-1,Menispermaceae,Stephania,,,True,Stephania sp. 83 HT,147245
AJ303201.1,18S ribosomal RNA,genomic DNA,1664,Stephania sp.,27017-1,Menispermaceae,Stephania,,,True,Stephania sp. 37 MC,147246
AJ236009.1,18S ribosomal RNA,genomic DNA,1768,Menyanthes trifoliata,50970102-1,Menyanthaceae,Menyanthes,trifoliata,,False,Menyanthes trifoliata,28525
AJ236010.1,18S ribosomal RNA,genomic DNA,1768,Nymphoides geminata,370196-1,Menyanthaceae,Nymphoides,geminata,,False,Nymphoides geminata,86853
AM421127.1,18S ribosomal RNA,genomic DNA,1726,Metteniusa tessmanniana,158627-2,Metteniusaceae,Metteniusa,tessmanniana,,False,Metteniusa tessmanniana,418792
L24397.2,18S ribosomal RNA,genomic DNA,1757,Misodendrum linearifolium,166843-2,Misodendraceae,Misodendrum,linearifolium,,False,Misodendrum linearifolium,234925
KP263284.1,18S ribosomal RNA,genomic DNA,1695,Misodendrum punctulatum,326304-2,Misodendraceae,Misodendrum,punctulatum,,False,Misodendrum punctulatum,396837
AY739090.1,18S ribosomal RNA,genomic DNA,1734,Mitrastemon yamamotoi,581721-1,Mitrastemonaceae,Mitrastemon,yamamotoi,,False,Mitrastemon yamamotoi,51498
KC588405.1,18S ribosomal RNA,genomic DNA,1763,Mitrastemon yamamotoi var. kanehirae,77252454-1,Mitrastemonaceae,Mitrastemon,yamamotoi,kanehirae,False,Mitrastemon kanehirai,1358725
U42828.1,18S ribosomal RNA,genomic DNA,1714,Mollugo verticillata,280992-2,Molluginaceae,Mollugo,verticillata,,True,Mollugo verticillata,3592
HQ843431.1,18S ribosomal RNA,genomic DNA,1454,Mollugo verticillata,280992-2,Molluginaceae,Mollugo,verticillata,,True,Mollugo verticillata,3592
AF206924.1,18S ribosomal RNA,genomic DNA,1773,Hedycarya arborea,581882-1,Monimiaceae,Hedycarya,arborea,,False,Hedycarya arborea,13083
DQ007408.1,18S ribosomal RNA,genomic DNA,1725,Hortonia floribunda,581925-1,Monimiaceae,Hortonia,floribunda,,False,Hortonia floribunda,74875
AF293759.1,18S ribosomal RNA,genomic DNA,1789,Palmeria scandens,582191-1,Monimiaceae,Palmeria,scandens,,False,Palmeria scandens,81488
AF206988.1,18S ribosomal RNA,genomic DNA,1733,Peumus boldus,191376-2,Monimiaceae,Peumus,boldus,,False,Peumus boldus,63812
GQ497578.1,18S ribosomal RNA,genomic DNA,1790,Claytonia perfoliata,60021-2,Montiaceae,Claytonia,perfoliata,,False,Claytonia perfoliata,46146
HQ843427.1,18S ribosomal RNA,genomic DNA,1508,Claytonia virginica,319144-2,Montiaceae,Claytonia,virginica,,False,Claytonia virginica,89079
HQ384693.1,18S ribosomal RNA,genomic DNA,1747,Montinia caryophyllacea,613483-1,Montiniaceae,Montinia,caryophyllacea,,False,Montinia caryophyllacea,23084
U42808.1,18S ribosomal RNA,genomic DNA,1746,Montinia caryophyllacea,613483-1,Montiniaceae,Montinia,caryophyllacea,,False,Montinia caryophyllacea,23084
MH135782.1,18S ribosomal RNA,genomic DNA,1808,Allaeanthus kurzii,850285-1,Moraceae,Allaeanthus,kurzii,,False,Broussonetia kurzii,1867291
MH135779.1,18S ribosomal RNA,genomic DNA,1808,Allaeanthus luzonicus,582586-1,Moraceae,Allaeanthus,luzonicus,,False,Broussonetia luzonica,1968119
MH135783.1,18S ribosomal RNA,genomic DNA,1808,Broussonetia kaempferi,850849-1,Moraceae,Broussonetia,kaempferi,,False,Broussonetia kaempferi,1566870
MH135780.1,18S ribosomal RNA,genomic DNA,1808,Broussonetia monoica,850856-1,Moraceae,Broussonetia,monoica,,False,Broussonetia monoica,1968120
MH135784.1,18S ribosomal RNA,genomic DNA,1809,Broussonetia papyrifera,850861-1,Moraceae,Broussonetia,papyrifera,,False,Broussonetia papyrifera,172644
JF317359.1,18S ribosomal RNA,genomic DNA,1710,Broussonetia papyrifera,850861-1,Moraceae,Broussonetia,papyrifera,,False,Broussonetia papyrifera,172644
KF137760.1,18S ribosomal RNA,genomic DNA,1722,Fatoua villosa,583157-1,Moraceae,Fatoua,villosa,,False,Fatoua villosa,66391
AF206911.1,18S ribosomal RNA,genomic DNA,1735,Ficus sp.,327905-2,Moraceae,Ficus,,,False,Ficus sp. Soltis s.n.,120063
JF317367.1,18S ribosomal RNA,genomic DNA,1723,Ficus tikoua,853834-1,Moraceae,Ficus,tikoua,,False,Ficus tikoua,463880
JF317362.1,18S ribosomal RNA,genomic DNA,1725,Maclura tricuspidata,854453-1,Moraceae,Maclura,tricuspidata,,False,Maclura tricuspidata,210328
MH135781.1,18S ribosomal RNA,genomic DNA,1808,Malaisia scandens,854463-1,Moraceae,Malaisia,scandens,,False,Trophis scandens,241935
PQ060099.1,rrn18,genomic DNA,1937,Morus alba,30051955-2,Moraceae,Morus,alba,,False,Morus alba,3498
PQ060133.1,rrn18,genomic DNA,1929,Morus alba,30051955-2,Moraceae,Morus,alba,,False,Morus alba,3498
GU476477.1,18S ribosomal RNA,genomic DNA,1567,Morus macroura var. macroura,77225503-1,Moraceae,Morus,macroura,macroura,False,Morus wittiorum,229048
PQ057811.1,18S ribosomal RNA,genomic DNA,1937,Morus mongolica,584372-1,Moraceae,Morus,mongolica,,False,Morus mongolica,229049
XR_002903126.1,18S ribosomal RNA,rRNA,1808,Morus notabilis,584374-1,Moraceae,Morus,notabilis,,False,Morus notabilis,981085
XR_002902851.1,18S ribosomal RNA,rRNA,1801,Morus notabilis,584374-1,Moraceae,Morus,notabilis,,False,Morus notabilis,981085
KC539545.1,18S ribosomal RNA,genomic DNA,1635,Morus rubra,854710-1,Moraceae,Morus,rubra,,False,Morus rubra,32202
GU476475.1,18S ribosomal RNA,genomic DNA,1567,Paratrophis glabra,584468-1,Moraceae,Paratrophis,glabra,,False,Paratrophis glabra,241928
GU476476.1,18S ribosomal RNA,genomic DNA,1567,Paratrophis microphylla,584472-1,Moraceae,Paratrophis,microphylla,,False,Streblus heterophyllus,384980
U42786.1,18S ribosomal RNA,genomic DNA,1708,Moringa oleifera,584736-1,Moringaceae,Moringa,oleifera,,False,Moringa oleifera,3735
U42539.1,18S ribosomal RNA,genomic DNA,1741,Muntingia calabura,320779-2,Muntingiaceae,Muntingia,calabura,,False,Muntingia calabura,45164
LC612134.1,18S ribosomal RNA,genomic DNA,1837,Ensete glaucum,584796-1,Musaceae,Ensete,glaucum,,False,Ensete glaucum,482298
LC611851.1,18S ribosomal RNA,genomic DNA,1892,Musa  formobisiana,77163540-1,Musaceae,Musa,formobisiana,,False,Musa x formobisiana,2813835
LC795014.1,18S ribosomal RNA,genomic DNA,1892,Musa  paradisiaca,797595-1,Musaceae,Musa,paradisiaca,,False,Musa x paradisiaca,89151
LC795033.1,18S ribosomal RNA,genomic DNA,1892,Musa  paradisiaca,797595-1,Musaceae,Musa,paradisiaca,,False,Musa x paradisiaca,89151
LC794995.1,18S ribosomal RNA,genomic DNA,1878,Musa acuminata,797527-1,Musaceae,Musa,acuminata,,False,Musa acuminata,4641
LC794927.1,rrn18,genomic DNA,1878,Musa acuminata,797527-1,Musaceae,Musa,acuminata,,False,Musa acuminata,4641
LC610982.1,18S ribosomal RNA,genomic DNA,1878,Musa acuminata subsp. acuminata,77168778-1,Musaceae,Musa,acuminata,acuminata,False,Musa acuminata var. zebrina,214685
LC610940.1,18S ribosomal RNA,genomic DNA,1878,Musa acuminata subsp. microcarpa,60457966-2,Musaceae,Musa,acuminata,microcarpa,False,Musa acuminata subsp. microcarpa,228179
LC795107.1,18S ribosomal RNA,genomic DNA,1892,Musa balbisiana,797536-1,Musaceae,Musa,balbisiana,,False,Musa balbisiana,52838
LC611811.1,18S ribosomal RNA,genomic DNA,1892,Musa balbisiana,797536-1,Musaceae,Musa,balbisiana,,False,Musa balbisiana,52838
EF376002.1,18S ribosomal RNA,genomic DNA,1809,Musa basjoo,323785-2,Musaceae,Musa,basjoo,,False,Musa basjoo,133197
EF376003.1,18S ribosomal RNA,genomic DNA,1809,Musa basjoo,323785-2,Musaceae,Musa,basjoo,,False,Musa basjoo,133197
LC611933.1,18S ribosomal RNA,genomic DNA,1897,Musa beccarii,584918-1,Musaceae,Musa,beccarii,,False,Musa beccarii,192045
LC611974.1,18S ribosomal RNA,genomic DNA,1939,Musa coccinea,797554-1,Musaceae,Musa,coccinea,,False,Musa coccinea,574483
LC795220.1,18S ribosomal RNA,genomic DNA,1875,Musa itinerans,584951-1,Musaceae,Musa,itinerans,,False,Musa itinerans,574487
LC795243.1,18S ribosomal RNA,genomic DNA,1875,Musa itinerans,584951-1,Musaceae,Musa,itinerans,,False,Musa itinerans,574487
LC611401.1,18S ribosomal RNA,genomic DNA,1885,Musa itinerans var. formosana,77107532-1,Musaceae,Musa,itinerans,formosana,False,Musa itinerans var. formosana,2813836
LC611319.1,18S ribosomal RNA,genomic DNA,1878,Musa ornata,584973-1,Musaceae,Musa,ornata,,False,Musa ornata,160690
LC611235.1,18S ribosomal RNA,genomic DNA,1878,Musa rubra,584990-1,Musaceae,Musa,rubra,,False,Musa laterita,574488
LC611277.1,18S ribosomal RNA,genomic DNA,1878,Musa siamensis,77089497-1,Musaceae,Musa,siamensis,,False,Musa siamensis,574497
LC611892.1,18S ribosomal RNA,genomic DNA,1889,Musa textilis,797617-1,Musaceae,Musa,textilis,,False,Musa textilis,228183
LC611360.1,18S ribosomal RNA,genomic DNA,1878,Musa velutina,797625-1,Musaceae,Musa,velutina,,False,Musa velutina,228181
LC612015.1,18S ribosomal RNA,genomic DNA,1826,Musella lasiocarpa,585005-1,Musaceae,Musella,lasiocarpa,,False,Musella lasiocarpa,101617
AF107573.1,18S ribosomal RNA,genomic DNA,1748,Delarbrea michieana,107010-3,Myodocarpaceae,Delarbrea,michieana,,False,Delarbrea michieana,46393
GQ983570.1,18S ribosomal RNA,genomic DNA,1725,Myodocarpus fraxinifolius,91057-1,Myodocarpaceae,Myodocarpus,fraxinifolius,,False,Myodocarpus fraxinifolius,127429
AY263904.1,18S ribosomal RNA,genomic DNA,1461,Comptonia peregrina,64014-2,Myricaceae,Comptonia,peregrina,,False,Comptonia peregrina,29742
AF206967.1,18S ribosomal RNA,genomic DNA,1752,Myrica cerifera,166220-2,Myricaceae,Myrica,cerifera,,False,Morella cerifera,3510
FJ469991.1,18S ribosomal RNA,genomic DNA,1615,Myrica esculenta,585517-1,Myricaceae,Myrica,esculenta,,False,Morella esculenta,385002
FJ469990.1,18S ribosomal RNA,genomic DNA,1603,Myrica esculenta,585517-1,Myricaceae,Myrica,esculenta,,False,Morella esculenta,385002
JQ002589.1,18S ribosomal RNA,genomic DNA,1698,Endocomia macrocoma subsp. prainii,923296-1,Myristicaceae,Endocomia,macrocoma,prainii,False,Horsfieldia prainii,1195740
JN228262.1,18S ribosomal RNA,genomic DNA,1468,Endocomia macrocoma subsp. prainii,923296-1,Myristicaceae,Endocomia,macrocoma,prainii,False,Horsfieldia prainii,1195740
JQ002591.1,18S ribosomal RNA,genomic DNA,1661,Gymnacranthera canarica,585674-1,Myristicaceae,Gymnacranthera,canarica,,False,Gymnacranthera canarica,1195735
JN228264.1,18S ribosomal RNA,genomic DNA,1439,Gymnacranthera canarica,585674-1,Myristicaceae,Gymnacranthera,canarica,,False,Gymnacranthera canarica,1195735
JQ002585.1,18S ribosomal RNA,genomic DNA,1723,Horsfieldia amygdalina,585696-1,Myristicaceae,Horsfieldia,amygdalina,,False,Horsfieldia amygdalina,1195737
JN228257.1,18S ribosomal RNA,genomic DNA,1463,Horsfieldia amygdalina,585696-1,Myristicaceae,Horsfieldia,amygdalina,,False,Horsfieldia amygdalina,1195737
JQ002592.1,18S ribosomal RNA,genomic DNA,1707,Knema andamanica,585837-1,Myristicaceae,Knema,andamanica,,False,Knema andamanica,1195736
JN228265.1,18S ribosomal RNA,genomic DNA,1447,Knema andamanica,585837-1,Myristicaceae,Knema,andamanica,,False,Knema andamanica,1195736
AF206946.1,18S ribosomal RNA,genomic DNA,1733,Knema latericia,585879-1,Myristicaceae,Knema,latericia,,False,Knema latericia,13583
DQ007409.1,18S ribosomal RNA,genomic DNA,1712,Mauloutchia chapelieri,585948-1,Myristicaceae,Mauloutchia,chapelieri,,False,Mauloutchia chapelieri,108416
JQ002586.1,18S ribosomal RNA,genomic DNA,1722,Myristica andamanica,585966-1,Myristicaceae,Myristica,andamanica,,False,Myristica andamanica,1195738
JN228258.1,18S ribosomal RNA,genomic DNA,1443,Myristica andamanica,585966-1,Myristicaceae,Myristica,andamanica,,False,Myristica andamanica,1195738
JQ002587.1,18S ribosomal RNA,genomic DNA,1715,Myristica beddomei,585982-1,Myristicaceae,Myristica,beddomei,,False,Myristica beddomei,1195739
JN228259.1,18S ribosomal RNA,genomic DNA,1445,Myristica beddomei,585982-1,Myristicaceae,Myristica,beddomei,,False,Myristica beddomei,1195739
AF206968.1,18S ribosomal RNA,genomic DNA,1794,Myristica fragrans,586076-1,Myristicaceae,Myristica,fragrans,,False,Myristica fragrans,51089
JQ002590.1,18S ribosomal RNA,genomic DNA,1626,Myristica fragrans,586076-1,Myristicaceae,Myristica,fragrans,,False,Myristica fragrans,51089
JN228260.1,18S ribosomal RNA,genomic DNA,1446,Myristica malabarica,586188-1,Myristicaceae,Myristica,malabarica,,False,Myristica malabarica,741156
JQ002588.1,18S ribosomal RNA,genomic DNA,1711,Myristica sp.,331788-2,Myristicaceae,Myristica,,,False,Myristica sp. TES-2012,1195741
AF094555.1,18S ribosomal RNA,genomic DNA,1670,Myrothamnus flabellifolius,430734-1,Myrothamnaceae,Myrothamnus,flabellifolius,,False,Myrothamnus flabellifolius,83223
GU476435.1,18S ribosomal RNA,genomic DNA,1598,Agonis flexuosa,907823-1,Myrtaceae,Agonis,flexuosa,,False,Agonis flexuosa,106026
AM235526.1,18S ribosomal RNA,genomic DNA,1628,Angophora costata,590640-1,Myrtaceae,Angophora,costata,,False,Angophora costata,87657
GU476425.1,18S ribosomal RNA,genomic DNA,1601,Angophora costata,590640-1,Myrtaceae,Angophora,costata,,False,Angophora costata,87657
GU476449.1,18S ribosomal RNA,genomic DNA,1600,Cloezia floribunda,592350-1,Myrtaceae,Cloezia,floribunda,,False,Cloezia floribunda,101957
GU476423.1,18S ribosomal RNA,genomic DNA,1600,Eucalyptus coccifera,592806-1,Myrtaceae,Eucalyptus,coccifera,,False,Eucalyptus coccifera,87665
GU476424.1,18S ribosomal RNA,genomic DNA,1600,Eucalyptus deglupta,592872-1,Myrtaceae,Eucalyptus,deglupta,,False,Eucalyptus deglupta,106642
XR_005548808.1,18S ribosomal RNA,rRNA,1817,Eucalyptus grandis,592976-1,Myrtaceae,Eucalyptus,grandis,,False,Eucalyptus grandis,71139
XR_005550722.1,18S ribosomal RNA,rRNA,1814,Eucalyptus grandis,592976-1,Myrtaceae,Eucalyptus,grandis,,False,Eucalyptus grandis,71139
AM235528.1,18S ribosomal RNA,genomic DNA,1627,Eucalyptus lehmannii,593059-1,Myrtaceae,Eucalyptus,lehmannii,,False,Eucalyptus lehmannii,376208
AM235529.1,18S rRNA,genomic DNA,1627,Eugenia uniflora,596263-1,Myrtaceae,Eugenia,uniflora,,True,Eugenia uniflora,119951
AF206927.1,18S ribosomal RNA,genomic DNA,1741,Heteropyxis natalensis,553494-1,Myrtaceae,Heteropyxis,natalensis,,False,Heteropyxis natalensis,40015
AM235537.1,18S rRNA,genomic DNA,1627,Heteropyxis natalensis,553494-1,Myrtaceae,Heteropyxis,natalensis,,False,Heteropyxis natalensis,40015
AM235530.1,18S rRNA,genomic DNA,1627,Kunzea ericifolia subsp. ericifolia,77171548-1,Myrtaceae,Kunzea,ericifolia,ericifolia,False,Kunzea ericifolia subsp. ericifolia,376209
GU476433.1,18S ribosomal RNA,genomic DNA,1598,Kunzea ericoides,912742-1,Myrtaceae,Kunzea,ericoides,,False,Kunzea ericoides,106044
GU476434.1,18S ribosomal RNA,genomic DNA,1598,Kunzea graniticola,902308-1,Myrtaceae,Kunzea,graniticola,,False,Kunzea graniticola,384961
AM235531.1,18S ribosomal RNA,genomic DNA,1627,Leptospermum scoparium,597505-1,Myrtaceae,Leptospermum,scoparium,,False,Leptospermum scoparium,295139
AM235532.1,18S rRNA,genomic DNA,1627,Lophostemon confertus,910845-1,Myrtaceae,Lophostemon,confertus,,False,Lophostemon confertus,73751
AM235533.1,18S ribosomal RNA,genomic DNA,1628,Melaleuca alternifolia,597833-1,Myrtaceae,Melaleuca,alternifolia,,False,Melaleuca alternifolia,164405
AM235527.1,18S rRNA,genomic DNA,1628,Melaleuca citrina,77108602-1,Myrtaceae,Melaleuca,citrina,,True,Melaleuca citrina,2981537
AM235534.1,18S rRNA,genomic DNA,1627,Metrosideros excelsa,598207-1,Myrtaceae,Metrosideros,excelsa,,False,Metrosideros excelsa,62696
GU476447.1,18S ribosomal RNA,genomic DNA,1600,Metrosideros parkinsonii,598281-1,Myrtaceae,Metrosideros,parkinsonii,,False,Metrosideros parkinsonii,280086
GU476451.1,18S ribosomal RNA,genomic DNA,1619,Metrosideros umbellata,598343-1,Myrtaceae,Metrosideros,umbellata,,False,Metrosideros umbellata,101989
GU476448.1,18S ribosomal RNA,genomic DNA,1600,Metrosideros whiteana,598351-1,Myrtaceae,Metrosideros,whiteana,,False,Metrosideros whiteana,280080
AB354957.1,18S ribosomal RNA,genomic DNA,1779,Psidium cattleyanum,600760-1,Myrtaceae,Psidium,cattleyanum,,False,Psidium cattleyanum,375274
AB354961.1,18S ribosomal RNA,genomic DNA,1748,Psidium guajava,600841-1,Myrtaceae,Psidium,guajava,,False,Psidium guajava,120290
AM235538.1,18S ribosomal RNA,genomic DNA,1627,Psiloxylon mauritianum,601089-1,Myrtaceae,Psiloxylon,mauritianum,,False,Psiloxylon mauritianum,40027
XR_007198981.1,18S ribosomal RNA,rRNA,1816,Rhodamnia argentea,601108-1,Myrtaceae,Rhodamnia,argentea,,False,Rhodamnia argentea,178133
XR_007198982.1,18S ribosomal RNA,rRNA,1813,Rhodamnia argentea,601108-1,Myrtaceae,Rhodamnia,argentea,,False,Rhodamnia argentea,178133
GU476478.1,18S ribosomal RNA,genomic DNA,1619,Syzygium claviflorum,601551-1,Myrtaceae,Syzygium,claviflorum,,False,Syzygium claviflorum,219860
GU476479.1,18S ribosomal RNA,genomic DNA,1619,Syzygium maire,601904-1,Myrtaceae,Syzygium,maire,,False,Syzygium maire,334487
XR_004004038.1,18S ribosomal RNA,rRNA,1809,Syzygium oleosum,913387-1,Myrtaceae,Syzygium,oleosum,,False,Syzygium oleosum,219896
XR_004004026.1,18S ribosomal RNA,rRNA,1809,Syzygium oleosum,913387-1,Myrtaceae,Syzygium,oleosum,,False,Syzygium oleosum,219896
GU476480.1,18S ribosomal RNA,genomic DNA,1619,Thaleropia queenslandica,973633-1,Myrtaceae,Thaleropia,queenslandica,,False,Thaleropia queenslandica,178179
AM235535.1,18S rRNA,genomic DNA,1627,Tristaniopsis sp.,27787-1,Myrtaceae,Tristaniopsis,,,False,Tristaniopsis sp. Rutschmann 70,376214
AM235536.1,18S rRNA,genomic DNA,1627,Uromyrtus metrosideros,942851-1,Myrtaceae,Uromyrtus,metrosideros,,False,Uromyrtus metrosideros,376215
EU186221.1,18S ribosomal RNA,genomic DNA,1716,Aletris farinosa,319064-2,Nartheciaceae,Aletris,farinosa,,True,Aletris farinosa,167569
AB679351.1,18S ribosomal RNA,genomic DNA,1760,Aletris foliata,527495-1,Nartheciaceae,Aletris,foliata,,False,Aletris fauriei,1112724
AB679350.1,18S ribosomal RNA,genomic DNA,1733,Aletris foliata,527495-1,Nartheciaceae,Aletris,foliata,,False,Aletris fauriei,1112724
AB679360.1,18S ribosomal RNA,genomic DNA,1748,Aletris foliolosa,429535-1,Nartheciaceae,Aletris,foliolosa,,False,Aletris rigida,453231
AB679355.1,18S ribosomal RNA,genomic DNA,1757,Aletris glabra,429538-1,Nartheciaceae,Aletris,glabra,,False,Aletris formosana,1112725
AB679356.1,18S ribosomal RNA,genomic DNA,1742,Aletris glabra,429538-1,Nartheciaceae,Aletris,glabra,,False,Aletris glabra,119988
AB679358.1,18S ribosomal RNA,genomic DNA,1760,Aletris laxiflora,429549-1,Nartheciaceae,Aletris,laxiflora,,False,Aletris laxiflora,119990
AB679359.1,18S ribosomal RNA,genomic DNA,1753,Aletris lutea,8312-2,Nartheciaceae,Aletris,lutea,,False,Aletris lutea,119991
AB679357.1,18S ribosomal RNA,genomic DNA,1740,Aletris pauciflora var. khasiana,886103-1,Nartheciaceae,Aletris,pauciflora,khasiana,False,Aletris pauciflora var. khasiana,119989
AB679363.1,18S ribosomal RNA,genomic DNA,1761,Aletris spicata,429565-1,Nartheciaceae,Aletris,spicata,,False,Aletris spicata,119992
AB679362.1,18S ribosomal RNA,genomic DNA,1757,Aletris spicata,429565-1,Nartheciaceae,Aletris,spicata,,False,Aletris spicata,119992
AB679364.1,18S ribosomal RNA,genomic DNA,1752,Aletris stenoloba,429567-1,Nartheciaceae,Aletris,stenoloba,,False,Aletris stenoloba,119993
AB679365.1,18S ribosomal RNA,genomic DNA,1742,Lophiola aurea,429761-1,Nartheciaceae,Lophiola,aurea,,False,Lophiola aurea,119995
EU186218.1,18S ribosomal RNA,genomic DNA,1739,Lophiola aurea,429761-1,Nartheciaceae,Lophiola,aurea,,False,Lophiola americana,167603
AB679366.1,18S ribosomal RNA,genomic DNA,1744,Metanarthecium luteoviride,538303-1,Nartheciaceae,Metanarthecium,luteoviride,,False,Metanarthecium luteoviride,1112727
AF309410.1,18S ribosomal RNA,genomic DNA,1730,Metanarthecium luteoviride,538303-1,Nartheciaceae,Metanarthecium,luteoviride,,False,Metanarthecium luteoviride,1112727
AB679368.1,18S ribosomal RNA,genomic DNA,1763,Metanarthecium luteoviride var. nutans,77188700-1,Nartheciaceae,Metanarthecium,luteoviride,nutans,False,Metanarthecium luteoviride var. nutans,1112728
AB679369.1,18S ribosomal RNA,genomic DNA,1752,Narthecium asiaticum,538643-1,Nartheciaceae,Narthecium,asiaticum,,False,Narthecium asiaticum,119984
EU186220.1,18S ribosomal RNA,genomic DNA,1730,Narthecium californicum,538647-1,Nartheciaceae,Narthecium,californicum,,False,Narthecium californicum,479629
AB679370.1,18S ribosomal RNA,genomic DNA,1755,Narthecium ossifragum,538658-1,Nartheciaceae,Narthecium,ossifragum,,False,Narthecium ossifragum,114204
AF309411.1,18S ribosomal RNA,genomic DNA,1737,Narthecium ossifragum,538658-1,Nartheciaceae,Narthecium,ossifragum,,False,Narthecium ossifragum,114204
EU186219.1,18S ribosomal RNA,genomic DNA,1747,Nietneria paniculata,170038-2,Nartheciaceae,Nietneria,paniculata,,False,Nietneria paniculata,479631
U42787.1,18S ribosomal RNA,genomic DNA,1704,Nepenthes sp.,327014-2,Nepenthaceae,Nepenthes,,,False,Nepenthes sp. Nickrent 3056,45170
AF206970.1,18S ribosomal RNA,genomic DNA,1730,Neurada procumbens,726834-1,Neuradaceae,Neurada,procumbens,,False,Neurada procumbens,32215
GQ497579.1,18S ribosomal RNA,genomic DNA,1798,Nitraria roborowskii,873340-1,Nitrariaceae,Nitraria,roborowskii,,False,Nitraria praevisa,357933
JX287342.1,18S ribosomal RNA,genomic DNA,1665,Nitraria tangutorum,873347-1,Nitrariaceae,Nitraria,tangutorum,,False,Nitraria tangutorum,357929
AY147111.1,18S ribosomal RNA,genomic DNA,1497,Nothofagus antarctica,359065-1,Nothofagaceae,Nothofagus,antarctica,,False,Nothofagus antarctica,28933
GU476452.1,18S ribosomal RNA,genomic DNA,1492,Nothofagus grandis,359090-1,Nothofagaceae,Nothofagus,grandis,,False,Nothofagus grandis,28943
MN432177.1,18S ribosomal RNA,genomic DNA,1942,Bougainvillea glabra,35444-2,Nyctaginaceae,Bougainvillea,glabra,,False,Bougainvillea glabra,3541
AF206873.1,18S ribosomal RNA,genomic DNA,1745,Bougainvillea glabra,35444-2,Nyctaginaceae,Bougainvillea,glabra,,False,Bougainvillea glabra,3541
NC_056991.1,rrn18,genomic DNA,1928,Mirabilis jalapa,162591-2,Nyctaginaceae,Mirabilis,jalapa,,False,Mirabilis jalapa,3538
MW295642.1,rrn18,genomic DNA,1928,Mirabilis jalapa,162591-2,Nyctaginaceae,Mirabilis,jalapa,,False,Mirabilis jalapa,3538
AF206863.1,18S ribosomal RNA,genomic DNA,1719,Barclaya longifolia,605259-1,Nymphaeaceae,Barclaya,longifolia,,False,Barclaya longifolia,4412
AF096692.1,18S ribosomal RNA,genomic DNA,1719,Barclaya longifolia,605259-1,Nymphaeaceae,Barclaya,longifolia,,False,Barclaya longifolia,4412
AF096694.1,18S ribosomal RNA,genomic DNA,1715,Euryale ferox,605350-1,Nymphaeaceae,Euryale,ferox,,False,Euryale ferox,4414
D85295.1,18S ribosomal RNA,genomic DNA,1730,Nuphar japonica,605440-1,Nymphaeaceae,Nuphar,japonica,,False,Nuphar japonica,54801
D29777.1,18S ribosomal RNA,genomic DNA,1731,Nuphar pumila subsp. pumila,77224178-1,Nymphaeaceae,Nuphar,pumila,pumila,False,Nuphar shimadae,54802
AF206972.1,18S ribosomal RNA,genomic DNA,1731,Nuphar variegata,1117161-2,Nymphaeaceae,Nuphar,variegata,,False,Nuphar variegata,4416
AF096695.1,18S ribosomal RNA,genomic DNA,1717,Nuphar variegata,1117161-2,Nymphaeaceae,Nuphar,variegata,,False,Nuphar variegata,4416
XR_004171875.1,18S ribosomal RNA,rRNA,1810,Nymphaea nouchali var. zanzibariensis,955149-1,Nymphaeaceae,Nymphaea,nouchali,zanzibariensis,False,Nymphaea colorata,210225
XR_004171877.1,18S ribosomal RNA,rRNA,1810,Nymphaea nouchali var. zanzibariensis,955149-1,Nymphaeaceae,Nymphaea,nouchali,zanzibariensis,False,Nymphaea colorata,210225
AF206973.1,18S ribosomal RNA,genomic DNA,1716,Nymphaea odorata,171201-2,Nymphaeaceae,Nymphaea,odorata,,False,Nymphaea odorata,4419
AF096696.1,18S ribosomal RNA,genomic DNA,1715,Nymphaea odorata,171201-2,Nymphaeaceae,Nymphaea,odorata,,False,Nymphaea odorata,4419
L24404.1,18S ribosomal RNA,genomic DNA,1759,Nymphaea odorata subsp. tuberosa,1170779-2,Nymphaeaceae,Nymphaea,odorata,tuberosa,False,Nymphaea odorata subsp. tuberosa,35928
AF096697.1,18S ribosomal RNA,genomic DNA,1710,Nymphaea ondinea,77100421-1,Nymphaeaceae,Nymphaea,ondinea,,False,Nymphaea ondinea,85508
AF096698.1,18S ribosomal RNA,genomic DNA,1718,Victoria cruziana,605778-1,Nymphaeaceae,Victoria,cruziana,,False,Victoria cruziana,4421
U42789.1,18S ribosomal RNA,genomic DNA,1730,Camptotheca acuminata,271482-1,Nyssaceae,Camptotheca,acuminata,,False,Camptotheca acuminata,16922
AJ235991.1,18S ribosomal RNA,genomic DNA,1768,Davidia involucrata,430593-1,Nyssaceae,Davidia,involucrata,,False,Davidia involucrata,16924
AB233595.1,18S ribosomal RNA,genomic DNA,1736,Campylospermum serratum,975825-1,Ochnaceae,Campylospermum,serratum,,False,Campylospermum serratum,344410
AY674583.1,18S ribosomal RNA,genomic DNA,1680,Cespedesia spathulata,605994-1,Ochnaceae,Cespedesia,spathulata,,False,Cespedesia spathulata,179739
FJ669703.1,18S ribosomal RNA,genomic DNA,1678,Elvasia calophyllea,606117-1,Ochnaceae,Elvasia,calophyllea,,False,Elvasia calophyllea,313265
FJ669709.1,18S ribosomal RNA,genomic DNA,1712,Froesia diffusa,306423-2,Ochnaceae,Froesia,diffusa,,False,Froesia diffusa,670085
FJ669704.1,18S ribosomal RNA,genomic DNA,1696,Lophira lanceolata,606368-1,Ochnaceae,Lophira,lanceolata,,False,Lophira lanceolata,670087
FJ669705.1,18S ribosomal RNA,genomic DNA,1713,Luxemburgia octandra,606385-1,Ochnaceae,Luxemburgia,octandra,,False,Luxemburgia octandra,486170
AF206959.1,18S ribosomal RNA,genomic DNA,1739,Medusagyne oppositifolia,829118-1,Ochnaceae,Medusagyne,oppositifolia,,False,Medusagyne oppositifolia,58879
AB233594.1,18S ribosomal RNA,genomic DNA,1736,Ochna macrantha,606677-1,Ochnaceae,Ochna,macrantha,,False,Diporidium greveanum,344408
AF206974.1,18S ribosomal RNA,genomic DNA,1735,Ochna multiflora,606698-1,Ochnaceae,Ochna,multiflora,,True,Ochna multiflora,113248
AB233596.1,18S ribosomal RNA,genomic DNA,1701,Ochna serrulata,606778-1,Ochnaceae,Ochna,serrulata,,False,Ochna serrulata,56634
AY674620.1,18S ribosomal RNA,genomic DNA,1676,Ochna sp.,28076-1,Ochnaceae,Ochna,,,False,Ochna sp. Davis 31-01,256822
AF207003.1,18S ribosomal RNA,genomic DNA,1787,Quiina pteridophylla,216670-2,Ochnaceae,Quiina,pteridophylla,,False,Quiina pteridophylla,58872
AB233597.1,18S ribosomal RNA,genomic DNA,1736,Sauvagesia africana,607444-1,Ochnaceae,Sauvagesia,africana,,False,Sauvagesia africana,344443
FJ669706.1,18S ribosomal RNA,genomic DNA,1713,Sauvagesia erecta,867452-1,Ochnaceae,Sauvagesia,erecta,,False,Sauvagesia erecta,313263
EF135604.1,18S ribosomal RNA,genomic DNA,1713,Sauvagesia erecta,867452-1,Ochnaceae,Sauvagesia,erecta,,False,Sauvagesia erecta,313263
FJ669710.1,18S ribosomal RNA,genomic DNA,1692,Touroulia guianensis,429315-1,Ochnaceae,Touroulia,guianensis,,False,Touroulia guianensis,58863
MZ430522.1,rrn18,genomic DNA,2286,Erythropalum scandens,607794-1,Olacaceae,Erythropalum,scandens,,False,Erythropalum scandens,350427
KY094131.1,18S ribosomal RNA,genomic DNA,1675,Erythropalum scandens,607794-1,Olacaceae,Erythropalum,scandens,,False,Erythropalum scandens,350427
L24146.2,18S ribosomal RNA,genomic DNA,1747,Heisteria concinna,118596-2,Olacaceae,Heisteria,concinna,,False,Heisteria concinna,50126
XR_009138334.1,18S ribosomal RNA,rRNA,1809,Malania oleifera,608018-1,Olacaceae,Malania,oleifera,,False,Malania oleifera,397392
XR_009138333.1,18S ribosomal RNA,rRNA,1809,Malania oleifera,608018-1,Olacaceae,Malania,oleifera,,False,Malania oleifera,397392
L24396.2,18S ribosomal RNA,genomic DNA,1749,Minquartia guianensis,110121-1,Olacaceae,Minquartia,guianensis,,False,Minquartia guianensis,50146
L24405.1,18S ribosomal RNA,genomic DNA,1754,Olax aphylla,608080-1,Olacaceae,Olax,aphylla,,False,Olax aphylla,50153
JQ613222.1,18S ribosomal RNA,genomic DNA,1698,Olax imbricata,608104-1,Olacaceae,Olax,imbricata,,False,Olax imbricata,1248968
U59934.1,18S ribosomal RNA,genomic DNA,1778,Scorodocarpus borneensis,608407-1,Olacaceae,Scorodocarpus,borneensis,,False,Scorodocarpus borneensis,48514
AF039079.1,18S ribosomal RNA,genomic DNA,1734,Strombosia philippinensis,608488-1,Olacaceae,Strombosia,philippinensis,,False,Strombosia philippinensis,70870
L24428.1,18S ribosomal RNA,genomic DNA,1755,Ximenia americana,316341-2,Olacaceae,Ximenia,americana,,False,Ximenia americana,50174
OR582644.1,18S ribosomal RNA,genomic DNA,1732,Jasminum sambac,609755-1,Oleaceae,Jasminum,sambac,,False,Jasminum sambac,660624
OR582639.1,rrn18,genomic DNA,1732,Jasminum sambac,609755-1,Oleaceae,Jasminum,sambac,,False,Jasminum sambac,660624
AJ236035.1,18S ribosomal RNA,genomic DNA,1767,Jasminum simplicifolium subsp. suavissimum,923459-1,Oleaceae,Jasminum,simplicifolium,suavissimum,False,Jasminum simplicifolium subsp. suavissimum,4148
L49289.1,18S ribosomal RNA,genomic DNA,1729,Olea europaea,610675-1,Oleaceae,Olea,europaea,,False,Olea europaea,4146
HQ384685.1,18S ribosomal RNA,genomic DNA,1749,Syringa vulgaris,289009-2,Oleaceae,Syringa,vulgaris,,False,Syringa vulgaris,34270
AM235541.1,18S ribosomal RNA,genomic DNA,1628,Circaea lutetiana,611469-1,Onagraceae,Circaea,lutetiana,,False,Circaea lutetiana,253475
U67930.1,18S ribosomal RNA,genomic DNA,1708,Clarkia xantiana,611544-1,Onagraceae,Clarkia,xantiana,,False,Clarkia xantiana,3938
AF206907.1,18S ribosomal RNA,genomic DNA,1736,Epilobium angustifolium,92411-2,Onagraceae,Epilobium,angustifolium,,False,Chamaenerion angustifolium,13055
AM235542.1,18S ribosomal RNA,genomic DNA,1628,Fuchsia paniculata,106252-2,Onagraceae,Fuchsia,paniculata,,False,Fuchsia paniculata,253498
AM235543.1,18S ribosomal RNA,genomic DNA,1628,Fuchsia procumbens,612612-1,Onagraceae,Fuchsia,procumbens,,False,Fuchsia procumbens,85206
AM235545.1,18S rRNA,genomic DNA,1627,Ludwigia palustris,30031106-2,Onagraceae,Ludwigia,palustris,,True,Ludwigia palustris,376201
X61277.1,18S rRNA,genomic DNA,1903,Oenothera affinis,613498-1,Onagraceae,Oenothera,affinis,,False,Oenothera berteroana,3950
JX975689.1,18S ribosomal RNA,genomic DNA,1627,Oenothera laciniata,613817-1,Onagraceae,Oenothera,laciniata,,False,Oenothera laciniata,238288
JX975688.1,18S ribosomal RNA,genomic DNA,1626,Oenothera laciniata,613817-1,Onagraceae,Oenothera,laciniata,,False,Oenothera laciniata,238288
AM235544.1,18S ribosomal RNA,genomic DNA,1627,Oenothera lindheimeri,77092955-1,Onagraceae,Oenothera,lindheimeri,,False,Oenothera lindheimeri,225334
AM235546.1,18S rRNA,genomic DNA,1627,Oenothera macrocarpa,173157-2,Onagraceae,Oenothera,macrocarpa,,False,Oenothera macrocarpa,260701
KT459199.1,18S ribosomal RNA,genomic DNA,1808,Oenothera nuttallii,613912-1,Onagraceae,Oenothera,nuttallii,,True,Oenothera nuttallii,337558
JX975670.1,18S ribosomal RNA,genomic DNA,1625,Oenothera odorata,324893-2,Onagraceae,Oenothera,odorata,,False,Oenothera odorata,3951
JX975669.1,18S ribosomal RNA,genomic DNA,1623,Oenothera odorata,324893-2,Onagraceae,Oenothera,odorata,,False,Oenothera odorata,3951
KT459190.1,18S ribosomal RNA,genomic DNA,1807,Oenothera suffrutescens,77092961-1,Onagraceae,Oenothera,suffrutescens,,False,Oenothera suffrutescens,260692
AF206976.1,18S ribosomal RNA,genomic DNA,1740,Oncotheca balansae,83906-1,Oncothecaceae,Oncotheca,balansae,,False,Oncotheca balansae,85235
L24079.1,18S ribosomal RNA,genomic DNA,1786,Agonandra macrocarpa,614468-1,Opiliaceae,Agonandra,macrocarpa,,False,Agonandra macrocarpa,50111
L24084.2,18S ribosomal RNA,genomic DNA,1757,Cansjera leptostachya,607641-1,Opiliaceae,Cansjera,leptostachya,,False,Cansjera leptostachya,50115
KY094143.1,18S ribosomal RNA,genomic DNA,1674,Cansjera rheedei,607651-1,Opiliaceae,Cansjera,rheedei,,True,Cansjera rheedei,227893
KY094142.1,18S ribosomal RNA,genomic DNA,1674,Cansjera rheedei,607651-1,Opiliaceae,Cansjera,rheedei,,True,Cansjera rheedei,227893
L24746.1,18S ribosomal RNA,genomic DNA,1760,Champereia manillana,614476-1,Opiliaceae,Champereia,manillana,,False,Champereia manillana,50117
JQ613223.1,18S ribosomal RNA,genomic DNA,1713,Champereia manillana,614476-1,Opiliaceae,Champereia,manillana,,False,Champereia manillana,50117
KY172111.1,18S ribosomal RNA,genomic DNA,1673,Champereia manillana var. longistaminea,999597-1,Opiliaceae,Champereia,manillana,longistaminea,False,Champereia manillana var. longistaminea,1677695
KY197005.1,18S ribosomal RNA,genomic DNA,1673,Champereia manillana var. longistaminea,999597-1,Opiliaceae,Champereia,manillana,longistaminea,False,Champereia manillana var. longistaminea,1677695
KY094137.1,18S ribosomal RNA,genomic DNA,1674,Lepionurus sylvestris,607984-1,Opiliaceae,Lepionurus,sylvestris,,False,Lepionurus sylvestris,71616
KY094140.1,18S ribosomal RNA,genomic DNA,1674,Lepionurus sylvestris,607984-1,Opiliaceae,Lepionurus,sylvestris,,False,Lepionurus sylvestris,71616
KY094147.1,18S ribosomal RNA,genomic DNA,1673,Melientha suavis,608041-1,Opiliaceae,Melientha,suavis,,False,Melientha suavis,1984802
KY094148.1,18S ribosomal RNA,genomic DNA,1673,Melientha suavis,608041-1,Opiliaceae,Melientha,suavis,,False,Melientha suavis,1984802
L24407.1,18S ribosomal RNA,genomic DNA,1760,Opilia amentacea,608174-1,Opiliaceae,Opilia,amentacea,,True,Opilia amentacea,36010
U42790.1,18S ribosomal RNA,genomic DNA,1729,Opilia amentacea,608174-1,Opiliaceae,Opilia,amentacea,,True,Opilia amentacea,36010
KY094144.1,18S ribosomal RNA,genomic DNA,1674,Urobotrya latisquama,614517-1,Opiliaceae,Urobotrya,latisquama,,False,Urobotrya latisquama,1984803
KY094146.1,18S ribosomal RNA,genomic DNA,1674,Urobotrya latisquama,614517-1,Opiliaceae,Urobotrya,latisquama,,False,Urobotrya latisquama,1984803
MW562933.1,rrn18,genomic DNA,1965,Acianthera recurva,1000531-2,Orchidaceae,Acianthera,recurva,,False,Acianthera recurva,1164710
MW563043.1,rrn18,genomic DNA,1825,Anathallis obovata,1023429-2,Orchidaceae,Anathallis,obovata,,False,Anathallis obovata,1053618
U59937.1,18S ribosomal RNA,genomic DNA,1761,Aplectrum hyemale,16474-2,Orchidaceae,Aplectrum,hyemale,,False,Aplectrum hyemale,48520
KM103391.1,18S ribosomal RNA,genomic DNA,1692,Apostasia sp.,28740-1,Orchidaceae,Apostasia,,,False,Apostasia sp. KH-2014,1552340
HM640780.1,18S ribosomal RNA,genomic DNA,1740,Apostasia wallichii,616796-1,Orchidaceae,Apostasia,wallichii,,False,Apostasia wallichii,280454
AF135207.1,18S ribosomal RNA,genomic DNA,1696,Apostasia wallichii,616796-1,Orchidaceae,Apostasia,wallichii,,False,Apostasia stylidioides,49694
JX912776.1,18S ribosomal RNA,genomic DNA,1601,Bifrenaria irwiniana,77337417-1,Orchidaceae,Bifrenaria,irwiniana,,False,Scuticaria irwiniana,589426
PQ859845.1,rrn18,genomic DNA,1982,Bletilla striata,617803-1,Orchidaceae,Bletilla,striata,,False,Bletilla striata,78707
MT781956.1,18S ribosomal RNA,genomic DNA,1792,Bletilla striata,617803-1,Orchidaceae,Bletilla,striata,,False,Bletilla striata,78707
JX912774.1,18S ribosomal RNA,genomic DNA,1601,Buchtienia nitida,77147299-1,Orchidaceae,Buchtienia,nitida,,False,Sauroglossum nitidum,1269271
HM640776.1,18S ribosomal RNA,genomic DNA,1741,Calanthe discolor,620844-1,Orchidaceae,Calanthe,discolor,,False,Calanthe discolor,673185
PX168827.1,18S ribosomal RNA,genomic DNA,1982,Calanthe striata,60462120-2,Orchidaceae,Calanthe,striata,,False,Calanthe striata var. sieboldii,309534
JX912777.1,18S ribosomal RNA,genomic DNA,1601,Campylocentrum micranthum,621710-1,Orchidaceae,Campylocentrum,micranthum,,False,Campylocentrum micranthum,201625
U59949.1,18S ribosomal RNA,genomic DNA,1773,Cephalanthera austiniae,52087-2,Orchidaceae,Cephalanthera,austiniae,,False,Cephalanthera austiniae,48536
HM640777.1,18S ribosomal RNA,genomic DNA,1741,Cephalanthera longibracteata,622388-1,Orchidaceae,Cephalanthera,longibracteata,,False,Cephalanthera longibracteata,428214
JX912781.1,18S ribosomal RNA,genomic DNA,1601,Cirrhaea dependens,623130-1,Orchidaceae,Cirrhaea,dependens,,False,Cirrhaea dependens,125097
JX912738.1,18S ribosomal RNA,genomic DNA,1601,Cleistes aphylla,623594-1,Orchidaceae,Cleistes,aphylla,,False,Cleistes aphylla,511772
JX912740.1,18S ribosomal RNA,genomic DNA,1601,Cleistes bella,623596-1,Orchidaceae,Cleistes,bella,,False,Cleistes bella,511773
JX912756.1,18S ribosomal RNA,genomic DNA,1601,Cleistes cipoana,60128-2,Orchidaceae,Cleistes,cipoana,,False,Cleistes cipoana,256350
JX912761.1,18S ribosomal RNA,genomic DNA,1601,Cleistes elongata,77095632-1,Orchidaceae,Cleistes,elongata,,False,Cleistes elongata,1269262
JX912758.1,18S ribosomal RNA,genomic DNA,1601,Cleistes exilis,60132-2,Orchidaceae,Cleistes,exilis,,False,Cleistes exilis,511776
JX912755.1,18S ribosomal RNA,genomic DNA,1601,Cleistes itatiaiae,623613-1,Orchidaceae,Cleistes,itatiaiae,,False,Cleistes itatiaiae,511778
JX912731.1,18S ribosomal RNA,genomic DNA,1601,Cleistes libonii,60147-2,Orchidaceae,Cleistes,libonii,,False,Cleistes libonii,511779
JX912757.1,18S ribosomal RNA,genomic DNA,1601,Cleistes moritzii,60152-2,Orchidaceae,Cleistes,moritzii,,False,Cleistes moritzii,511781
JX912737.1,18S ribosomal RNA,genomic DNA,1601,Cleistes paranaensis,60154-2,Orchidaceae,Cleistes,paranaensis,,False,Cleistes paranaensis,511782
JX912732.1,18S ribosomal RNA,genomic DNA,1601,Cleistes pusilla,77064988-1,Orchidaceae,Cleistes,pusilla,,False,Cleistes pusilla,511783
JX912739.1,18S ribosomal RNA,genomic DNA,1601,Cleistes pusilla,77064988-1,Orchidaceae,Cleistes,pusilla,,False,Cleistes pusilla,511783
JX912730.1,18S ribosomal RNA,genomic DNA,1601,Cleistes ramboi,60160-2,Orchidaceae,Cleistes,ramboi,,False,Cleistes ramboi,511784
FJ425739.1,18S ribosomal RNA,genomic DNA,1699,Cleistes rosea,623642-1,Orchidaceae,Cleistes,rosea,,False,Cleistes rosea,78727
JX912753.1,18S ribosomal RNA,genomic DNA,1601,Cleistes rosea,623642-1,Orchidaceae,Cleistes,rosea,,False,Cleistes rosea,78727
FJ425741.1,18S ribosomal RNA,genomic DNA,1704,Cleistes sp.,30001901-2,Orchidaceae,Cleistes,,,False,Cleistes sp. Chase O-430,79038
JX912760.1,18S ribosomal RNA,genomic DNA,1601,Cleistes speciosa,623644-1,Orchidaceae,Cleistes,speciosa,,False,Cleistes caloptera,511774
JX912729.1,18S ribosomal RNA,genomic DNA,1600,Cleistes speciosa,623644-1,Orchidaceae,Cleistes,speciosa,,False,Cleistes metallina,511780
JX912734.1,18S ribosomal RNA,genomic DNA,1601,Cleistes tenuis,60165-2,Orchidaceae,Cleistes,tenuis,,False,Cleistes tenuis,511785
JX912754.1,18S ribosomal RNA,genomic DNA,1601,Cleistes uliginosa,60166-2,Orchidaceae,Cleistes,uliginosa,,False,Cleistes uliginosa,511786
JX912735.1,18S ribosomal RNA,genomic DNA,1601,Cleistesiopsis bifaria,77095634-1,Orchidaceae,Cleistesiopsis,bifaria,,False,Cleistesiopsis bifaria,111790
AF135205.1,18S ribosomal RNA,genomic DNA,1716,Cleistesiopsis divaricata,77095635-1,Orchidaceae,Cleistesiopsis,divaricata,,False,Cleistesiopsis divaricata,78726
FJ425738.1,18S ribosomal RNA,genomic DNA,1694,Cleistesiopsis divaricata,77095635-1,Orchidaceae,Cleistesiopsis,divaricata,,False,Cleistesiopsis divaricata,78726
FJ425740.1,18S ribosomal RNA,genomic DNA,1653,Clematepistephium smilacifolium,623654-1,Orchidaceae,Clematepistephium,smilacifolium,,False,Clematepistephium smilacifolium,78729
KM390008.1,18S ribosomal RNA,genomic DNA,1812,Corallorhiza bulbosa,313117-2,Orchidaceae,Corallorhiza,bulbosa,,False,Corallorhiza bulbosa,459585
KM390003.1,18S ribosomal RNA,genomic DNA,1812,Corallorhiza macrantha,65111-2,Orchidaceae,Corallorhiza,macrantha,,False,Corallorhiza macrantha,1564205
U59940.1,18S ribosomal RNA,genomic DNA,1762,Corallorhiza maculata,624181-1,Orchidaceae,Corallorhiza,maculata,,False,Corallorhiza maculata,48526
KM390007.1,18S ribosomal RNA,genomic DNA,1812,Corallorhiza maculata var. maculata,77167987-1,Orchidaceae,Corallorhiza,maculata,maculata,False,Corallorhiza maculata var. maculata,459586
KM390004.1,18S ribosomal RNA,genomic DNA,1812,Corallorhiza maculata var. mexicana,995522-1,Orchidaceae,Corallorhiza,maculata,mexicana,False,Corallorhiza maculata var. mexicana,512271
KM390006.1,18S ribosomal RNA,genomic DNA,1812,Corallorhiza maculata var. occidentalis,77188789-1,Orchidaceae,Corallorhiza,maculata,occidentalis,False,Corallorhiza maculata var. occidentalis,459587
KM390005.1,18S ribosomal RNA,genomic DNA,1812,Corallorhiza mertensiana,65125-2,Orchidaceae,Corallorhiza,mertensiana,,False,Corallorhiza mertensiana,459588
KM390010.1,18S ribosomal RNA,genomic DNA,1812,Corallorhiza odontorhiza,624216-1,Orchidaceae,Corallorhiza,odontorhiza,,False,Corallorhiza odontorhiza,459589
KM390011.1,18S ribosomal RNA,genomic DNA,1812,Corallorhiza striata var. vreelandii,65141-2,Orchidaceae,Corallorhiza,striata,vreelandii,False,Corallorhiza striata var. vreelandii,459593
KM390012.1,18S ribosomal RNA,genomic DNA,1812,Corallorhiza trifida,30219502-2,Orchidaceae,Corallorhiza,trifida,,False,Corallorhiza trifida,451881
KM390009.1,18S ribosomal RNA,genomic DNA,1812,Corallorhiza wisteriana,30092460-2,Orchidaceae,Corallorhiza,wisteriana,,False,Corallorhiza wisteriana,459594
JX912771.1,18S ribosomal RNA,genomic DNA,1601,Cyclopogon variegatus,73740-2,Orchidaceae,Cyclopogon,variegatus,,False,Cyclopogon variegatus,1269263
OR754266.1,18S ribosomal RNA,genomic DNA,1976,Cymbidium ensifolium,624992-1,Orchidaceae,Cymbidium,ensifolium,,False,Cymbidium ensifolium,78740
JN418934.1,18S ribosomal RNA,genomic DNA,1791,Cymbidium faberi,625000-1,Orchidaceae,Cymbidium,faberi,,False,Cymbidium faberi,112604
AJ271248.1,18S ribosomal RNA,genomic DNA,1803,Cymbidium goeringii,625026-1,Orchidaceae,Cymbidium,goeringii,,False,Cymbidium goeringii,112607
PX256521.1,rrn18,genomic DNA,1975,Cymbidium kanran,625060-1,Orchidaceae,Cymbidium,kanran,,False,Cymbidium kanran,112611
AJ271247.1,18S ribosomal RNA,genomic DNA,1803,Cymbidium kanran,625060-1,Orchidaceae,Cymbidium,kanran,,False,Cymbidium kanran,112611
OQ024446.1,18S ribosomal RNA,genomic DNA,2042,Cymbidium lancifolium,625062-1,Orchidaceae,Cymbidium,lancifolium,,False,Cymbidium lancifolium,112612
OQ029544.1,18S ribosomal RNA,genomic DNA,2042,Cymbidium macrorhizon,625081-1,Orchidaceae,Cymbidium,macrorhizon,,False,Cymbidium macrorhizon,1286644
MK333261.1,18S ribosomal RNA,genomic DNA,1812,Cymbidium macrorhizon,625081-1,Orchidaceae,Cymbidium,macrorhizon,,False,Cymbidium macrorhizon,1286644
HM640778.1,18S ribosomal RNA,genomic DNA,1733,Cypripedium calceolus,320700-2,Orchidaceae,Cypripedium,calceolus,,False,Cypripedium calceolus,53038
PQ344492.1,18S ribosomal RNA,genomic DNA,1949,Cypripedium henryi,625769-1,Orchidaceae,Cypripedium,henryi,,False,Cypripedium henryi,476167
PQ344528.1,18S ribosomal RNA,genomic DNA,1922,Cypripedium subtropicum,930521-1,Orchidaceae,Cypripedium,subtropicum,,False,Cypripedium subtropicum,1088836
KC588404.1,18S ribosomal RNA,genomic DNA,1763,Cyrtosia lindleyana,626425-1,Orchidaceae,Cyrtosia,lindleyana,,False,Galeola lindleyana,307584
FJ425742.1,18S ribosomal RNA,genomic DNA,1704,Cyrtosia septentrionalis,943367-1,Orchidaceae,Cyrtosia,septentrionalis,,False,Cyrtosia septentrionalis,112170
AF135198.1,18S ribosomal RNA,genomic DNA,1579,Cyrtosia septentrionalis,943367-1,Orchidaceae,Cyrtosia,septentrionalis,,False,Cyrtosia septentrionalis,112170
OP407574.1,rrn18,genomic DNA,1860,Dendrobium amplum,626793-1,Orchidaceae,Dendrobium,amplum,,False,Dendrobium amplum,234050
MH591895.1,18S ribosomal RNA,genomic DNA,1860,Dendrobium amplum,626793-1,Orchidaceae,Dendrobium,amplum,,False,Dendrobium amplum,234050
LC660287.1,rrn18,genomic DNA,1982,Dendrobium aphyllum,626817-1,Orchidaceae,Dendrobium,aphyllum,,False,Dendrobium aphyllum,154290
OR413908.1,rrn18,genomic DNA,1982,Dendrobium flexicaule,929916-1,Orchidaceae,Dendrobium,flexicaule,,False,Dendrobium flexicaule,154292
LC744541.1,rrn18,genomic DNA,1982,Dendrobium flexicaule,929916-1,Orchidaceae,Dendrobium,flexicaule,,False,Dendrobium henanense,1354198
OR413849.1,rrn18,genomic DNA,1982,Dendrobium huoshanense,904013-1,Orchidaceae,Dendrobium,huoshanense,,False,Dendrobium huoshanense,154293
LC657540.1,rrn18,genomic DNA,1447,Dendrobium huoshanense,904013-1,Orchidaceae,Dendrobium,huoshanense,,False,Dendrobium huoshanense,154293
LC832932.1,rrn18,genomic DNA,1987,Dendrobium loddigesii,627875-1,Orchidaceae,Dendrobium,loddigesii,,False,Dendrobium loddigesii,117954
PP829179.1,18S ribosomal RNA,genomic DNA,1986,Dendrobium loddigesii,627875-1,Orchidaceae,Dendrobium,loddigesii,,False,Dendrobium loddigesii,117954
LC660319.1,rrn18,genomic DNA,1982,Dendrobium lohohense,627878-1,Orchidaceae,Dendrobium,lohohense,,False,Dendrobium lohohense,161870
LC660329.1,18S ribosomal RNA,genomic DNA,1982,Dendrobium moniliforme,628025-1,Orchidaceae,Dendrobium,moniliforme,,False,Dendrobium moniliforme,142614
OR413868.1,18S ribosomal RNA,genomic DNA,1982,Dendrobium nobile,628105-1,Orchidaceae,Dendrobium,nobile,,False,Dendrobium nobile,94219
LC832896.1,18S ribosomal RNA,genomic DNA,1982,Dendrobium nobile,628105-1,Orchidaceae,Dendrobium,nobile,,False,Dendrobium nobile,94219
OR413929.1,rrn18,genomic DNA,1982,Dendrobium officinale,628140-1,Orchidaceae,Dendrobium,officinale,,False,Dendrobium officinale,142615
KC465231.1,18S ribosomal RNA,genomic DNA,1938,Dendrobium officinale,628140-1,Orchidaceae,Dendrobium,officinale,,False,Dendrobium officinale,142615
LC660030.1,rrn18,genomic DNA,1982,Dendrobium primulinum,628328-1,Orchidaceae,Dendrobium,primulinum,,False,Dendrobium primulinum,169180
LC744521.1,18S ribosomal RNA,genomic DNA,1982,Dendrobium wilsonii,628962-1,Orchidaceae,Dendrobium,wilsonii,,False,Dendrobium wilsonii,363749
JX912778.1,18S ribosomal RNA,genomic DNA,1601,Dichaea pendula,79288-2,Orchidaceae,Dichaea,pendula,,False,Dichaea pendula,481970
AF135196.1,18S ribosomal RNA,genomic DNA,1717,Diuris sulphurea,630480-1,Orchidaceae,Diuris,sulphurea,,False,Diuris sulphurea,78753
MW563125.1,rrn18,genomic DNA,1922,Dryadella lilliputiana,84214-2,Orchidaceae,Dryadella,lilliputiana,,False,Dryadella lilliputiana,2706257
FJ425743.1,18S ribosomal RNA,genomic DNA,1687,Duckeella adolphii,630665-1,Orchidaceae,Duckeella,adolphii,,False,Duckeella adolphii,78757
JX912741.1,18S ribosomal RNA,genomic DNA,1601,Duckeella adolphii,630665-1,Orchidaceae,Duckeella,adolphii,,False,Duckeella adolphii,78757
PQ285835.1,18S ribosomal RNA,genomic DNA,1823,Epipogium aphyllum,633401-1,Orchidaceae,Epipogium,aphyllum,,False,Epipogium aphyllum,449980
JX912743.1,18S ribosomal RNA,genomic DNA,1598,Epistephium laxiflorum,633420-1,Orchidaceae,Epistephium,laxiflorum,,False,Epistephium laxiflorum,1269264
FJ425745.1,18S ribosomal RNA,genomic DNA,1687,Epistephium parviflorum,633427-1,Orchidaceae,Epistephium,parviflorum,,False,Epistephium parviflorum,78761
JX912745.1,18S ribosomal RNA,genomic DNA,1599,Epistephium sclerophyllum,633433-1,Orchidaceae,Epistephium,sclerophyllum,,False,Epistephium sclerophyllum,511787
FJ425746.1,18S ribosomal RNA,genomic DNA,1689,Epistephium sp.,30066245-2,Orchidaceae,Epistephium,,,False,Epistephium sp. Chase O-432,79030
FJ425747.1,18S ribosomal RNA,genomic DNA,1687,Epistephium sp.,30066245-2,Orchidaceae,Epistephium,,,False,Epistephium sp. Chase O-433,79031
AF135200.1,18S ribosomal RNA,genomic DNA,1741,Epistephium subrepens,92835-2,Orchidaceae,Epistephium,subrepens,,False,Epistephium subrepens,78762
FJ425748.1,18S ribosomal RNA,genomic DNA,1700,Epistephium subrepens,92835-2,Orchidaceae,Epistephium,subrepens,,False,Epistephium subrepens,78762
FJ425744.1,18S ribosomal RNA,genomic DNA,1704,Epistephium williamsii,633439-1,Orchidaceae,Epistephium,williamsii,,False,Epistephium lucidum,307585
JX912744.1,18S ribosomal RNA,genomic DNA,1599,Epistephium williamsii,633439-1,Orchidaceae,Epistephium,williamsii,,False,Epistephium lucidum,307585
FJ425749.1,18S ribosomal RNA,genomic DNA,1701,Eriaxis rigida,634204-1,Orchidaceae,Eriaxis,rigida,,False,Eriaxis rigida,78765
AF135201.1,18S ribosomal RNA,genomic DNA,1694,Eriaxis rigida,634204-1,Orchidaceae,Eriaxis,rigida,,False,Eriaxis rigida,78765
FJ425750.1,18S ribosomal RNA,genomic DNA,1695,Erythrorchis altissima,634377-1,Orchidaceae,Erythrorchis,altissima,,False,Erythrorchis altissima,78771
AF135199.1,18S ribosomal RNA,genomic DNA,1724,Erythrorchis cassythoides,943368-1,Orchidaceae,Erythrorchis,cassythoides,,False,Erythrorchis cassythoides,78772
FJ425751.1,18S ribosomal RNA,genomic DNA,1703,Erythrorchis cassythoides,943368-1,Orchidaceae,Erythrorchis,cassythoides,,False,Erythrorchis cassythoides,78772
FJ425752.1,18S ribosomal RNA,genomic DNA,1706,Galeola nudifolia,635343-1,Orchidaceae,Galeola,nudifolia,,False,Galeola nudifolia,587441
MK317970.1,18S ribosomal RNA,genomic DNA,1813,Gastrochilus fuscopunctatus,635426-1,Orchidaceae,Gastrochilus,fuscopunctatus,,False,Gastrochilus fuscopunctatus,2025843
MK317969.1,18S ribosomal RNA,genomic DNA,1813,Gastrochilus japonicus,635439-1,Orchidaceae,Gastrochilus,japonicus,,False,Gastrochilus japonicus,225553
PP239747.1,18S ribosomal RNA,genomic DNA,2060,Gastrodia angusta,902088-1,Orchidaceae,Gastrodia,angusta,,False,Gastrodia angusta,2939659
OP414090.1,18S ribosomal RNA,genomic DNA,1860,Gastrodia angusta,902088-1,Orchidaceae,Gastrodia,angusta,,False,Gastrodia angusta,2939659
OP426359.1,18S ribosomal RNA,genomic DNA,1918,Gastrodia crispa,635517-1,Orchidaceae,Gastrodia,crispa,,False,Gastrodia crispa,2974001
PP239827.1,18S ribosomal RNA,genomic DNA,1918,Gastrodia crispa,635517-1,Orchidaceae,Gastrodia,crispa,,False,Gastrodia crispa,2974001
MH591878.1,rrn18,genomic DNA,1854,Gastrodia dyeriana,635520-1,Orchidaceae,Gastrodia,dyeriana,,False,Gastrodia dyeriana,2939660
MF070087.1,rrn18,genomic DNA,1855,Gastrodia elata,635522-1,Orchidaceae,Gastrodia,elata,,False,Gastrodia elata,91201
OP441094.1,rrn18,genomic DNA,1855,Gastrodia elata,635522-1,Orchidaceae,Gastrodia,elata,,False,Gastrodia elata,91201
PP240378.1,rrn18,genomic DNA,1918,Gastrodia flexistyla,77115390-1,Orchidaceae,Gastrodia,flexistyla,,False,Gastrodia flexistyla,2974002
OP426371.1,18S ribosomal RNA,genomic DNA,1918,Gastrodia flexistyla,77115390-1,Orchidaceae,Gastrodia,flexistyla,,False,Gastrodia flexistyla,2974002
OP431968.1,18S ribosomal RNA,genomic DNA,1941,Gastrodia javanica,635531-1,Orchidaceae,Gastrodia,javanica,,False,Gastrodia javanica,2974003
PP239948.1,18S ribosomal RNA,genomic DNA,1941,Gastrodia javanica,635531-1,Orchidaceae,Gastrodia,javanica,,False,Gastrodia javanica,2974003
MH591855.1,18S ribosomal RNA,genomic DNA,1866,Gastrodia kachinensis,77175482-1,Orchidaceae,Gastrodia,kachinensis,,False,Gastrodia kachinensis,2939661
PP240056.1,18S ribosomal RNA,genomic DNA,1903,Gastrodia longistyla,77297571-1,Orchidaceae,Gastrodia,longistyla,,False,Gastrodia longistyla,2861180
OP441346.1,18S ribosomal RNA,genomic DNA,1903,Gastrodia longistyla,77297571-1,Orchidaceae,Gastrodia,longistyla,,False,Gastrodia longistyla,2861180
OP413691.1,rrn18,genomic DNA,1903,Gastrodia menghaiensis,981383-1,Orchidaceae,Gastrodia,menghaiensis,,False,Gastrodia menghaiensis,2587350
PP240097.1,18S ribosomal RNA,genomic DNA,1903,Gastrodia menghaiensis,981383-1,Orchidaceae,Gastrodia,menghaiensis,,False,Gastrodia menghaiensis,2587350
OP404216.1,18S ribosomal RNA,genomic DNA,1903,Gastrodia peichatieniana,933900-1,Orchidaceae,Gastrodia,peichatieniana,,False,Gastrodia peichatieniana,2974004
PP240131.1,18S ribosomal RNA,genomic DNA,1903,Gastrodia peichatieniana,933900-1,Orchidaceae,Gastrodia,peichatieniana,,False,Gastrodia peichatieniana,2974004
OR004109.1,18S ribosomal RNA,genomic DNA,1861,Gastrodia pubilabiata,77123602-1,Orchidaceae,Gastrodia,pubilabiata,,False,Gastrodia pubilabiata,1499945
PP240168.1,rrn18,genomic DNA,1911,Gastrodia shimizuana,899946-1,Orchidaceae,Gastrodia,shimizuana,,False,Gastrodia shimizuana,2974005
OP414136.1,18S ribosomal RNA,genomic DNA,1911,Gastrodia shimizuana,899946-1,Orchidaceae,Gastrodia,shimizuana,,False,Gastrodia shimizuana,2974005
OP414147.1,rrn18,genomic DNA,1911,Gastrodia sp.,29530-1,Orchidaceae,Gastrodia,,,False,Gastrodia sp. BS-2023,3076235
PP240229.1,rrn18,genomic DNA,1754,Gastrodia sp.,29530-1,Orchidaceae,Gastrodia,,,False,Gastrodia sp.,3239091
PP240306.1,18S ribosomal RNA,genomic DNA,1918,Gastrodia uraiensis,77115391-1,Orchidaceae,Gastrodia,uraiensis,,False,Gastrodia uraiensis,2974006
OP414163.1,18S ribosomal RNA,genomic DNA,1789,Gastrodia uraiensis,77115391-1,Orchidaceae,Gastrodia,uraiensis,,False,Gastrodia uraiensis,2974006
JX912779.1,18S ribosomal RNA,genomic DNA,1601,Gomesa cornigera,77101221-1,Orchidaceae,Gomesa,cornigera,,False,Gomesa cornigera,585860
JX912770.1,18S ribosomal RNA,genomic DNA,1601,Habenaria josephensis,30205856-2,Orchidaceae,Habenaria,josephensis,,False,Habenaria josephensis,1056226
FJ425753.1,18S ribosomal RNA,genomic DNA,1699,Isotria medeoloides,639304-1,Orchidaceae,Isotria,medeoloides,,False,Isotria medeoloides,256363
AF135204.1,18S ribosomal RNA,genomic DNA,1769,Isotria verticillata,639305-1,Orchidaceae,Isotria,verticillata,,False,Isotria verticillata,78788
FJ425754.1,18S ribosomal RNA,genomic DNA,1704,Isotria verticillata,639305-1,Orchidaceae,Isotria,verticillata,,False,Isotria verticillata,78788
AF135203.1,18S ribosomal RNA,genomic DNA,1740,Lecanorchis multiflora,639862-1,Orchidaceae,Lecanorchis,multiflora,,False,Lecanorchis multiflora,112166
FJ425755.1,18S ribosomal RNA,genomic DNA,1704,Lecanorchis multiflora,639862-1,Orchidaceae,Lecanorchis,multiflora,,False,Lecanorchis multiflora,112166
FJ425756.1,18S ribosomal RNA,genomic DNA,1703,Lecanorchis nigricans,639864-1,Orchidaceae,Lecanorchis,nigricans,,False,Lecanorchis nigricans,587442
JX912780.1,18S ribosomal RNA,genomic DNA,1601,Lockhartia lunifera,641725-1,Orchidaceae,Lockhartia,lunifera,,False,Lockhartia lunifera,1269265
JX912775.1,18S ribosomal RNA,genomic DNA,1601,Microchilus hylibates,77235014-1,Orchidaceae,Microchilus,hylibates,,False,Aspidogyne hylibates,1269261
MW563169.1,rrn18,genomic DNA,1939,Myoxanthus exasperatus,165345-2,Orchidaceae,Myoxanthus,exasperatus,,False,Myoxanthus exasperatus,125457
KJ023673.1,18S ribosomal RNA,genomic DNA,1645,Neottia camtschatea,645299-1,Orchidaceae,Neottia,camtschatea,,False,Neottia camtschatea,1574441
KJ023674.1,18S ribosomal RNA,genomic DNA,1717,Neottia cordata,645308-1,Orchidaceae,Neottia,cordata,,False,Neottia cordata,669720
U59948.1,18S ribosomal RNA,genomic DNA,1773,Neottia nidus-avis,645356-1,Orchidaceae,Neottia,nidus-avis,,False,Neottia nidus-avis,48534
KJ023676.1,18S ribosomal RNA,genomic DNA,1717,Neottia nidus-avis,645356-1,Orchidaceae,Neottia,nidus-avis,,False,Neottia nidus-avis,48534
KJ023675.1,18S ribosomal RNA,genomic DNA,1717,Neottia ovata,645363-1,Orchidaceae,Neottia,ovata,,False,Neottia ovata,29712
PP239997.1,18S ribosomal RNA,genomic DNA,1975,Nervilia mackinnonii,645501-1,Orchidaceae,Nervilia,mackinnonii,,False,Nervilia mackinnonii,1266843
AF135208.1,18S ribosomal RNA,genomic DNA,1719,Neuwiedia veratrifolia,645567-1,Orchidaceae,Neuwiedia,veratrifolia,,False,Neuwiedia veratrifolia,38223
MW563212.1,rrn18,genomic DNA,1925,Octomeria grandiflora,646235-1,Orchidaceae,Octomeria,grandiflora,,False,Octomeria grandiflora,38183
HM640779.1,18S ribosomal RNA,genomic DNA,1741,Oncidium ensatum,323061-2,Orchidaceae,Oncidium,ensatum,,False,Oncidium ensatum,154912
U59939.1,18S ribosomal RNA,genomic DNA,1759,Oncidium sphacelatum,323062-2,Orchidaceae,Oncidium,sphacelatum,,False,Oncidium sphacelatum,48524
AF135194.1,18S ribosomal RNA,genomic DNA,1723,Orchis quadripunctata,649043-1,Orchidaceae,Orchis,quadripunctata,,False,Orchis quadripunctata,59347
MW563260.1,rrn18,genomic DNA,1889,Pabstiella mirabilis,179757-2,Orchidaceae,Pabstiella,mirabilis,,False,Pabstiella mirabilis,125501
JX912769.1,18S ribosomal RNA,genomic DNA,1601,Palmorchis sobralioides,649681-1,Orchidaceae,Palmorchis,sobralioides,,False,Palmorchis sobralioides,1269266
PQ344569.1,rrn18,genomic DNA,1954,Paphiopedilum barbigerum,649718-1,Orchidaceae,Paphiopedilum,barbigerum,,False,Paphiopedilum barbigerum,53071
AJ604527.1,18S ribosomal RNA,genomic DNA,1666,Paphiopedilum coccineum,1017665-1,Orchidaceae,Paphiopedilum,coccineum,,False,Paphiopedilum coccineum,253090
PQ344671.1,18S ribosomal RNA,genomic DNA,2074,Paphiopedilum concolor,649740-1,Orchidaceae,Paphiopedilum,concolor,,False,Paphiopedilum concolor,53078
AF135206.1,18S ribosomal RNA,genomic DNA,1743,Paphiopedilum delenatii,649747-1,Orchidaceae,Paphiopedilum,delenatii,,False,Paphiopedilum delenatii,78826
PQ344627.1,18S ribosomal RNA,genomic DNA,1954,Paphiopedilum gratrixianum,649768-1,Orchidaceae,Paphiopedilum,gratrixianum,,True,Paphiopedilum gratrixianum,53090
AJ293100.1,18S rRNA,genomic DNA,1667,Paphiopedilum helenae,991802-1,Orchidaceae,Paphiopedilum,helenae,,False,Paphiopedilum helenae,136296
PQ344546.1,rrn18,genomic DNA,1954,Paphiopedilum henryanum,932456-1,Orchidaceae,Paphiopedilum,henryanum,,False,Paphiopedilum henryanum,53093
OP465201.1,rrn18,genomic DNA,1947,Paphiopedilum micranthum,649798-1,Orchidaceae,Paphiopedilum,micranthum,,False,Paphiopedilum micranthum,53103
PQ344591.1,18S ribosomal RNA,genomic DNA,1947,Paphiopedilum micranthum,649798-1,Orchidaceae,Paphiopedilum,micranthum,,False,Paphiopedilum micranthum,53103
MK317972.1,18S ribosomal RNA,genomic DNA,1813,Pelatantheria scolopendrifolia,945244-1,Orchidaceae,Pelatantheria,scolopendrifolia,,False,Pelatantheria scolopendrifolia,331189
MN366137.1,18S ribosomal RNA,genomic DNA,2042,Phalaenopsis formosana,77254726-1,Orchidaceae,Phalaenopsis,formosana,,False,Phalaenopsis aphrodite subsp. formosana,308872
KC286487.1,18S ribosomal RNA,genomic DNA,1793,Phalaenopsis japonica,77138162-1,Orchidaceae,Phalaenopsis,japonica,,False,Phalaenopsis japonica,111597
PQ180307.1,18S ribosomal RNA,genomic DNA,1981,Phalaenopsis lobbii,908140-1,Orchidaceae,Phalaenopsis,lobbii,,False,Phalaenopsis lobbii,212079
PQ180328.1,rrn18,genomic DNA,1975,Phalaenopsis mannii,650565-1,Orchidaceae,Phalaenopsis,mannii,,False,Phalaenopsis mannii,200641
MH591788.1,rrn18,genomic DNA,1854,Phalaenopsis marriottiana,77138163-1,Orchidaceae,Phalaenopsis,marriottiana,,False,Hygrochilus parishii,331205
PQ344714.1,rrn18,genomic DNA,1916,Phragmipedium kovachii,323332-2,Orchidaceae,Phragmipedium,kovachii,,False,Phragmipedium kovachii,315274
PQ344729.1,18S ribosomal RNA,genomic DNA,1949,Phragmipedium sp.,312553-2,Orchidaceae,Phragmipedium,,,False,Phragmipedium sp.,3349094
JX912765.1,18S ribosomal RNA,genomic DNA,1601,Phragmipedium vittatum,987641-1,Orchidaceae,Phragmipedium,vittatum,,False,Phragmipedium vittatum,1269267
FJ425757.1,18S ribosomal RNA,genomic DNA,1698,Pogonia japonica,654087-1,Orchidaceae,Pogonia,japonica,,False,Pogonia japonica,78836
FJ425758.1,18S ribosomal RNA,genomic DNA,1701,Pogonia minor,654112-1,Orchidaceae,Pogonia,minor,,False,Pogonia minor,78837
FJ425759.1,18S ribosomal RNA,genomic DNA,1699,Pogonia ophioglossoides,1089332-2,Orchidaceae,Pogonia,ophioglossoides,,False,Pogonia ophioglossoides,78838
JX912747.1,18S ribosomal RNA,genomic DNA,1601,Pogonia ophioglossoides,1089332-2,Orchidaceae,Pogonia,ophioglossoides,,False,Pogonia ophioglossoides,78838
JX912764.1,18S ribosomal RNA,genomic DNA,1600,Pogoniopsis nidus-avis,654180-1,Orchidaceae,Pogoniopsis,nidus-avis,,False,Pogoniopsis nidus-avis,511758
KM507838.1,18S ribosomal RNA,genomic DNA,1669,Pogoniopsis schenckii,654181-1,Orchidaceae,Pogoniopsis,schenckii,,False,Pogoniopsis schenckii,1582014
JX912772.1,18S ribosomal RNA,genomic DNA,1601,Prescottia stachyodes,1074522-2,Orchidaceae,Prescottia,stachyodes,,False,Prescottia stachyodes,415413
FJ425760.1,18S ribosomal RNA,genomic DNA,1690,Pseudovanilla ponapensis,943375-1,Orchidaceae,Pseudovanilla,ponapensis,,False,Pseudovanilla ponapensis,256342
JX912767.1,18S ribosomal RNA,genomic DNA,1601,Psilochilus maderoi,212067-2,Orchidaceae,Psilochilus,maderoi,,False,Psilochilus maderoi,1269268
JX912766.1,18S ribosomal RNA,genomic DNA,1601,Psilochilus modestus,655157-1,Orchidaceae,Psilochilus,modestus,,False,Psilochilus modestus,1269269
AF135197.1,18S ribosomal RNA,genomic DNA,1724,Rhizanthella gardneri,655670-1,Orchidaceae,Rhizanthella,gardneri,,False,Rhizanthella gardneri,112168
JX912773.1,18S ribosomal RNA,genomic DNA,1601,Sarcoglottis fasciculata,227725-2,Orchidaceae,Sarcoglottis,fasciculata,,False,Sarcoglottis fasciculata,1269270
AF135195.1,18S ribosomal RNA,genomic DNA,1750,Spiranthes cernua,658193-1,Orchidaceae,Spiranthes,cernua,,False,Spiranthes cernua,78845
MW563309.1,rrn18,genomic DNA,1909,Stelis grandiflora,658872-1,Orchidaceae,Stelis,grandiflora,,False,Stelis grandiflora,2748462
MW563083.1,rrn18,genomic DNA,1948,Stelis montserratii,77142170-1,Orchidaceae,Stelis,montserratii,,False,Stelis montserratii,2867348
MK317966.1,18S ribosomal RNA,genomic DNA,1813,Thrixspermum japonicum,660226-1,Orchidaceae,Thrixspermum,japonicum,,False,Thrixspermum japonicum,1499537
AF135193.1,18S ribosomal RNA,genomic DNA,1705,Triphora trianthophoros,258580-2,Orchidaceae,Triphora,trianthophoros,,False,Triphora trianthophoros,78852
JX912768.1,18S ribosomal RNA,genomic DNA,1600,Triphora uniflora,77119365-1,Orchidaceae,Triphora,uniflora,,False,Triphora uniflora,1269272
AF135192.1,18S ribosomal RNA,genomic DNA,1716,Tropidia sp.,30043098-2,Orchidaceae,Tropidia,,,False,Tropidia sp. Chase O-211,79060
MK317968.1,18S ribosomal RNA,genomic DNA,1813,Vanda falcata,661005-1,Orchidaceae,Vanda,falcata,,False,Vanda falcata,78812
MK317971.1,18S ribosomal RNA,genomic DNA,1813,Vanda falcata,661005-1,Orchidaceae,Vanda,falcata,,False,Vanda falcata,78812
MK317967.1,18S ribosomal RNA,genomic DNA,1813,Vanda falcata subsp. richardsiana,77299036-1,Orchidaceae,Vanda,falcata,richardsiana,False,Neofinetia richardsiana,1312023
FJ425762.1,18S ribosomal RNA,genomic DNA,1702,Vanilla africana,661139-1,Orchidaceae,Vanilla,africana,,False,Vanilla africana,78853
FJ425763.1,18S ribosomal RNA,genomic DNA,1700,Vanilla aphylla,661147-1,Orchidaceae,Vanilla,aphylla,,False,Vanilla aphylla,53061
AF135202.1,18S ribosomal RNA,genomic DNA,1689,Vanilla aphylla,661147-1,Orchidaceae,Vanilla,aphylla,,False,Vanilla aphylla,53061
FJ425764.1,18S ribosomal RNA,genomic DNA,1702,Vanilla barbellata,661158-1,Orchidaceae,Vanilla,barbellata,,False,Vanilla barbellata,511788
JX912742.1,18S ribosomal RNA,genomic DNA,1600,Vanilla chamissonis,306651-2,Orchidaceae,Vanilla,chamissonis,,False,Vanilla chamissonis,669901
JX912749.1,18S ribosomal RNA,genomic DNA,1600,Vanilla dietschiana,286663-2,Orchidaceae,Vanilla,dietschiana,,False,Vanilla dietschiana,1269273
JX912751.1,18S ribosomal RNA,genomic DNA,1599,Vanilla edwallii,262556-2,Orchidaceae,Vanilla,edwallii,,False,Vanilla edwallii,511790
FJ425761.1,18S ribosomal RNA,genomic DNA,1679,Vanilla mexicana,661225-1,Orchidaceae,Vanilla,mexicana,,False,Vanilla mexicana,587440
JX912763.1,18S ribosomal RNA,genomic DNA,1600,Vanilla palmarum,661237-1,Orchidaceae,Vanilla,palmarum,,False,Vanilla palmarum,256752
JX912750.1,18S ribosomal RNA,genomic DNA,1600,Vanilla parvifolia,661239-1,Orchidaceae,Vanilla,parvifolia,,False,Vanilla parvifolia,1269274
JX912752.1,18S ribosomal RNA,genomic DNA,1599,Vanilla phaeantha,661245-1,Orchidaceae,Vanilla,phaeantha,,False,Vanilla bahiana,511789
JX912762.1,18S ribosomal RNA,genomic DNA,1600,Vanilla pompona,661259-1,Orchidaceae,Vanilla,pompona,,False,Vanilla pompona,117957
FJ425766.1,18S ribosomal RNA,genomic DNA,1698,Vanilla roscheri,661269-1,Orchidaceae,Vanilla,roscheri,,False,Vanilla roscheri,78855
U42791.1,18S ribosomal RNA,genomic DNA,1737,Vitekorchis excavata,77086304-1,Orchidaceae,Vitekorchis,excavata,,False,Vitekorchis excavata,45174
EU816708.1,18S ribosomal RNA,genomic DNA,1766,Wullschlaegelia calcarata,661428-1,Orchidaceae,Wullschlaegelia,calcarata,,False,Wullschlaegelia calcarata,230607
OK091610.1,18S ribosomal RNA,genomic DNA,1811,Yoania amagiensis,661495-1,Orchidaceae,Yoania,amagiensis,,False,Yoania amagiensis,1891309
OK091607.1,18S ribosomal RNA,genomic DNA,1811,Yoania flava,20010869-1,Orchidaceae,Yoania,flava,,False,Yoania flava,1891308
OK091611.1,18S ribosomal RNA,genomic DNA,1811,Yoania flava,20010869-1,Orchidaceae,Yoania,flava,,False,Yoania flava,1891308
OK091608.1,18S ribosomal RNA,genomic DNA,1811,Yoania japonica,661497-1,Orchidaceae,Yoania,japonica,,False,Yoania squamipes,2876154
OK091605.1,18S ribosomal RNA,genomic DNA,1811,Yoania japonica,661497-1,Orchidaceae,Yoania,japonica,,False,Yoania japonica,1325471
OK091606.1,18S ribosomal RNA,genomic DNA,1811,Yoania prainii,661498-1,Orchidaceae,Yoania,prainii,,False,Yoania prainii,2876153
KC588398.1,18S ribosomal RNA,genomic DNA,1763,Aeginetia indica,661840-1,Orobanchaceae,Aeginetia,indica,,False,Aeginetia indica,290220
MG987142.1,18S ribosomal RNA,genomic DNA,2116,Aphyllon epigalium subsp. notocalifornicum,60475264-2,Orobanchaceae,Aphyllon,epigalium,notocalifornicum,False,Aphyllon epigalium subsp. notocalifornicum,2249433
U59951.1,18S ribosomal RNA,genomic DNA,1749,Boschniakia rossica,35171-2,Orobanchaceae,Boschniakia,rossica,,False,Boschniakia rossica,48555
U59957.1,18S ribosomal RNA,genomic DNA,1770,Castilleja miniata,801055-1,Orobanchaceae,Castilleja,miniata,,False,Castilleja miniata,48552
AF039068.1,18S ribosomal RNA,genomic DNA,1788,Conopholis alpina,329940-2,Orobanchaceae,Conopholis,alpina,,False,Conopholis alpina,70875
U59954.1,18S ribosomal RNA,genomic DNA,1761,Conopholis sp.,329940-2,Orobanchaceae,Conopholis,,,True,Conopholis americana,4179
U59955.1,18S ribosomal RNA,genomic DNA,1762,Epifagus virginiana,30271155-2,Orobanchaceae,Epifagus,virginiana,,False,Epifagus virginiana,4177
U59950.1,18S ribosomal RNA,genomic DNA,1770,Harveya speciosa,803617-1,Orobanchaceae,Harveya,speciosa,,False,Harveya speciosa,48554
U59958.1,18S ribosomal RNA,genomic DNA,1770,Hyobanche atropurpurea,803931-1,Orobanchaceae,Hyobanche,atropurpurea,,False,Hyobanche atropurpurea,48538
MG234163.1,rrn18,genomic DNA,1810,Lathraea clandestina,662042-1,Orobanchaceae,Lathraea,clandestina,,True,Lathraea clandestina,41911
U59941.1,18S ribosomal RNA,genomic DNA,1751,Lathraea clandestina,662042-1,Orobanchaceae,Lathraea,clandestina,,True,Lathraea clandestina,41911
MW221936.1,rrn18,genomic DNA,1890,Melampyrum roseum,805723-1,Orobanchaceae,Melampyrum,roseum,,False,Melampyrum roseum,321415
GU359046.1,18S ribosomal RNA,genomic DNA,1805,Melampyrum roseum,805723-1,Orobanchaceae,Melampyrum,roseum,,False,Melampyrum roseum,321415
OP169563.1,rrn18,genomic DNA,1828,Orobanche cernua,662226-1,Orobanchaceae,Orobanche,cernua,,True,Orobanche cernua,53590
KC588406.1,18S ribosomal RNA,genomic DNA,1734,Orobanche coerulescens,662192-1,Orobanchaceae,Orobanche,coerulescens,,False,Orobanche coerulescens,223100
OP169556.1,rrn18,genomic DNA,1828,Orobanche cumana,662284-1,Orobanchaceae,Orobanche,cumana,,False,Orobanche cernua var. cumana,78542
OP169536.1,rrn18,genomic DNA,1828,Orobanche cumana,662284-1,Orobanchaceae,Orobanche,cumana,,False,Orobanche cernua var. cumana,78542
U59961.1,18S ribosomal RNA,genomic DNA,1771,Orobanche fasciculata,662331-1,Orobanchaceae,Orobanche,fasciculata,,False,Aphyllon fasciculatum,48537
U59960.1,18S ribosomal RNA,genomic DNA,1759,Orobanche fasciculata,662331-1,Orobanchaceae,Orobanche,fasciculata,,False,Aphyllon fasciculatum,48537
U59953.1,18S ribosomal RNA,genomic DNA,1759,Orobanche ludoviciana,176581-2,Orobanchaceae,Orobanche,ludoviciana,,False,Aphyllon ludovicianum,48557
U59952.1,18S ribosomal RNA,genomic DNA,1750,Orobanche multiflora,176594-2,Orobanchaceae,Orobanche,multiflora,,False,Aphyllon multiflorum,48556
U59956.1,18S ribosomal RNA,genomic DNA,1769,Orthocarpus luteus,806531-1,Orobanchaceae,Orthocarpus,luteus,,False,Orthocarpus luteus,48553
OQ596213.1,18S ribosomal RNA,genomic DNA,1936,Pedicularis chinensis,806905-1,Orobanchaceae,Pedicularis,chinensis,,False,Pedicularis chinensis,399715
NC_072955.1,18S ribosomal RNA,genomic DNA,1936,Pedicularis chinensis,806905-1,Orobanchaceae,Pedicularis,chinensis,,False,Pedicularis chinensis,399715
NC_072932.1,18S ribosomal RNA,genomic DNA,1935,Pedicularis kansuensis,807205-1,Orobanchaceae,Pedicularis,kansuensis,,False,Pedicularis kansuensis,321409
OQ596214.1,rrn18,genomic DNA,1935,Pedicularis kansuensis,807205-1,Orobanchaceae,Pedicularis,kansuensis,,False,Pedicularis kansuensis,321409
U38317.1,18S ribosomal RNA,genomic DNA,1747,Pedicularis lanceolata,807252-1,Orobanchaceae,Pedicularis,lanceolata,,False,Pedicularis lanceolata,43175
U59959.1,18S ribosomal RNA,genomic DNA,1770,Pedicularis racemosa,30019480-2,Orobanchaceae,Pedicularis,racemosa,,False,Pedicularis racemosa,48551
GU359047.1,18S ribosomal RNA,genomic DNA,1806,Phtheirospermum japonicum,808371-1,Orobanchaceae,Phtheirospermum,japonicum,,False,Phtheirospermum japonicum,374723
DQ469606.1,18S ribosomal RNA,genomic DNA,1803,Rehmannia glutinosa,808644-1,Orobanchaceae,Rehmannia,glutinosa,,False,Rehmannia glutinosa,99300
EU787016.1,18S ribosomal RNA,genomic DNA,1763,Rehmannia glutinosa,808644-1,Orobanchaceae,Rehmannia,glutinosa,,False,Rehmannia glutinosa,99300
U38316.1,18S ribosomal RNA,genomic DNA,1740,Triphysaria eriantha,963263-1,Orobanchaceae,Triphysaria,eriantha,,False,Triphysaria eriantha,43173
KU569491.1,18S ribosomal RNA,genomic DNA,1986,Averrhoa carambola,371870-1,Oxalidaceae,Averrhoa,carambola,,False,Averrhoa carambola,28974
AY929366.1,18S ribosomal RNA,genomic DNA,1784,Averrhoa carambola,371870-1,Oxalidaceae,Averrhoa,carambola,,False,Averrhoa carambola,28974
AY674590.1,18S ribosomal RNA,genomic DNA,1662,Dapania racemosa,372082-1,Oxalidaceae,Dapania,racemosa,,False,Dapania racemosa,289633
AB233631.1,18S ribosomal RNA,genomic DNA,1735,Oxalis corniculata,177893-2,Oxalidaceae,Oxalis,corniculata,,False,Oxalis corniculata,212256
KF006976.1,18S ribosomal RNA,genomic DNA,1739,Oxalis debilis,374833-1,Oxalidaceae,Oxalis,debilis,,False,Oxalis corymbosa,210382
KT459200.1,18S ribosomal RNA,genomic DNA,1807,Oxalis dillenii,177944-2,Oxalidaceae,Oxalis,dillenii,,False,Oxalis dillenii,4035
AF206978.1,18S ribosomal RNA,genomic DNA,1739,Oxalis dillenii,177944-2,Oxalidaceae,Oxalis,dillenii,,False,Oxalis dillenii,4035
AJ235980.1,18S ribosomal RNA,genomic DNA,1761,Oxalis triangularis,375478-1,Oxalidaceae,Oxalis,triangularis,,False,Oxalis triangularis subsp. papilionacea,53810
NC_084129.1,rrn18,genomic DNA,1931,Paeonia  suffruticosa,711877-1,Paeoniaceae,Paeonia,suffruticosa,,False,Paeonia suffruticosa,45171
OR551751.1,rrn18,genomic DNA,1931,Paeonia  suffruticosa,711877-1,Paeoniaceae,Paeonia,suffruticosa,,False,Paeonia suffruticosa,45171
AF274602.1,18S ribosomal RNA,genomic DNA,1789,Paeonia brownii,30313675-2,Paeoniaceae,Paeonia,brownii,,False,Paeonia brownii,40702
AF274603.1,18S ribosomal RNA,genomic DNA,1789,Paeonia californica,180056-2,Paeoniaceae,Paeonia,californica,,False,Paeonia californica,40703
NC_070189.1,rrn18,genomic DNA,1931,Paeonia lactiflora,711802-1,Paeoniaceae,Paeonia,lactiflora,,False,Paeonia lactiflora,35924
ON960096.1,rrn18,genomic DNA,1931,Paeonia lactiflora,711802-1,Paeoniaceae,Paeonia,lactiflora,,False,Paeonia lactiflora,35924
PQ180366.1,rrn18,genomic DNA,1931,Paeonia ludlowii,996196-1,Paeoniaceae,Paeonia,ludlowii,,False,Paeonia ludlowii,459176
JN712206.1,18S ribosomal RNA,genomic DNA,1730,Paeonia obovata,711834-1,Paeoniaceae,Paeonia,obovata,,False,Paeonia obovata,40716
AF274605.1,18S ribosomal RNA,genomic DNA,1789,Paeonia tenuifolia,711880-1,Paeoniaceae,Paeonia,tenuifolia,,False,Paeonia tenuifolia,13626
AB233598.1,18S ribosomal RNA,genomic DNA,1736,Galearia filiformis,349137-1,Pandaceae,Galearia,filiformis,,False,Galearia filiformis,179684
AY674598.1,18S ribosomal RNA,genomic DNA,1706,Galearia filiformis,349137-1,Pandaceae,Galearia,filiformis,,False,Galearia filiformis,179684
AY674618.1,18S ribosomal RNA,genomic DNA,1700,Microdesmis pierlotiana,352298-1,Pandaceae,Microdesmis,pierlotiana,,False,Microdesmis pierlotiana,289662
AY788153.1,18S ribosomal RNA,genomic DNA,1712,Panda oleosa,670339-1,Pandaceae,Panda,oleosa,,False,Panda oleosa,212258
KF298366.1,18S ribosomal RNA,genomic DNA,1780,Freycinetia cumingiana,670429-1,Pandanaceae,Freycinetia,cumingiana,,False,Freycinetia cumingiana,240458
KF298363.1,18S ribosomal RNA,genomic DNA,1736,Freycinetia cumingiana,670429-1,Pandanaceae,Freycinetia,cumingiana,,False,Freycinetia cumingiana,240458
AB679373.1,18S ribosomal RNA,genomic DNA,1683,Freycinetia formosana,670456-1,Pandanaceae,Freycinetia,formosana,,False,Freycinetia formosana,120016
KF298381.1,18S ribosomal RNA,genomic DNA,1760,Freycinetia philippinensis,670569-1,Pandanaceae,Freycinetia,philippinensis,,False,Freycinetia philippinensis,1366439
AF206915.1,18S ribosomal RNA,genomic DNA,1743,Freycinetia scandens,670598-1,Pandanaceae,Freycinetia,scandens,,True,Freycinetia scandens,112835
KF298367.1,18S ribosomal RNA,genomic DNA,1779,Freycinetia sp.,31588-1,Pandanaceae,Freycinetia,,,False,Freycinetia sp. HBL981172,1366440
KF298362.1,18S ribosomal RNA,genomic DNA,1736,Freycinetia sp.,31588-1,Pandanaceae,Freycinetia,,,False,Freycinetia sp. RBGB 20080174-10,1366442
KF298355.1,18S ribosomal RNA,genomic DNA,1731,Pandanus dubius,670916-1,Pandanaceae,Pandanus,dubius,,False,Pandanus pacificus,1366447
KF298357.1,18S ribosomal RNA,genomic DNA,1771,Pandanus labyrinthicus,671111-1,Pandanaceae,Pandanus,labyrinthicus,,False,Pandanus labyrinthicus,1366445
KF298356.1,18S ribosomal RNA,genomic DNA,1724,Pandanus montanus,671230-1,Pandanaceae,Pandanus,montanus,,True,Pandanus montanus,1366446
KF298353.1,18S ribosomal RNA,genomic DNA,1784,Pandanus nitidus,671259-1,Pandanaceae,Pandanus,nitidus,,False,Pandanus stenophyllus,1366451
KF298354.1,18S ribosomal RNA,genomic DNA,1771,Pandanus purpurascens,671394-1,Pandanaceae,Pandanus,purpurascens,,False,Pandanus purpurascens,1366448
KF298364.1,18S ribosomal RNA,genomic DNA,1783,Pandanus sp.,31599-1,Pandanaceae,Pandanus,,,True,Pandanus sp. HBL990062,1366450
KF298361.1,18S ribosomal RNA,genomic DNA,1766,Pandanus sp.,31599-1,Pandanaceae,Pandanus,,,True,Pandanus sp. HBL920709/HBL920276,1366449
AY952391.1,18S ribosomal RNA,genomic DNA,1769,Pandanus tectorius,895770-1,Pandanaceae,Pandanus,tectorius,,False,Pandanus tectorius,4726
KF298360.1,18S ribosomal RNA,genomic DNA,1732,Pandanus tectorius,895770-1,Pandanaceae,Pandanus,tectorius,,False,Pandanus baptistii,1366443
KF298350.1,18S ribosomal RNA,genomic DNA,1732,Pandanus utilis,671595-1,Pandanaceae,Pandanus,utilis,,False,Pandanus utilis,101712
D85296.1,18S ribosomal RNA,genomic DNA,1731,Argemone mexicana,18816-2,Papaveraceae,Argemone,mexicana,,False,Argemone mexicana,54796
AF094544.1,18S ribosomal RNA,genomic DNA,1690,Corydalis nobilis,672385-1,Papaveraceae,Corydalis,nobilis,,False,Corydalis nobilis,38909
AY640053.1,18S ribosomal RNA,genomic DNA,1809,Corydalis saxicola,672482-1,Papaveraceae,Corydalis,saxicola,,False,Corydalis saxicola,282776
L37908.1,18S ribosomal RNA,genomic DNA,1493,Dicentra eximia,1003783-2,Papaveraceae,Dicentra,eximia,,False,Dicentra eximia,41767
L75836.1,18S ribosomal RNA,genomic DNA,1712,Hypecoum imberbe,673240-1,Papaveraceae,Hypecoum,imberbe,,False,Hypecoum imberbe,38927
AF094553.1,18S ribosomal RNA,genomic DNA,1696,Hypecoum imberbe,673240-1,Papaveraceae,Hypecoum,imberbe,,False,Hypecoum imberbe,38927
XR_003358374.1,18S ribosomal RNA,rRNA,1890,Papaver somniferum,673724-1,Papaveraceae,Papaver,somniferum,,False,Papaver somniferum,3469
XR_003358247.1,18S ribosomal RNA,rRNA,1824,Papaver somniferum,673724-1,Papaveraceae,Papaver,somniferum,,False,Papaver somniferum,3469
AF094560.1,18S ribosomal RNA,genomic DNA,1695,Pteridophyllum racemosum,673933-1,Papaveraceae,Pteridophyllum,racemosum,,False,Pteridophyllum racemosum,39361
AF293760.1,18S ribosomal RNA,genomic DNA,1787,Sanguinaria canadensis,673993-1,Papaveraceae,Sanguinaria,canadensis,,False,Sanguinaria canadensis,3472
GQ497580.1,18S ribosomal RNA,genomic DNA,1798,Paracryphia alticola,337100-1,Paracryphiaceae,Paracryphia,alticola,,False,Paracryphia alticola,125044
GQ983571.1,18S ribosomal RNA,genomic DNA,1725,Paracryphia alticola,337100-1,Paracryphiaceae,Paracryphia,alticola,,False,Paracryphia alticola,125044
GQ983576.1,18S ribosomal RNA,genomic DNA,1725,Quintinia quatrefagesii,792507-1,Paracryphiaceae,Quintinia,quatrefagesii,,False,Quintinia quatrefagesii,170509
AB536656.1,18S ribosomal RNA,genomic DNA,1736,Adenia gummifera,674091-1,Passifloraceae,Adenia,gummifera,,False,Adenia gummifera,237833
GU476456.1,18S ribosomal RNA,genomic DNA,1614,Adenia heterophylla,674098-1,Passifloraceae,Adenia,heterophylla,,True,Adenia heterophylla,384948
AB233599.1,18S ribosomal RNA,genomic DNA,1712,Adenia sp.,31727-1,Passifloraceae,Adenia,,,False,Adenia sp. Tokuoka 261,212333
AB536657.1,18S ribosomal RNA,genomic DNA,1736,Ancistrothyrsus tessmannii,12550-2,Passifloraceae,Ancistrothyrsus,tessmannii,,False,Ancistrothyrsus tessmannii,697056
AB536658.1,18S ribosomal RNA,genomic DNA,1736,Androsiphonia adenostegia,674212-1,Passifloraceae,Androsiphonia,adenostegia,,False,Androsiphonia adenostegia,697058
AB536659.1,18S ribosomal RNA,genomic DNA,1736,Barteria fistulosa,674233-1,Passifloraceae,Barteria,fistulosa,,False,Barteria fistulosa,343952
AB536660.1,18S ribosomal RNA,genomic DNA,1736,Basananthe hanningtoniana,674239-1,Passifloraceae,Basananthe,hanningtoniana,,False,Basananthe hanningtoniana,387560
AB536661.1,18S ribosomal RNA,genomic DNA,1736,Basananthe lanceolata,674245-1,Passifloraceae,Basananthe,lanceolata,,False,Basananthe lanceolata,697059
AB536662.1,18S ribosomal RNA,genomic DNA,1736,Basananthe pedata,674251-1,Passifloraceae,Basananthe,pedata,,False,Basananthe pedata,697060
AB536663.1,18S ribosomal RNA,genomic DNA,1733,Crossostemma laurifolium,674358-1,Passifloraceae,Crossostemma,laurifolium,,False,Crossostemma laurifolium,697062
AB536665.1,18S ribosomal RNA,genomic DNA,1736,Deidamia commersoniana,674416-1,Passifloraceae,Deidamia,commersoniana,,False,Deidamia commersoniana,697063
AB536664.1,18S ribosomal RNA,genomic DNA,1736,Deidamia thompsoniana,674420-1,Passifloraceae,Deidamia,thompsoniana,,False,Deidamia bicolor,387563
AB536666.1,18S ribosomal RNA,genomic DNA,1736,Dilkea acuminata,674421-1,Passifloraceae,Dilkea,acuminata,,False,Dilkea acuminata,697064
AB536667.1,18S ribosomal RNA,genomic DNA,1736,Dilkea retusa,674426-1,Passifloraceae,Dilkea,retusa,,False,Dilkea retusa,697065
AB536668.1,18S ribosomal RNA,genomic DNA,1736,Efulensia clematoides,674484-1,Passifloraceae,Efulensia,clematoides,,False,Efulensia clematoides,697067
AB536669.1,18S ribosomal RNA,genomic DNA,1736,Erblichia odorata,836436-1,Passifloraceae,Erblichia,odorata,,False,Erblichia odorata,697079
AB536671.1,18S ribosomal RNA,genomic DNA,1729,Loewia glutinosa,836441-1,Passifloraceae,Loewia,glutinosa,,False,Loewia glutinosa,697081
AB536672.1,18S ribosomal RNA,genomic DNA,1736,Malesherbia ardens,149874-2,Passifloraceae,Malesherbia,ardens,,False,Malesherbia ardens,129080
AB536673.1,18S ribosomal RNA,genomic DNA,1736,Malesherbia humilis,327214-2,Passifloraceae,Malesherbia,humilis,,False,Malesherbia humilis,129088
AF206957.1,18S ribosomal RNA,genomic DNA,1739,Malesherbia linearifolia,674548-1,Passifloraceae,Malesherbia,linearifolia,,False,Malesherbia linearifolia,72468
AB536674.1,18S ribosomal RNA,genomic DNA,1736,Malesherbia lirana,674549-1,Passifloraceae,Malesherbia,lirana,,False,Malesherbia lirana,129092
AB536675.1,18S ribosomal RNA,genomic DNA,1736,Malesherbia paniculata,674552-1,Passifloraceae,Malesherbia,paniculata,,False,Malesherbia paniculata,129095
AB536676.1,18S ribosomal RNA,genomic DNA,1736,Mathurina penduliflora,836445-1,Passifloraceae,Mathurina,penduliflora,,False,Mathurina penduliflora,697083
AB536677.1,18S ribosomal RNA,genomic DNA,1736,Mitostemma glaziovii,674577-1,Passifloraceae,Mitostemma,glaziovii,,False,Mitostemma glaziovii,697068
AB536678.1,18S ribosomal RNA,genomic DNA,1736,Paropsia brazzaeana,674730-1,Passifloraceae,Paropsia,brazzaeana,,False,Paropsia brazzaeana,343962
AB536679.1,18S ribosomal RNA,genomic DNA,1736,Paropsia grewioides,674735-1,Passifloraceae,Paropsia,grewioides,,False,Paropsia grewioides,697069
AF206980.1,18S ribosomal RNA,genomic DNA,1681,Paropsia madagascariensis,365810-1,Passifloraceae,Paropsia,madagascariensis,,False,Paropsia madagascariensis,112837
AB536670.1,18S ribosomal RNA,genomic DNA,1736,Passiflora aurantioides,77102268-1,Passifloraceae,Passiflora,aurantioides,,False,Passiflora aurantioides,378244
MW588214.1,18S ribosomal RNA,genomic DNA,1764,Passiflora cincinnata,321963-2,Passifloraceae,Passiflora,cincinnata,,False,Passiflora cincinnata,197924
GU476454.1,18S ribosomal RNA,genomic DNA,1614,Passiflora foetida,321966-2,Passifloraceae,Passiflora,foetida,,False,Passiflora foetida,159421
MW588213.1,18S ribosomal RNA,genomic DNA,1800,Passiflora porophylla,324162-2,Passifloraceae,Passiflora,porophylla,,False,Passiflora organensis,159434
MW588215.1,18S ribosomal RNA,genomic DNA,1768,Passiflora quadrangularis,675390-1,Passifloraceae,Passiflora,quadrangularis,,False,Passiflora quadrangularis,3685
AB233600.1,18S ribosomal RNA,genomic DNA,1715,Passiflora quadrangularis,675390-1,Passifloraceae,Passiflora,quadrangularis,,False,Passiflora quadrangularis,3685
AB536680.1,18S ribosomal RNA,genomic DNA,1736,Passiflora sp.,328300-2,Passifloraceae,Passiflora,,,False,Passiflora sp. Tokuoka NC196,697070
AF206981.1,18S ribosomal RNA,genomic DNA,1727,Passiflora standleyi,675483-1,Passifloraceae,Passiflora,standleyi,,False,Passiflora standleyi,113249
AB536689.1,18S ribosomal RNA,genomic DNA,1736,Passiflora tetrandra,675517-1,Passifloraceae,Passiflora,tetrandra,,False,Passiflora tetrandra,237885
GU476455.1,18S ribosomal RNA,genomic DNA,1614,Passiflora tetrandra,675517-1,Passifloraceae,Passiflora,tetrandra,,False,Passiflora tetrandra,237885
AB233601.1,18S ribosomal RNA,genomic DNA,1736,Piriqueta cistoides,30068867-2,Passifloraceae,Piriqueta,cistoides,,False,Piriqueta cistoides,73825
AB536681.1,18S ribosomal RNA,genomic DNA,1736,Piriqueta morongii,199944-2,Passifloraceae,Piriqueta,morongii,,False,Piriqueta morongii,329223
AB536682.1,18S ribosomal RNA,genomic DNA,1736,Schlechterina mitostemmatoides,675622-1,Passifloraceae,Schlechterina,mitostemmatoides,,False,Schlechterina mitostemmatoides,697072
AB536683.1,18S ribosomal RNA,genomic DNA,1736,Smeathmannia laevigata,675626-1,Passifloraceae,Smeathmannia,laevigata,,False,Smeathmannia laevigata,697074
AB536684.1,18S ribosomal RNA,genomic DNA,1736,Smeathmannia pubescens,675628-1,Passifloraceae,Smeathmannia,pubescens,,False,Smeathmannia pubescens,697075
AB536685.1,18S ribosomal RNA,genomic DNA,1734,Stapfiella claoxyloides,365981-1,Passifloraceae,Stapfiella,claoxyloides,,False,Stapfiella claoxyloides,697085
AB536686.1,18S ribosomal RNA,genomic DNA,1734,Stapfiella usambarica,836500-1,Passifloraceae,Stapfiella,usambarica,,False,Stapfiella usambarica,697086
AB536687.1,18S ribosomal RNA,genomic DNA,1729,Streptopetalum hildebrandtii,836503-1,Passifloraceae,Streptopetalum,hildebrandtii,,False,Streptopetalum hildebrandtii,697088
AB536688.1,18S ribosomal RNA,genomic DNA,1734,Streptopetalum serratum,836505-1,Passifloraceae,Streptopetalum,serratum,,False,Streptopetalum serratum,697089
AB536691.1,18S ribosomal RNA,genomic DNA,1734,Tricliceras longepedunculatum,836518-1,Passifloraceae,Tricliceras,longepedunculatum,,False,Tricliceras longipedunculatum,670042
FJ669715.1,18S ribosomal RNA,genomic DNA,1707,Tricliceras longepedunculatum,836518-1,Passifloraceae,Tricliceras,longepedunculatum,,False,Tricliceras longipedunculatum,670042
AB536690.1,18S ribosomal RNA,genomic DNA,1734,Tricliceras schinzii subsp. laceratum,891957-1,Passifloraceae,Tricliceras,schinzii,laceratum,False,Tricliceras laceratum,697090
AB536692.1,18S ribosomal RNA,genomic DNA,1734,Turnera aromatica,306472-2,Passifloraceae,Turnera,aromatica,,False,Turnera aromatica,697091
AB536693.1,18S ribosomal RNA,genomic DNA,1735,Turnera odorata,836639-1,Passifloraceae,Turnera,odorata,,False,Turnera odorata,697092
U42817.1,18S ribosomal RNA,genomic DNA,1713,Turnera ulmifolia,836702-1,Passifloraceae,Turnera,ulmifolia,,False,Turnera ulmifolia,45184
AB536694.1,18S ribosomal RNA,genomic DNA,1736,Viridivia suberosa,675785-1,Passifloraceae,Viridivia,suberosa,,False,Viridivia suberosa,697077
KP718625.1,18S ribosomal RNA,genomic DNA,1808,Paulownia tomentosa,185784-2,Paulowniaceae,Paulownia,tomentosa,,False,Paulownia tomentosa,39353
AJ236039.1,18S ribosomal RNA,genomic DNA,1769,Paulownia tomentosa,185784-2,Paulowniaceae,Paulownia,tomentosa,,False,Paulownia tomentosa,39353
KP718623.1,18S ribosomal RNA,genomic DNA,1808,Paulownia tomentosa var. tomentosa,77226313-1,Paulowniaceae,Paulownia,tomentosa,tomentosa,False,Paulownia coreana,1238142
PP444670.1,18S ribosomal RNA,genomic DNA,1931,Sesamum indicum,675971-1,Pedaliaceae,Sesamum,indicum,,False,Sesamum indicum,4182
AJ236041.1,18S ribosomal RNA,genomic DNA,1761,Sesamum indicum,675971-1,Pedaliaceae,Sesamum,indicum,,False,Sesamum indicum,4182
AM235486.1,18S ribosomal RNA,genomic DNA,1629,Olinia capensis,553988-1,Penaeaceae,Olinia,capensis,,False,Olinia capensis,216175
AM235487.1,18S rRNA,genomic DNA,1629,Olinia emarginata,611223-1,Penaeaceae,Olinia,emarginata,,False,Olinia emarginata,216176
AM235488.1,18S rRNA,genomic DNA,1629,Olinia radiata,611226-1,Penaeaceae,Olinia,radiata,,False,Olinia radiata,216177
AM235489.1,18S rRNA,genomic DNA,1629,Olinia vanguerioides,611228-1,Penaeaceae,Olinia,vanguerioides,,False,Olinia vanguerioides,216178
AM235490.1,18S rRNA,genomic DNA,1629,Olinia ventosa,611229-1,Penaeaceae,Olinia,ventosa,,False,Olinia ventosa,111954
AM235491.1,18S rRNA,genomic DNA,1629,Penaea acuta,676058-1,Penaeaceae,Penaea,acuta,,False,Brachysiphon acutus,216148
AM235499.1,18S rRNA,genomic DNA,1629,Penaea acutifolia,676059-1,Penaeaceae,Penaea,acutifolia,,False,Penaea acutifolia,216158
AM235505.1,18S rRNA,genomic DNA,1629,Penaea dahlgrenii,937666-1,Penaeaceae,Penaea,dahlgrenii,,False,Penaea dahlgrenii,216163
AM235510.1,18S rRNA,genomic DNA,1629,Penaea ericifolia,676068-1,Penaeaceae,Penaea,ericifolia,,False,Penaea ericifolia,216168
AM235511.1,18S rRNA,genomic DNA,1629,Penaea ericoides,676069-1,Penaeaceae,Penaea,ericoides,,False,Penaea ericoides,216169
AM235498.1,18S rRNA,genomic DNA,1629,Penaea formosa,676070-1,Penaeaceae,Penaea,formosa,,False,Penaea formosa,2807292
AM235512.1,18S rRNA,genomic DNA,1629,Penaea fruticulosa,676071-1,Penaeaceae,Penaea,fruticulosa,,False,Penaea fruticulosa,216171
AM235492.1,18S rRNA,genomic DNA,1629,Penaea fucata,676076-1,Penaeaceae,Penaea,fucata,,False,Brachysiphon fucatus,216149
AM235501.1,18S rRNA,genomic DNA,1629,Penaea gigantea,77183896-1,Penaeaceae,Penaea,gigantea,,False,Penaea cneorum subsp. gigantea,216161
AM235502.1,18S ribosomal RNA,genomic DNA,1629,Penaea lanceolata,77184147-1,Penaeaceae,Penaea,lanceolata,,False,Penaea cneorum subsp. lanceolata,376211
AM235496.1,18S ribosomal RNA,genomic DNA,1628,Penaea lateriflora,676083-1,Penaeaceae,Penaea,lateriflora,,False,Endonema lateriflora,216154
AM235513.1,18S rRNA,genomic DNA,1629,Penaea micrantha,77184105-1,Penaeaceae,Penaea,micrantha,,False,Penaea micrantha,216172
AM235493.1,18S ribosomal RNA,genomic DNA,1629,Penaea microphylla,77184237-1,Penaeaceae,Penaea,microphylla,,False,Brachysiphon microphyllus,216151
AM235506.1,18S rRNA,genomic DNA,1629,Penaea mucronata,676088-1,Penaeaceae,Penaea,mucronata,,False,Penaea mucronata,40024
AM235494.1,18S rRNA,genomic DNA,1629,Penaea mundii,77184117-1,Penaeaceae,Penaea,mundii,,False,Brachysiphon mundii,216150
AM235503.1,18S rRNA,genomic DNA,1629,Penaea ovata,77221679-1,Penaeaceae,Penaea,ovata,,False,Penaea cneorum subsp. ovata,216162
AM235508.1,18S rRNA,genomic DNA,1629,Penaea petraea,77183547-1,Penaeaceae,Penaea,petraea,,False,Sonderothamnus petraeus,186937
AM235497.1,18S ribosomal RNA,genomic DNA,1628,Penaea retzioides,77183805-1,Penaeaceae,Penaea,retzioides,,False,Endonema retzioides,216155
AM235495.1,18S rRNA,genomic DNA,1629,Penaea rupestris,77183537-1,Penaeaceae,Penaea,rupestris,,False,Brachysiphon rupestris,216152
AM235504.1,18S rRNA,genomic DNA,1629,Penaea ruscifolia,77183833-1,Penaeaceae,Penaea,ruscifolia,,False,Penaea cneorum subsp. ruscifolia,376212
AM235507.1,18S rRNA,genomic DNA,1629,Penaea sarcocolla,676097-1,Penaeaceae,Penaea,sarcocolla,,False,Saltera sarcocolla,216165
AM235509.1,18S rRNA,genomic DNA,1629,Penaea speciosa,77184099-1,Penaeaceae,Penaea,speciosa,,False,Sonderothamnus speciosus,216166
AM235485.1,18S rRNA,genomic DNA,1628,Rhynchocalyx lawsonioides,554143-1,Penaeaceae,Rhynchocalyx,lawsonioides,,False,Rhynchocalyx lawsonioides,40034
GU476405.1,18S ribosomal RNA,genomic DNA,1602,Pennantia corymbosa,434486-1,Pennantiaceae,Pennantia,corymbosa,,True,Pennantia corymbosa,159371
GQ983573.1,18S ribosomal RNA,genomic DNA,1725,Pennantia cunninghamii,608195-1,Pennantiaceae,Pennantia,cunninghamii,,False,Pennantia cunninghamii,159372
GU476406.1,18S ribosomal RNA,genomic DNA,1602,Pennantia cunninghamii,608195-1,Pennantiaceae,Pennantia,cunninghamii,,False,Pennantia cunninghamii,159372
AF070972.1,18S ribosomal RNA,genomic DNA,1707,Pentadiplandra brazzeana,835017-1,Pentadiplandraceae,Pentadiplandra,brazzeana,,False,Pentadiplandra brazzeana,43545
GQ983574.1,18S ribosomal RNA,genomic DNA,1725,Pentaphragma sp.,60468925-2,Pentaphragmataceae,Pentaphragma,,,True,Pentaphragma sp. Duangjai 49,764923
MF171084.1,18S ribosomal RNA,genomic DNA,1750,Adinandra angustifolia,77088772-1,Pentaphylacaceae,Adinandra,angustifolia,,False,Adinandra angustifolia,2021135
MF171085.1,18S ribosomal RNA,genomic DNA,1750,Adinandra millettii,828439-1,Pentaphylacaceae,Adinandra,millettii,,False,Adinandra millettii,182329
MF171086.1,18S ribosomal RNA,genomic DNA,1750,Anneslea fragrans,828450-1,Pentaphylacaceae,Anneslea,fragrans,,False,Anneslea fragrans,182331
AJ235995.1,18S ribosomal RNA,genomic DNA,1763,Eurya emarginata,828720-1,Pentaphylacaceae,Eurya,emarginata,,False,Eurya emarginata,86844
MF171078.1,18S ribosomal RNA,genomic DNA,1750,Pentaphylax euryoides,829219-1,Pentaphylacaceae,Pentaphylax,euryoides,,False,Pentaphylax euryoides,125047
AF320783.1,18S ribosomal RNA,genomic DNA,1729,Pentaphylax euryoides,829219-1,Pentaphylacaceae,Pentaphylax,euryoides,,False,Pentaphylax euryoides,125047
MF171081.1,18S ribosomal RNA,genomic DNA,1750,Ternstroemia gymnanthera,830525-1,Pentaphylacaceae,Ternstroemia,gymnanthera,,False,Ternstroemia gymnanthera,107827
AF207038.1,18S ribosomal RNA,genomic DNA,1790,Ternstroemia stahlii,251472-2,Pentaphylacaceae,Ternstroemia,stahlii,,False,Ternstroemia stahlii,59684
U42825.1,18S ribosomal RNA,genomic DNA,1800,Penthorum sedoides,274682-1,Penthoraceae,Penthorum,sedoides,,False,Penthorum sedoides,23262
AB233546.1,18S ribosomal RNA,genomic DNA,1736,Chaetocarpus africanus,340502-1,Peraceae,Chaetocarpus,africanus,,False,Chaetocarpus africanus,316742
AB233549.1,18S ribosomal RNA,genomic DNA,1736,Clutia angustifolia,341510-1,Peraceae,Clutia,angustifolia,,False,Clutia augustifolia,344430
AY674585.1,18S ribosomal RNA,genomic DNA,1712,Clutia tomentosa,341640-1,Peraceae,Clutia,tomentosa,,True,Clutia tomentosa,289668
AY674624.1,18S ribosomal RNA,genomic DNA,1712,Pera bicolor,353343-1,Peraceae,Pera,bicolor,,False,Pera bicolor,256813
AB233557.1,18S ribosomal RNA,genomic DNA,1736,Pera heteranthera,190005-2,Peraceae,Pera,heteranthera,,False,Pera heteranthera,344441
AY788156.1,18S ribosomal RNA,genomic DNA,1712,Pogonophora schomburgkiana,354987-1,Peraceae,Pogonophora,schomburgkiana,,False,Pogonophora schomburgkiana,289656
AB233561.1,18S ribosomal RNA,genomic DNA,1733,Trigonopleura malayana,357974-1,Peraceae,Trigonopleura,malayana,,False,Trigonopleura malayana,344419
AY372815.1,18S ribosomal RNA,genomic DNA,1668,Peridiscus lucidus,111986-1,Peridiscaceae,Peridiscus,lucidus,,False,Peridiscus lucidus,255430
AY674625.1,18S ribosomal RNA,genomic DNA,1660,Peridiscus lucidus,111986-1,Peridiscaceae,Peridiscus,lucidus,,False,Peridiscus lucidus,255430
HQ843438.1,18S ribosomal RNA,genomic DNA,1463,Rivina humilis,221479-2,Petiveriaceae,Rivina,humilis,,False,Rivina humilis,3533
AF206942.1,18S ribosomal RNA,genomic DNA,1728,Japonolirion osense,536953-1,Petrosaviaceae,Japonolirion,osense,,False,Japonolirion osense,112799
AF206987.1,18S ribosomal RNA,genomic DNA,1746,Petrosavia stellaris,539776-1,Petrosaviaceae,Petrosavia,stellaris,,False,Petrosavia stellaris,120072
AF206989.1,18S ribosomal RNA,genomic DNA,1745,Phelline billardierei,83910-1,Phellinaceae,Phelline,billardierei,,False,Phelline billardierei,92225
KP420418.1,18S ribosomal RNA,genomic DNA,1579,Lapageria rosea,537288-1,Philesiaceae,Lapageria,rosea,,False,Lapageria rosea,4707
KP420423.1,18S ribosomal RNA,genomic DNA,1725,Philesia magellanica,539908-1,Philesiaceae,Philesia,magellanica,,False,Philesia magellanica,59099
KM103405.1,18S ribosomal RNA,genomic DNA,1661,Philesia magellanica,539908-1,Philesiaceae,Philesia,magellanica,,False,Philesia magellanica,59099
AF206990.1,18S ribosomal RNA,genomic DNA,1742,Philydrella pygmaea,74441-3,Philydraceae,Philydrella,pygmaea,,False,Philydrella pygmaea,95975
AY952390.1,18S ribosomal RNA,genomic DNA,1725,Philydrum lanuginosum,676146-1,Philydraceae,Philydrum,lanuginosum,,False,Philydrum lanuginosum,44976
HQ384688.1,18S ribosomal RNA,genomic DNA,1748,Phryma leptostachya,282742-2,Phrymaceae,Phryma,leptostachya,,False,Phryma leptostachya,41401
GQ497581.1,18S ribosomal RNA,genomic DNA,1780,Phryma sp.,30121660-2,Phrymaceae,Phryma,,,True,Phryma sp. Chase & Fay 14591,885332
AB233602.1,18S ribosomal RNA,genomic DNA,1736,Antidesma montanum var. montanum,77167483-1,Phyllanthaceae,Antidesma,montanum,montanum,False,Antidesma pentandrum,344423
AY788147.1,18S ribosomal RNA,genomic DNA,1706,Aporosa frutescens,339224-1,Phyllanthaceae,Aporosa,frutescens,,True,Aporosa frutescens,72378
AB233603.1,18S ribosomal RNA,genomic DNA,1736,Aporosa papuana,339257-1,Phyllanthaceae,Aporosa,papuana,,False,Aporosa papuana,344424
AB233604.1,18S ribosomal RNA,genomic DNA,1736,Astrocasia tremula,25896-2,Phyllanthaceae,Astrocasia,tremula,,False,Astrocasia tremula,344425
AB233605.1,18S ribosomal RNA,genomic DNA,1736,Bischofia javanica,339921-1,Phyllanthaceae,Bischofia,javanica,,False,Bischofia javanica,210340
AY674578.1,18S ribosomal RNA,genomic DNA,1711,Bischofia javanica,339921-1,Phyllanthaceae,Bischofia,javanica,,False,Bischofia javanica,210340
GU476459.1,18S ribosomal RNA,genomic DNA,1607,Breynia granulosa,77144994-1,Phyllanthaceae,Breynia,granulosa,,False,Breynia granulosa,271539
AY788148.1,18S ribosomal RNA,genomic DNA,1707,Croizatia brevipetiolata,1012332-1,Phyllanthaceae,Croizatia,brevipetiolata,,False,Croizatia brevipetiolata,289653
AB233552.1,18S ribosomal RNA,genomic DNA,1731,Dicoelia beccariana,344805-1,Phyllanthaceae,Dicoelia,beccariana,,False,Dicoelia beccariana,319142
AB233607.1,18S ribosomal RNA,genomic DNA,1736,Flueggea virosa,1013601-1,Phyllanthaceae,Flueggea,virosa,,False,Flueggea virosa,283121
AY674602.1,18S ribosomal RNA,genomic DNA,1711,Heywoodia lucens,349952-1,Phyllanthaceae,Heywoodia,lucens,,False,Heywoodia lucens,179688
AY674611.1,18S ribosomal RNA,genomic DNA,1678,Lachnostylis bilocularis,350729-1,Phyllanthaceae,Lachnostylis,bilocularis,,False,Lachnostylis bilocularis,179692
AB233608.1,18S ribosomal RNA,genomic DNA,1736,Meineckia phyllanthoides subsp. somalensis,77188227-1,Phyllanthaceae,Meineckia,phyllanthoides,somalensis,False,Meineckia phyllanthoides subsp. somalensis,344439
AB233606.1,18S ribosomal RNA,genomic DNA,1736,Phyllanthus cernuus,353673-1,Phyllanthaceae,Phyllanthus,cernuus,,False,Breynia cernua,212284
GU476457.1,18S ribosomal RNA,genomic DNA,1607,Phyllanthus ciccoides,92398-3,Phyllanthaceae,Phyllanthus,ciccoides,,False,Kirganelia ciccoides,384968
AY674627.1,18S ribosomal RNA,genomic DNA,1711,Phyllanthus epiphyllanthus,353843-1,Phyllanthaceae,Phyllanthus,epiphyllanthus,,False,Phyllanthus epiphyllanthus,256096
AB233609.1,18S ribosomal RNA,genomic DNA,1736,Phyllanthus flexuosus,353893-1,Phyllanthaceae,Phyllanthus,flexuosus,,False,Kirganelia flexuosa,296044
PV110624.1,18S ribosomal RNA,genomic DNA,1804,Phyllanthus fluitans,353898-1,Phyllanthaceae,Phyllanthus,fluitans,,False,Phyllanthus fluitans,301005
GU476458.1,18S ribosomal RNA,genomic DNA,1606,Phyllanthus gunnii,353987-1,Phyllanthaceae,Phyllanthus,gunnii,,False,Lysiandra gunnii,384969
U42546.1,18S ribosomal RNA,genomic DNA,1719,Phyllonoma laticuspis,195255-2,Phyllonomaceae,Phyllonoma,laticuspis,,False,Phyllonoma laticuspis,23086
AF206908.1,18S ribosomal RNA,genomic DNA,1760,Ercilla spicata,676208-1,Phytolaccaceae,Ercilla,spicata,,False,Ercilla volubilis,85199
U42793.1,18S ribosomal RNA,genomic DNA,1733,Phytolacca americana,323290-2,Phytolaccaceae,Phytolacca,americana,,False,Phytolacca americana,3527
AF094557.1,18S ribosomal RNA,genomic DNA,1669,Phytolacca americana,323290-2,Phytolaccaceae,Phytolacca,americana,,False,Phytolacca americana,3527
AF206848.1,18S ribosomal RNA,genomic DNA,1456,Androstachys johnsonii,338703-1,Picrodendraceae,Androstachys,johnsonii,,False,Androstachys johnsonii,112813
AB233610.1,18S ribosomal RNA,genomic DNA,1736,Aristogeitonia monophylla,339493-1,Picrodendraceae,Aristogeitonia,monophylla,,False,Aristogeitonia monophylla,344412
AY674576.1,18S ribosomal RNA,genomic DNA,1713,Austrobuxus megacarpus,994172-1,Picrodendraceae,Austrobuxus,megacarpus,,False,Austrobuxus megacarpus,256809
FJ669707.1,18S ribosomal RNA,genomic DNA,1707,Dissiliaria muelleri,344853-1,Picrodendraceae,Dissiliaria,muelleri,,False,Dissiliaria muelleri,256811
AY674617.1,18S ribosomal RNA,genomic DNA,1675,Micrantheum hexandrum,352269-1,Picrodendraceae,Micrantheum,hexandrum,,False,Micrantheum hexandrum,179696
AB233611.1,18S ribosomal RNA,genomic DNA,1736,Oldfieldia dactylophylla,352541-1,Picrodendraceae,Oldfieldia,dactylophylla,,False,Oldfieldia dactylophylla,212308
AY674626.1,18S ribosomal RNA,genomic DNA,1676,Petalostigma pubescens,353413-1,Picrodendraceae,Petalostigma,pubescens,,False,Petalostigma pubescens,256815
AB233612.1,18S ribosomal RNA,genomic DNA,1711,Picrodendron baccatum,196005-2,Picrodendraceae,Picrodendron,baccatum,,False,Picrodendron baccatum,212329
AY674629.1,18S ribosomal RNA,genomic DNA,1709,Podocalyx loranthoides,354975-1,Picrodendraceae,Podocalyx,loranthoides,,False,Podocalyx loranthoides,289651
AB233613.1,18S ribosomal RNA,genomic DNA,1736,Scagea oligostemon,942341-1,Picrodendraceae,Scagea,oligostemon,,False,Scagea oligostemon,212323
AY674636.1,18S ribosomal RNA,genomic DNA,1738,Stachystemon axillaris,356451-1,Picrodendraceae,Stachystemon,axillaris,,False,Stachystemon axillaris,124839
FJ669708.1,18S ribosomal RNA,genomic DNA,1712,Tetracoccus dioicus,30031432-2,Picrodendraceae,Tetracoccus,dioicus,,False,Tetracoccus dioicus,289593
AY788158.1,18S ribosomal RNA,genomic DNA,1712,Tetracoccus dioicus,30031432-2,Picrodendraceae,Tetracoccus,dioicus,,False,Tetracoccus dioicus,289593
DQ371809.1,18S ribosomal RNA,genomic DNA,1776,Abies alba,60468511-2,Pinaceae,Abies,alba,,True,Abies alba,45372
ON378818.1,18S ribosomal RNA,genomic DNA,1756,Abies alba,60468511-2,Pinaceae,Abies,alba,,True,Abies alba,45372
PV744517.1,18S ribosomal RNA,genomic DNA,1575,Abies beshanzuensis,676549-1,Pinaceae,Abies,beshanzuensis,,False,Abies beshanzuensis,123605
AB026932.1,18S ribosomal RNA,genomic DNA,1734,Abies bracteata,1146685-2,Pinaceae,Abies,bracteata,,False,Abies bracteata,66168
AB026933.1,18S ribosomal RNA,genomic DNA,1733,Abies firma,261525-1,Pinaceae,Abies,firma,,False,Abies firma,78260
X79407.1,18S ribosomal RNA,genomic DNA,1810,Abies lasiocarpa,1081948-2,Pinaceae,Abies,lasiocarpa,,True,Abies lasiocarpa,34340
PQ275620.1,rrn18,genomic DNA,1760,Abies sachalinensis,261629-1,Pinaceae,Abies,sachalinensis,,False,Abies sachalinensis,78264
AB026934.1,18S ribosomal RNA,genomic DNA,1734,Cathaya argyrophylla,676696-1,Pinaceae,Cathaya,argyrophylla,,False,Cathaya argyrophylla,64686
DQ987892.1,18S ribosomal RNA,genomic DNA,1665,Cathaya argyrophylla,676696-1,Pinaceae,Cathaya,argyrophylla,,False,Cathaya argyrophylla,64686
DQ987891.1,18S ribosomal RNA,genomic DNA,1669,Cedrus atlantica,50881822-1,Pinaceae,Cedrus,atlantica,,False,Cedrus atlantica,123597
AB026935.1,18S ribosomal RNA,genomic DNA,1735,Cedrus deodara,676701-1,Pinaceae,Cedrus,deodara,,False,Cedrus deodara,3322
DQ629435.1,18S ribosomal RNA,genomic DNA,1666,Cedrus deodara,676701-1,Pinaceae,Cedrus,deodara,,False,Cedrus deodara,3322
AB026937.1,18S ribosomal RNA,genomic DNA,1735,Cedrus libani,676705-1,Pinaceae,Cedrus,libani,,False,Cedrus libani,93692
AB026936.1,18S ribosomal RNA,genomic DNA,1735,Cedrus libani,676705-1,Pinaceae,Cedrus,libani,,False,Cedrus libani,93692
DQ987895.1,18S ribosomal RNA,genomic DNA,1668,Keteleeria davidiana var. davidiana,77169909-1,Pinaceae,Keteleeria,davidiana,davidiana,False,Keteleeria davidiana var. calcarea,404568
AB026938.1,18S ribosomal RNA,genomic DNA,1734,Larix decidua,262420-1,Pinaceae,Larix,decidua,,False,Larix decidua,71402
EF053173.1,18S ribosomal RNA,genomic DNA,1662,Larix gmelinii var. principis-rupprechtii,77189854-1,Pinaceae,Larix,gmelinii,principis-rupprechtii,False,Larix gmelinii var. principis-rupprechtii,167561
D85294.1,18S ribosomal RNA,genomic DNA,1733,Larix kaempferi,60457419-2,Pinaceae,Larix,kaempferi,,False,Larix kaempferi,54800
MT797193.1,rrn18,genomic DNA,1716,Larix sibirica,262455-1,Pinaceae,Larix,sibirica,,False,Larix sibirica,62751
DQ995272.1,18S ribosomal RNA,genomic DNA,1736,Nothotsuga longibracteata,946480-1,Pinaceae,Nothotsuga,longibracteata,,False,Nothotsuga longibracteata,123601
AB026944.1,18S ribosomal RNA,genomic DNA,1734,Nothotsuga longibracteata,946480-1,Pinaceae,Nothotsuga,longibracteata,,False,Nothotsuga longibracteata,123601
LKAM01000018.1,18S ribosomal RNA,genomic DNA,1769,Picea laxa,195881-2,Pinaceae,Picea,laxa,,False,Picea glauca,3330
AB026939.1,18S ribosomal RNA,genomic DNA,1734,Picea morrisonicola,676975-1,Pinaceae,Picea,morrisonicola,,False,Picea morrisonicola,93926
MK697707.1,rrn18,genomic DNA,1736,Picea sitchensis,676986-1,Pinaceae,Picea,sitchensis,,False,Picea sitchensis,3332
DQ987890.1,18S ribosomal RNA,genomic DNA,1667,Picea smithiana,262724-1,Pinaceae,Picea,smithiana,,False,Picea smithiana,123602
AF051798.1,18S ribosomal RNA,genomic DNA,1748,Pinus elliottii,262921-1,Pinaceae,Pinus,elliottii,,False,Pinus elliottii,42064
D38245.1,18S ribosomal RNA,genomic DNA,1734,Pinus elliottii,262921-1,Pinaceae,Pinus,elliottii,,False,Pinus elliottii,42064
D38246.1,18S ribosomal RNA,genomic DNA,1734,Pinus luchuensis,677067-1,Pinaceae,Pinus,luchuensis,,False,Pinus luchuensis,29805
MT735327.1,18S ribosomal RNA,genomic DNA,1812,Pinus sylvestris,263353-1,Pinaceae,Pinus,sylvestris,,True,Pinus sylvestris,3349
DQ987896.1,18S ribosomal RNA,genomic DNA,1673,Pseudolarix amabilis,677125-1,Pinaceae,Pseudolarix,amabilis,,False,Pseudolarix amabilis,3355
AB026940.1,18S ribosomal RNA,genomic DNA,1734,Pseudolarix sp.,331125-2,Pinaceae,Pseudolarix,,,False,Pseudolarix sp. 'chienii',93693
AB026941.1,18S ribosomal RNA,genomic DNA,1722,Pseudotsuga menziesii,677141-1,Pinaceae,Pseudotsuga,menziesii,,False,Pseudotsuga menziesii,3357
AB026942.1,18S ribosomal RNA,genomic DNA,1734,Tsuga canadensis,264005-1,Pinaceae,Tsuga,canadensis,,False,Tsuga canadensis,66173
AB026943.1,18S ribosomal RNA,genomic DNA,1734,Tsuga chinensis,677214-1,Pinaceae,Tsuga,chinensis,,False,Tsuga chinensis,93694
DQ987894.1,18S ribosomal RNA,genomic DNA,1647,Tsuga chinensis,677214-1,Pinaceae,Tsuga,chinensis,,False,Tsuga chinensis,93694
DQ987893.1,18S ribosomal RNA,genomic DNA,1671,Tsuga dumosa,264009-1,Pinaceae,Tsuga,dumosa,,False,Tsuga dumosa,126280
AB026945.1,18S ribosomal RNA,genomic DNA,1734,Tsuga mertensiana,264014-1,Pinaceae,Tsuga,mertensiana,,False,Tsuga mertensiana,93696
AY572302.1,18S ribosomal RNA,genomic DNA,1701,Manekia naranjoana,60440995-2,Piperaceae,Manekia,naranjoana,,False,Manekia naranjoana,130421
AY572301.1,18S ribosomal RNA,genomic DNA,1707,Manekia sydowii,60443071-2,Piperaceae,Manekia,sydowii,,False,Manekia sydowii,130422
AY572313.1,18S ribosomal RNA,genomic DNA,1708,Peperomia caliginigaudens,678167-1,Piperaceae,Peperomia,caliginigaudens,,False,Peperomia caliginigaudens,286066
AF206985.1,18S ribosomal RNA,genomic DNA,1706,Peperomia obtusifolia,679269-1,Piperaceae,Peperomia,obtusifolia,,True,Peperomia obtusifolia,69414
L24411.1,18S rRNA,genomic DNA,1761,Peperomia serpens,679841-1,Piperaceae,Peperomia,serpens,,True,Peperomia serpens,35929
AY572314.1,18S ribosomal RNA,genomic DNA,1701,Peperomia serpens,679841-1,Piperaceae,Peperomia,serpens,,True,Peperomia serpens,35929
AY572316.1,18S ribosomal RNA,genomic DNA,1636,Peperomia sp.,329746-2,Piperaceae,Peperomia,,,False,Peperomia sp. MAJ-2004,286091
AY572315.1,18S ribosomal RNA,genomic DNA,1696,Peperomia tamayoi,679991-1,Piperaceae,Peperomia,tamayoi,,False,Peperomia tamayoi,286067
AY572298.1,18S ribosomal RNA,genomic DNA,1707,Piper aduncum,680296-1,Piperaceae,Piper,aduncum,,True,Piper aduncum,130377
AF206992.1,18S ribosomal RNA,genomic DNA,1700,Piper betle,680605-1,Piperaceae,Piper,betle,,False,Piper betle,13217
AY572296.1,18S ribosomal RNA,genomic DNA,1707,Piper excelsum,681346-1,Piperaceae,Piper,excelsum,,False,Piper excelsum,130373
GU476460.1,18S ribosomal RNA,genomic DNA,1624,Piper excelsum,681346-1,Piperaceae,Piper,excelsum,,False,Piper excelsum,130373
AY572295.1,18S ribosomal RNA,genomic DNA,1697,Piper hispidum,681674-1,Piperaceae,Piper,hispidum,,True,Piper hispidum,130401
D29778.1,18S ribosomal RNA,genomic DNA,1730,Piper kadsura,681817-1,Piperaceae,Piper,kadsura,,False,Piper kadsura,54803
AY572299.1,18S ribosomal RNA,genomic DNA,1708,Piper macropiper,682069-1,Piperaceae,Piper,macropiper,,True,Piper arborescens,130380
GU476461.1,18S ribosomal RNA,genomic DNA,1621,Piper methysticum,198437-2,Piperaceae,Piper,methysticum,,True,Piper methysticum,130404
AY032649.1,18S ribosomal RNA,genomic DNA,1762,Piper peepuloides,682642-1,Piperaceae,Piper,peepuloides,,False,Piper mullesua,126644
AY572297.1,18S ribosomal RNA,genomic DNA,1697,Piper umbellatum,316339-2,Piperaceae,Piper,umbellatum,,False,Piper umbellatum,130418
KC862240.1,18S ribosomal RNA,genomic DNA,1623,Verhuellia lunaria,263744-2,Piperaceae,Verhuellia,lunaria,,False,Verhuellia lunaria,447313
AY572300.1,18S ribosomal RNA,genomic DNA,1696,Zippelia begoniifolia,684239-1,Piperaceae,Zippelia,begoniifolia,,False,Zippelia begoniifolia,126646
AY032648.1,18S ribosomal RNA,genomic DNA,1551,Zippelia begoniifolia,684239-1,Piperaceae,Zippelia,begoniifolia,,False,Zippelia begoniifolia,126646
AJ236001.1,18S ribosomal RNA,genomic DNA,1768,Billardiera heterophylla,60433393-2,Pittosporaceae,Billardiera,heterophylla,,False,Billardiera heterophylla,46425
GU476462.1,18S ribosomal RNA,genomic DNA,1619,Pittosporum ramiflorum,684660-1,Pittosporaceae,Pittosporum,ramiflorum,,False,Pittosporum ramiflorum,384970
GU476463.1,18S ribosomal RNA,genomic DNA,1619,Pittosporum tenuifolium,684708-1,Pittosporaceae,Pittosporum,tenuifolium,,False,Pittosporum tenuifolium,384971
OK523398.1,18S ribosomal RNA,genomic DNA,1808,Antirrhinum majus,799180-1,Plantaginaceae,Antirrhinum,majus,,False,Antirrhinum majus,4151
AJ236047.1,18S ribosomal RNA,genomic DNA,1761,Antirrhinum majus,799180-1,Plantaginaceae,Antirrhinum,majus,,False,Antirrhinum majus,4151
OK523399.1,18S ribosomal RNA,genomic DNA,1809,Aragoa abietina,799402-1,Plantaginaceae,Aragoa,abietina,,False,Aragoa abietina,193561
OK523400.1,18S ribosomal RNA,genomic DNA,1809,Aragoa cleefii,300870-2,Plantaginaceae,Aragoa,cleefii,,False,Aragoa cleefii,193564
KP844741.1,18S ribosomal RNA,genomic DNA,1716,Bacopa monnieri,1072674-2,Plantaginaceae,Bacopa,monnieri,,False,Bacopa monnieri,263974
AF107582.1,18S ribosomal RNA,genomic DNA,1735,Callitriche heterophylla,30114541-2,Plantaginaceae,Callitriche,heterophylla,,False,Callitriche heterophylla,13381
OK523401.1,18S ribosomal RNA,genomic DNA,1808,Callitriche palustris,42511-2,Plantaginaceae,Callitriche,palustris,,False,Callitriche palustris,50469
U59944.1,18S ribosomal RNA,genomic DNA,1755,Chionophila jamesii,316208-2,Plantaginaceae,Chionophila,jamesii,,False,Chionophila jamesii,48921
AJ236045.1,18S ribosomal RNA,genomic DNA,1767,Digitalis grandiflora,60453625-2,Plantaginaceae,Digitalis,grandiflora,,False,Digitalis grandiflora,38791
AF193940.1,18S ribosomal RNA,genomic DNA,1672,Digitalis purpurea,802077-1,Plantaginaceae,Digitalis,purpurea,,False,Digitalis purpurea,4164
OK523402.1,18S ribosomal RNA,genomic DNA,1808,Hippuris vulgaris,430352-1,Plantaginaceae,Hippuris,vulgaris,,False,Hippuris vulgaris,39321
OK523403.1,18S ribosomal RNA,genomic DNA,1808,Linaria vulgaris,325777-2,Plantaginaceae,Linaria,vulgaris,,True,Linaria vulgaris,43171
U38315.1,18S ribosomal RNA,genomic DNA,1745,Linaria vulgaris,325777-2,Plantaginaceae,Linaria,vulgaris,,True,Linaria vulgaris,43171
OK523404.1,18S ribosomal RNA,genomic DNA,1808,Littorella uniflora,684810-1,Plantaginaceae,Littorella,uniflora,,False,Littorella uniflora,223169
OK523405.1,18S ribosomal RNA,genomic DNA,1808,Mecardonia procumbens,155661-2,Plantaginaceae,Mecardonia,procumbens,,False,Mecardonia procumbens,263979
KT179707.1,18S ribosomal RNA,genomic DNA,1809,Penstemon angustifolius,60431648-2,Plantaginaceae,Penstemon,angustifolius,,True,Penstemon angustifolius,388120
KT179708.1,18S ribosomal RNA,genomic DNA,1808,Penstemon gracilis,808122-1,Plantaginaceae,Penstemon,gracilis,,False,Penstemon gracilis,265140
OK523406.1,18S ribosomal RNA,genomic DNA,1809,Plantago afra,684830-1,Plantaginaceae,Plantago,afra,,True,Plantago afra,101998
OK959865.1,rrn18,genomic DNA,1701,Plantago afra,684830-1,Plantaginaceae,Plantago,afra,,True,Plantago afra,101998
OK523407.1,18S ribosomal RNA,genomic DNA,1808,Plantago alpina,684855-1,Plantaginaceae,Plantago,alpina,,False,Plantago alpina,197791
OK523409.1,18S ribosomal RNA,genomic DNA,1808,Plantago atrata,684903-1,Plantaginaceae,Plantago,atrata,,False,Plantago atrata,101997
AJ389618.1,18S rRNA,genomic DNA,1613,Plantago atrata,684903-1,Plantaginaceae,Plantago,atrata,,False,Plantago atrata,101997
OK523410.1,18S ribosomal RNA,genomic DNA,1808,Plantago australis,684911-1,Plantaginaceae,Plantago,australis,,False,Plantago australis,101995
AY818949.1,18S ribosomal RNA,genomic DNA,1436,Plantago australis,684911-1,Plantaginaceae,Plantago,australis,,False,Plantago australis,101995
OK523411.1,18S ribosomal RNA,genomic DNA,1808,Plantago brasiliensis,684952-1,Plantaginaceae,Plantago,brasiliensis,,True,Plantago brasiliensis,2675923
OK523412.1,18S ribosomal RNA,genomic DNA,1808,Plantago coronopus,685048-1,Plantaginaceae,Plantago,coronopus,,False,Plantago coronopus,101996
AJ389617.1,18S rRNA,genomic DNA,1633,Plantago coronopus,685048-1,Plantaginaceae,Plantago,coronopus,,False,Plantago coronopus,101996
OK523413.1,18S ribosomal RNA,genomic DNA,1808,Plantago crassifolia,685052-1,Plantaginaceae,Plantago,crassifolia,,True,Plantago crassifolia,197800
OK959866.1,rrn18,genomic DNA,1702,Plantago crassifolia,685052-1,Plantaginaceae,Plantago,crassifolia,,True,Plantago crassifolia,197800
OK523414.1,18S ribosomal RNA,genomic DNA,1808,Plantago depressa,685094-1,Plantaginaceae,Plantago,depressa,,False,Plantago depressa,411227
OK523408.1,18S ribosomal RNA,genomic DNA,1809,Plantago indica,685262-1,Plantaginaceae,Plantago,indica,,False,Plantago indica,197794
OK523415.1,18S ribosomal RNA,genomic DNA,1809,Plantago lagopus,685306-1,Plantaginaceae,Plantago,lagopus,,False,Plantago lagopus,185001
AJ236046.1,18S ribosomal RNA,genomic DNA,1766,Plantago lanceolata,321285-2,Plantaginaceae,Plantago,lanceolata,,False,Plantago lanceolata,39414
AJ389619.1,18S ribosomal RNA,genomic DNA,1629,Plantago lanceolata,321285-2,Plantaginaceae,Plantago,lanceolata,,False,Plantago lanceolata,39414
OK523416.1,18S ribosomal RNA,genomic DNA,1808,Plantago maritima,30063012-2,Plantaginaceae,Plantago,maritima,,True,Plantago maritima,197809
OK959867.1,rrn18,genomic DNA,1705,Plantago maritima,30063012-2,Plantaginaceae,Plantago,maritima,,True,Plantago maritima,197809
OK523417.1,18S ribosomal RNA,genomic DNA,1809,Plantago media,685411-1,Plantaginaceae,Plantago,media,,False,Plantago media,101992
AJ389614.1,18S rRNA,genomic DNA,1557,Plantago media,685411-1,Plantaginaceae,Plantago,media,,False,Plantago media,101992
OK523418.1,18S ribosomal RNA,genomic DNA,1809,Plantago nubicola,988648-1,Plantaginaceae,Plantago,nubicola,,False,Plantago nubicola,197914
OK523419.1,18S ribosomal RNA,genomic DNA,1809,Plantago ovata,685486-1,Plantaginaceae,Plantago,ovata,,True,Plantago ovata,185002
KT179716.1,18S ribosomal RNA,genomic DNA,1808,Plantago patagonica,30005725-2,Plantaginaceae,Plantago,patagonica,,True,Plantago patagonica,197815
OK523420.1,18S ribosomal RNA,genomic DNA,1808,Plantago rigida,685595-1,Plantaginaceae,Plantago,rigida,,True,Plantago rigida,101994
AJ389616.1,18S ribosomal RNA,genomic DNA,1474,Plantago rigida,685595-1,Plantaginaceae,Plantago,rigida,,True,Plantago rigida,101994
OK523421.1,18S ribosomal RNA,genomic DNA,1808,Plantago rugelii,685608-1,Plantaginaceae,Plantago,rugelii,,False,Plantago rugelii,101993
AJ389615.1,18S ribosomal RNA,genomic DNA,1414,Plantago rugelii,685608-1,Plantaginaceae,Plantago,rugelii,,False,Plantago rugelii,101993
OK523422.1,18S ribosomal RNA,genomic DNA,1808,Plantago sericea,685641-1,Plantaginaceae,Plantago,sericea,,True,Plantago sericea,101999
AJ389621.1,18S ribosomal RNA,genomic DNA,1657,Plantago sericea,685641-1,Plantaginaceae,Plantago,sericea,,True,Plantago sericea,101999
OK523423.1,18S ribosomal RNA,genomic DNA,1808,Plantago tenuiflora,685721-1,Plantaginaceae,Plantago,tenuiflora,,False,Plantago tenuiflora,197828
OK523424.1,18S ribosomal RNA,genomic DNA,1808,Scoparia dulcis,230902-2,Plantaginaceae,Scoparia,dulcis,,False,Scoparia dulcis,107240
AY818950.1,18S ribosomal RNA,genomic DNA,1909,Veronica agrestis,326368-2,Plantaginaceae,Veronica,agrestis,,False,Veronica agrestis,99384
KT179711.1,18S ribosomal RNA,genomic DNA,1809,Veronica americana,316066-2,Plantaginaceae,Veronica,americana,,False,Veronica americana,932108
AJ236055.1,18S ribosomal RNA,genomic DNA,1761,Veronica anagallis-aquatica,811610-1,Plantaginaceae,Veronica,anagallis-aquatica,,False,Veronica anagallis-aquatica,74693
AF207052.1,18S ribosomal RNA,genomic DNA,1737,Veronica anagallis-aquatica,811610-1,Plantaginaceae,Veronica,anagallis-aquatica,,False,Veronica anagallis-aquatica,74693
OK523425.1,18S ribosomal RNA,genomic DNA,1809,Veronica undulata,812793-1,Plantaginaceae,Veronica,undulata,,False,Veronica undulata,714890
GU359048.1,18S ribosomal RNA,genomic DNA,1806,Veronica undulata,812793-1,Plantaginaceae,Veronica,undulata,,False,Veronica undulata,714890
OK523426.1,18S ribosomal RNA,genomic DNA,1808,Veronicastrum axillare,812852-1,Plantaginaceae,Veronicastrum,axillare,,False,Veronicastrum axillare,495260
U42794.1,18S ribosomal RNA,genomic DNA,1734,Platanus occidentalis,685871-1,Platanaceae,Platanus,occidentalis,,True,Platanus occidentalis,4403
HQ384684.1,18S ribosomal RNA,genomic DNA,1749,Plocosperma buxifolium,546874-1,Plocospermataceae,Plocosperma,buxifolium,,False,Plocosperma buxifolium,62094
AY289640.1,18S ribosomal RNA,genomic DNA,1671,Aegialitis annulata,686195-1,Plumbaginaceae,Aegialitis,annulata,,True,Aegialitis annulata,124972
U42795.1,18S ribosomal RNA,genomic DNA,1744,Plumbago auriculata,687056-1,Plumbaginaceae,Plumbago,auriculata,,False,Plumbago auriculata,45172
PQ492180.1,rrn18,genomic DNA,1982,Achnatherum sibiricum,77061725-1,Poaceae,Achnatherum,sibiricum,,False,Stipa sibirica,492770
XR_012197430.1,18S ribosomal RNA,rRNA,1853,Aegilops tauschii subsp. strangulata,881270-1,Poaceae,Aegilops,tauschii,strangulata,False,Aegilops tauschii subsp. strangulata,200361
XR_012198235.1,18S ribosomal RNA,rRNA,1845,Aegilops tauschii subsp. strangulata,881270-1,Poaceae,Aegilops,tauschii,strangulata,False,Aegilops tauschii subsp. strangulata,200361
OR971791.1,18S ribosomal RNA,genomic DNA,1811,Aeluropus lagopoides,384722-1,Poaceae,Aeluropus,lagopoides,,False,Aeluropus lagopoides,293749
KX768770.1,18S ribosomal RNA,genomic DNA,1811,Alloteropsis semialata,9363-2,Poaceae,Alloteropsis,semialata,,False,Alloteropsis semialata,435756
KX768766.1,18S ribosomal RNA,genomic DNA,1811,Alloteropsis semialata,9363-2,Poaceae,Alloteropsis,semialata,,False,Alloteropsis semialata,435756
KT153030.1,18S ribosomal RNA,genomic DNA,1734,Avena fatua,391443-1,Poaceae,Avena,fatua,,False,Avena fatua,4499
XR_002961443.1,18S ribosomal RNA,rRNA,1811,Brachypodium distachyon,393098-1,Poaceae,Brachypodium,distachyon,,False,Brachypodium distachyon,15368
XR_002961445.1,18S ribosomal RNA,rRNA,1811,Brachypodium distachyon,393098-1,Poaceae,Brachypodium,distachyon,,False,Brachypodium distachyon,15368
OP324800.1,rrn18,genomic DNA,1982,Fargesia qinlingensis,931526-1,Poaceae,Fargesia,qinlingensis,,False,Fargesia qinlingensis,862990
MK737785.1,18S ribosomal RNA,genomic DNA,1811,Garnotia stricta var. longiseta,89654-3,Poaceae,Garnotia,stricta,longiseta,False,Garnotia stricta var. longiseta,2358306
XR_006621274.1,18S ribosomal RNA,rRNA,1818,Hordeum vulgare subsp. vulgare,3296832-4,Poaceae,Hordeum,vulgare,vulgare,False,Hordeum vulgare subsp. vulgare,112509
XR_006612381.1,18S ribosomal RNA,rRNA,1817,Hordeum vulgare subsp. vulgare,3296832-4,Poaceae,Hordeum,vulgare,vulgare,False,Hordeum vulgare subsp. vulgare,112509
PV366313.1,18S ribosomal RNA,genomic DNA,1982,Indocalamus longiauritus,405862-1,Poaceae,Indocalamus,longiauritus,,False,Indocalamus longiauritus,548148
MN342164.1,18S ribosomal RNA,genomic DNA,1811,Lasiorhachis hildebrandtii,406913-1,Poaceae,Lasiorhachis,hildebrandtii,,False,Lasiorhachis hildebrandtii,2057680
MN342165.1,18S ribosomal RNA,genomic DNA,1811,Lasiorhachis perrieri,406914-1,Poaceae,Lasiorhachis,perrieri,,False,Lasiorhachis perrieri,1755086
AY846367.1,18S ribosomal RNA,genomic DNA,1764,Lolium multiflorum,407486-1,Poaceae,Lolium,multiflorum,,False,Lolium multiflorum,4521
XR_011750415.1,18S ribosomal RNA,rRNA,1821,Lolium perenne,407493-1,Poaceae,Lolium,perenne,,False,Lolium perenne,4522
XR_007857549.2,18S ribosomal RNA,rRNA,1816,Lolium perenne,407493-1,Poaceae,Lolium,perenne,,False,Lolium perenne,4522
XR_006996167.1,18S ribosomal RNA,rRNA,1821,Lolium rigidum,407503-1,Poaceae,Lolium,rigidum,,False,Lolium rigidum,89674
XR_006996149.1,18S ribosomal RNA,rRNA,1814,Lolium rigidum,407503-1,Poaceae,Lolium,rigidum,,False,Lolium rigidum,89674
PV446940.1,rrn18,genomic DNA,1982,Macrochloa tenacissima,407732-1,Poaceae,Macrochloa,tenacissima,,False,Macrochloa tenacissima,666013
PV446911.1,rrn18,genomic DNA,1982,Macrochloa tenacissima,407732-1,Poaceae,Macrochloa,tenacissima,,False,Macrochloa tenacissima,666013
XR_010778713.1,18S ribosomal RNA,rRNA,1818,Miscanthus floridulus,408736-1,Poaceae,Miscanthus,floridulus,,False,Miscanthus floridulus,154761
XR_010776405.1,18S ribosomal RNA,rRNA,1812,Miscanthus floridulus,408736-1,Poaceae,Miscanthus,floridulus,,False,Miscanthus floridulus,154761
PV446969.1,rrn18,genomic DNA,1982,Nassella tenuissima,281184-2,Poaceae,Nassella,tenuissima,,False,Nassella tenuissima,399653
OR971792.1,18S ribosomal RNA,genomic DNA,1811,Orinus kokonorica,409957-1,Poaceae,Orinus,kokonorica,,False,Orinus kokonoricus,751589
KM117257.1,18S ribosomal RNA,genomic DNA,1811,Oryza barthii,410045-1,Poaceae,Oryza,barthii,,False,Oryza barthii,65489
KM117256.1,18S ribosomal RNA,genomic DNA,1811,Oryza barthii,410045-1,Poaceae,Oryza,barthii,,False,Oryza barthii,65489
XR_005813476.1,18S ribosomal RNA,rRNA,1812,Oryza brachyantha,410046-1,Poaceae,Oryza,brachyantha,,False,Oryza brachyantha,4533
XR_005813420.1,18S ribosomal RNA,rRNA,1811,Oryza brachyantha,410046-1,Poaceae,Oryza,brachyantha,,False,Oryza brachyantha,4533
XR_008014823.1,18S ribosomal RNA,rRNA,1817,Oryza glaberrima,410061-1,Poaceae,Oryza,glaberrima,,False,Oryza glaberrima,4538
XR_008014822.1,18S ribosomal RNA,rRNA,1816,Oryza glaberrima,410061-1,Poaceae,Oryza,glaberrima,,False,Oryza glaberrima,4538
KM036293.1,18S ribosomal RNA,genomic DNA,1811,Oryza longistaminata,410075-1,Poaceae,Oryza,longistaminata,,False,Oryza longistaminata,4528
KM036294.1,18S ribosomal RNA,genomic DNA,1811,Oryza punctata,410110-1,Poaceae,Oryza,punctata,,False,Oryza punctata,4537
KM036291.1,18S ribosomal RNA,genomic DNA,1811,Oryza rufipogon,410115-1,Poaceae,Oryza,rufipogon,,False,Oryza meridionalis,40149
KM117266.1,18S ribosomal RNA,genomic DNA,1811,Oryza rufipogon,410115-1,Poaceae,Oryza,rufipogon,,False,Oryza rufipogon,4529
KM036286.1,18S ribosomal RNA,genomic DNA,1811,Oryza sativa,316812-2,Poaceae,Oryza,sativa,,False,Oryza sativa,4530
KM036285.1,18S ribosomal RNA,genomic DNA,1811,Oryza sativa,316812-2,Poaceae,Oryza,sativa,,False,Oryza sativa,4530
XR_003229920.1,18S ribosomal RNA,rRNA,1818,Panicum hallii,411627-1,Poaceae,Panicum,hallii,,False,Panicum hallii,206008
XR_003227757.1,18S ribosomal RNA,rRNA,1813,Panicum hallii,411627-1,Poaceae,Panicum,hallii,,False,Panicum hallii,206008
XR_005672386.1,18S ribosomal RNA,rRNA,1818,Panicum virgatum,413537-1,Poaceae,Panicum,virgatum,,True,Panicum virgatum,38727
XR_005684154.1,18S ribosomal RNA,rRNA,1812,Panicum virgatum,413537-1,Poaceae,Panicum,virgatum,,True,Panicum virgatum,38727
MH500772.1,18S ribosomal RNA,genomic DNA,1810,Phleum pratense,415868-1,Poaceae,Phleum,pratense,,False,Phleum pratense,15957
XR_009906115.1,18S ribosomal RNA,rRNA,1879,Phragmites australis,30337627-2,Poaceae,Phragmites,australis,,False,Phragmites australis,29695
XR_009906116.1,18S ribosomal RNA,rRNA,1879,Phragmites australis,30337627-2,Poaceae,Phragmites,australis,,False,Phragmites australis,29695
OP980541.1,rrn18,genomic DNA,1981,Poa pratensis,417792-1,Poaceae,Poa,pratensis,,False,Poa pratensis,4545
OP980540.1,rrn18,genomic DNA,1981,Poa pratensis,417792-1,Poaceae,Poa,pratensis,,False,Poa pratensis,4545
Z14059.1,rrn18,genomic DNA,1977,Secale cereale,421164-1,Poaceae,Secale,cereale,,False,Secale cereale,4550
JF489233.1,18S ribosomal RNA,genomic DNA,1811,Secale cereale,421164-1,Poaceae,Secale,cereale,,False,Secale cereale,4550
XR_004642728.2,18S ribosomal RNA,rRNA,1704,Setaria viridis,1171009-2,Poaceae,Setaria,viridis,,False,Setaria viridis,4556
KT874468.1,18S ribosomal RNA,genomic DNA,1812,Sporobolus maritimus,77144701-1,Poaceae,Sporobolus,maritimus,,False,Sporobolus maritimus,49786
KT874483.1,18S ribosomal RNA,genomic DNA,1811,Sporobolus maritimus,77144701-1,Poaceae,Sporobolus,maritimus,,False,Sporobolus maritimus,49786
PV448041.1,18S ribosomal RNA,genomic DNA,1982,Stipa  heptapotamica,423380-1,Poaceae,Stipa,heptapotamica,,False,Stipa heptapotamica,2518351
PV448070.1,18S ribosomal RNA,genomic DNA,1982,Stipa  heptapotamica,423380-1,Poaceae,Stipa,heptapotamica,,False,Stipa heptapotamica,2518351
PV448157.1,rrn18,genomic DNA,1982,Stipa  tzveleviana,981226-1,Poaceae,Stipa,tzveleviana,,False,Stipa tzveleviana,2835882
PV447027.1,rrn18,genomic DNA,1982,Stipa arabica,423101-1,Poaceae,Stipa,arabica,,False,Stipa arabica,666006
PV446998.1,18S ribosomal RNA,genomic DNA,1982,Stipa arabica,423101-1,Poaceae,Stipa,arabica,,False,Stipa arabica,666006
PV447056.1,18S ribosomal RNA,genomic DNA,1982,Stipa austroaltaica,933013-1,Poaceae,Stipa,austroaltaica,,False,Stipa austroaltaica,2835875
PV447085.1,rrn18,genomic DNA,1982,Stipa basiplumosa,423143-1,Poaceae,Stipa,basiplumosa,,False,Stipa basiplumosa,665492
PV447114.1,18S ribosomal RNA,genomic DNA,1982,Stipa borysthenica,60448167-2,Poaceae,Stipa,borysthenica,,False,Stipa borysthenica,665494
PV447143.1,18S ribosomal RNA,genomic DNA,1982,Stipa breviflora,423170-1,Poaceae,Stipa,breviflora,,False,Stipa breviflora,408128
PV176974.1,18S ribosomal RNA,genomic DNA,1982,Stipa capillata,423200-1,Poaceae,Stipa,capillata,,False,Stipa capillata,665498
MZ161090.1,rrn18,genomic DNA,1982,Stipa capillata,423200-1,Poaceae,Stipa,capillata,,False,Stipa capillata,665498
PV447201.1,rrn18,genomic DNA,1982,Stipa caucasica,423207-1,Poaceae,Stipa,caucasica,,False,Stipa caucasica,665499
PV447172.1,18S ribosomal RNA,genomic DNA,1982,Stipa caucasica,423207-1,Poaceae,Stipa,caucasica,,False,Stipa caucasica,665499
PV447259.1,18S ribosomal RNA,genomic DNA,1982,Stipa ehrenbergiana,423303-1,Poaceae,Stipa,ehrenbergiana,,False,Stipa ehrenbergiana,665507
PV447317.1,18S ribosomal RNA,genomic DNA,1982,Stipa glareosa,423359-1,Poaceae,Stipa,glareosa,,False,Stipa caucasica subsp. glareosa,665501
PV447346.1,18S ribosomal RNA,genomic DNA,1982,Stipa hohenackeriana,423391-1,Poaceae,Stipa,hohenackeriana,,False,Stipa hohenackeriana,2081768
PV447375.1,18S ribosomal RNA,genomic DNA,1982,Stipa klimesii,77142387-1,Poaceae,Stipa,klimesii,,False,Stipa klimesii,2835878
PV447433.1,18S ribosomal RNA,genomic DNA,1982,Stipa lessingiana,423492-1,Poaceae,Stipa,lessingiana,,False,Stipa lessingiana,665519
PV447404.1,18S ribosomal RNA,genomic DNA,1982,Stipa lessingiana,423492-1,Poaceae,Stipa,lessingiana,,False,Stipa lessingiana,665519
KY826233.1,18S ribosomal RNA,genomic DNA,1811,Stipa lipskyi,423505-1,Poaceae,Stipa,lipskyi,,False,Stipa lipskyi,1747705
PV447491.1,rrn18,genomic DNA,1982,Stipa macroglossa subsp. kazachstanica,77130804-1,Poaceae,Stipa,macroglossa,kazachstanica,False,Stipa macroglossa var. kazachstanica,2835880
KY826234.1,18S ribosomal RNA,genomic DNA,1811,Stipa magnifica,423531-1,Poaceae,Stipa,magnifica,,False,Stipa magnifica,2038769
KY826235.1,18S ribosomal RNA,genomic DNA,1811,Stipa narynica,77118363-1,Poaceae,Stipa,narynica,,False,Stipa narynica,2038770
KY826231.1,18S ribosomal RNA,genomic DNA,1811,Stipa orientalis,423597-1,Poaceae,Stipa,orientalis,,False,Stipa orientalis,665525
PV447520.1,18S ribosomal RNA,genomic DNA,1982,Stipa ovczinnikovii,423601-1,Poaceae,Stipa,ovczinnikovii,,False,Stipa ovczinnikovii,2081770
PV447549.1,18S ribosomal RNA,genomic DNA,1982,Stipa penicillata,423635-1,Poaceae,Stipa,penicillata,,False,Stipa penicillata,665527
PV447578.1,rrn18,genomic DNA,1982,Stipa pennata,423636-1,Poaceae,Stipa,pennata,,False,Stipa pennata,399722
PV447607.1,rrn18,genomic DNA,1982,Stipa pennata,423636-1,Poaceae,Stipa,pennata,,False,Stipa pennata,399722
PV447636.1,18S ribosomal RNA,genomic DNA,1982,Stipa pennata subsp. ceynowae,77164173-1,Poaceae,Stipa,pennata,ceynowae,False,Stipa pennata subsp. ceynowae,2081771
PV447288.1,18S ribosomal RNA,genomic DNA,1982,Stipa pennata subsp. pennata,77172119-1,Poaceae,Stipa,pennata,pennata,False,Stipa pennata subsp. eriocaulis,376135
PV447665.1,rrn18,genomic DNA,1982,Stipa przewalskyi,423676-1,Poaceae,Stipa,przewalskyi,,False,Stipa przewalskyi,665533
PV447694.1,18S ribosomal RNA,genomic DNA,1982,Stipa pulcherrima,423690-1,Poaceae,Stipa,pulcherrima,,False,Stipa pulcherrima,666011
PV447723.1,18S ribosomal RNA,genomic DNA,1982,Stipa purpurea,423695-1,Poaceae,Stipa,purpurea,,False,Stipa purpurea,481984
PV448012.1,18S ribosomal RNA,genomic DNA,1982,Stipa purpurea,423695-1,Poaceae,Stipa,purpurea,,False,Stipa purpurea,481984
PV447752.1,rrn18,genomic DNA,1982,Stipa richteriana,423707-1,Poaceae,Stipa,richteriana,,False,Stipa richteriana subsp. jagnobica,2835873
PV447983.1,18S ribosomal RNA,genomic DNA,1982,Stipa tianschanica,423818-1,Poaceae,Stipa,tianschanica,,False,Stipa tianschanica,407938
PV447954.1,rrn18,genomic DNA,1982,Stipa tianschanica,423818-1,Poaceae,Stipa,tianschanica,,False,Stipa tianschanica var. gobica,408130
PV448186.1,rrn18,genomic DNA,1982,Stipa zalesskii,77195919-1,Poaceae,Stipa,zalesskii,,False,Stipa zalesskii,1408263
PV448215.1,18S ribosomal RNA,genomic DNA,1982,Stipellula capensis,60458043-2,Poaceae,Stipellula,capensis,,False,Stipellula capensis,29707
PV446882.1,rrn18,genomic DNA,1982,Trikeraia pappiformis,975693-1,Poaceae,Trikeraia,pappiformis,,False,Trikeraia pappiformis,796696
OR971794.1,18S ribosomal RNA,genomic DNA,1811,Triodia acutispicula,997108-1,Poaceae,Triodia,acutispicula,,False,Triodia acutispicula,1697070
OR971793.1,18S ribosomal RNA,genomic DNA,1811,Triodia acutispicula,997108-1,Poaceae,Triodia,acutispicula,,False,Triodia acutispicula,1697070
OR971795.1,18S ribosomal RNA,genomic DNA,1811,Triodia aeria,997109-1,Poaceae,Triodia,aeria,,False,Triodia aeria,1697071
OR971803.1,18S ribosomal RNA,genomic DNA,1811,Triodia angusta,424798-1,Poaceae,Triodia,angusta,,False,Triodia angusta,1697072
OR971805.1,18S ribosomal RNA,genomic DNA,1811,Triodia barbata,77111377-1,Poaceae,Triodia,barbata,,False,Triodia barbata,3097745
OR971806.1,18S ribosomal RNA,genomic DNA,1811,Triodia basedowii,424806-1,Poaceae,Triodia,basedowii,,False,Triodia basedowii,751723
OR971807.1,18S ribosomal RNA,genomic DNA,1811,Triodia basitricha,77153355-1,Poaceae,Triodia,basitricha,,False,Triodia basitricha,2529131
OR971808.1,18S ribosomal RNA,genomic DNA,1811,Triodia biflora,997112-1,Poaceae,Triodia,biflora,,False,Triodia biflora,1697075
OR971810.1,18S ribosomal RNA,genomic DNA,1811,Triodia bitextura,997113-1,Poaceae,Triodia,bitextura,,False,Triodia bitextura,1245676
OR971809.1,18S ribosomal RNA,genomic DNA,1811,Triodia bitextura,997113-1,Poaceae,Triodia,bitextura,,False,Triodia bitextura,1245676
OR971812.1,18S ribosomal RNA,genomic DNA,1811,Triodia brizoides,424809-1,Poaceae,Triodia,brizoides,,False,Triodia brizoides,751724
OR971813.1,18S ribosomal RNA,genomic DNA,1811,Triodia brizoides,424809-1,Poaceae,Triodia,brizoides,,False,Triodia brizoides,751724
OR971814.1,18S ribosomal RNA,genomic DNA,1811,Triodia bromoides,997114-1,Poaceae,Triodia,bromoides,,False,Triodia bromoides,1245677
OR971815.1,18S ribosomal RNA,genomic DNA,1811,Triodia burbidgeana,961037-1,Poaceae,Triodia,burbidgeana,,False,Triodia burbidgeana,1697077
OR971816.1,18S ribosomal RNA,genomic DNA,1811,Triodia burbidgeana,961037-1,Poaceae,Triodia,burbidgeana,,False,Triodia burbidgeana,1697077
OR971819.1,18S ribosomal RNA,genomic DNA,1811,Triodia bynoei,997117-1,Poaceae,Triodia,bynoei,,False,Triodia bynoei,751725
OR971820.1,18S ribosomal RNA,genomic DNA,1811,Triodia caelestialis,77096648-1,Poaceae,Triodia,caelestialis,,False,Triodia caelestialis,1697078
OR971822.1,18S ribosomal RNA,genomic DNA,1811,Triodia chichesterensis,77172569-1,Poaceae,Triodia,chichesterensis,,False,Triodia chichesterensis,2576611
OR971824.1,18S ribosomal RNA,genomic DNA,1811,Triodia concinna,424820-1,Poaceae,Triodia,concinna,,False,Triodia concinna,1697080
OR971825.1,18S ribosomal RNA,genomic DNA,1811,Triodia concinna,424820-1,Poaceae,Triodia,concinna,,False,Triodia concinna,1697080
OR971826.1,18S ribosomal RNA,genomic DNA,1811,Triodia cremnophila,77114648-1,Poaceae,Triodia,cremnophila,,False,Triodia cremnophila,3097747
OR971828.1,18S ribosomal RNA,genomic DNA,1811,Triodia cunninghamii,424822-1,Poaceae,Triodia,cunninghamii,,False,Triodia cunninghamii,1697082
OR971829.1,18S ribosomal RNA,genomic DNA,1811,Triodia danthonioides,997119-1,Poaceae,Triodia,danthonioides,,False,Triodia danthonioides,1245679
OR971831.1,18S ribosomal RNA,genomic DNA,1811,Triodia fissura,77067376-1,Poaceae,Triodia,fissura,,False,Triodia fissura,3097749
OR971832.1,18S ribosomal RNA,genomic DNA,1811,Triodia glabra,77172570-1,Poaceae,Triodia,glabra,,False,Triodia glabra,1844069
OR971833.1,18S ribosomal RNA,genomic DNA,1811,Triodia hubbardii,424849-1,Poaceae,Triodia,hubbardii,,False,Triodia hubbardii,1697086
OR971834.1,18S ribosomal RNA,genomic DNA,1811,Triodia inaequiloba,424850-1,Poaceae,Triodia,inaequiloba,,False,Triodia inaequiloba,1697087
OR971835.1,18S ribosomal RNA,genomic DNA,1811,Triodia infesta,77172571-1,Poaceae,Triodia,infesta,,False,Triodia infesta,3108491
OR971836.1,18S ribosomal RNA,genomic DNA,1811,Triodia intermedia,424851-1,Poaceae,Triodia,intermedia,,False,Triodia intermedia,751727
OR971837.1,18S ribosomal RNA,genomic DNA,1811,Triodia intermedia,424851-1,Poaceae,Triodia,intermedia,,False,Triodia intermedia,751727
OR971838.1,18S ribosomal RNA,genomic DNA,1811,Triodia inutilis,424852-1,Poaceae,Triodia,inutilis,,False,Triodia inutilis,1697088
OR971839.1,18S ribosomal RNA,genomic DNA,1811,Triodia irritans,424853-1,Poaceae,Triodia,irritans,,False,Triodia irritans,751728
OR971841.1,18S ribosomal RNA,genomic DNA,1811,Triodia karijini,77335802-1,Poaceae,Triodia,karijini,,False,Triodia karijini,3097725
OR971842.1,18S ribosomal RNA,genomic DNA,1811,Triodia lanigera,424857-1,Poaceae,Triodia,lanigera,,False,Triodia lanigera,1245680
OR971843.1,18S ribosomal RNA,genomic DNA,1811,Triodia lanosa,77150553-1,Poaceae,Triodia,lanosa,,False,Triodia lanosa,1697090
OR971844.1,18S ribosomal RNA,genomic DNA,1811,Triodia latzii,997124-1,Poaceae,Triodia,latzii,,False,Triodia latzii,1697091
OR971845.1,18S ribosomal RNA,genomic DNA,1811,Triodia longiceps,424862-1,Poaceae,Triodia,longiceps,,False,Triodia longiceps,1245681
OR971846.1,18S ribosomal RNA,genomic DNA,1811,Triodia longiceps,424862-1,Poaceae,Triodia,longiceps,,False,Triodia longiceps,1245681
OR971848.1,18S ribosomal RNA,genomic DNA,1811,Triodia longiloba,997125-1,Poaceae,Triodia,longiloba,,False,Triodia longiloba,883146
OR971849.1,18S ribosomal RNA,genomic DNA,1811,Triodia mallota,77172572-1,Poaceae,Triodia,mallota,,False,Triodia mallota,1914353
OR971851.1,18S ribosomal RNA,genomic DNA,1811,Triodia melvillei,997127-1,Poaceae,Triodia,melvillei,,False,Triodia melvillei,751730
OR971852.1,18S ribosomal RNA,genomic DNA,1811,Triodia melvillei,997127-1,Poaceae,Triodia,melvillei,,False,Triodia melvillei,751730
OR971853.1,18S ribosomal RNA,genomic DNA,1811,Triodia microstachya,424867-1,Poaceae,Triodia,microstachya,,False,Triodia microstachya,883147
OR971854.1,18S ribosomal RNA,genomic DNA,1811,Triodia microstachya,424867-1,Poaceae,Triodia,microstachya,,False,Triodia microstachya,883147
OR971855.1,18S ribosomal RNA,genomic DNA,1811,Triodia mitchellii,424868-1,Poaceae,Triodia,mitchellii,,False,Triodia mitchellii,1697094
OR971856.1,18S ribosomal RNA,genomic DNA,1811,Triodia molesta,424869-1,Poaceae,Triodia,molesta,,False,Triodia molesta,1697095
OR971859.1,18S ribosomal RNA,genomic DNA,1811,Triodia pascoeana,961044-1,Poaceae,Triodia,pascoeana,,False,Triodia pascoeana,1697096
OR971861.1,18S ribosomal RNA,genomic DNA,1811,Triodia pisoliticola,77195650-1,Poaceae,Triodia,pisoliticola,,False,Triodia pisoliticola,3097750
OR971862.1,18S ribosomal RNA,genomic DNA,1811,Triodia plectrachnoides,424881-1,Poaceae,Triodia,plectrachnoides,,False,Triodia plectrachnoides,1697097
OR971863.1,18S ribosomal RNA,genomic DNA,1811,Triodia plurinervata,424884-1,Poaceae,Triodia,plurinervata,,False,Triodia plurinervata,1697098
OR971866.1,18S ribosomal RNA,genomic DNA,1811,Triodia pungens,424888-1,Poaceae,Triodia,pungens,,True,Triodia pungens,751731
OR971865.1,18S ribosomal RNA,genomic DNA,1811,Triodia pungens,424888-1,Poaceae,Triodia,pungens,,True,Triodia pungens,751731
OR971868.1,18S ribosomal RNA,genomic DNA,1811,Triodia racemigera,424891-1,Poaceae,Triodia,racemigera,,False,Triodia racemigera,1697100
OR971867.1,18S ribosomal RNA,genomic DNA,1811,Triodia racemigera,424891-1,Poaceae,Triodia,racemigera,,False,Triodia racemigera,1697100
OR971869.1,18S ribosomal RNA,genomic DNA,1811,Triodia rigidissima,997130-1,Poaceae,Triodia,rigidissima,,False,Triodia rigidissima,751732
OR971870.1,18S ribosomal RNA,genomic DNA,1811,Triodia salina,997131-1,Poaceae,Triodia,salina,,False,Triodia salina,1697103
OR971872.1,18S ribosomal RNA,genomic DNA,1811,Triodia schinzii,997132-1,Poaceae,Triodia,schinzii,,False,Triodia schinzii,1245682
OR971873.1,18S ribosomal RNA,genomic DNA,1811,Triodia scintillans,77172574-1,Poaceae,Triodia,scintillans,,False,Triodia scintillans,1844071
OR971874.1,18S ribosomal RNA,genomic DNA,1811,Triodia secunda,424896-1,Poaceae,Triodia,secunda,,False,Triodia secunda,1697104
OR971875.1,18S ribosomal RNA,genomic DNA,1811,Triodia sp.,30003151-2,Poaceae,Triodia,,,False,Triodia sp. MB-2023ah,3097737
OR971879.1,18S ribosomal RNA,genomic DNA,1811,Triodia sp.,30003151-2,Poaceae,Triodia,,,False,Triodia sp. MB-2023ai,3097738
OR971876.1,18S ribosomal RNA,genomic DNA,1811,Triodia spicata,424898-1,Poaceae,Triodia,spicata,,False,Triodia spicata,1245683
OR971877.1,18S ribosomal RNA,genomic DNA,1811,Triodia stenostachya,424900-1,Poaceae,Triodia,stenostachya,,False,Triodia stenostachya,66045
OR971878.1,18S ribosomal RNA,genomic DNA,1811,Triodia stipoides,77150554-1,Poaceae,Triodia,stipoides,,False,Triodia stipoides,110894
OR971880.1,18S ribosomal RNA,genomic DNA,1811,Triodia tomentosa,960898-1,Poaceae,Triodia,tomentosa,,False,Triodia tomentosa,1245684
OR971881.1,18S ribosomal RNA,genomic DNA,1811,Triodia triaristata,997133-1,Poaceae,Triodia,triaristata,,False,Triodia triaristata,1697105
OR971882.1,18S ribosomal RNA,genomic DNA,1811,Triodia triaristata,997133-1,Poaceae,Triodia,triaristata,,False,Triodia triaristata,1697105
OR971884.1,18S ribosomal RNA,genomic DNA,1811,Triodia triticoides,424906-1,Poaceae,Triodia,triticoides,,False,Triodia triticoides,1697106
OR971885.1,18S ribosomal RNA,genomic DNA,1811,Triodia uniaristata,997134-1,Poaceae,Triodia,uniaristata,,False,Triodia uniaristata,1697107
OR971887.1,18S ribosomal RNA,genomic DNA,1811,Triodia wiseana,424911-1,Poaceae,Triodia,wiseana,,False,Triodia wiseana,1245685
OR971888.1,18S ribosomal RNA,genomic DNA,1811,Triodia wiseana,424911-1,Poaceae,Triodia,wiseana,,False,Triodia wiseana,1245685
PP454225.1,rrn18,genomic DNA,1969,Tripidium arundinaceum,77201656-1,Poaceae,Tripidium,arundinaceum,,False,Tripidium arundinaceum,50346
Z14078.1,rrn18,genomic DNA,1955,Triticum aestivum,332110-2,Poaceae,Triticum,aestivum,,False,Triticum aestivum,4565
XR_006488179.1,18S ribosomal RNA,rRNA,1890,Triticum aestivum,332110-2,Poaceae,Triticum,aestivum,,False,Triticum aestivum,4565
XR_005169689.1,18S ribosomal RNA,rRNA,1818,Triticum turgidum subsp. dicoccoides,77189291-1,Poaceae,Triticum,turgidum,dicoccoides,False,Triticum dicoccoides,85692
XR_005169683.1,18S ribosomal RNA,rRNA,1812,Triticum turgidum subsp. dicoccoides,77189291-1,Poaceae,Triticum,turgidum,dicoccoides,False,Triticum dicoccoides,85692
XR_007297777.1,18S ribosomal RNA,rRNA,1831,Triticum urartu,426002-1,Poaceae,Triticum,urartu,,False,Triticum urartu,4572
XR_007294284.1,18S ribosomal RNA,rRNA,1812,Triticum urartu,426002-1,Poaceae,Triticum,urartu,,False,Triticum urartu,4572
X00794.1,18S ribosomal RNA,genomic DNA,1968,Zea mays,426810-1,Poaceae,Zea,mays,,False,Zea mays,4577
M10248.1,18S ribosomal RNA,genomic DNA,1967,Zea mays,426810-1,Poaceae,Zea,mays,,False,Zea mays,4577
AF342758.1,18S ribosomal RNA,genomic DNA,1741,Acmopyle pancheri,828258-1,Podocarpaceae,Acmopyle,pancheri,,False,Acmopyle pancheri,58026
AF342759.1,18S ribosomal RNA,genomic DNA,1741,Afrocarpus falcatus,946473-1,Podocarpaceae,Afrocarpus,falcatus,,False,Afrocarpus falcatus,56897
AF342757.1,18S ribosomal RNA,genomic DNA,1741,Afrocarpus gracilior,946474-1,Podocarpaceae,Afrocarpus,gracilior,,False,Afrocarpus gracilior,165205
U87303.1,18S ribosomal RNA,genomic DNA,1734,Dacrycarpus dacrydioides,687947-1,Podocarpaceae,Dacrycarpus,dacrydioides,,False,Dacrycarpus dacrydioides,56888
D38247.1,18S ribosomal RNA,genomic DNA,1733,Dacrycarpus imbricatus,687949-1,Podocarpaceae,Dacrycarpus,imbricatus,,False,Dacrycarpus imbricatus,50181
U87304.1,18S ribosomal RNA,genomic DNA,1735,Dacrydium cupressinum,60471363-2,Podocarpaceae,Dacrydium,cupressinum,,False,Dacrydium cupressinum,56890
AF342756.1,18S ribosomal RNA,genomic DNA,1740,Falcatifolium papuanum,687977-1,Podocarpaceae,Falcatifolium,papuanum,,False,Falcatifolium papuanum,120589
AF342754.1,18S ribosomal RNA,genomic DNA,1693,Halocarpus bidwillii,910729-1,Podocarpaceae,Halocarpus,bidwillii,,False,Halocarpus bidwillii,120591
AF342762.1,18S ribosomal RNA,genomic DNA,1741,Halocarpus biformis,910730-1,Podocarpaceae,Halocarpus,biformis,,False,Halocarpus biformis,120592
U87298.1,18S ribosomal RNA,genomic DNA,1695,Lagarostrobos franklinii,910807-1,Podocarpaceae,Lagarostrobos,franklinii,,False,Lagarostrobos franklinii,56892
AF342755.1,18S ribosomal RNA,genomic DNA,1741,Lepidothamnus laxifolius,910824-1,Podocarpaceae,Lepidothamnus,laxifolius,,False,Lepidothamnus laxifolius,120596
AF342753.1,18S ribosomal RNA,genomic DNA,1740,Manoao colensoi,988952-1,Podocarpaceae,Manoao,colensoi,,False,Manoao colensoi,120598
U87299.1,18S ribosomal RNA,genomic DNA,1733,Microcachrys tetragona,262477-1,Podocarpaceae,Microcachrys,tetragona,,False,Microcachrys tetragona,56894
FJ469989.1,18S ribosomal RNA,genomic DNA,1721,Nageia nagi,262544-1,Podocarpaceae,Nageia,nagi,,False,Nageia nagi,36012
AF342765.1,18S ribosomal RNA,genomic DNA,1742,Parasitaxus usta,687981-1,Podocarpaceae,Parasitaxus,usta,,False,Parasitaxus usta,56899
AF342761.1,18S ribosomal RNA,genomic DNA,1740,Pectinopitys ferruginea,77203782-1,Podocarpaceae,Pectinopitys,ferruginea,,False,Pectinopitys ferruginea,120635
AF342763.1,18S ribosomal RNA,genomic DNA,1740,Pectinopitys harmsiana,77203787-1,Podocarpaceae,Pectinopitys,harmsiana,,False,Pectinopitys harmsiana,165208
AF342764.1,18S ribosomal RNA,genomic DNA,1692,Pectinopitys ladei,77203784-1,Podocarpaceae,Pectinopitys,ladei,,False,Pectinopitys ladei,120637
U87297.1,18S ribosomal RNA,genomic DNA,1733,Pherosphaera fitzgeraldii,106588-3,Podocarpaceae,Pherosphaera,fitzgeraldii,,False,Pherosphaera fitzgeraldii,56896
AF342760.1,18S ribosomal RNA,genomic DNA,1741,Pherosphaera hookeriana,262594-1,Podocarpaceae,Pherosphaera,hookeriana,,False,Microstrobos niphophilus,120599
DQ629434.1,18S ribosomal RNA,genomic DNA,1669,Phyllocladus aspleniifolius,262597-1,Podocarpaceae,Phyllocladus,aspleniifolius,,False,Phyllocladus aspleniifolius,120602
U87300.1,18S ribosomal RNA,genomic DNA,1735,Phyllocladus hypophyllus,262603-1,Podocarpaceae,Phyllocladus,hypophyllus,,False,Phyllocladus hypophyllus,56900
D38244.1,18S ribosomal RNA,genomic DNA,1733,Phyllocladus trichomanoides,262608-1,Podocarpaceae,Phyllocladus,trichomanoides,,False,Phyllocladus trichomanoides,50184
GU476464.1,18S ribosomal RNA,genomic DNA,1621,Podocarpus archboldii,687984-1,Podocarpaceae,Podocarpus,archboldii,,False,Podocarpus archboldii,384972
D38473.1,18S ribosomal RNA,genomic DNA,1733,Podocarpus costalis,263463-1,Podocarpaceae,Podocarpus,costalis,,False,Podocarpus costalis,50186
AF051796.1,18S ribosomal RNA,genomic DNA,1747,Podocarpus elatus,120790-3,Podocarpaceae,Podocarpus,elatus,,False,Podocarpus elatus,75982
GU476465.1,18S ribosomal RNA,genomic DNA,1622,Podocarpus laetus,263509-1,Podocarpaceae,Podocarpus,laetus,,False,Podocarpus cunninghamii,120612
AF342766.1,18S ribosomal RNA,genomic DNA,1741,Podocarpus novae-caledoniae,263549-1,Podocarpaceae,Podocarpus,novae-caledoniae,,False,Podocarpus novae-caledoniae,120626
U87301.1,18S ribosomal RNA,genomic DNA,1734,Podocarpus totara,263597-1,Podocarpaceae,Podocarpus,totara,,False,Podocarpus totara,56901
U87294.1,18S ribosomal RNA,genomic DNA,1687,Saxegothaea conspicua,263728-1,Podocarpaceae,Saxegothaea,conspicua,,False,Saxegothaea conspicua,56905
AF342752.1,18S ribosomal RNA,genomic DNA,1734,Sundacarpus amarus,946466-1,Podocarpaceae,Sundacarpus,amarus,,False,Prumnopitys amara,120640
AF206958.1,18S ribosomal RNA,genomic DNA,1740,Marathrum rubrum,300136-2,Podostemaceae,Marathrum,rubrum,,False,Marathrum rubrum,51598
AY788155.1,18S ribosomal RNA,genomic DNA,1634,Podostemum ceratophyllum,688492-1,Podostemaceae,Podostemum,ceratophyllum,,False,Podostemum ceratophyllum,51604
AY674630.1,18S ribosomal RNA,genomic DNA,1634,Podostemum ceratophyllum,688492-1,Podostemaceae,Podostemum,ceratophyllum,,False,Podostemum ceratophyllum,51604
L49271.1,18S ribosomal RNA,genomic DNA,1728,Acanthogilia gloriosa,271504-2,Polemoniaceae,Acanthogilia,gloriosa,,False,Acanthogilia gloriosa,110324
L49273.1,18S ribosomal RNA,genomic DNA,1735,Bonplandia geminiflora,688703-1,Polemoniaceae,Bonplandia,geminiflora,,False,Bonplandia geminiflora,40759
L49276.1,18S ribosomal RNA,genomic DNA,1677,Cantua quercifolia,688755-1,Polemoniaceae,Cantua,quercifolia,,False,Cantua quercifolia,160047
L49277.1,18S ribosomal RNA,genomic DNA,1677,Cobaea scandens,61922-2,Polemoniaceae,Cobaea,scandens,,False,Cobaea scandens,55380
L49282.1,18S ribosomal RNA,genomic DNA,1747,Gilia capitata,110013-2,Polemoniaceae,Gilia,capitata,,False,Gilia capitata,40770
L49286.1,18S ribosomal RNA,genomic DNA,1727,Ipomopsis aggregata,129820-2,Polemoniaceae,Ipomopsis,aggregata,,False,Ipomopsis aggregata,40742
L49293.1,18S ribosomal RNA,genomic DNA,1677,Phlox hoodii,689752-1,Polemoniaceae,Phlox,hoodii,,False,Phlox hoodii,40755
AJ235996.1,18S ribosomal RNA,genomic DNA,1766,Phlox longifolia,193549-2,Polemoniaceae,Phlox,longifolia,,False,Phlox longifolia,86850
L49294.1,18S ribosomal RNA,genomic DNA,1719,Polemonium californicum,204985-2,Polemoniaceae,Polemonium,californicum,,False,Polemonium californicum,40738
U42797.1,18S ribosomal RNA,genomic DNA,1727,Muraltia pauciflora,690883-1,Polygalaceae,Muraltia,pauciflora,,False,Muraltia pauciflora,292105
PQ541026.1,18S ribosomal RNA,genomic DNA,1935,Polygala tenuifolia,692440-1,Polygalaceae,Polygala,tenuifolia,,True,Polygala tenuifolia,355332
AF207019.1,18S ribosomal RNA,genomic DNA,1739,Securidaca diversifolia,231560-2,Polygalaceae,Securidaca,diversifolia,,False,Securidaca diversifolia,4278
KT459206.1,18S ribosomal RNA,genomic DNA,1809,Senega alba,77321503-1,Polygalaceae,Senega,alba,,False,Senega alba,690755
U42798.1,18S ribosomal RNA,genomic DNA,1739,Coccoloba uvifera,693918-1,Polygonaceae,Coccoloba,uvifera,,False,Coccoloba uvifera,45179
MT318703.1,rrn18,genomic DNA,1902,Fagopyrum esculentum,694526-1,Polygonaceae,Fagopyrum,esculentum,,False,Fagopyrum esculentum,3617
PQ301199.1,18S ribosomal RNA,genomic DNA,1907,Oxyria digyna,694858-1,Polygonaceae,Oxyria,digyna,,False,Oxyria digyna,284366
D29779.1,18S ribosomal RNA,genomic DNA,1730,Persicaria chinensis,60433516-2,Polygonaceae,Persicaria,chinensis,,False,Persicaria chinensis,54804
HQ843436.1,18S ribosomal RNA,genomic DNA,1498,Persicaria virginiana,1129367-2,Polygonaceae,Persicaria,virginiana,,False,Persicaria virginiana,46788
AF206996.1,18S ribosomal RNA,genomic DNA,1730,Polygonum sp.,331872-2,Polygonaceae,Polygonum,,,False,Polygonum sp. Soltis s.n.,120073
EF153702.1,18S ribosomal RNA,genomic DNA,1809,Reynoutria japonica,435655-1,Polygonaceae,Reynoutria,japonica,,False,Reynoutria japonica,488216
MF611851.1,18S ribosomal RNA,genomic DNA,1906,Reynoutria multiflora,696695-1,Polygonaceae,Reynoutria,multiflora,,False,Fallopia multiflora,76025
EF153701.1,18S ribosomal RNA,genomic DNA,1809,Reynoutria multiflora,696695-1,Polygonaceae,Reynoutria,multiflora,,False,Fallopia multiflora,76025
OQ754376.1,rrn18,genomic DNA,1902,Rheum rhabarbarum,301818-2,Polygonaceae,Rheum,rhabarbarum,,False,Rheum rhabarbarum,3621
AF094558.1,18S ribosomal RNA,genomic DNA,1696,Rheum rhaponticum,696786-1,Polygonaceae,Rheum,rhaponticum,,False,Rheum rhaponticum,46087
AF206998.1,18S ribosomal RNA,genomic DNA,1745,Pontederia cordata,283610-2,Pontederiaceae,Pontederia,cordata,,True,Pontederia cordata,44964
AF207000.1,18S ribosomal RNA,genomic DNA,1730,Portulaca grandiflora,208592-2,Portulacaceae,Portulaca,grandiflora,,False,Portulaca grandiflora,3583
GQ497582.1,18S ribosomal RNA,genomic DNA,1801,Posidonia australis,603101-1,Posidoniaceae,Posidonia,australis,,False,Posidonia australis,55488
AY491942.1,18S ribosomal RNA,genomic DNA,1770,Posidonia oceanica,603103-1,Posidoniaceae,Posidonia,oceanica,,False,Posidonia oceanica,55489
LC027443.1,18S ribosomal RNA,genomic DNA,1746,Posidonia oceanica,603103-1,Posidoniaceae,Posidonia,oceanica,,False,Posidonia oceanica,55489
DQ007410.1,18S ribosomal RNA,genomic DNA,1747,Potamogeton berchtoldii,603133-1,Potamogetonaceae,Potamogeton,berchtoldii,,False,Potamogeton berchtoldii,108425
AY952389.1,18S ribosomal RNA,genomic DNA,1783,Potamogeton perfoliatus,208899-2,Potamogetonaceae,Potamogeton,perfoliatus,,False,Potamogeton perfoliatus,55320
MT735336.1,18S ribosomal RNA,genomic DNA,1810,Stuckenia pectinata,77099639-1,Potamogetonaceae,Stuckenia,pectinata,,False,Stuckenia pectinata,55444
JN034104.1,18S ribosomal RNA,genomic DNA,1615,Zannichellia palustris,603593-1,Potamogetonaceae,Zannichellia,palustris,,False,Zannichellia palustris,29654
AY289648.1,18S ribosomal RNA,genomic DNA,1670,Aegiceras corniculatum,586618-1,Primulaceae,Aegiceras,corniculatum,,False,Aegiceras corniculatum,59970
KT179714.1,18S ribosomal RNA,genomic DNA,1809,Androsace occidentalis,13161-2,Primulaceae,Androsace,occidentalis,,False,Androsace occidentalis,522403
AF206847.1,18S ribosomal RNA,genomic DNA,1464,Androsace spinulifera,700445-1,Primulaceae,Androsace,spinulifera,,False,Androsace spinulifera,85164
AJ235997.1,18S ribosomal RNA,genomic DNA,1766,Ardisia crenata,586890-1,Primulaceae,Ardisia,crenata,,False,Ardisia crenata,13345
AJ235998.1,18S ribosomal RNA,genomic DNA,1768,Clavija nutans,913811-1,Primulaceae,Clavija,nutans,,False,Clavija integrifolia,86851
MH908854.1,18S ribosomal RNA,genomic DNA,1827,Cyclamen purpurascens,700772-1,Primulaceae,Cyclamen,purpurascens,,False,Cyclamen purpurascens,87532
MH908850.1,18S ribosomal RNA,genomic DNA,1827,Cyclamen purpurascens,700772-1,Primulaceae,Cyclamen,purpurascens,,False,Cyclamen purpurascens,87532
AF206845.1,18S ribosomal RNA,genomic DNA,1751,Lysimachia tenella,701384-1,Primulaceae,Lysimachia,tenella,,False,Anagallis tenella,85162
KU569493.1,18S ribosomal RNA,genomic DNA,1801,Maesa montana,588882-1,Primulaceae,Maesa,montana,,False,Maesa montana,1885598
L49295.1,18S ribosomal RNA,genomic DNA,1719,Primula sp.,30005261-2,Primulaceae,Primula,,,False,Primula sp. Johnson 95-006,163098
GU476389.1,18S ribosomal RNA,genomic DNA,1620,Austromuellera trinervia,703060-1,Proteaceae,Austromuellera,trinervia,,False,Austromuellera trinervia,83697
GU476387.1,18S ribosomal RNA,genomic DNA,1620,Banksia dentata,703089-1,Proteaceae,Banksia,dentata,,False,Banksia dentata,199764
GU476388.1,18S ribosomal RNA,genomic DNA,1620,Banksia marginata,703136-1,Proteaceae,Banksia,marginata,,False,Banksia marginata,199779
GU476431.1,18S ribosomal RNA,genomic DNA,1604,Buckinghamia celsissima,703236-1,Proteaceae,Buckinghamia,celsissima,,False,Buckinghamia celsissima,83704
GU476429.1,18S ribosomal RNA,genomic DNA,1604,Grevillea papuana,703954-1,Proteaceae,Grevillea,papuana,,False,Grevillea papuana,384960
AF197577.1,18S ribosomal RNA,genomic DNA,1746,Grevillea robusta,50798-3,Proteaceae,Grevillea,robusta,,False,Grevillea robusta,105748
AF193939.1,18S ribosomal RNA,genomic DNA,1672,Grevillea robusta,50798-3,Proteaceae,Grevillea,robusta,,False,Grevillea robusta,105748
L24155.1,18S rRNA,genomic DNA,1761,Knightia excelsa,704692-1,Proteaceae,Knightia,excelsa,,False,Knightia excelsa,35944
AF274597.1,18S ribosomal RNA,genomic DNA,1786,Lambertia inermis,704701-1,Proteaceae,Lambertia,inermis,,False,Lambertia inermis,16969
XR_006135100.1,18S ribosomal RNA,rRNA,1812,Macadamia integrifolia,705192-1,Proteaceae,Macadamia,integrifolia,,False,Macadamia integrifolia,60698
XR_006137170.1,18S ribosomal RNA,rRNA,1811,Macadamia integrifolia,705192-1,Proteaceae,Macadamia,integrifolia,,False,Macadamia integrifolia,60698
GU476432.1,18S ribosomal RNA,genomic DNA,1604,Opisthiolepis heterophylla,705288-1,Proteaceae,Opisthiolepis,heterophylla,,False,Opisthiolepis heterophylla,83731
AF293762.1,18S ribosomal RNA,genomic DNA,1787,Persoonia katerae,958672-1,Proteaceae,Persoonia,katerae,,False,Persoonia katerae,108424
AF293761.1,18S ribosomal RNA,genomic DNA,1787,Petrophile canescens,705518-1,Proteaceae,Petrophile,canescens,,False,Petrophile canescens,108433
L75837.1,18S ribosomal RNA,genomic DNA,1712,Placospermum coriaceum,705576-1,Proteaceae,Placospermum,coriaceum,,False,Placospermum coriaceum,50487
AF094559.1,18S ribosomal RNA,genomic DNA,1691,Roupala montana var. brasiliensis,77094218-1,Proteaceae,Roupala,montana,brasiliensis,False,Roupala macrophylla,83738
XR_006333634.1,18S ribosomal RNA,rRNA,1810,Telopea speciosissima,706840-1,Proteaceae,Telopea,speciosissima,,False,Telopea speciosissima,54955
XR_006333637.1,18S ribosomal RNA,rRNA,1809,Telopea speciosissima,706840-1,Proteaceae,Telopea,speciosissima,,False,Telopea speciosissima,54955
AB233614.1,18S ribosomal RNA,genomic DNA,1736,Drypetes littoralis,345091-1,Putranjivaceae,Drypetes,littoralis,,False,Drypetes littoralis,344434
U42534.1,18S ribosomal RNA,genomic DNA,1738,Putranjiva roxburghii,355114-1,Putranjivaceae,Putranjiva,roxburghii,,False,Putranjiva roxburghii,28504
L24041.1,18S rRNA,genomic DNA,1772,Rafflesia keithii,905074-1,Rafflesiaceae,Rafflesia,keithii,,False,Rafflesia keithii,29758
AY739084.1,18S ribosomal RNA,genomic DNA,1744,Rafflesia keithii,905074-1,Rafflesiaceae,Rafflesia,keithii,,False,Rafflesia keithii,29758
AY739083.1,18S ribosomal RNA,genomic DNA,1691,Rafflesia pricei,905077-1,Rafflesiaceae,Rafflesia,pricei,,False,Rafflesia pricei,59778
AY739085.1,18S ribosomal RNA,genomic DNA,1744,Rafflesia tuan-mudae,316080-1,Rafflesiaceae,Rafflesia,tuan-mudae,,False,Rafflesia tuan-mudae,301895
FJ669711.1,18S ribosomal RNA,genomic DNA,1704,Rafflesia tuan-mudae,316080-1,Rafflesiaceae,Rafflesia,tuan-mudae,,False,Rafflesia tuan-mudae,301895
L24048.2,18S ribosomal RNA,genomic DNA,1786,Rhizanthes infanticida,1020057-1,Rafflesiaceae,Rhizanthes,infanticida,,False,Rhizanthes infanticida,29759
FJ669712.1,18S ribosomal RNA,genomic DNA,1701,Rhizanthes lowii,707091-1,Rafflesiaceae,Rhizanthes,lowii,,False,Rhizanthes lowii,485368
OQ719968.1,18S ribosomal RNA,genomic DNA,1898,Sapria himalayana,316082-1,Rafflesiaceae,Sapria,himalayana,,False,Sapria himalayana,289637
AY739086.1,18S ribosomal RNA,genomic DNA,1741,Sapria himalayana,316082-1,Rafflesiaceae,Sapria,himalayana,,False,Sapria himalayana,289637
AY739087.1,18S ribosomal RNA,genomic DNA,1621,Sapria poilanei,707094-1,Rafflesiaceae,Sapria,poilanei,,False,Sapria poilanei,301893
AY739088.1,18S ribosomal RNA,genomic DNA,1669,Sapria ram,1000395-1,Rafflesiaceae,Sapria,ram,,False,Sapria ram,301894
FJ748878.1,18S ribosomal RNA,genomic DNA,1810,Aconitum carmichaelii,707241-1,Ranunculaceae,Aconitum,carmichaelii,,False,Aconitum carmichaelii,85363
FJ748879.1,18S ribosomal RNA,genomic DNA,1811,Aconitum racemulosum,707750-1,Ranunculaceae,Aconitum,racemulosum,,False,Aconitum racemulosum,215067
AB029380.1,18S ribosomal RNA,genomic DNA,1810,Actaea brachycarpa,1002885-1,Ranunculaceae,Actaea,brachycarpa,,False,Actaea brachycarpa,64028
FJ748871.1,18S ribosomal RNA,genomic DNA,1811,Actaea cimicifuga,707994-1,Ranunculaceae,Actaea,cimicifuga,,False,Actaea cimicifuga,64032
AB029375.1,18S ribosomal RNA,genomic DNA,1810,Actaea cimicifuga,707994-1,Ranunculaceae,Actaea,cimicifuga,,False,Actaea cimicifuga,64032
AB029377.1,18S ribosomal RNA,genomic DNA,1810,Actaea dahurica,707999-1,Ranunculaceae,Actaea,dahurica,,False,Actaea dahurica,64029
AB029376.1,18S ribosomal RNA,genomic DNA,1810,Actaea heracleifolia,1002904-1,Ranunculaceae,Actaea,heracleifolia,,False,Actaea heracleifolia,64034
AB029382.1,18S ribosomal RNA,genomic DNA,1810,Actaea japonica,708008-1,Ranunculaceae,Actaea,japonica,,False,Actaea japonica,64035
AB029381.1,18S ribosomal RNA,genomic DNA,1810,Actaea japonica,708008-1,Ranunculaceae,Actaea,japonica,,False,Actaea japonica,64035
AB029378.1,18S ribosomal RNA,genomic DNA,1810,Actaea nanchuanensis,77154844-1,Ranunculaceae,Actaea,nanchuanensis,,False,Actaea nanchuanensis,99285
AB012612.1,18S ribosomal RNA,genomic DNA,1810,Actaea simplex,708031-1,Ranunculaceae,Actaea,simplex,,False,Actaea simplex,64042
AB029374.1,18S ribosomal RNA,genomic DNA,1810,Actaea simplex,708031-1,Ranunculaceae,Actaea,simplex,,False,Actaea simplex,64042
AB029379.1,18S ribosomal RNA,genomic DNA,1810,Actaea yunnanensis,1002882-1,Ranunculaceae,Actaea,yunnanensis,,False,Actaea yunnanensis,64043
FJ748872.1,18S ribosomal RNA,genomic DNA,1808,Aquilegia vulgaris,306409-2,Ranunculaceae,Aquilegia,vulgaris,,True,Aquilegia vulgaris,3451
FJ748876.1,18S ribosomal RNA,genomic DNA,1810,Clematis armandi,709497-1,Ranunculaceae,Clematis,armandi,,False,Clematis armandi,487159
FJ748877.1,18S ribosomal RNA,genomic DNA,1810,Clematis gratopsis,709741-1,Ranunculaceae,Clematis,gratopsis,,False,Clematis gratopsis,572096
GU476398.1,18S ribosomal RNA,genomic DNA,1620,Clematis horripilata,77140275-1,Ranunculaceae,Clematis,horripilata,,False,Naravelia laurifolia,231673
GU476397.1,18S ribosomal RNA,genomic DNA,1620,Clematis javana,709807-1,Ranunculaceae,Clematis,javana,,False,Clematis javana,384954
FJ748869.1,18S ribosomal RNA,genomic DNA,1809,Clematis montana,709900-1,Ranunculaceae,Clematis,montana,,True,Clematis montana,454322
GU476396.1,18S ribosomal RNA,genomic DNA,1620,Clematis paniculata,709949-1,Ranunculaceae,Clematis,paniculata,,True,Clematis paniculata,384955
FJ748880.1,18S ribosomal RNA,genomic DNA,1809,Coptis chinensis,710313-1,Ranunculaceae,Coptis,chinensis,,False,Coptis chinensis,261450
FJ527842.1,18S ribosomal RNA,genomic DNA,1785,Coptis chinensis,710313-1,Ranunculaceae,Coptis,chinensis,,False,Coptis chinensis,261450
FJ527844.1,18S ribosomal RNA,genomic DNA,1785,Coptis deltoidea,77221743-1,Ranunculaceae,Coptis,deltoidea,,False,Coptis deltoidea,261449
L75838.1,18S ribosomal RNA,genomic DNA,1711,Coptis trifolia,710328-1,Ranunculaceae,Coptis,trifolia,,False,Coptis trifolia,38790
AF094545.1,18S ribosomal RNA,genomic DNA,1696,Glaucidium palmatum,711245-1,Ranunculaceae,Glaucidium,palmatum,,False,Glaucidium palmatum,39106
LC017862.1,18S ribosomal RNA,genomic DNA,1660,Ranunculus ashibetsuensis,936038-1,Ranunculaceae,Ranunculus,ashibetsuensis,,False,Ranunculus nipponicus var. submersus,430047
FJ748881.1,18S ribosomal RNA,genomic DNA,1810,Ranunculus japonicus,712987-1,Ranunculaceae,Ranunculus,japonicus,,False,Ranunculus japonicus,286919
L24092.1,18S ribosomal RNA,genomic DNA,1761,Ranunculus sardous,713757-1,Ranunculaceae,Ranunculus,sardous,,False,Ranunculus sardous,35930
FJ748873.1,18S ribosomal RNA,genomic DNA,1810,Ranunculus sieboldii,713832-1,Ranunculaceae,Ranunculus,sieboldii,,False,Ranunculus sieboldii,376251
D29780.1,18S ribosomal RNA,genomic DNA,1732,Ranunculus taisanensis,713934-1,Ranunculaceae,Ranunculus,taisanensis,,False,Ranunculus taisanensis,54805
FJ748875.1,18S ribosomal RNA,genomic DNA,1811,Thalictrum javanicum,714529-1,Ranunculaceae,Thalictrum,javanicum,,False,Thalictrum javanicum,327930
FJ748874.1,18S ribosomal RNA,genomic DNA,1808,Thalictrum minus subsp. thunbergii,987763-1,Ranunculaceae,Thalictrum,minus,thunbergii,False,Thalictrum minus var. hypoleucum,581030
FJ748883.1,18S ribosomal RNA,genomic DNA,1808,Thalictrum simplex,304708-2,Ranunculaceae,Thalictrum,simplex,,False,Thalictrum simplex,495765
L75839.1,18S ribosomal RNA,genomic DNA,1712,Xanthorhiza simplicissima,715221-1,Ranunculaceae,Xanthorhiza,simplicissima,,False,Xanthorhiza simplicissima,13762
AF070973.1,18S ribosomal RNA,genomic DNA,1707,Reseda alba,715421-1,Resedaceae,Reseda,alba,,False,Reseda alba,28546
KM103389.1,18S ribosomal RNA,genomic DNA,1788,Anarthria sp.,33321-1,Restionaceae,Anarthria,,,False,Anarthria sp. KH-2014,1552338
AF207006.1,18S ribosomal RNA,genomic DNA,1740,Baloskion tetraphyllum,1005476-1,Restionaceae,Baloskion,tetraphyllum,,False,Baloskion tetraphyllum,65600
AF207007.1,18S ribosomal RNA,genomic DNA,1739,Rhabdodendron amazonicum,775038-1,Rhabdodendraceae,Rhabdodendron,amazonicum,,False,Rhabdodendron amazonicum,63102
KC539544.1,18S ribosomal RNA,genomic DNA,1636,Ceanothus americanus,319138-2,Rhamnaceae,Ceanothus,americanus,,False,Ceanothus americanus,54778
KT459182.1,18S ribosomal RNA,genomic DNA,1808,Ceanothus herbaceus,716840-1,Rhamnaceae,Ceanothus,herbaceus,,False,Ceanothus herbaceus,73683
U42799.1,18S ribosomal RNA,genomic DNA,1725,Ceanothus sp.,319138-2,Rhamnaceae,Ceanothus,,,True,Ceanothus sanguineus,32209
AY929374.1,18S ribosomal RNA,genomic DNA,1781,Condaliopsis obtusifolia,717172-1,Rhamnaceae,Condaliopsis,obtusifolia,,False,Sarcomphalus obtusifolius,73717
JF317369.1,18S ribosomal RNA,genomic DNA,1710,Gouania mauritiana,717492-1,Rhamnaceae,Gouania,mauritiana,,False,Gouania mauritiana,106679
JF317371.1,18S ribosomal RNA,genomic DNA,1727,Hovenia tomentella,717565-1,Rhamnaceae,Hovenia,tomentella,,False,Hovenia trichocarpa var. robusta,1008915
AF132891.1,18S ribosomal RNA,genomic DNA,1741,Retanilla trinervia,718084-1,Rhamnaceae,Retanilla,trinervia,,False,Retanilla trinervia,48247
MT735328.1,18S ribosomal RNA,genomic DNA,1808,Rhamnus cathartica,718256-1,Rhamnaceae,Rhamnus,cathartica,,False,Rhamnus cathartica,3610
AJ235979.1,18S ribosomal RNA,genomic DNA,1762,Rhamnus cathartica,718256-1,Rhamnaceae,Rhamnus,cathartica,,False,Rhamnus cathartica,3610
JF317374.1,18S ribosomal RNA,genomic DNA,1712,Rhamnus utilis,718727-1,Rhamnaceae,Rhamnus,utilis,,False,Rhamnus utilis,1037062
OQ165323.1,18S ribosomal RNA,genomic DNA,1937,Ventilago leiocarpa,719136-1,Rhamnaceae,Ventilago,leiocarpa,,False,Ventilago leiocarpa,108868
XR_009639983.1,18S ribosomal RNA,rRNA,1815,Ziziphus jujuba,719213-1,Rhamnaceae,Ziziphus,jujuba,,True,Ziziphus jujuba,326968
XR_009640639.1,18S ribosomal RNA,rRNA,1813,Ziziphus jujuba,719213-1,Rhamnaceae,Ziziphus,jujuba,,True,Ziziphus jujuba,326968
NC_056360.1,rrn18,genomic DNA,1941,Bruguiera  rhynchopetala,77110969-1,Rhizophoraceae,Bruguiera,rhynchopetala,,False,Bruguiera x rhynchopetala,157701
MT130511.1,18S ribosomal RNA,genomic DNA,1941,Bruguiera  rhynchopetala,77110969-1,Rhizophoraceae,Bruguiera,rhynchopetala,,False,Bruguiera x rhynchopetala,157701
AF206875.1,18S ribosomal RNA,genomic DNA,1737,Bruguiera gymnorhiza,719532-1,Rhizophoraceae,Bruguiera,gymnorhiza,,False,Bruguiera gymnorhiza,39984
AB233615.1,18S ribosomal RNA,genomic DNA,1736,Bruguiera gymnorhiza,719532-1,Rhizophoraceae,Bruguiera,gymnorhiza,,False,Bruguiera gymnorhiza,39984
DQ856320.1,18S ribosomal RNA,genomic DNA,1723,Bruguiera sexangula,719546-1,Rhizophoraceae,Bruguiera,sexangula,,False,Bruguiera sexangula,98584
AY289626.1,18S ribosomal RNA,genomic DNA,1670,Bruguiera sexangula,719546-1,Rhizophoraceae,Bruguiera,sexangula,,False,Bruguiera sexangula,98584
FJ707525.1,18S ribosomal RNA,genomic DNA,1795,Carallia brachiata,719554-1,Rhizophoraceae,Carallia,brachiata,,False,Carallia brachiata,61141
AB233616.1,18S ribosomal RNA,genomic DNA,1736,Carallia brachiata,719554-1,Rhizophoraceae,Carallia,brachiata,,False,Carallia brachiata,61141
FJ669713.1,18S ribosomal RNA,genomic DNA,1695,Cassipourea lanceolata,719645-1,Rhizophoraceae,Cassipourea,lanceolata,,False,Cassipourea lanceolata,670081
AY289624.1,18S ribosomal RNA,genomic DNA,1670,Ceriops tagal,719711-1,Rhizophoraceae,Ceriops,tagal,,False,Ceriops tagal,61143
AB233617.1,18S ribosomal RNA,genomic DNA,1736,Crossostylis grandiflora,719724-1,Rhizophoraceae,Crossostylis,grandiflora,,False,Crossostylis grandiflora,61145
AY289625.1,18S ribosomal RNA,genomic DNA,1670,Kandelia candel,719761-1,Rhizophoraceae,Kandelia,candel,,False,Kandelia candel,61147
AY788154.1,18S ribosomal RNA,genomic DNA,1712,Paradrypetes subintegrifolia,306057-2,Rhizophoraceae,Paradrypetes,subintegrifolia,,False,Paradrypetes subintegrifolia,314339
JQ041664.1,18S ribosomal RNA,genomic DNA,1595,Rhizophora  annamalayana,328049-2,Rhizophoraceae,Rhizophora,annamalayana,,False,Rhizophora x annamalayana,1137876
JQ041662.1,18S ribosomal RNA,genomic DNA,1595,Rhizophora apiculata,719801-1,Rhizophoraceae,Rhizophora,apiculata,,False,Rhizophora apiculata,106626
JQ041663.1,18S ribosomal RNA,genomic DNA,1595,Rhizophora mucronata,719830-1,Rhizophoraceae,Rhizophora,mucronata,,False,Rhizophora mucronata,61149
AY289627.1,18S ribosomal RNA,genomic DNA,1671,Rhizophora stylosa,719845-1,Rhizophoraceae,Rhizophora,stylosa,,False,Rhizophora stylosa,98588
GQ497583.1,18S ribosomal RNA,genomic DNA,1800,Ripogonum elseyanum,540404-1,Ripogonaceae,Ripogonum,elseyanum,,False,Ripogonum elseyanum,59115
KP420432.1,18S ribosomal RNA,genomic DNA,1707,Ripogonum elseyanum,540404-1,Ripogonaceae,Ripogonum,elseyanum,,False,Ripogonum elseyanum,59115
KM103406.1,18S ribosomal RNA,genomic DNA,1790,Ripogonum sp.,24713-1,Ripogonaceae,Ripogonum,,,False,Ripogonum sp. KH-2014,1552348
AF207010.1,18S ribosomal RNA,genomic DNA,1744,Roridula gorgonias,322011-1,Roridulaceae,Roridula,gorgonias,,False,Roridula gorgonias,3772
DQ886363.1,18S ribosomal RNA,genomic DNA,1648,Adenostoma fasciculatum,720231-1,Rosaceae,Adenostoma,fasciculatum,,False,Adenostoma fasciculatum,140993
MN905580.1,18S ribosomal RNA,genomic DNA,1808,Amelanchier alnifolia,721172-1,Rosaceae,Amelanchier,alnifolia,,False,Amelanchier alnifolia,32219
MN905579.1,18S ribosomal RNA,genomic DNA,1808,Amelanchier arborea,11133-2,Rosaceae,Amelanchier,arborea,,False,Amelanchier arborea,52521
MN905578.1,18S ribosomal RNA,genomic DNA,1808,Amelanchier asiatica,721178-1,Rosaceae,Amelanchier,asiatica,,False,Amelanchier asiatica,52522
MN905581.1,18S ribosomal RNA,genomic DNA,1808,Amelanchier bartramiana,721182-1,Rosaceae,Amelanchier,bartramiana,,False,Amelanchier bartramiana,35968
MN905582.1,18S ribosomal RNA,genomic DNA,1808,Amelanchier cusickii,11176-2,Rosaceae,Amelanchier,cusickii,,False,Amelanchier cusickii,52524
MN905583.1,18S ribosomal RNA,genomic DNA,1808,Amelanchier fernaldii,11184-2,Rosaceae,Amelanchier,fernaldii,,False,Amelanchier fernaldii,52527
MN905584.1,18S ribosomal RNA,genomic DNA,1808,Amelanchier humilis,11197-2,Rosaceae,Amelanchier,humilis,,False,Amelanchier humilis,52529
MN905585.1,18S ribosomal RNA,genomic DNA,1808,Amelanchier interior,11203-2,Rosaceae,Amelanchier,interior,,False,Amelanchier interior,1143211
MN905586.1,18S ribosomal RNA,genomic DNA,1808,Amelanchier pallida,11228-2,Rosaceae,Amelanchier,pallida,,False,Amelanchier pallida,1768849
MN905587.1,18S ribosomal RNA,genomic DNA,1808,Amelanchier sp.,721182-1,Rosaceae,Amelanchier,,,True,Amelanchier sanguinea,52536
XR_007673437.1,18S ribosomal RNA,rRNA,1830,Argentina anserina,721546-1,Rosaceae,Argentina,anserina,,False,Argentina anserina,57926
XR_007673177.1,18S ribosomal RNA,rRNA,1814,Argentina anserina,721546-1,Rosaceae,Argentina,anserina,,False,Argentina anserina,57926
DQ886364.1,18S ribosomal RNA,genomic DNA,1647,Cercocarpus betuloides,30020599-2,Rosaceae,Cercocarpus,betuloides,,False,Cercocarpus betuloides,140994
OL450371.1,18S ribosomal RNA,genomic DNA,1864,Chaenomeles speciosa,722128-1,Rosaceae,Chaenomeles,speciosa,,False,Chaenomeles speciosa,106546
DQ886365.1,18S ribosomal RNA,genomic DNA,1600,Chamaebatia foliolosa,30342115-2,Rosaceae,Chamaebatia,foliolosa,,True,Chamaebatia foliolosa,140996
DQ886366.1,18S ribosomal RNA,genomic DNA,1648,Chamaebatiaria millefolium,722139-1,Rosaceae,Chamaebatiaria,millefolium,,False,Chamaebatiaria millefolium,32222
OR188192.1,rrn18,genomic DNA,1791,Crataegus maximowiczii,723770-1,Rosaceae,Crataegus,maximowiczii,,False,Crataegus maximowiczii,416289
OR448911.1,rrn18,genomic DNA,1863,Crataegus pinnatifida,724002-1,Rosaceae,Crataegus,pinnatifida,,False,Crataegus pinnatifida,510735
OR448912.1,18S ribosomal RNA,genomic DNA,1863,Crataegus pinnatifida,724002-1,Rosaceae,Crataegus,pinnatifida,,False,Crataegus pinnatifida,510735
OR188194.1,rrn18,genomic DNA,1862,Crataegus pinnatifida var. pinnatifida,77233315-1,Rosaceae,Crataegus,pinnatifida,pinnatifida,False,Crataegus pinnatifida f. major,714459
PX118900.1,rrn18,genomic DNA,1758,Dasiphora fruticosa,724590-1,Rosaceae,Dasiphora,fruticosa,,False,Dasiphora fruticosa,32239
PX118899.1,rrn18,genomic DNA,1758,Dasiphora fruticosa,724590-1,Rosaceae,Dasiphora,fruticosa,,False,Dasiphora fruticosa,32239
PX118906.1,rrn18,genomic DNA,1758,Dasiphora glabra,941995-1,Rosaceae,Dasiphora,glabra,,False,Dasiphora glabra,1429983
PV591332.1,rrn18,genomic DNA,1758,Dasiphora glabra,941995-1,Rosaceae,Dasiphora,glabra,,False,Dasiphora glabra,1429983
JF317365.1,18S ribosomal RNA,genomic DNA,1725,Dryas octopetala,724675-1,Rosaceae,Dryas,octopetala,,False,Dryas octopetala,57948
DQ886367.1,18S ribosomal RNA,genomic DNA,1619,Exochorda racemosa,724870-1,Rosaceae,Exochorda,racemosa,,True,Exochorda racemosa,133206
JF317368.1,18S ribosomal RNA,genomic DNA,1725,Filipendula vulgaris,724945-1,Rosaceae,Filipendula,vulgaris,,True,Filipendula vulgaris,32228
X15590.1,18S ribosomal RNA,genomic DNA,1804,Fragaria  ananassa,30117681-2,Rosaceae,Fragaria,ananassa,,False,Fragaria x ananassa,3747
MW537828.1,18S ribosomal RNA,genomic DNA,1751,Fragaria chiloensis,724988-1,Rosaceae,Fragaria,chiloensis,,False,Fragaria chiloensis,101007
NC_057524.1,rrn18,genomic DNA,1758,Fragaria orientalis,725074-1,Rosaceae,Fragaria,orientalis,,False,Fragaria orientalis,101013
MW464867.1,18S ribosomal RNA,genomic DNA,1758,Fragaria orientalis,725074-1,Rosaceae,Fragaria,orientalis,,False,Fragaria orientalis,101013
MW537826.1,rrn18,genomic DNA,1871,Fragaria tibetica,20003061-1,Rosaceae,Fragaria,tibetica,,False,Fragaria tibetica,538578
NC_062832.1,rrn18,genomic DNA,1871,Fragaria tibetica,20003061-1,Rosaceae,Fragaria,tibetica,,False,Fragaria tibetica,538578
MN905588.1,18S ribosomal RNA,genomic DNA,1808,Gillenia stipulata,1210849-2,Rosaceae,Gillenia,stipulata,,False,Gillenia stipulata,141002
DQ886369.1,18S ribosomal RNA,genomic DNA,1627,Gillenia trifoliata,110547-2,Rosaceae,Gillenia,trifoliata,,False,Gillenia trifoliata,141003
MN905594.1,18S ribosomal RNA,genomic DNA,1808,Hesperomeles cuneata,725471-1,Rosaceae,Hesperomeles,cuneata,,False,Hesperomeles cuneata,2675837
MN905596.1,18S ribosomal RNA,genomic DNA,1808,Hesperomeles ferruginea,725473-1,Rosaceae,Hesperomeles,ferruginea,,False,Hesperomeles ferruginea,2675838
MN905595.1,18S ribosomal RNA,genomic DNA,1808,Hesperomeles goudotiana,120960-2,Rosaceae,Hesperomeles,goudotiana,,False,Hesperomeles goudotiana,2675839
MN905597.1,18S ribosomal RNA,genomic DNA,1808,Hesperomeles obtusifolia var. obtusifolia,77231501-1,Rosaceae,Hesperomeles,obtusifolia,obtusifolia,False,Hesperomeles pernettyoides,2675840
DQ886370.1,18S ribosomal RNA,genomic DNA,1646,Holodiscus discolor,1027403-2,Rosaceae,Holodiscus,discolor,,False,Holodiscus discolor,32230
MN905589.1,18S ribosomal RNA,genomic DNA,1808,Kageneckia angustifolia,725806-1,Rosaceae,Kageneckia,angustifolia,,False,Kageneckia angustifolia,32231
MN905590.1,18S ribosomal RNA,genomic DNA,1808,Kageneckia lanceolata,725810-1,Rosaceae,Kageneckia,lanceolata,,False,Kageneckia lanceolata,1898940
AF132890.1,18S ribosomal RNA,genomic DNA,1740,Kerria japonica,725814-1,Rosaceae,Kerria,japonica,,False,Kerria japonica,120385
DQ886371.1,18S ribosomal RNA,genomic DNA,1647,Lyonothamnus floribundus,30011408-2,Rosaceae,Lyonothamnus,floribundus,,False,Lyonothamnus floribundus,32233
MN905591.1,18S ribosomal RNA,genomic DNA,1808,Malacomeles denticulata,149652-2,Rosaceae,Malacomeles,denticulata,,False,Malacomeles denticulata,36614
XR_011575167.1,18S ribosomal RNA,rRNA,1808,Malus domestica,726282-1,Rosaceae,Malus,domestica,,False,Malus domestica,3750
XR_011575166.1,18S ribosomal RNA,rRNA,1808,Malus domestica,726282-1,Rosaceae,Malus,domestica,,False,Malus domestica,3750
XR_007614348.1,18S ribosomal RNA,rRNA,1808,Malus sylvestris,726415-1,Rosaceae,Malus,sylvestris,,False,Malus sylvestris,3752
XR_007614356.1,18S ribosomal RNA,rRNA,1808,Malus sylvestris,726415-1,Rosaceae,Malus,sylvestris,,False,Malus sylvestris,3752
DQ886381.1,18S ribosomal RNA,genomic DNA,1647,Neillia incisa,60442713-2,Rosaceae,Neillia,incisa,,False,Neillia incisa,190009
JF317372.1,18S ribosomal RNA,genomic DNA,1717,Neillia thibetica,726825-1,Rosaceae,Neillia,thibetica,,False,Neillia thibetica,190006
DQ886372.1,18S ribosomal RNA,genomic DNA,1648,Neviusia alabamensis,726838-1,Rosaceae,Neviusia,alabamensis,,False,Neviusia alabamensis,32235
MN905592.1,18S ribosomal RNA,genomic DNA,1808,Peraphyllum ramosissimum,727220-1,Rosaceae,Peraphyllum,ramosissimum,,False,Peraphyllum ramosissimum,36620
U42800.1,18S ribosomal RNA,genomic DNA,1725,Photinia  fraseri,727384-1,Rosaceae,Photinia,fraseri,,False,Photinia x fraseri,23200
DQ886373.1,18S ribosomal RNA,genomic DNA,1647,Physocarpus opulifolius,1115316-2,Rosaceae,Physocarpus,opulifolius,,True,Physocarpus opulifolius,133202
MT249103.1,18S ribosomal RNA,genomic DNA,1808,Pourthiaea amphidoxa,729371-1,Rosaceae,Pourthiaea,amphidoxa,,False,Pourthiaea amphidoxa,1826815
MT249102.1,18S ribosomal RNA,genomic DNA,1808,Pourthiaea amphidoxa,729371-1,Rosaceae,Pourthiaea,amphidoxa,,False,Pourthiaea amphidoxa,1826815
MT249089.1,18S ribosomal RNA,genomic DNA,1808,Pourthiaea arguta,729370-1,Rosaceae,Pourthiaea,arguta,,False,Pourthiaea arguta,2109368
MT249092.1,18S ribosomal RNA,genomic DNA,1808,Pourthiaea arguta,729370-1,Rosaceae,Pourthiaea,arguta,,False,Pourthiaea arguta,2109368
MT249101.1,18S ribosomal RNA,genomic DNA,1808,Pourthiaea blinii,963411-1,Rosaceae,Pourthiaea,blinii,,False,Pourthiaea blinii,661356
MT249075.1,18S ribosomal RNA,genomic DNA,1808,Pourthiaea blinii,963411-1,Rosaceae,Pourthiaea,blinii,,False,Pourthiaea blinii,661356
MT249072.1,18S ribosomal RNA,genomic DNA,1808,Pourthiaea hirsuta,963414-1,Rosaceae,Pourthiaea,hirsuta,,False,Photinia hirsuta,661359
MT249088.1,18S ribosomal RNA,genomic DNA,1808,Pourthiaea impressivena,963415-1,Rosaceae,Pourthiaea,impressivena,,False,Photinia impressivena,661360
MT249086.1,18S ribosomal RNA,genomic DNA,1808,Pourthiaea pilosicalyx,963419-1,Rosaceae,Pourthiaea,pilosicalyx,,False,Pourthiaea pilosicalyx,2654667
MT249106.1,18S ribosomal RNA,genomic DNA,1808,Pourthiaea sorbifolia,77177653-1,Rosaceae,Pourthiaea,sorbifolia,,False,Photinia sorbifolia,664754
MT249107.1,18S ribosomal RNA,genomic DNA,1808,Pourthiaea tomentosa,77210428-1,Rosaceae,Pourthiaea,tomentosa,,False,Pourthiaea tomentosa,1826816
MT249098.1,18S ribosomal RNA,genomic DNA,1808,Pourthiaea villosa,729390-1,Rosaceae,Pourthiaea,villosa,,True,Pourthiaea villosa,193308
MT249105.1,18S ribosomal RNA,genomic DNA,1808,Pourthiaea villosa,729390-1,Rosaceae,Pourthiaea,villosa,,True,Pourthiaea villosa,193308
DQ886375.1,18S ribosomal RNA,genomic DNA,1648,Prinsepia uniflora,729395-1,Rosaceae,Prinsepia,uniflora,,False,Prinsepia uniflora,32240
XR_004584790.1,18S ribosomal RNA,rRNA,1811,Prunus avium,30093848-2,Rosaceae,Prunus,avium,,True,Prunus dulcis,3755
XR_004584262.1,18S ribosomal RNA,rRNA,1811,Prunus avium,30093848-2,Rosaceae,Prunus,avium,,True,Prunus dulcis,3755
OR398295.1,18S ribosomal RNA,genomic DNA,1863,Prunus davidiana,729634-1,Rosaceae,Prunus,davidiana,,False,Prunus davidiana,151430
L28749.1,18S ribosomal RNA,genomic DNA,1730,Prunus persica,1212858-2,Rosaceae,Prunus,persica,,False,Prunus persica,3760
KT459207.1,18S ribosomal RNA,genomic DNA,1807,Prunus virginiana,30003056-2,Rosaceae,Prunus,virginiana,,False,Prunus virginiana,133204
DQ886377.1,18S ribosomal RNA,genomic DNA,1646,Prunus virginiana,30003056-2,Rosaceae,Prunus,virginiana,,False,Prunus virginiana,133204
DQ886378.1,18S ribosomal RNA,genomic DNA,1647,Purshia tridentata,730458-1,Rosaceae,Purshia,tridentata,,False,Purshia tridentata,32243
XR_007257450.1,18S ribosomal RNA,rRNA,1808,Pyrus bretschneideri,730733-1,Rosaceae,Pyrus,bretschneideri,,False,Pyrus x bretschneideri,225117
XR_007253588.1,18S ribosomal RNA,rRNA,1808,Pyrus bretschneideri,730733-1,Rosaceae,Pyrus,bretschneideri,,False,Pyrus x bretschneideri,225117
XR_011069013.1,18S ribosomal RNA,rRNA,1809,Pyrus communis,30065762-2,Rosaceae,Pyrus,communis,,False,Pyrus communis,23211
XR_011069012.1,18S ribosomal RNA,rRNA,1809,Pyrus communis,30065762-2,Rosaceae,Pyrus,communis,,False,Pyrus communis,23211
DQ886379.1,18S ribosomal RNA,genomic DNA,1647,Rhodotypos scandens,731425-1,Rosaceae,Rhodotypos,scandens,,False,Rhodotypos scandens,32245
XR_002934677.1,18S ribosomal RNA,rRNA,1808,Rosa chinensis,732029-1,Rosaceae,Rosa,chinensis,,True,Rosa chinensis,74649
OP177682.1,18S ribosomal RNA,genomic DNA,1758,Rosa chinensis,732029-1,Rosaceae,Rosa,chinensis,,True,Rosa chinensis,74649
PQ149012.1,rrn18,genomic DNA,1758,Rosa laevigata,733047-1,Rosaceae,Rosa,laevigata,,True,Rosa laevigata,74652
PX109643.1,18S ribosomal RNA,genomic DNA,1763,Rosa roxburghii,734056-1,Rosaceae,Rosa,roxburghii,,False,Rosa roxburghii,74654
XR_009850862.1,18S ribosomal RNA,rRNA,1815,Rosa rugosa,927373-1,Rosaceae,Rosa,rugosa,,False,Rosa rugosa,74645
XR_009850863.1,18S ribosomal RNA,rRNA,1808,Rosa rugosa,927373-1,Rosaceae,Rosa,rugosa,,False,Rosa rugosa,74645
PX091487.1,rrn18,genomic DNA,1765,Rosa xanthina,734748-1,Rosaceae,Rosa,xanthina,,False,Rosa hugonis,267238
PP979625.1,rrn18,genomic DNA,1780,Rubus chingii var. suavissimus,1014389-1,Rosaceae,Rubus,chingii,suavissimus,False,Rubus chingii var. suavissimus,2066563
MG189543.1,rrn18,genomic DNA,1491,Rubus crataegifolius,736083-1,Rosaceae,Rubus,crataegifolius,,False,Rubus crataegifolius,75067
DQ886380.1,18S ribosomal RNA,genomic DNA,1647,Rubus idaeus,298089-2,Rosaceae,Rubus,idaeus,,False,Rubus idaeus,32247
MW238765.1,rrn18,genomic DNA,1491,Rubus setchuenensis,740331-1,Rosaceae,Rubus,setchuenensis,,False,Rubus setchuenensis,421253
JF317375.1,18S ribosomal RNA,genomic DNA,1724,Sanguisorba stipulata,30108956-2,Rosaceae,Sanguisorba,stipulata,,False,Sanguisorba sitchensis,1037063
PQ528001.1,rrn18,genomic DNA,1751,Taihangia rupestris,742654-1,Rosaceae,Taihangia,rupestris,,False,Taihangia rupestris var. ciliata,2509618
KC573080.1,18S ribosomal RNA,genomic DNA,1573,Taihangia rupestris,742654-1,Rosaceae,Taihangia,rupestris,,False,Taihangia rupestris,148910
DQ886382.1,18S ribosomal RNA,genomic DNA,1631,Vauquelinia californica,262736-2,Rosaceae,Vauquelinia,californica,,False,Vauquelinia californica,36600
MN905577.1,18S ribosomal RNA,genomic DNA,1808,Vauquelinia californica subsp. pauciflora,286772-2,Rosaceae,Vauquelinia,californica,pauciflora,False,Vauquelinia pauciflora,2675844
MN905593.1,18S ribosomal RNA,genomic DNA,1808,Vauquelinia californica subsp. sonorensis,286774-2,Rosaceae,Vauquelinia,californica,sonorensis,False,Vauquelinia californica subsp. sonorensis,2675842
MN905576.1,18S ribosomal RNA,genomic DNA,1808,Vauquelinia corymbosa,30131406-2,Rosaceae,Vauquelinia,corymbosa,,False,Vauquelinia corymbosa subsp. heterodon,2675843
GU476390.1,18S ribosomal RNA,genomic DNA,1619,Carpodetus arboreus,790461-1,Rousseaceae,Carpodetus,arboreus,,False,Carpodetus arboreus,384950
GU476391.1,18S ribosomal RNA,genomic DNA,1619,Carpodetus serratus,337084-1,Rousseaceae,Carpodetus,serratus,,False,Carpodetus serratus,54173
GQ983563.1,18S ribosomal RNA,genomic DNA,1697,Carpodetus sp.,14942-1,Rousseaceae,Carpodetus,,,False,Carpodetus sp. Johns 9563,880042
GU476392.1,18S ribosomal RNA,genomic DNA,1619,Cuttsia viburnea,790746-1,Rousseaceae,Cuttsia,viburnea,,False,Cuttsia viburnea,54176
U42548.1,18S ribosomal RNA,genomic DNA,1735,Roussea simplex,793128-1,Rousseaceae,Roussea,simplex,,False,Roussea simplex,39022
KY638651.1,18S ribosomal RNA,genomic DNA,1844,Alberta magna,742988-1,Rubiaceae,Alberta,magna,,False,Alberta magna,73951
KY638652.1,rrn18,genomic DNA,1848,Amphidasya ambigua,11534-2,Rubiaceae,Amphidasya,ambigua,,False,Amphidasya ambigua,61933
KY638653.1,18S ribosomal RNA,genomic DNA,1842,Anthospermum spathulatum,743409-1,Rubiaceae,Anthospermum,spathulatum,,False,Anthospermum spathulatum,1641046
KY638654.1,18S ribosomal RNA,genomic DNA,1848,Argostemma yappii,743844-1,Rubiaceae,Argostemma,yappii,,False,Argostemma yappii,675710
KY638669.1,rrn18,genomic DNA,1848,Atractocarpus confertus,77217692-1,Rubiaceae,Atractocarpus,confertus,,False,Gardenia conferta,1623616
KY638655.1,18S ribosomal RNA,genomic DNA,1848,Augusta austrocaledonica,998200-1,Rubiaceae,Augusta,austrocaledonica,,False,Augusta austrocaledonica,440679
KY638656.1,rrn18,genomic DNA,1848,Bertiera longithyrsa,744457-1,Rubiaceae,Bertiera,longithyrsa,,False,Bertiera longithyrsa,1008956
KY638657.1,18S ribosomal RNA,genomic DNA,1843,Boholia sp.,34238-1,Rubiaceae,Boholia,,,False,Boholia sp. Bicknell 1561A,353836
KY638658.1,rrn18,genomic DNA,1842,Cephalanthus occidentalis,319140-2,Rubiaceae,Cephalanthus,occidentalis,,True,Cephalanthus occidentalis,43461
AJ236021.1,18S ribosomal RNA,genomic DNA,1766,Cephalanthus occidentalis,319140-2,Rubiaceae,Cephalanthus,occidentalis,,True,Cephalanthus occidentalis,43461
PQ963858.1,18S ribosomal RNA,genomic DNA,1844,Cinchona calisaya,746718-1,Rubiaceae,Cinchona,calisaya,,False,Cinchona calisaya,153742
XR_011831287.1,18S ribosomal RNA,rRNA,1848,Coffea arabica,747038-1,Rubiaceae,Coffea,arabica,,False,Coffea arabica,13443
XR_011837841.1,18S ribosomal RNA,rRNA,1817,Coffea arabica,747038-1,Rubiaceae,Coffea,arabica,,False,Coffea arabica,13443
XR_003466482.1,18S ribosomal RNA,rRNA,1809,Coffea eugenioides,747109-1,Rubiaceae,Coffea,eugenioides,,False,Coffea eugenioides,49369
KY638660.1,rrn18,genomic DNA,1848,Colletoecema tortistilum,77211855-1,Rubiaceae,Colletoecema,tortistilum,,False,Colletoecema dewevrei,110689
GU476400.1,18S ribosomal RNA,genomic DNA,1619,Coprosma tenuifolia,747521-1,Rubiaceae,Coprosma,tenuifolia,,False,Coprosma tenuifolia,384984
KY638661.1,rrn18,genomic DNA,1848,Coptosapelta tomentosa,747553-1,Rubiaceae,Coptosapelta,tomentosa,,False,Coptosapelta flavescens,86988
KY638662.1,rrn18,genomic DNA,1849,Craterispermum sp.,34420-1,Rubiaceae,Craterispermum,,,False,Craterispermum sp. 1 Eriksson et al. 999,509954
KY638663.1,rrn18,genomic DNA,1829,Cubanola domingensis,72066-2,Rubiaceae,Cubanola,domingensis,,False,Cubanola domingensis,60141
KY638664.1,18S ribosomal RNA,genomic DNA,1848,Danais xanthorrhoea,748178-1,Rubiaceae,Danais,xanthorrhoea,,False,Danais xanthorrhoea,58423
KY638665.1,18S ribosomal RNA,genomic DNA,1838,Deppea grandiflora,748310-1,Rubiaceae,Deppea,grandiflora,,False,Deppea grandiflora,43474
AF206900.1,18S ribosomal RNA,genomic DNA,1462,Dialypetalanthus fuscescens,78909-2,Rubiaceae,Dialypetalanthus,fuscescens,,False,Dialypetalanthus fuscescens,109611
KY638666.1,18S ribosomal RNA,genomic DNA,1848,Dunnia sinensis,748650-1,Rubiaceae,Dunnia,sinensis,,False,Dunnia sinensis,187337
KC535923.1,18S ribosomal RNA,genomic DNA,1713,Emmenopterys henryi,748742-1,Rubiaceae,Emmenopterys,henryi,,False,Emmenopterys henryi,86990
AJ236028.1,18S ribosomal RNA,genomic DNA,1769,Erithalis fruticosa,315444-2,Rubiaceae,Erithalis,fruticosa,,False,Erithalis fruticosa,43483
KY638667.1,18S ribosomal RNA,genomic DNA,1850,Faramea multiflora,749186-1,Rubiaceae,Faramea,multiflora,,False,Faramea multiflora,58421
KY638668.1,18S ribosomal RNA,genomic DNA,1849,Gaertnera phyllostachya,546310-1,Rubiaceae,Gaertnera,phyllostachya,,False,Gaertnera phyllostachya,509943
KT179717.1,18S ribosomal RNA,genomic DNA,1810,Galium aparine,30007294-2,Rubiaceae,Galium,aparine,,False,Galium aparine,29788
HQ384689.1,18S ribosomal RNA,genomic DNA,1750,Galium aparine,30007294-2,Rubiaceae,Galium,aparine,,False,Galium aparine,29788
KY638670.1,18S ribosomal RNA,genomic DNA,1848,Glionnetia sericea,914057-1,Rubiaceae,Glionnetia,sericea,,False,Glionnetia sericea,979635
KY638671.1,18S ribosomal RNA,genomic DNA,1848,Greenea corymbosa var. oblonga,77134469-1,Rubiaceae,Greenea,corymbosa,oblonga,False,Greenea oblonga,568189
KY638672.1,rrn18,genomic DNA,1842,Guettarda scabra,30058289-2,Rubiaceae,Guettarda,scabra,,False,Guettarda scabra,153753
AJ236029.1,18S ribosomal RNA,genomic DNA,1767,Guettarda uruguensis,114647-2,Rubiaceae,Guettarda,uruguensis,,False,Guettarda uruguensis,43489
KY638673.1,18S ribosomal RNA,genomic DNA,1842,Hillia triflora,947182-1,Rubiaceae,Hillia,triflora,,False,Hillia triflora,43499
KY638674.1,18S ribosomal RNA,genomic DNA,1842,Hymenodictyon parvifolium,753565-1,Rubiaceae,Hymenodictyon,parvifolium,,False,Hymenodictyon parvifolium,170357
KY638675.1,rrn18,genomic DNA,1848,Isertia laevis,278892-2,Rubiaceae,Isertia,laevis,,False,Isertia laevis,61940
AJ236022.1,18S ribosomal RNA,genomic DNA,1767,Ixora coccinea,753844-1,Rubiaceae,Ixora,coccinea,,True,Ixora coccinea,43503
KY638676.1,rrn18,genomic DNA,1848,Ixora hookeri,754042-1,Rubiaceae,Ixora,hookeri,,False,Ixora hookeri,58481
KY638677.1,rrn18,genomic DNA,1848,Ixora parviflora,754319-1,Rubiaceae,Ixora,parviflora,,True,Ixora parviflora,29798
KY638678.1,rrn18,genomic DNA,1848,Jackiopsis ornata,754594-1,Rubiaceae,Jackiopsis,ornata,,False,Jackiopsis ornata,979637
KY638679.1,rrn18,genomic DNA,1843,Kohautia caespitosa,754713-1,Rubiaceae,Kohautia,caespitosa,,False,Kohautia caespitosa,58415
KY638681.1,rrn18,genomic DNA,1848,Luculia pinceana,755399-1,Rubiaceae,Luculia,pinceana,,False,Luculia grandifolia,43510
KC535941.1,18S ribosomal RNA,genomic DNA,1713,Luculia pinceana,755399-1,Rubiaceae,Luculia,pinceana,,False,Luculia pinceana,170349
KY638682.1,rrn18,genomic DNA,1849,Mitchella repens,280970-2,Rubiaceae,Mitchella,repens,,False,Mitchella repens,45181
U42802.1,18S ribosomal RNA,genomic DNA,1716,Mitchella repens,280970-2,Rubiaceae,Mitchella,repens,,False,Mitchella repens,45181
KY638683.1,rrn18,genomic DNA,1848,Mitriostigma axillare,756309-1,Rubiaceae,Mitriostigma,axillare,,False,Mitriostigma axillare,43520
KY638684.1,rrn18,genomic DNA,1849,Morinda citrifolia,756359-1,Rubiaceae,Morinda,citrifolia,,False,Morinda citrifolia,43522
KY638686.1,18S ribosomal RNA,genomic DNA,1848,Mussaenda densiflora,756600-1,Rubiaceae,Mussaenda,densiflora,,False,Mussaenda densiflora,2057164
GU476401.1,18S ribosomal RNA,genomic DNA,1619,Nertera dichondrifolia,757484-1,Rubiaceae,Nertera,dichondrifolia,,False,Nertera dichondrifolia,158868
KY638687.1,rrn18,genomic DNA,1850,Ophiorrhiza mungos,758527-1,Rubiaceae,Ophiorrhiza,mungos,,True,Ophiorrhiza mungos,43537
KM588596.1,18S ribosomal RNA,genomic DNA,1905,Ophiorrhiza pumila,758576-1,Rubiaceae,Ophiorrhiza,pumila,,True,Ophiorrhiza pumila,157934
KY638688.1,18S ribosomal RNA,genomic DNA,1848,Paederia foetida,758897-1,Rubiaceae,Paederia,foetida,,False,Paederia foetida,60087
KY638689.1,18S ribosomal RNA,genomic DNA,1849,Palicourea guianensis,759121-1,Rubiaceae,Palicourea,guianensis,,False,Palicourea guianensis,59596
KY638690.1,18S ribosomal RNA,genomic DNA,1848,Paragenipa lancifolia,915336-1,Rubiaceae,Paragenipa,lancifolia,,False,Paragenipa lancifolia,60151
KY638691.1,18S ribosomal RNA,genomic DNA,1848,Pavetta abyssinica,759491-1,Rubiaceae,Pavetta,abyssinica,,False,Pavetta abyssinica,58467
KY638692.1,rrn18,genomic DNA,1843,Pentas lanceolata,760275-1,Rubiaceae,Pentas,lanceolata,,False,Pentas lanceolata,25385
AJ236027.1,18S ribosomal RNA,genomic DNA,1766,Pentas lanceolata,760275-1,Rubiaceae,Pentas,lanceolata,,False,Pentas lanceolata,25385
KY638693.1,18S ribosomal RNA,genomic DNA,1838,Plocama pendula,760838-1,Rubiaceae,Plocama,pendula,,False,Plocama pendula,58388
KY638694.1,18S ribosomal RNA,genomic DNA,1848,Posoqueria latifolia,1079607-2,Rubiaceae,Posoqueria,latifolia,,False,Posoqueria latifolia,58460
KC535946.1,18S ribosomal RNA,genomic DNA,1713,Posoqueria latifolia,1079607-2,Rubiaceae,Posoqueria,latifolia,,False,Posoqueria latifolia,58460
KY638695.1,rrn18,genomic DNA,1849,Prismatomeris sp.,327883-2,Rubiaceae,Prismatomeris,,,False,Prismatomeris sp. Kainulainen et al. 39,2042815
KY638696.1,rrn18,genomic DNA,1849,Psychotria punctata var. punctata,77170123-1,Rubiaceae,Psychotria,punctata,punctata,False,Psychotria kirkii,43559
KY638697.1,18S ribosomal RNA,genomic DNA,1848,Psydrax obovatus,915416-1,Rubiaceae,Psydrax,obovatus,,False,Psydrax obovatus,164503
KY638698.1,rrn18,genomic DNA,1848,Retiniphyllum pilosum,764628-1,Rubiaceae,Retiniphyllum,pilosum,,False,Retiniphyllum pilosum,60069
KY638699.1,rrn18,genomic DNA,1842,Rondeletia odorata,764967-1,Rubiaceae,Rondeletia,odorata,,False,Rondeletia odorata,61944
AJ236030.1,18S ribosomal RNA,genomic DNA,1768,Rovaeanthus suffrutescens,60435739-2,Rubiaceae,Rovaeanthus,suffrutescens,,False,Rovaeanthus suffrutescens,768893
KY638700.1,rrn18,genomic DNA,1838,Rubia horrida,765264-1,Rubiaceae,Rubia,horrida,,False,Rubia horrida,392998
KY638701.1,rrn18,genomic DNA,1848,Sabicea diversifolia,765844-1,Rubiaceae,Sabicea,diversifolia,,False,Sabicea diversifolia,297012
KY638702.1,rrn18,genomic DNA,1849,Schizocolea linderi,766160-1,Rubiaceae,Schizocolea,linderi,,False,Schizocolea linderi,353847
KY638703.1,18S ribosomal RNA,genomic DNA,1848,Scyphiphora hydrophylacea,73566-3,Rubiaceae,Scyphiphora,hydrophylacea,,False,Scyphiphora hydrophyllacea,86994
AY289646.1,18S ribosomal RNA,genomic DNA,1670,Scyphiphora hydrophylacea,73566-3,Rubiaceae,Scyphiphora,hydrophylacea,,False,Scyphiphora hydrophyllacea,86994
KY638704.1,18S ribosomal RNA,genomic DNA,1848,Sipanea sp.,35355-1,Rubiaceae,Sipanea,,,False,Sipanea sp. Rova et al. 1981,2057177
KY638705.1,rrn18,genomic DNA,1848,Stachyarrhena heterochroa,243092-2,Rubiaceae,Stachyarrhena,heterochroa,,False,Stachyarrhena heterochroa,1570961
KY638706.1,18S ribosomal RNA,genomic DNA,1853,Steenisia pleurocarpa,767109-1,Rubiaceae,Steenisia,pleurocarpa,,False,Steenisia pleurocarpa,353854
KY638707.1,18S ribosomal RNA,genomic DNA,1839,Theligonum cynocrambe,856707-1,Rubiaceae,Theligonum,cynocrambe,,False,Theligonum cynocrambe,35919
KY638708.1,rrn18,genomic DNA,1848,Trailliaedoxa gracilis,767957-1,Rubiaceae,Trailliaedoxa,gracilis,,False,Trailliaedoxa gracilis,1008951
KJ810567.1,18S ribosomal RNA,genomic DNA,1560,Uncaria hirsuta,768253-1,Rubiaceae,Uncaria,hirsuta,,False,Uncaria hirsuta,714512
KJ810568.1,18S ribosomal RNA,genomic DNA,1560,Uncaria hirsuta,768253-1,Rubiaceae,Uncaria,hirsuta,,False,Uncaria hirsuta,714512
KJ810571.1,18S ribosomal RNA,genomic DNA,1560,Uncaria homomalla,768254-1,Rubiaceae,Uncaria,homomalla,,False,Uncaria homomalla,1442760
KJ810570.1,18S ribosomal RNA,genomic DNA,1560,Uncaria lancifolia,768269-1,Rubiaceae,Uncaria,lancifolia,,False,Uncaria lancifolia,1442761
KJ810566.1,18S ribosomal RNA,genomic DNA,1560,Uncaria macrophylla,768275-1,Rubiaceae,Uncaria,macrophylla,,False,Uncaria macrophylla,714513
KJ810565.1,18S ribosomal RNA,genomic DNA,1560,Uncaria macrophylla,768275-1,Rubiaceae,Uncaria,macrophylla,,False,Uncaria macrophylla,714513
OR051900.1,18S ribosomal RNA,genomic DNA,1842,Uncaria rhynchophylla,768297-1,Rubiaceae,Uncaria,rhynchophylla,,False,Uncaria rhynchophylla,43575
KJ810564.1,18S ribosomal RNA,genomic DNA,1560,Uncaria rhynchophylla,768297-1,Rubiaceae,Uncaria,rhynchophylla,,False,Uncaria rhynchophylla,43575
KJ810569.1,18S ribosomal RNA,genomic DNA,1559,Uncaria sessilifructus,768311-1,Rubiaceae,Uncaria,sessilifructus,,False,Uncaria sessilifructus,714514
JN034103.1,18S ribosomal RNA,genomic DNA,1616,Ruppia maritima,224565-2,Ruppiaceae,Ruppia,maritima,,False,Ruppia maritima,29652
PP438605.1,rrn18,genomic DNA,2045,Ruppia sinensis,77142903-1,Ruppiaceae,Ruppia,sinensis,,False,Ruppia sinensis,2690835
NC_088727.1,18S ribosomal RNA,genomic DNA,2045,Ruppia sinensis,77142903-1,Ruppiaceae,Ruppia,sinensis,,False,Ruppia sinensis,2690835
U38312.1,18S ribosomal RNA,genomic DNA,1754,Citrus  aurantium,59600-2,Rutaceae,Citrus,aurantium,,False,Citrus x aurantium,43166
KJ740212.1,18S ribosomal RNA,genomic DNA,1749,Citrus  aurantium,59600-2,Rutaceae,Citrus,aurantium,,False,Citrus x aurantium,43166
XR_008051476.1,18S ribosomal RNA,rRNA,1810,Citrus  aurantium f. aurantium,3287406-4,Rutaceae,Citrus,aurantium,aurantium,False,Citrus sinensis,2711
XR_008051458.1,18S ribosomal RNA,rRNA,1809,Citrus  aurantium f. aurantium,3287406-4,Rutaceae,Citrus,aurantium,aurantium,False,Citrus sinensis,2711
XR_002904495.1,18S ribosomal RNA,rRNA,1810,Citrus  aurantium f. deliciosa,890757-1,Rutaceae,Citrus,aurantium,deliciosa,False,Citrus x clementina,85681
XR_002904492.1,18S ribosomal RNA,rRNA,1809,Citrus  aurantium f. deliciosa,890757-1,Rutaceae,Citrus,aurantium,deliciosa,False,Citrus x clementina,85681
KJ740206.1,18S ribosomal RNA,genomic DNA,1750,Citrus  depressa,771887-1,Rutaceae,Citrus,depressa,,False,Citrus tachibana,200544
KJ740211.1,18S ribosomal RNA,genomic DNA,1745,Citrus  depressa,771887-1,Rutaceae,Citrus,depressa,,False,Citrus nippokoreana,237570
KJ740194.1,18S ribosomal RNA,genomic DNA,1752,Citrus  limon,60454758-2,Rutaceae,Citrus,limon,,False,Citrus medica var. sarcodactylis,381790
KJ740202.1,18S ribosomal RNA,genomic DNA,1748,Citrus  limon,60454758-2,Rutaceae,Citrus,limon,,False,Citrus x limon,2708
KJ740210.1,18S ribosomal RNA,genomic DNA,1745,Citrus cavaleriei,771870-1,Rutaceae,Citrus,cavaleriei,,False,Citrus cavaleriei,2709
KJ740197.1,18S ribosomal RNA,genomic DNA,1747,Citrus maxima,30075266-2,Rutaceae,Citrus,maxima,,False,Citrus maxima,37334
KJ740205.1,18S ribosomal RNA,genomic DNA,1746,Citrus maxima,30075266-2,Rutaceae,Citrus,maxima,,False,Citrus obovoidea,416195
KJ740201.1,18S ribosomal RNA,genomic DNA,1753,Citrus sp.,30022289-2,Rutaceae,Citrus,,,False,Citrus sp. 53,1501993
KJ740200.1,18S ribosomal RNA,genomic DNA,1745,Citrus sp.,30022289-2,Rutaceae,Citrus,,,False,Citrus sp. G51,1429234
KJ740219.1,18S ribosomal RNA,genomic DNA,1750,Citrus trifoliata,772087-1,Rutaceae,Citrus,trifoliata,,False,Citrus trifoliata,37690
AF206997.1,18S ribosomal RNA,genomic DNA,1739,Citrus trifoliata,772087-1,Rutaceae,Citrus,trifoliata,,False,Citrus trifoliata,37690
AF206890.1,18S ribosomal RNA,genomic DNA,1790,Cneorum pulverulentum,813689-1,Rutaceae,Cneorum,pulverulentum,,False,Cneorum pulverulentum,43706
GU476446.1,18S ribosomal RNA,genomic DNA,1619,Haplophyllum bastetanum,77061562-1,Rutaceae,Haplophyllum,bastetanum,,False,Haplophyllum bastetanum,266084
GU476444.1,18S ribosomal RNA,genomic DNA,1619,Melicope simplex,774334-1,Rutaceae,Melicope,simplex,,False,Melicope simplex,384966
PP492705.1,18S ribosomal RNA,genomic DNA,1948,Phellodendron amurense,774774-1,Rutaceae,Phellodendron,amurense,,False,Phellodendron amurense,68554
PV176889.1,rrn18,genomic DNA,1949,Tetradium ruticarpum,909759-1,Rutaceae,Tetradium,ruticarpum,,False,Tetradium ruticarpum,354523
AF206961.1,18S ribosomal RNA,genomic DNA,1737,Meliosma veitchiorum,776355-1,Sabiaceae,Meliosma,veitchiorum,,False,Meliosma veitchiorum,112842
L75840.1,18S ribosomal RNA,genomic DNA,1712,Sabia swinhoei,776468-1,Sabiaceae,Sabia,swinhoei,,False,Sabia swinhoei,50501
AF206836.1,18S ribosomal RNA,genomic DNA,1791,Abatia parviflora,779362-1,Salicaceae,Abatia,parviflora,,False,Abatia parviflora,112815
AB233619.1,18S ribosomal RNA,genomic DNA,1703,Casearia sp.,327084-2,Salicaceae,Casearia,,,False,Casearia sp. Tokuoka NC052,344428
AF206882.1,18S ribosomal RNA,genomic DNA,1742,Casearia sylvestris,274165-2,Salicaceae,Casearia,sylvestris,,False,Casearia sylvestris,112817
AB233620.1,18S ribosomal RNA,genomic DNA,1736,Dovyalis macrocalyx,111563-1,Salicaceae,Dovyalis,macrocalyx,,False,Dovyalis macrocalyx,312437
AY674592.1,18S ribosomal RNA,genomic DNA,1675,Dovyalis rhamnoides,111572-1,Salicaceae,Dovyalis,rhamnoides,,False,Dovyalis rhamnoides,72453
AB233621.1,18S ribosomal RNA,genomic DNA,1692,Flacourtia indica,365348-1,Salicaceae,Flacourtia,indica,,False,Flacourtia indica,210376
AF206912.1,18S ribosomal RNA,genomic DNA,1793,Flacourtia jangomas,365350-1,Salicaceae,Flacourtia,jangomas,,False,Flacourtia jangomas,112819
AY674600.1,18S ribosomal RNA,genomic DNA,1692,Hasseltia sp.,30033346-2,Salicaceae,Hasseltia,,,True,Hasseltia sp. Alford 28,289673
AB233622.1,18S ribosomal RNA,genomic DNA,1703,Homalium foetidum,779788-1,Salicaceae,Homalium,foetidum,,False,Homalium foetidum,344436
AF206936.1,18S ribosomal RNA,genomic DNA,1738,Idesia polycarpa,111768-1,Salicaceae,Idesia,polycarpa,,False,Idesia polycarpa,77057
AB233623.1,18S ribosomal RNA,genomic DNA,1728,Idesia polycarpa,111768-1,Salicaceae,Idesia,polycarpa,,False,Idesia polycarpa,77057
AB233624.1,18S ribosomal RNA,genomic DNA,1736,Lunania parviflora,779887-1,Salicaceae,Lunania,parviflora,,False,Lunania parviflora,312447
AY674631.1,18S ribosomal RNA,genomic DNA,1686,Poliothyrsis sp.,4379-1,Salicaceae,Poliothyrsis,,,False,Poliothyrsis sp. Alford 44,289685
XR_004689093.1,18S ribosomal RNA,rRNA,1809,Populus alba,776573-1,Salicaceae,Populus,alba,,False,Populus alba,43335
XR_004683940.1,18S ribosomal RNA,rRNA,1808,Populus alba,776573-1,Salicaceae,Populus,alba,,False,Populus alba,43335
XR_009839347.1,18S ribosomal RNA,rRNA,1894,Populus nigra,776790-1,Salicaceae,Populus,nigra,,True,Populus nigra,3691
XR_009839364.1,18S ribosomal RNA,rRNA,1853,Populus nigra,776790-1,Salicaceae,Populus,nigra,,True,Populus nigra,3691
AF206999.1,18S ribosomal RNA,genomic DNA,1739,Populus tremuloides,208337-2,Salicaceae,Populus,tremuloides,,False,Populus tremuloides,3693
XR_002979774.1,18S ribosomal RNA,rRNA,1808,Populus tristis,776895-1,Salicaceae,Populus,tristis,,False,Populus trichocarpa,3694
XR_008057362.1,18S ribosomal RNA,rRNA,1808,Populus tristis,776895-1,Salicaceae,Populus,tristis,,False,Populus trichocarpa,3694
AY674632.1,18S ribosomal RNA,genomic DNA,1675,Prockia sp.,30024531-2,Salicaceae,Prockia,,,False,Prockia sp. Alford 85,289686
KT459210.1,18S ribosomal RNA,genomic DNA,1807,Salix interior,777862-1,Salicaceae,Salix,interior,,False,Salix interior,75712
AF207011.1,18S ribosomal RNA,genomic DNA,1743,Salix reticulata,304292-2,Salicaceae,Salix,reticulata,,False,Salix reticulata,75717
ON012191.1,18S ribosomal RNA,genomic DNA,1912,Salix udensis,779086-1,Salicaceae,Salix,udensis,,False,Salix udensis,889485
AB233625.1,18S ribosomal RNA,genomic DNA,1736,Scolopia spinosa,112088-1,Salicaceae,Scolopia,spinosa,,False,Scolopia spinosa,179717
AY674635.1,18S ribosomal RNA,genomic DNA,1687,Scyphostegia borneensis,3287543-4,Salicaceae,Scyphostegia,borneensis,,False,Scyphostegia borneensis,124997
AB233626.1,18S ribosomal RNA,genomic DNA,1703,Xylosma congesta,366060-1,Salicaceae,Xylosma,congesta,,False,Xylosma congesta,344448
GQ497584.1,18S ribosomal RNA,genomic DNA,1795,Salvadora angustifolia,779336-1,Salvadoraceae,Salvadora,angustifolia,,False,Salvadora angustifolia,43543
L24080.2,18S ribosomal RNA,genomic DNA,1805,Antidaphne viscoidea,272393-2,Santalaceae,Antidaphne,viscoidea,,False,Antidaphne viscoidea,36004
L24081.1,18S ribosomal RNA,genomic DNA,1684,Arceuthobium oxycedri,547939-1,Santalaceae,Arceuthobium,oxycedri,,False,Arceuthobium oxycedri,35989
L24082.1,18S ribosomal RNA,genomic DNA,1784,Arceuthobium pendens,17621-2,Santalaceae,Arceuthobium,pendens,,False,Arceuthobium pendens,35990
MW044947.1,18S ribosomal RNA,genomic DNA,1817,Arceuthobium verticilliflorum,17630-2,Santalaceae,Arceuthobium,verticilliflorum,,False,Arceuthobium verticilliflorum,29819
L24042.1,18S ribosomal RNA,genomic DNA,1808,Arceuthobium verticilliflorum,17630-2,Santalaceae,Arceuthobium,verticilliflorum,,False,Arceuthobium verticilliflorum,29819
MT795960.1,18S ribosomal RNA,genomic DNA,1817,Arceuthobium yecorense,272476-2,Santalaceae,Arceuthobium,yecorense,,False,Arceuthobium yecorense,229692
EF464461.1,18S ribosomal RNA,genomic DNA,1798,Choretrum glomeratum,780061-1,Santalaceae,Choretrum,glomeratum,,False,Choretrum glomeratum,449998
KT179720.1,18S ribosomal RNA,genomic DNA,1811,Comandra umbellata,780112-1,Santalaceae,Comandra,umbellata,,False,Comandra umbellata,50119
L24772.1,18S ribosomal RNA,genomic DNA,1759,Comandra umbellata,780112-1,Santalaceae,Comandra,umbellata,,False,Comandra umbellata,50119
EF464462.1,18S ribosomal RNA,genomic DNA,1655,Daenikera corallina,780114-1,Santalaceae,Daenikera,corallina,,False,Daenikera corallina,450001
L24086.1,18S ribosomal RNA,genomic DNA,1765,Dendrophthora clavata,77736-2,Santalaceae,Dendrophthora,clavata,,False,Dendrophthora clavata,3965
L24087.1,18S ribosomal RNA,genomic DNA,1766,Dendrotrophe varians,780144-1,Santalaceae,Dendrotrophe,varians,,False,Dendrotrophe varians,50123
AF039071.1,18S ribosomal RNA,genomic DNA,1749,Dufrenoya sphaerocarpa,780159-1,Santalaceae,Dufrenoya,sphaerocarpa,,False,Dufrenoya sphaerocarpa,70872
L24141.1,18S ribosomal RNA,genomic DNA,1759,Eubrachion ambiguum,97867-2,Santalaceae,Eubrachion,ambiguum,,False,Eubrachion ambiguum,36006
L24142.1,18S ribosomal RNA,genomic DNA,1762,Exocarpos bidwillii,780173-1,Santalaceae,Exocarpos,bidwillii,,False,Exocarpos bidwillii,43239
AF039072.1,18S ribosomal RNA,genomic DNA,1760,Geocaulon lividum,108804-2,Santalaceae,Geocaulon,lividum,,False,Geocaulon lividum,70874
L24144.1,18S ribosomal RNA,genomic DNA,1766,Ginalloa arnottiana,548715-1,Santalaceae,Ginalloa,arnottiana,,False,Ginalloa arnottiana,35998
L24149.2,18S ribosomal RNA,genomic DNA,1765,Korthalsella latissima,548874-1,Santalaceae,Korthalsella,latissima,,False,Korthalsella latissima,74340
L24150.1,18S ribosomal RNA,genomic DNA,1710,Korthalsella lindsayi,548875-1,Santalaceae,Korthalsella,lindsayi,,False,Korthalsella lindsayi,36000
EF464459.1,18S ribosomal RNA,genomic DNA,1798,Lepidoceras chilense,279543-2,Santalaceae,Lepidoceras,chilense,,False,Lepidoceras chilense,55956
EF464460.1,18S ribosomal RNA,genomic DNA,1784,Leptomeria pauciflora,780322-1,Santalaceae,Leptomeria,pauciflora,,False,Leptomeria spinosa,450004
EF464458.1,18S ribosomal RNA,genomic DNA,1669,Leptomeria rubescens,77183634-1,Santalaceae,Leptomeria,rubescens,,False,Spirogardnera rubescens,450008
L24399.1,18S ribosomal RNA,genomic DNA,1765,Nestronia umbellula,169636-2,Santalaceae,Nestronia,umbellula,,False,Nestronia umbellula,350576
L24402.1,18S ribosomal RNA,genomic DNA,1765,Notothixos leiophyllus,550607-1,Santalaceae,Notothixos,leiophyllus,,False,Notothixos leiophyllus,50151
L24403.1,18S ribosomal RNA,genomic DNA,1717,Notothixos subaureus,550614-1,Santalaceae,Notothixos,subaureus,,False,Notothixos subaureus,36002
L24409.1,18S ribosomal RNA,genomic DNA,1801,Osyris lanceolata,780506-1,Santalaceae,Osyris,lanceolata,,False,Osyris lanceolata,23413
U42803.1,18S ribosomal RNA,genomic DNA,1730,Osyris lanceolata,780506-1,Santalaceae,Osyris,lanceolata,,False,Osyris lanceolata,23413
AF039070.1,18S ribosomal RNA,genomic DNA,1705,Phoradendron californicum,550760-1,Santalaceae,Phoradendron,californicum,,False,Phoradendron californicum,70888
L24415.3,18S ribosomal RNA,genomic DNA,1764,Pyrularia pubera,780539-1,Santalaceae,Pyrularia,pubera,,False,Pyrularia pubera,3960
L24416.1,18S ribosomal RNA,genomic DNA,1764,Santalum album,780592-1,Santalaceae,Santalum,album,,False,Santalum album,35974
JQ613224.1,18S ribosomal RNA,genomic DNA,1719,Santalum album,780592-1,Santalaceae,Santalum,album,,False,Santalum album,35974
KY094132.1,18S ribosomal RNA,genomic DNA,1676,Scleropyrum pentandrum,780655-1,Santalaceae,Scleropyrum,pentandrum,,False,Scleropyrum wallichianum,1504490
JQ613225.1,18S ribosomal RNA,genomic DNA,1714,Thesium chinense,780758-1,Santalaceae,Thesium,chinense,,False,Thesium chinense,210367
L24423.1,18S ribosomal RNA,genomic DNA,1759,Thesium impeditum,780907-1,Santalaceae,Thesium,impeditum,,False,Thesium impeditum,50167
L24426.1,18S ribosomal RNA,genomic DNA,1762,Viscum album,300881-2,Santalaceae,Viscum,album,,False,Viscum album,3972
U42821.1,18S ribosomal RNA,genomic DNA,1730,Viscum album,300881-2,Santalaceae,Viscum,album,,False,Viscum album,3972
L24427.1,18S ribosomal RNA,genomic DNA,1750,Viscum articulatum,552269-1,Santalaceae,Viscum,articulatum,,True,Viscum articulatum,50172
JQ613228.1,18S ribosomal RNA,genomic DNA,1718,Viscum articulatum,552269-1,Santalaceae,Viscum,articulatum,,True,Viscum articulatum,50172
JQ613227.1,18S ribosomal RNA,genomic DNA,1719,Viscum coloratum,552303-1,Santalaceae,Viscum,coloratum,,False,Viscum alniformosanae,1248969
KJ146772.1,18S ribosomal RNA,genomic DNA,1949,Viscum crassulae,552317-1,Santalaceae,Viscum,crassulae,,False,Viscum crassulae,1522199
KJ146790.1,rrn18,genomic DNA,2329,Viscum minimum,552444-1,Santalaceae,Viscum,minimum,,False,Viscum minimum,1266557
KT022223.1,18S ribosomal RNA,genomic DNA,1940,Viscum scurruloideum,992479-1,Santalaceae,Viscum,scurruloideum,,False,Viscum scurruloideum,1664545
MN431669.1,18S ribosomal RNA,genomic DNA,1810,Acer amplum subsp. catalpifolium,77091080-1,Sapindaceae,Acer,amplum,catalpifolium,False,Acer amplum subsp. catalpifolium,1642853
MN431670.1,18S ribosomal RNA,genomic DNA,1810,Acer caesium,781246-1,Sapindaceae,Acer,caesium,,False,Acer caesium,171881
MN431677.1,18S ribosomal RNA,genomic DNA,1810,Acer campbellii subsp. flabellatum,873777-1,Sapindaceae,Acer,campbellii,flabellatum,True,Acer flabellatum,291221
MN431671.1,18S ribosomal RNA,genomic DNA,1810,Acer cappadocicum subsp. sinicum,77249741-1,Sapindaceae,Acer,cappadocicum,sinicum,False,Acer cappadocicum subsp. sinicum,198924
MN431673.1,18S ribosomal RNA,genomic DNA,1810,Acer caudatifolium,56624-1,Sapindaceae,Acer,caudatifolium,,False,Acer caudatifolium,171206
MN431672.1,18S ribosomal RNA,genomic DNA,1810,Acer caudatifolium,56624-1,Sapindaceae,Acer,caudatifolium,,False,Acer caudatifolium,171206
MN431675.1,18S ribosomal RNA,genomic DNA,1810,Acer coriaceifolium,56641-1,Sapindaceae,Acer,coriaceifolium,,False,Acer coriaceifolium,1779278
MN431674.1,18S ribosomal RNA,genomic DNA,1810,Acer duplicatoserratum,56650-1,Sapindaceae,Acer,duplicatoserratum,,False,Acer ceriferum,1779277
MN431676.1,18S ribosomal RNA,genomic DNA,1810,Acer fenzelianum,56659-1,Sapindaceae,Acer,fenzelianum,,False,Acer fenzelianum,1895586
MN431678.1,18S ribosomal RNA,genomic DNA,1810,Acer lucidum,56728-1,Sapindaceae,Acer,lucidum,,False,Acer lucidum,392738
MN431679.1,18S ribosomal RNA,genomic DNA,1810,Acer oblongum,781420-1,Sapindaceae,Acer,oblongum,,False,Acer oblongum,57651
MN431680.1,18S ribosomal RNA,genomic DNA,1810,Acer palmatum,927504-1,Sapindaceae,Acer,palmatum,,True,Acer palmatum,66201
MN431681.1,18S ribosomal RNA,genomic DNA,1810,Acer paxii,781443-1,Sapindaceae,Acer,paxii,,False,Acer paxii,168568
MN431682.1,18S ribosomal RNA,genomic DNA,1810,Acer pentaphyllum,56774-1,Sapindaceae,Acer,pentaphyllum,,False,Acer pentaphyllum,134798
MN431683.1,18S ribosomal RNA,genomic DNA,1810,Acer pictum subsp. mono,976224-1,Sapindaceae,Acer,pictum,mono,False,Acer pictum subsp. mono,47963
U42494.1,18S ribosomal RNA,genomic DNA,1729,Acer rubrum,1867-2,Sapindaceae,Acer,rubrum,,False,Acer rubrum,45314
MN431684.1,18S ribosomal RNA,genomic DNA,1810,Acer stachyophyllum,781517-1,Sapindaceae,Acer,stachyophyllum,,False,Acer stachyophyllum subsp. betulifolium,291216
MN431685.1,18S ribosomal RNA,genomic DNA,1810,Acer tataricum subsp. ginnala,77249729-1,Sapindaceae,Acer,tataricum,ginnala,False,Acer tataricum subsp. ginnala,57656
MN431686.1,18S ribosomal RNA,genomic DNA,1810,Acer tataricum subsp. theiferum,77091090-1,Sapindaceae,Acer,tataricum,theiferum,False,Acer tataricum subsp. theiferum,1895587
MN431687.1,18S ribosomal RNA,genomic DNA,1810,Acer yangbiense,70029796-1,Sapindaceae,Acer,yangbiense,,False,Acer yangbiense,1000413
AF206838.1,18S ribosomal RNA,genomic DNA,1745,Aesculus pavia,781619-1,Sapindaceae,Aesculus,pavia,,False,Aesculus pavia,43872
GU476376.1,18S ribosomal RNA,genomic DNA,1620,Alectryon connatus,781646-1,Sapindaceae,Alectryon,connatus,,False,Alectryon connatus,151047
GU476377.1,18S ribosomal RNA,genomic DNA,1620,Alectryon excelsus,781648-1,Sapindaceae,Alectryon,excelsus,,False,Alectryon excelsus,151049
AF206896.1,18S ribosomal RNA,genomic DNA,1728,Cupaniopsis anacardioides,782610-1,Sapindaceae,Cupaniopsis,anacardioides,,False,Cupaniopsis anacardioides,13467
GU476414.1,18S ribosomal RNA,genomic DNA,1620,Dodonaea viscosa,30058367-2,Sapindaceae,Dodonaea,viscosa,,False,Dodonaea viscosa,151065
GU476415.1,18S ribosomal RNA,genomic DNA,1620,Dodonaea viscosa,30058367-2,Sapindaceae,Dodonaea,viscosa,,False,Dodonaea viscosa,151065
GU476416.1,18S ribosomal RNA,genomic DNA,1620,Harpullia cupanioides,783313-1,Sapindaceae,Harpullia,cupanioides,,False,Harpullia cupanioides,222980
U38313.1,18S ribosomal RNA,genomic DNA,1757,Koelreuteria paniculata,783426-1,Sapindaceae,Koelreuteria,paniculata,,False,Koelreuteria paniculata,43168
AF206947.1,18S ribosomal RNA,genomic DNA,1801,Koelreuteria sp.,36452-1,Sapindaceae,Koelreuteria,,,True,Koelreuteria sp. Chase 115,120064
JF759906.1,18S ribosomal RNA,genomic DNA,1816,Litchi chinensis,783539-1,Sapindaceae,Litchi,chinensis,,False,Litchi chinensis,151069
GU476378.1,18S ribosomal RNA,genomic DNA,1620,Pappea capensis,784027-1,Sapindaceae,Pappea,capensis,,True,Pappea capensis,2896783
AF207055.1,18S ribosomal RNA,genomic DNA,1786,Xanthoceras sorbifolium,785606-1,Sapindaceae,Xanthoceras,sorbifolium,,False,Xanthoceras sorbifolium,99658
U43080.1,18S ribosomal RNA,genomic DNA,1807,Manilkara zapota,152641-2,Sapotaceae,Manilkara,zapota,,False,Manilkara zapota,3741
L49288.1,18S ribosomal RNA,genomic DNA,1677,Manilkara zapota,152641-2,Sapotaceae,Manilkara,zapota,,False,Manilkara zapota,3741
GU476466.1,18S ribosomal RNA,genomic DNA,1610,Planchonella costata,788596-1,Sapotaceae,Planchonella,costata,,False,Planchonella costata,384974
GU476467.1,18S ribosomal RNA,genomic DNA,1610,Pleioluma macropoda,77131848-1,Sapotaceae,Pleioluma,macropoda,,False,Pleioluma macropoda,384975
GU476468.1,18S ribosomal RNA,genomic DNA,1610,Xantolis siamensis,790086-1,Sapotaceae,Xantolis,siamensis,,False,Xantolis siamensis,280732
GQ497586.1,18S ribosomal RNA,genomic DNA,1797,Sarcobatus vermiculatus,1102646-2,Sarcobataceae,Sarcobatus,vermiculatus,,False,Sarcobatus vermiculatus,46107
EF116224.1,18S ribosomal RNA,genomic DNA,1738,Sarcolaena sp.,7039-1,Sarcolaenaceae,Sarcolaena,,,False,Sarcolaena sp. Chase 903,82537
U42804.1,18S ribosomal RNA,genomic DNA,1731,Sarracenia purpurea,30030166-2,Sarraceniaceae,Sarracenia,purpurea,,False,Sarracenia purpurea,45176
AF197576.1,18S ribosomal RNA,genomic DNA,1743,Anemopsis californica,677262-1,Saururaceae,Anemopsis,californica,,False,Anemopsis californica,108407
AY572304.1,18S ribosomal RNA,genomic DNA,1702,Anemopsis californica,677262-1,Saururaceae,Anemopsis,californica,,False,Anemopsis californica,108407
AY572308.1,18S ribosomal RNA,genomic DNA,1699,Gymnotheca chinensis,677721-1,Saururaceae,Gymnotheca,chinensis,,False,Gymnotheca chinensis,126643
AY032643.1,18S ribosomal RNA,genomic DNA,1554,Gymnotheca chinensis,677721-1,Saururaceae,Gymnotheca,chinensis,,False,Gymnotheca chinensis,126643
AY572309.1,18S ribosomal RNA,genomic DNA,1708,Gymnotheca involucrata,790189-1,Saururaceae,Gymnotheca,involucrata,,False,Gymnotheca involucrata,126641
AY032644.1,18S ribosomal RNA,genomic DNA,1554,Gymnotheca involucrata,790189-1,Saururaceae,Gymnotheca,involucrata,,False,Gymnotheca involucrata,126641
AF206929.1,18S ribosomal RNA,genomic DNA,1810,Houttuynia cordata,927252-1,Saururaceae,Houttuynia,cordata,,False,Houttuynia cordata,16752
L24147.1,18S ribosomal RNA,genomic DNA,1764,Houttuynia cordata,927252-1,Saururaceae,Houttuynia,cordata,,False,Houttuynia cordata,16752
U42805.1,18S ribosomal RNA,genomic DNA,1736,Saururus cernuus,284624-2,Saururaceae,Saururus,cernuus,,True,Saururus cernuus,13260
AY032646.1,18S ribosomal RNA,genomic DNA,1559,Saururus cernuus,284624-2,Saururaceae,Saururus,cernuus,,True,Saururus cernuus,13260
D29782.1,18S ribosomal RNA,genomic DNA,1731,Saururus chinensis,684080-1,Saururaceae,Saururus,chinensis,,False,Saururus chinensis,54806
AY572303.1,18S ribosomal RNA,genomic DNA,1708,Saururus chinensis,684080-1,Saururaceae,Saururus,chinensis,,False,Saururus chinensis,54806
AB163540.1,18S ribosomal RNA,genomic DNA,1738,Asimitellaria acerina,77217830-1,Saxifragaceae,Asimitellaria,acerina,,False,Asimitellaria acerina,100319
AB163440.1,18S ribosomal RNA,genomic DNA,1730,Asimitellaria acerina,77217830-1,Saxifragaceae,Asimitellaria,acerina,,False,Asimitellaria acerina,100319
AB163443.1,18S ribosomal RNA,genomic DNA,1736,Asimitellaria kiusiana,77217836-1,Saxifragaceae,Asimitellaria,kiusiana,,False,Asimitellaria kiusiana,242207
AB163542.1,18S ribosomal RNA,genomic DNA,1726,Asimitellaria kiusiana,77217836-1,Saxifragaceae,Asimitellaria,kiusiana,,False,Asimitellaria kiusiana,242207
AB163445.1,18S ribosomal RNA,genomic DNA,1805,Asimitellaria pauciflora,77217838-1,Saxifragaceae,Asimitellaria,pauciflora,,False,Asimitellaria pauciflora,100322
AB163543.1,18S ribosomal RNA,genomic DNA,1721,Asimitellaria pauciflora,77217838-1,Saxifragaceae,Asimitellaria,pauciflora,,False,Asimitellaria pauciflora,100322
AB163444.1,18S ribosomal RNA,genomic DNA,1753,Asimitellaria stylosa,77217839-1,Saxifragaceae,Asimitellaria,stylosa,,False,Asimitellaria stylosa,242202
AB163541.1,18S ribosomal RNA,genomic DNA,1724,Asimitellaria stylosa,77217839-1,Saxifragaceae,Asimitellaria,stylosa,,False,Asimitellaria stylosa,242202
U42806.1,18S ribosomal RNA,genomic DNA,1720,Boykinia intermedia,35788-2,Saxifragaceae,Boykinia,intermedia,,False,Boykinia intermedia,45177
PP872155.1,rrn18,genomic DNA,1936,Chrysosplenium forrestii,790589-1,Saxifragaceae,Chrysosplenium,forrestii,,False,Chrysosplenium forrestii,2338905
L28136.1,18S ribosomal RNA,genomic DNA,1744,Chrysosplenium iowense,57978-2,Saxifragaceae,Chrysosplenium,iowense,,False,Chrysosplenium iowense,23243
PP853385.1,rrn18,genomic DNA,1936,Chrysosplenium sinicum,790667-1,Saxifragaceae,Chrysosplenium,sinicum,,False,Chrysosplenium sinicum,61241
PP853445.1,rrn18,genomic DNA,1936,Chrysosplenium zhouzhiense,77211388-1,Saxifragaceae,Chrysosplenium,zhouzhiense,,False,Chrysosplenium zhouzhiense,2810549
L28139.1,18S rRNA,genomic DNA,1740,Heuchera micrantha,30041126-2,Saxifragaceae,Heuchera,micrantha,,False,Heuchera micrantha,3795
U42810.1,18S ribosomal RNA,genomic DNA,1739,Micranthes integrifolia,160042-2,Saxifragaceae,Micranthes,integrifolia,,False,Micranthes integrifolia,3799
U42811.1,18S ribosomal RNA,genomic DNA,1720,Micranthes mertensiana,160048-2,Saxifragaceae,Micranthes,mertensiana,,False,Saxifraga mertensiana,29770
AB163442.1,18S ribosomal RNA,genomic DNA,1773,Mitella nuda,791967-1,Saxifragaceae,Mitella,nuda,,False,Mitella nuda,40798
AB163539.1,18S ribosomal RNA,genomic DNA,1672,Mitella nuda,791967-1,Saxifragaceae,Mitella,nuda,,False,Mitella nuda,40798
U52215.1,18S ribosomal RNA,genomic DNA,1810,Peltoboykinia tellimoides,792156-1,Saxifragaceae,Peltoboykinia,tellimoides,,False,Peltoboykinia tellimoides,29767
AF206984.1,18S ribosomal RNA,genomic DNA,1744,Peltoboykinia tellimoides,792156-1,Saxifragaceae,Peltoboykinia,tellimoides,,False,Peltoboykinia tellimoides,29767
AB163441.1,18S ribosomal RNA,genomic DNA,1773,Spuriomitella integripetala,77217756-1,Saxifragaceae,Spuriomitella,integripetala,,False,Spuriomitella integripetala,242210
AB163538.1,18S ribosomal RNA,genomic DNA,1723,Spuriomitella integripetala,77217756-1,Saxifragaceae,Spuriomitella,integripetala,,False,Spuriomitella integripetala,242210
U42812.1,18S ribosomal RNA,genomic DNA,1734,Sullivantia oregana,794844-1,Saxifragaceae,Sullivantia,oregana,,False,Sullivantia oregana,29773
OR866908.1,18S ribosomal RNA,genomic DNA,1930,Tiarella polyphylla,794898-1,Saxifragaceae,Tiarella,polyphylla,,False,Tiarella polyphylla,61222
AF293763.1,18S ribosomal RNA,genomic DNA,1786,Kadsura japonica,554582-1,Schisandraceae,Kadsura,japonica,,False,Kadsura japonica,105750
AF193937.1,18S ribosomal RNA,genomic DNA,1673,Kadsura japonica,554582-1,Schisandraceae,Kadsura,japonica,,False,Kadsura japonica,105750
L75842.1,18S ribosomal RNA,genomic DNA,1713,Schisandra chinensis,60456331-2,Schisandraceae,Schisandra,chinensis,,False,Schisandra chinensis,50507
AF094561.1,18S ribosomal RNA,genomic DNA,1697,Schisandra chinensis,60456331-2,Schisandraceae,Schisandra,chinensis,,False,Schisandra chinensis,50507
GQ497587.1,18S ribosomal RNA,genomic DNA,1797,Schlegelia violacea,110623-1,Schlegeliaceae,Schlegelia,violacea,,False,Schlegelia violacea,882113
EF464468.1,18S ribosomal RNA,genomic DNA,1665,Arjona tuberosa,780032-1,Schoepfiaceae,Arjona,tuberosa,,False,Arjona tuberosa,449996
EF464469.1,18S ribosomal RNA,genomic DNA,1678,Quinchamalium chilense,780553-1,Schoepfiaceae,Quinchamalium,chilense,,False,Quinchamalium chilense,450006
KP263287.1,18S ribosomal RNA,genomic DNA,1748,Schoepfia chinensis,608356-1,Schoepfiaceae,Schoepfia,chinensis,,False,Schoepfia chinensis,1009504
JQ613226.1,18S ribosomal RNA,genomic DNA,1705,Schoepfia jasminodora,608374-1,Schoepfiaceae,Schoepfia,jasminodora,,False,Schoepfia jasminodora,212711
AF207017.1,18S ribosomal RNA,genomic DNA,1805,Schoepfia schreberi,608391-1,Schoepfiaceae,Schoepfia,schreberi,,False,Schoepfia schreberi,23379
L24418.1,18S ribosomal RNA,genomic DNA,1758,Schoepfia schreberi,608391-1,Schoepfiaceae,Schoepfia,schreberi,,False,Schoepfia schreberi,23379
D85292.1,18S ribosomal RNA,genomic DNA,1733,Sciadopitys verticillata,263735-1,Sciadopityaceae,Sciadopitys,verticillata,,False,Sciadopitys verticillata,28979
MN411428.1,18S ribosomal RNA,genomic DNA,1808,Bontia daphnoides,319112-2,Scrophulariaceae,Bontia,daphnoides,,False,Bontia daphnoides,255891
AF107581.1,18S ribosomal RNA,genomic DNA,1745,Buddleja davidii,545734-1,Scrophulariaceae,Buddleja,davidii,,False,Buddleja davidii,28540
L49275.1,18S ribosomal RNA,genomic DNA,1724,Buddleja davidii,545734-1,Scrophulariaceae,Buddleja,davidii,,False,Buddleja davidii,28540
MN411364.1,18S ribosomal RNA,genomic DNA,1808,Eremophila abietina subsp. abietina,77230830-1,Scrophulariaceae,Eremophila,abietina,abietina,False,Eremophila abietina subsp. abietina,2652667
MN411348.1,18S ribosomal RNA,genomic DNA,1808,Eremophila abietina subsp. ciliata,77081580-1,Scrophulariaceae,Eremophila,abietina,ciliata,False,Eremophila abietina subsp. ciliata,2652472
MN486156.1,18S ribosomal RNA,genomic DNA,1808,Eremophila accrescens,77081368-1,Scrophulariaceae,Eremophila,accrescens,,False,Eremophila accrescens,2724779
MN411516.1,18S ribosomal RNA,genomic DNA,1808,Eremophila acrida,77081480-1,Scrophulariaceae,Eremophila,acrida,,False,Eremophila acrida,2652473
MN411421.1,18S ribosomal RNA,genomic DNA,1808,Eremophila acutifolia,77219564-1,Scrophulariaceae,Eremophila,acutifolia,,False,Diocirea acutifolia,2652453
MN411517.1,18S ribosomal RNA,genomic DNA,1808,Eremophila adenotricha,585100-1,Scrophulariaceae,Eremophila,adenotricha,,False,Eremophila adenotricha,2652474
MN486157.1,18S ribosomal RNA,genomic DNA,1808,Eremophila alatisepala,585101-1,Scrophulariaceae,Eremophila,alatisepala,,False,Eremophila alatisepala,2724780
MN411333.1,18S ribosomal RNA,genomic DNA,1808,Eremophila alternifolia,585103-1,Scrophulariaceae,Eremophila,alternifolia,,False,Eremophila alternifolia,2652475
MN411488.1,18S ribosomal RNA,genomic DNA,1808,Eremophila alternifolia,585103-1,Scrophulariaceae,Eremophila,alternifolia,,False,Eremophila alternifolia,2652475
MN411491.1,18S ribosomal RNA,genomic DNA,1804,Eremophila annosocaulis,77081497-1,Scrophulariaceae,Eremophila,annosocaulis,,False,Eremophila annosocaulis,2652476
MN411604.1,18S ribosomal RNA,genomic DNA,1808,Eremophila anomala,77081548-1,Scrophulariaceae,Eremophila,anomala,,False,Eremophila anomala,2652477
MN411593.1,18S ribosomal RNA,genomic DNA,1808,Eremophila appressa,77081481-1,Scrophulariaceae,Eremophila,appressa,,False,Eremophila appressa,2652478
MN411391.1,18S ribosomal RNA,genomic DNA,1808,Eremophila arachnoides subsp. arachnoides,126138-3,Scrophulariaceae,Eremophila,arachnoides,arachnoides,False,Eremophila arachnoides subsp. arachnoides,2652668
MN411384.1,18S ribosomal RNA,genomic DNA,1808,Eremophila arachnoides subsp. tenera,886873-1,Scrophulariaceae,Eremophila,arachnoides,tenera,False,Eremophila arachnoides subsp. tenera,2652480
MN411581.1,18S ribosomal RNA,genomic DNA,1808,Eremophila arbuscula,77081506-1,Scrophulariaceae,Eremophila,arbuscula,,False,Eremophila arbuscula,2652481
MN411536.1,18S ribosomal RNA,genomic DNA,1808,Eremophila arenaria,77081353-1,Scrophulariaceae,Eremophila,arenaria,,False,Eremophila arenaria,2652482
MN486158.1,18S ribosomal RNA,genomic DNA,1808,Eremophila arguta,77081502-1,Scrophulariaceae,Eremophila,arguta,,False,Eremophila arguta,2724781
MN486159.1,18S ribosomal RNA,genomic DNA,1808,Eremophila attenuata,77081490-1,Scrophulariaceae,Eremophila,attenuata,,False,Eremophila attenuata,2724782
MN411444.1,18S ribosomal RNA,genomic DNA,1808,Eremophila aureivisca,77081354-1,Scrophulariaceae,Eremophila,aureivisca,,False,Eremophila aureivisca,2652483
MN486160.1,18S ribosomal RNA,genomic DNA,1808,Eremophila ballythunnensis,77160915-1,Scrophulariaceae,Eremophila,ballythunnensis,,False,Eremophila ballythunnensis,2724783
MN486161.1,18S ribosomal RNA,genomic DNA,1808,Eremophila barbata,906003-1,Scrophulariaceae,Eremophila,barbata,,False,Eremophila barbata,2724784
MN411513.1,18S ribosomal RNA,genomic DNA,1808,Eremophila battii,585107-1,Scrophulariaceae,Eremophila,battii,,False,Eremophila battii,2652484
MN411331.1,18S ribosomal RNA,genomic DNA,1808,Eremophila battii,585107-1,Scrophulariaceae,Eremophila,battii,,False,Eremophila battii,2652484
MN411571.1,18S ribosomal RNA,genomic DNA,1808,Eremophila behriana,585109-1,Scrophulariaceae,Eremophila,behriana,,False,Eremophila behriana,2652485
MN411562.1,18S ribosomal RNA,genomic DNA,1808,Eremophila bignoniiflora,126541-3,Scrophulariaceae,Eremophila,bignoniiflora,,False,Eremophila bignoniiflora,255894
MN411542.1,18S ribosomal RNA,genomic DNA,1808,Eremophila biserrata,585113-1,Scrophulariaceae,Eremophila,biserrata,,False,Eremophila biserrata,2652486
MN380713.1,18S ribosomal RNA,genomic DNA,1808,Eremophila bowmanii,585114-1,Scrophulariaceae,Eremophila,bowmanii,,False,Eremophila bowmanii,2651908
MN411386.1,18S ribosomal RNA,genomic DNA,1808,Eremophila bowmanii subsp. nutans,965886-1,Scrophulariaceae,Eremophila,bowmanii,nutans,False,Eremophila bowmanii subsp. nutans,2652456
MN411535.1,18S ribosomal RNA,genomic DNA,1808,Eremophila brevifolia,585116-1,Scrophulariaceae,Eremophila,brevifolia,,False,Eremophila brevifolia,2652487
MN411598.1,18S ribosomal RNA,genomic DNA,1808,Eremophila buirchellii,77160772-1,Scrophulariaceae,Eremophila,buirchellii,,False,Eremophila buirchellii,2652488
MN411328.1,18S ribosomal RNA,genomic DNA,1808,Eremophila caespitosa,77081550-1,Scrophulariaceae,Eremophila,caespitosa,,False,Eremophila caespitosa,2652491
MN411524.1,18S ribosomal RNA,genomic DNA,1808,Eremophila calcicola,77160773-1,Scrophulariaceae,Eremophila,calcicola,,False,Eremophila calcicola,2652492
MN486162.1,18S ribosomal RNA,genomic DNA,1808,Eremophila calorhabdos,585119-1,Scrophulariaceae,Eremophila,calorhabdos,,False,Eremophila calorhabdos,2652493
MN411555.1,18S ribosomal RNA,genomic DNA,1808,Eremophila calorhabdos,585119-1,Scrophulariaceae,Eremophila,calorhabdos,,False,Eremophila calorhabdos,2652493
MN411495.1,18S ribosomal RNA,genomic DNA,1808,Eremophila campanulata,77081558-1,Scrophulariaceae,Eremophila,campanulata,,False,Eremophila campanulata,2652494
MN411450.1,18S ribosomal RNA,genomic DNA,1808,Eremophila canaliculata,77081479-1,Scrophulariaceae,Eremophila,canaliculata,,False,Eremophila canaliculata,2652495
MN411452.1,18S ribosomal RNA,genomic DNA,1808,Eremophila caperata,77081328-1,Scrophulariaceae,Eremophila,caperata,,False,Eremophila caperata,2652496
MN411556.1,18S ribosomal RNA,genomic DNA,1808,Eremophila chamaephila,585122-1,Scrophulariaceae,Eremophila,chamaephila,,False,Eremophila chamaephila,2652497
MN486163.1,18S ribosomal RNA,genomic DNA,1808,Eremophila christophori,585124-1,Scrophulariaceae,Eremophila,christophori,,False,Eremophila christophori,2724777
MN486164.1,18S ribosomal RNA,genomic DNA,1808,Eremophila christophori,585124-1,Scrophulariaceae,Eremophila,christophori,,False,Eremophila christophori,2724777
MN411437.1,18S ribosomal RNA,genomic DNA,1808,Eremophila ciliata,77081325-1,Scrophulariaceae,Eremophila,ciliata,,False,Eremophila ciliata,2652498
MN411489.1,18S ribosomal RNA,genomic DNA,1808,Eremophila citrina,77081542-1,Scrophulariaceae,Eremophila,citrina,,False,Eremophila citrina,2652499
MN411506.1,18S ribosomal RNA,genomic DNA,1808,Eremophila clarkei,585125-1,Scrophulariaceae,Eremophila,clarkei,,False,Eremophila clarkei,1806640
MN411544.1,18S ribosomal RNA,genomic DNA,1808,Eremophila clavata,77081336-1,Scrophulariaceae,Eremophila,clavata,,False,Eremophila clavata,2652500
MN411392.1,18S ribosomal RNA,genomic DNA,1808,Eremophila compacta subsp. compacta,77230849-1,Scrophulariaceae,Eremophila,compacta,compacta,False,Eremophila compacta subsp. compacta,2652669
MN411380.1,18S ribosomal RNA,genomic DNA,1808,Eremophila compacta subsp. fecunda,77081538-1,Scrophulariaceae,Eremophila,compacta,fecunda,False,Eremophila compacta subsp. fecunda,2652502
MN411526.1,18S ribosomal RNA,genomic DNA,1808,Eremophila complanata,77081340-1,Scrophulariaceae,Eremophila,complanata,,False,Eremophila complanata,2652503
MN411553.1,18S ribosomal RNA,genomic DNA,1808,Eremophila compressa,929403-1,Scrophulariaceae,Eremophila,compressa,,False,Eremophila compressa,2652504
MN411599.1,18S ribosomal RNA,genomic DNA,1808,Eremophila conferta,77081539-1,Scrophulariaceae,Eremophila,conferta,,False,Eremophila conferta,2652505
MN411447.1,18S ribosomal RNA,genomic DNA,1808,Eremophila conferta,77081539-1,Scrophulariaceae,Eremophila,conferta,,False,Eremophila conferta,2652505
MN411519.1,18S ribosomal RNA,genomic DNA,1808,Eremophila congesta,77081541-1,Scrophulariaceae,Eremophila,congesta,,False,Eremophila congesta,2652506
MN411521.1,18S ribosomal RNA,genomic DNA,1808,Eremophila conglomerata,77081486-1,Scrophulariaceae,Eremophila,conglomerata,,False,Eremophila conglomerata,2652507
MN486198.1,18S ribosomal RNA,genomic DNA,1808,Eremophila cordatisepala,585127-1,Scrophulariaceae,Eremophila,cordatisepala,,False,Eremophila cordatisepala,2724785
MN486165.1,18S ribosomal RNA,genomic DNA,1808,Eremophila crassifolia,585128-1,Scrophulariaceae,Eremophila,crassifolia,,False,Eremophila crassifolia,2652508
MN411425.1,18S ribosomal RNA,genomic DNA,1808,Eremophila crassifolia,585128-1,Scrophulariaceae,Eremophila,crassifolia,,False,Eremophila crassifolia,2652508
MN486166.1,18S ribosomal RNA,genomic DNA,1808,Eremophila crenulata,77081367-1,Scrophulariaceae,Eremophila,crenulata,,False,Eremophila crenulata,2724786
MN411460.1,18S ribosomal RNA,genomic DNA,1808,Eremophila cryptothrix,77081508-1,Scrophulariaceae,Eremophila,cryptothrix,,False,Eremophila cryptothrix,2652509
MN411337.1,18S ribosomal RNA,genomic DNA,1808,Eremophila cuneifolia,585130-1,Scrophulariaceae,Eremophila,cuneifolia,,False,Eremophila cuneifolia,2528942
MN411490.1,18S ribosomal RNA,genomic DNA,1808,Eremophila cuneifolia,585130-1,Scrophulariaceae,Eremophila,cuneifolia,,False,Eremophila cuneifolia,2528942
MN380715.1,18S ribosomal RNA,genomic DNA,1808,Eremophila dalyana,585131-1,Scrophulariaceae,Eremophila,dalyana,,False,Eremophila dalyana,2651909
MN411583.1,18S ribosomal RNA,genomic DNA,1808,Eremophila debilis,964724-1,Scrophulariaceae,Eremophila,debilis,,False,Eremophila debilis,2652510
MN411584.1,18S ribosomal RNA,genomic DNA,1808,Eremophila debilis,964724-1,Scrophulariaceae,Eremophila,debilis,,False,Eremophila debilis,2652510
MN411366.1,18S ribosomal RNA,genomic DNA,1808,Eremophila decipiens subsp. decipiens,77230630-1,Scrophulariaceae,Eremophila,decipiens,decipiens,False,Eremophila decipiens subsp. decipiens,2652671
MN411367.1,18S ribosomal RNA,genomic DNA,1808,Eremophila decipiens subsp. decipiens,77230630-1,Scrophulariaceae,Eremophila,decipiens,decipiens,False,Eremophila decipiens subsp. decipiens,2652671
MN486167.1,18S ribosomal RNA,genomic DNA,1808,Eremophila decipiens subsp. linearifolia,77081573-1,Scrophulariaceae,Eremophila,decipiens,linearifolia,False,Eremophila decipiens subsp. linearifolia,2724952
MN411530.1,18S ribosomal RNA,genomic DNA,1808,Eremophila decussata,77081523-1,Scrophulariaceae,Eremophila,decussata,,False,Eremophila decussata,2652511
MN411528.1,18S ribosomal RNA,genomic DNA,1808,Eremophila delisseri,162084-3,Scrophulariaceae,Eremophila,delisseri,,False,Eremophila delisseri,2652512
MN486196.1,18S ribosomal RNA,genomic DNA,1808,Eremophila demissa,77081544-1,Scrophulariaceae,Eremophila,demissa,,False,Eremophila demissa,2652513
MN411591.1,18S ribosomal RNA,genomic DNA,1808,Eremophila demissa,77081544-1,Scrophulariaceae,Eremophila,demissa,,False,Eremophila demissa,2652513
MN411545.1,18S ribosomal RNA,genomic DNA,1808,Eremophila dempsteri,585134-1,Scrophulariaceae,Eremophila,dempsteri,,False,Eremophila dempsteri,2652514
MN411529.1,18S ribosomal RNA,genomic DNA,1808,Eremophila dendritica,77081525-1,Scrophulariaceae,Eremophila,dendritica,,False,Eremophila dendritica,2652515
MN411404.1,18S ribosomal RNA,genomic DNA,1808,Eremophila densifolia subsp. capitata,77081337-1,Scrophulariaceae,Eremophila,densifolia,capitata,False,Eremophila densifolia subsp. capitata,2652517
MN411399.1,18S ribosomal RNA,genomic DNA,1808,Eremophila densifolia subsp. pubiflora,77081338-1,Scrophulariaceae,Eremophila,densifolia,pubiflora,False,Eremophila densifolia subsp. pubiflora,2652518
MN411345.1,18S ribosomal RNA,genomic DNA,1808,Eremophila denticulata subsp. denticulata,77229996-1,Scrophulariaceae,Eremophila,denticulata,denticulata,False,Eremophila denticulata subsp. denticulata,2652672
MN411347.1,18S ribosomal RNA,genomic DNA,1808,Eremophila denticulata subsp. trisulcata,77081564-1,Scrophulariaceae,Eremophila,denticulata,trisulcata,False,Eremophila denticulata subsp. trisulcata,2652520
MN411558.1,18S ribosomal RNA,genomic DNA,1808,Eremophila deserti,943500-1,Scrophulariaceae,Eremophila,deserti,,False,Eremophila deserti,2652521
MN411550.1,18S ribosomal RNA,genomic DNA,1808,Eremophila deserti,943500-1,Scrophulariaceae,Eremophila,deserti,,False,Eremophila deserti,2652521
MN411548.1,18S ribosomal RNA,genomic DNA,1808,Eremophila dichroantha,585137-1,Scrophulariaceae,Eremophila,dichroantha,,False,Eremophila dichroantha,2652522
MN411400.1,18S ribosomal RNA,genomic DNA,1808,Eremophila divaricata subsp. divaricata,168481-3,Scrophulariaceae,Eremophila,divaricata,divaricata,False,Eremophila divaricata subsp. divaricata,2652674
MN411427.1,18S ribosomal RNA,genomic DNA,1808,Eremophila drummondii,585140-1,Scrophulariaceae,Eremophila,drummondii,,False,Eremophila drummondii,2652523
MN411502.1,18S ribosomal RNA,genomic DNA,1808,Eremophila duttonii,585141-1,Scrophulariaceae,Eremophila,duttonii,,False,Eremophila duttonii,2652524
MN411522.1,18S ribosomal RNA,genomic DNA,1808,Eremophila duttonii,585141-1,Scrophulariaceae,Eremophila,duttonii,,False,Eremophila duttonii,2652524
MN486168.1,18S ribosomal RNA,genomic DNA,1808,Eremophila elderi,585143-1,Scrophulariaceae,Eremophila,elderi,,False,Eremophila elderi,2724787
MN411486.1,18S ribosomal RNA,genomic DNA,1808,Eremophila enata,77081356-1,Scrophulariaceae,Eremophila,enata,,False,Eremophila enata,2652525
MN411326.1,18S ribosomal RNA,genomic DNA,1808,Eremophila eriocalyx,585144-1,Scrophulariaceae,Eremophila,eriocalyx,,False,Eremophila eriocalyx,2652526
MN411469.1,18S ribosomal RNA,genomic DNA,1808,Eremophila exilifolia,585145-1,Scrophulariaceae,Eremophila,exilifolia,,False,Eremophila exilifolia,2652527
MN411470.1,18S ribosomal RNA,genomic DNA,1808,Eremophila falcata,585147-1,Scrophulariaceae,Eremophila,falcata,,False,Eremophila falcata,2652528
MN486169.1,18S ribosomal RNA,genomic DNA,1808,Eremophila fallax,77081321-1,Scrophulariaceae,Eremophila,fallax,,False,Eremophila fallax,2652529
MN411564.1,18S ribosomal RNA,genomic DNA,1808,Eremophila fallax,77081321-1,Scrophulariaceae,Eremophila,fallax,,False,Eremophila fallax,2652529
MN411451.1,18S ribosomal RNA,genomic DNA,1808,Eremophila fasciata,77081529-1,Scrophulariaceae,Eremophila,fasciata,,False,Eremophila fasciata,2652530
MN411483.1,18S ribosomal RNA,genomic DNA,1808,Eremophila flabellata,77081489-1,Scrophulariaceae,Eremophila,flabellata,,False,Eremophila flabellata,2652531
MN411390.1,18S ribosomal RNA,genomic DNA,1808,Eremophila flaccida subsp. attenuata,77081584-1,Scrophulariaceae,Eremophila,flaccida,attenuata,False,Eremophila flaccida subsp. attenuata,2652533
MN411410.1,18S ribosomal RNA,genomic DNA,1808,Eremophila flaccida subsp. flaccida,77227220-1,Scrophulariaceae,Eremophila,flaccida,flaccida,False,Eremophila flaccida subsp. flaccida,2652675
MN411472.1,18S ribosomal RNA,genomic DNA,1808,Eremophila foliosissima,585149-1,Scrophulariaceae,Eremophila,foliosissima,,False,Eremophila foliosissima,2652534
MN411381.1,18S ribosomal RNA,genomic DNA,1808,Eremophila forrestii subsp. capensis,77081533-1,Scrophulariaceae,Eremophila,forrestii,capensis,False,Eremophila forrestii subsp. capensis,2652457
MN411352.1,18S ribosomal RNA,genomic DNA,1808,Eremophila forrestii subsp. forrestii,77230447-1,Scrophulariaceae,Eremophila,forrestii,forrestii,False,Eremophila forrestii subsp. forrestii,2529244
MN486170.1,18S ribosomal RNA,genomic DNA,1808,Eremophila forrestii subsp. viridis,77081535-1,Scrophulariaceae,Eremophila,forrestii,viridis,False,Eremophila forrestii subsp. viridis,2724953
MN411411.1,18S ribosomal RNA,genomic DNA,1808,Eremophila fraseri subsp. fraseri,77230149-1,Scrophulariaceae,Eremophila,fraseri,fraseri,False,Eremophila fraseri subsp. fraseri,2652676
MN411415.1,18S ribosomal RNA,genomic DNA,1808,Eremophila fraseri subsp. fraseri,77230149-1,Scrophulariaceae,Eremophila,fraseri,fraseri,False,Eremophila fraseri subsp. fraseri,2652676
MN411416.1,18S ribosomal RNA,genomic DNA,1808,Eremophila fraseri subsp. parva,77081581-1,Scrophulariaceae,Eremophila,fraseri,parva,False,Eremophila fraseri subsp. parva,2652536
MN411616.1,18S ribosomal RNA,genomic DNA,1808,Eremophila freelingii,585152-1,Scrophulariaceae,Eremophila,freelingii,,False,Eremophila freelingii,2652537
MN411566.1,18S ribosomal RNA,genomic DNA,1808,Eremophila freelingii,585152-1,Scrophulariaceae,Eremophila,freelingii,,False,Eremophila freelingii,2652537
MN411494.1,18S ribosomal RNA,genomic DNA,1808,Eremophila galeata,77081582-1,Scrophulariaceae,Eremophila,galeata,,False,Eremophila galeata,2652538
MN411590.1,18S ribosomal RNA,genomic DNA,1808,Eremophila galeata,77081582-1,Scrophulariaceae,Eremophila,galeata,,False,Eremophila galeata,2652538
MN411473.1,18S ribosomal RNA,genomic DNA,1808,Eremophila georgei,585153-1,Scrophulariaceae,Eremophila,georgei,,False,Eremophila georgei,2652539
MN411503.1,18S ribosomal RNA,genomic DNA,1808,Eremophila gibbifolia,585155-1,Scrophulariaceae,Eremophila,gibbifolia,,False,Eremophila gibbifolia,2652540
MN411572.1,18S ribosomal RNA,genomic DNA,1808,Eremophila gibbifolia,585155-1,Scrophulariaceae,Eremophila,gibbifolia,,False,Eremophila gibbifolia,2652540
MN411547.1,18S ribosomal RNA,genomic DNA,1808,Eremophila gibbosa,585154-1,Scrophulariaceae,Eremophila,gibbosa,,False,Eremophila gibbosa,2652541
MN411509.1,18S ribosomal RNA,genomic DNA,1808,Eremophila gibsonii,585156-1,Scrophulariaceae,Eremophila,gibsonii,,False,Eremophila gibsonii,2652542
MN411357.1,18S ribosomal RNA,genomic DNA,1808,Eremophila gilesii subsp. gilesii,163391-3,Scrophulariaceae,Eremophila,gilesii,gilesii,False,Eremophila gilesii subsp. gilesii,2652678
MN411369.1,18S ribosomal RNA,genomic DNA,1808,Eremophila gilesii subsp. gilesii,163391-3,Scrophulariaceae,Eremophila,gilesii,gilesii,False,Eremophila gilesii subsp. gilesii,2652678
MN486171.1,18S ribosomal RNA,genomic DNA,1808,Eremophila gilesii subsp. variabilis,77081357-1,Scrophulariaceae,Eremophila,gilesii,variabilis,False,Eremophila gilesii subsp. variabilis,2724954
MN486172.1,18S ribosomal RNA,genomic DNA,1808,Eremophila glabra,163393-3,Scrophulariaceae,Eremophila,glabra,,False,Eremophila glabra,572236
MN486191.1,18S ribosomal RNA,genomic DNA,1808,Eremophila glabra,163393-3,Scrophulariaceae,Eremophila,glabra,,False,Eremophila glabra,572236
MN411398.1,18S ribosomal RNA,genomic DNA,1808,Eremophila glabra subsp. albicans,77081566-1,Scrophulariaceae,Eremophila,glabra,albicans,False,Eremophila glabra subsp. albicans,2652458
MN411387.1,18S ribosomal RNA,genomic DNA,1808,Eremophila glabra subsp. carnosa,77081602-1,Scrophulariaceae,Eremophila,glabra,carnosa,False,Eremophila glabra subsp. carnosa,2652459
MN411375.1,18S ribosomal RNA,genomic DNA,1808,Eremophila glabra subsp. chlorella,77081568-1,Scrophulariaceae,Eremophila,glabra,chlorella,False,Eremophila glabra subsp. chlorella,2652460
MN411402.1,18S ribosomal RNA,genomic DNA,1808,Eremophila glabra subsp. glabra,163402-3,Scrophulariaceae,Eremophila,glabra,glabra,False,Eremophila glabra subsp. glabra,572237
MN411359.1,18S ribosomal RNA,genomic DNA,1808,Eremophila glabra subsp. glabra,163402-3,Scrophulariaceae,Eremophila,glabra,glabra,False,Eremophila glabra subsp. glabra,572237
MN411498.1,18S ribosomal RNA,genomic DNA,1808,Eremophila glandulifera,77081536-1,Scrophulariaceae,Eremophila,glandulifera,,False,Eremophila glandulifera,2652543
MN411477.1,18S ribosomal RNA,genomic DNA,1808,Eremophila glutinosa,585159-1,Scrophulariaceae,Eremophila,glutinosa,,False,Eremophila glutinosa,2652544
MN411394.1,18S ribosomal RNA,genomic DNA,1808,Eremophila goodwinii subsp. ecapitata,77081369-1,Scrophulariaceae,Eremophila,goodwinii,ecapitata,False,Eremophila goodwinii subsp. ecapitata,2652546
MN411449.1,18S ribosomal RNA,genomic DNA,1808,Eremophila grandiflora,77090604-1,Scrophulariaceae,Eremophila,grandiflora,,False,Eremophila grandiflora,2652547
MN411500.1,18S ribosomal RNA,genomic DNA,1808,Eremophila granitica,585163-1,Scrophulariaceae,Eremophila,granitica,,False,Eremophila granitica,2652548
MN411446.1,18S ribosomal RNA,genomic DNA,1808,Eremophila hillii,585165-1,Scrophulariaceae,Eremophila,hillii,,False,Eremophila hillii,2652549
MN486174.1,18S ribosomal RNA,genomic DNA,1808,Eremophila hillii,585165-1,Scrophulariaceae,Eremophila,hillii,,False,Eremophila hillii,2652549
MN486200.1,18S ribosomal RNA,genomic DNA,1808,Eremophila hispida,77081552-1,Scrophulariaceae,Eremophila,hispida,,False,Eremophila hispida,2724788
MN411461.1,18S ribosomal RNA,genomic DNA,1808,Eremophila homoplastica,585166-1,Scrophulariaceae,Eremophila,homoplastica,,False,Eremophila homoplastica,2652550
MN411344.1,18S ribosomal RNA,genomic DNA,1808,Eremophila hughesii subsp. hughesii,77230170-1,Scrophulariaceae,Eremophila,hughesii,hughesii,False,Eremophila hughesii subsp. hughesii,2652680
MN411361.1,18S ribosomal RNA,genomic DNA,1808,Eremophila hughesii subsp. hughesii,77230170-1,Scrophulariaceae,Eremophila,hughesii,hughesii,False,Eremophila hughesii subsp. hughesii,2652680
MN411596.1,18S ribosomal RNA,genomic DNA,1808,Eremophila humilis,77081559-1,Scrophulariaceae,Eremophila,humilis,,False,Eremophila humilis,2652551
MN411497.1,18S ribosomal RNA,genomic DNA,1808,Eremophila hygrophana,77081528-1,Scrophulariaceae,Eremophila,hygrophana,,False,Eremophila hygrophana,2652552
MN411594.1,18S ribosomal RNA,genomic DNA,1808,Eremophila incisa,77081488-1,Scrophulariaceae,Eremophila,incisa,,False,Eremophila incisa,2652553
MN411440.1,18S ribosomal RNA,genomic DNA,1808,Eremophila inflata,585170-1,Scrophulariaceae,Eremophila,inflata,,False,Calamphoreus inflatus,2652452
MN411395.1,18S ribosomal RNA,genomic DNA,1808,Eremophila interstans subsp. interstans,77230454-1,Scrophulariaceae,Eremophila,interstans,interstans,False,Eremophila interstans subsp. interstans,2652681
MN411382.1,18S ribosomal RNA,genomic DNA,1808,Eremophila interstans subsp. virgata,77081326-1,Scrophulariaceae,Eremophila,interstans,virgata,False,Eremophila interstans subsp. virgata,2652462
MN411501.1,18S ribosomal RNA,genomic DNA,1808,Eremophila ionantha,585172-1,Scrophulariaceae,Eremophila,ionantha,,False,Eremophila ionantha,2652554
MN411353.1,18S ribosomal RNA,genomic DNA,1808,Eremophila jucunda subsp. jucunda,77227192-1,Scrophulariaceae,Eremophila,jucunda,jucunda,False,Eremophila jucunda subsp. jucunda,2652682
MN411414.1,18S ribosomal RNA,genomic DNA,1808,Eremophila jucunda subsp. pulcherrima,77081546-1,Scrophulariaceae,Eremophila,jucunda,pulcherrima,False,Eremophila jucunda subsp. pulcherrima,2652556
MN411432.1,18S ribosomal RNA,genomic DNA,1808,Eremophila koobabbiensis,77117753-1,Scrophulariaceae,Eremophila,koobabbiensis,,False,Eremophila koobabbiensis,2652557
MN411507.1,18S ribosomal RNA,genomic DNA,1808,Eremophila laanii,585175-1,Scrophulariaceae,Eremophila,laanii,,False,Eremophila laanii,2652558
MN411479.1,18S ribosomal RNA,genomic DNA,1808,Eremophila lachnocalyx,585176-1,Scrophulariaceae,Eremophila,lachnocalyx,,False,Eremophila lachnocalyx,2652559
MN411605.1,18S ribosomal RNA,genomic DNA,1808,Eremophila lactea,929404-1,Scrophulariaceae,Eremophila,lactea,,False,Eremophila lactea,2652560
MN411592.1,18S ribosomal RNA,genomic DNA,1808,Eremophila lanceolata,77081360-1,Scrophulariaceae,Eremophila,lanceolata,,False,Eremophila lanceolata,2528944
MN411412.1,18S ribosomal RNA,genomic DNA,1808,Eremophila latrobei subsp. filiformis,77081537-1,Scrophulariaceae,Eremophila,latrobei,filiformis,False,Eremophila latrobei subsp. filiformis,2528946
MN411405.1,18S ribosomal RNA,genomic DNA,1808,Eremophila latrobei subsp. glabra,967756-1,Scrophulariaceae,Eremophila,latrobei,glabra,False,Eremophila latrobei subsp. glabra,2652463
MN411341.1,18S ribosomal RNA,genomic DNA,1808,Eremophila latrobei subsp. latrobei,168488-3,Scrophulariaceae,Eremophila,latrobei,latrobei,False,Eremophila latrobei subsp. latrobei,2652683
MN411355.1,18S ribosomal RNA,genomic DNA,1808,Eremophila latrobei subsp. latrobei,168488-3,Scrophulariaceae,Eremophila,latrobei,latrobei,False,Eremophila latrobei subsp. latrobei,2652683
MN411539.1,18S ribosomal RNA,genomic DNA,1808,Eremophila lehmanniana,908717-1,Scrophulariaceae,Eremophila,lehmanniana,,False,Eremophila lehmanniana,2652561
MN411481.1,18S ribosomal RNA,genomic DNA,1808,Eremophila linearis,585181-1,Scrophulariaceae,Eremophila,linearis,,False,Eremophila linearis,2652562
MN411511.1,18S ribosomal RNA,genomic DNA,1808,Eremophila linsmithii,585182-1,Scrophulariaceae,Eremophila,linsmithii,,False,Eremophila linsmithii,2652563
MN411586.1,18S ribosomal RNA,genomic DNA,1808,Eremophila longifolia,163820-3,Scrophulariaceae,Eremophila,longifolia,,False,Eremophila longifolia,2528947
MN411563.1,18S ribosomal RNA,genomic DNA,1808,Eremophila longifolia,163820-3,Scrophulariaceae,Eremophila,longifolia,,False,Eremophila longifolia,2528947
MN411585.1,18S ribosomal RNA,genomic DNA,1808,Eremophila lucida,77081585-1,Scrophulariaceae,Eremophila,lucida,,False,Eremophila lucida,2652564
MN411575.1,18S ribosomal RNA,genomic DNA,1808,Eremophila macdonnellii,163845-3,Scrophulariaceae,Eremophila,macdonnellii,,False,Eremophila macdonnellii,378412
MN486175.1,18S ribosomal RNA,genomic DNA,1808,Eremophila macgillivrayi,585185-1,Scrophulariaceae,Eremophila,macgillivrayi,,False,Eremophila macgillivrayi,2724789
MN411388.1,18S ribosomal RNA,genomic DNA,1808,Eremophila mackinlayi subsp. mackinlayi,77230762-1,Scrophulariaceae,Eremophila,mackinlayi,mackinlayi,False,Eremophila mackinlayi subsp. mackinlayi,2652684
MN411339.1,18S ribosomal RNA,genomic DNA,1808,Eremophila mackinlayi subsp. spathulata,77081527-1,Scrophulariaceae,Eremophila,mackinlayi,spathulata,False,Eremophila mackinlayi subsp. spathulata,2652566
MN411476.1,18S ribosomal RNA,genomic DNA,1808,Eremophila macmillaniana,585187-1,Scrophulariaceae,Eremophila,macmillaniana,,False,Eremophila macmillaniana,2652567
MN411393.1,18S ribosomal RNA,genomic DNA,1808,Eremophila maculata subsp. filifolia,77081563-1,Scrophulariaceae,Eremophila,maculata,filifolia,False,Eremophila maculata subsp. filifolia,2652464
MN411368.1,18S ribosomal RNA,genomic DNA,1808,Eremophila maculata subsp. maculata,77230095-1,Scrophulariaceae,Eremophila,maculata,maculata,False,Eremophila maculata subsp. brevifolia,2528933
MN411401.1,18S ribosomal RNA,genomic DNA,1808,Eremophila maculata subsp. maculata,77230095-1,Scrophulariaceae,Eremophila,maculata,maculata,False,Eremophila maculata subsp. maculata,2652685
MN411350.1,18S ribosomal RNA,genomic DNA,1808,Eremophila magnifica subsp. magnifica,77227800-1,Scrophulariaceae,Eremophila,magnifica,magnifica,False,Eremophila magnifica subsp. magnifica,2529245
MN411465.1,18S ribosomal RNA,genomic DNA,1808,Eremophila maitlandii,585189-1,Scrophulariaceae,Eremophila,maitlandii,,False,Eremophila maitlandii,2652568
MN411484.1,18S ribosomal RNA,genomic DNA,1808,Eremophila malacoides,77081524-1,Scrophulariaceae,Eremophila,malacoides,,False,Eremophila malacoides,2652569
MN411485.1,18S ribosomal RNA,genomic DNA,1808,Eremophila margarethae,585190-1,Scrophulariaceae,Eremophila,margarethae,,False,Eremophila margarethae,2652570
MN411496.1,18S ribosomal RNA,genomic DNA,1808,Eremophila metallicorum,585193-1,Scrophulariaceae,Eremophila,metallicorum,,False,Eremophila metallicorum,2652571
MN411453.1,18S ribosomal RNA,genomic DNA,1808,Eremophila micrantha,77081323-1,Scrophulariaceae,Eremophila,micrantha,,False,Eremophila micrantha,2652572
MN411455.1,18S ribosomal RNA,genomic DNA,1808,Eremophila microphylla,77219565-1,Scrophulariaceae,Eremophila,microphylla,,False,Diocirea microphylla,2652454
MN411520.1,18S ribosomal RNA,genomic DNA,1808,Eremophila microtheca,585194-1,Scrophulariaceae,Eremophila,microtheca,,False,Eremophila microtheca,2652573
MN411493.1,18S ribosomal RNA,genomic DNA,1808,Eremophila miniata,585195-1,Scrophulariaceae,Eremophila,miniata,,False,Eremophila miniata,2652574
MN411458.1,18S ribosomal RNA,genomic DNA,1808,Eremophila miniata,585195-1,Scrophulariaceae,Eremophila,miniata,,False,Eremophila miniata,2652574
MN411514.1,18S ribosomal RNA,genomic DNA,1808,Eremophila mirabilis,77081510-1,Scrophulariaceae,Eremophila,mirabilis,,False,Eremophila mirabilis,2652575
MN411422.1,18S ribosomal RNA,genomic DNA,1808,Eremophila mitchellii,585196-1,Scrophulariaceae,Eremophila,mitchellii,,False,Eremophila mitchellii,2652576
MN411448.1,18S ribosomal RNA,genomic DNA,1808,Eremophila muelleriana,585197-1,Scrophulariaceae,Eremophila,muelleriana,,False,Eremophila muelleriana,2652577
MN411518.1,18S ribosomal RNA,genomic DNA,1808,Eremophila neglecta,585199-1,Scrophulariaceae,Eremophila,neglecta,,False,Eremophila neglecta,2652578
MN411329.1,18S ribosomal RNA,genomic DNA,1808,Eremophila obliquisepala,77081482-1,Scrophulariaceae,Eremophila,obliquisepala,,False,Eremophila obliquisepala,2652579
MN411549.1,18S ribosomal RNA,genomic DNA,1808,Eremophila oblonga,77081333-1,Scrophulariaceae,Eremophila,oblonga,,False,Eremophila oblonga,2652580
MN411377.1,18S ribosomal RNA,genomic DNA,1808,Eremophila obovata subsp. glabriuscula,77081551-1,Scrophulariaceae,Eremophila,obovata,glabriuscula,False,Eremophila obovata subsp. glabriuscula,2652582
MN411378.1,18S ribosomal RNA,genomic DNA,1808,Eremophila obovata subsp. obovata,164370-3,Scrophulariaceae,Eremophila,obovata,obovata,False,Eremophila obovata subsp. obovata,2652686
MN411459.1,18S ribosomal RNA,genomic DNA,1808,Eremophila occidens,77081345-1,Scrophulariaceae,Eremophila,occidens,,False,Eremophila occidens,2652583
MN411365.1,18S ribosomal RNA,genomic DNA,1808,Eremophila oldfieldii subsp. angustifolia,77081586-1,Scrophulariaceae,Eremophila,oldfieldii,angustifolia,False,Eremophila oldfieldii subsp. angustifolia,2652585
MN411349.1,18S ribosomal RNA,genomic DNA,1808,Eremophila oldfieldii subsp. oldfieldii,164457-3,Scrophulariaceae,Eremophila,oldfieldii,oldfieldii,False,Eremophila oldfieldii subsp. oldfieldii,2652687
MN411343.1,18S ribosomal RNA,genomic DNA,1808,Eremophila oppositifolia subsp. oppositifolia,168483-3,Scrophulariaceae,Eremophila,oppositifolia,oppositifolia,False,Eremophila oppositifolia subsp. angustifolia,2652587
MN411407.1,18S ribosomal RNA,genomic DNA,1808,Eremophila oppositifolia subsp. rubra,967755-1,Scrophulariaceae,Eremophila,oppositifolia,rubra,False,Eremophila oppositifolia subsp. rubra,2652588
MN411510.1,18S ribosomal RNA,genomic DNA,1808,Eremophila ovata,585203-1,Scrophulariaceae,Eremophila,ovata,,False,Eremophila ovata,2652589
MN411406.1,18S ribosomal RNA,genomic DNA,1808,Eremophila paisleyi subsp. glandulosa,77081327-1,Scrophulariaceae,Eremophila,paisleyi,glandulosa,False,Eremophila paisleyi subsp. glandulosa,2652591
MN411383.1,18S ribosomal RNA,genomic DNA,1808,Eremophila paisleyi subsp. paisleyi,77230199-1,Scrophulariaceae,Eremophila,paisleyi,paisleyi,False,Eremophila paisleyi subsp. paisleyi,2652688
MN411454.1,18S ribosomal RNA,genomic DNA,1808,Eremophila pallida,77081503-1,Scrophulariaceae,Eremophila,pallida,,False,Eremophila pallida,2652592
MN411474.1,18S ribosomal RNA,genomic DNA,1808,Eremophila pantonii,164808-3,Scrophulariaceae,Eremophila,pantonii,,False,Eremophila pantonii,2652593
MN411538.1,18S ribosomal RNA,genomic DNA,1808,Eremophila papillata,77081342-1,Scrophulariaceae,Eremophila,papillata,,False,Eremophila papillata,2652594
MN411396.1,18S ribosomal RNA,genomic DNA,1808,Eremophila parvifolia subsp. auricampa,77081332-1,Scrophulariaceae,Eremophila,parvifolia,auricampa,False,Eremophila parvifolia subsp. auricampa,2652596
MN411376.1,18S ribosomal RNA,genomic DNA,1808,Eremophila parvifolia subsp. parvifolia,77230362-1,Scrophulariaceae,Eremophila,parvifolia,parvifolia,False,Eremophila parvifolia subsp. parvifolia,2652689
MN411512.1,18S ribosomal RNA,genomic DNA,1808,Eremophila pentaptera,585208-1,Scrophulariaceae,Eremophila,pentaptera,,False,Eremophila pentaptera,2652597
MN411462.1,18S ribosomal RNA,genomic DNA,1808,Eremophila perglandulosa,77081331-1,Scrophulariaceae,Eremophila,perglandulosa,,False,Eremophila perglandulosa,2652598
MN411371.1,18S ribosomal RNA,genomic DNA,1808,Eremophila petrophila subsp. densa,77081492-1,Scrophulariaceae,Eremophila,petrophila,densa,False,Eremophila petrophila subsp. densa,2652600
MN411409.1,18S ribosomal RNA,genomic DNA,1808,Eremophila petrophila subsp. petrophila,77227438-1,Scrophulariaceae,Eremophila,petrophila,petrophila,False,Eremophila petrophila subsp. petrophila,2652690
MN411540.1,18S ribosomal RNA,genomic DNA,1808,Eremophila phillipsii,585209-1,Scrophulariaceae,Eremophila,phillipsii,,False,Eremophila phillipsii,2652601
MN486178.1,18S ribosomal RNA,genomic DNA,1808,Eremophila phyllopoda subsp. obliqua,77081365-1,Scrophulariaceae,Eremophila,phyllopoda,obliqua,False,Eremophila phyllopoda subsp. obliqua,2724955
MN411354.1,18S ribosomal RNA,genomic DNA,1808,Eremophila phyllopoda subsp. phyllopoda,77227133-1,Scrophulariaceae,Eremophila,phyllopoda,phyllopoda,False,Eremophila phyllopoda subsp. phyllopoda,2652692
MN411525.1,18S ribosomal RNA,genomic DNA,1808,Eremophila physocalyx,77081554-1,Scrophulariaceae,Eremophila,physocalyx,,False,Eremophila physocalyx,2652602
MN411330.1,18S ribosomal RNA,genomic DNA,1808,Eremophila platycalyx,585210-1,Scrophulariaceae,Eremophila,platycalyx,,False,Eremophila platycalyx,2528951
MN411335.1,18S ribosomal RNA,genomic DNA,1808,Eremophila platycalyx,585210-1,Scrophulariaceae,Eremophila,platycalyx,,False,Eremophila platycalyx,2528951
MN411373.1,18S ribosomal RNA,genomic DNA,1808,Eremophila platycalyx subsp. platycalyx,165023-3,Scrophulariaceae,Eremophila,platycalyx,platycalyx,False,Eremophila platycalyx subsp. platycalyx,2652693
MN411351.1,18S ribosomal RNA,genomic DNA,1808,Eremophila platycalyx subsp. platycalyx,165023-3,Scrophulariaceae,Eremophila,platycalyx,platycalyx,False,Eremophila platycalyx subsp. platycalyx,2652693
MN411358.1,18S ribosomal RNA,genomic DNA,1808,Eremophila platythamnos subsp. platythamnos,77230594-1,Scrophulariaceae,Eremophila,platythamnos,platythamnos,False,Eremophila platythamnos subsp. platythamnos,2652694
MN486201.1,18S ribosomal RNA,genomic DNA,1808,Eremophila platythamnos subsp. platythamnos,77230594-1,Scrophulariaceae,Eremophila,platythamnos,platythamnos,False,Eremophila platythamnos subsp. exotrachys,2652604
MN411560.1,18S ribosomal RNA,genomic DNA,1808,Eremophila polyclada,585212-1,Scrophulariaceae,Eremophila,polyclada,,False,Eremophila polyclada,2651910
MN380714.1,18S ribosomal RNA,genomic DNA,1808,Eremophila polyclada,585212-1,Scrophulariaceae,Eremophila,polyclada,,False,Eremophila polyclada,2651910
MN411569.1,18S ribosomal RNA,genomic DNA,1808,Eremophila praecox,77081334-1,Scrophulariaceae,Eremophila,praecox,,False,Eremophila praecox,2652605
MN411466.1,18S ribosomal RNA,genomic DNA,1808,Eremophila prolata,77081361-1,Scrophulariaceae,Eremophila,prolata,,False,Eremophila prolata,2652606
MN411576.1,18S ribosomal RNA,genomic DNA,1808,Eremophila prostrata,77081478-1,Scrophulariaceae,Eremophila,prostrata,,False,Eremophila prostrata,2652607
MN411423.1,18S ribosomal RNA,genomic DNA,1808,Eremophila psilocalyx,585213-1,Scrophulariaceae,Eremophila,psilocalyx,,False,Eremophila psilocalyx,2652608
MN411342.1,18S ribosomal RNA,genomic DNA,1808,Eremophila pterocarpa subsp. pterocarpa,77230602-1,Scrophulariaceae,Eremophila,pterocarpa,pterocarpa,False,Eremophila pterocarpa subsp. pterocarpa,2652696
MN411372.1,18S ribosomal RNA,genomic DNA,1808,Eremophila pterocarpa subsp. pterocarpa,77230602-1,Scrophulariaceae,Eremophila,pterocarpa,pterocarpa,False,Eremophila pterocarpa subsp. pterocarpa,2652696
MN411327.1,18S ribosomal RNA,genomic DNA,1808,Eremophila punctata,585215-1,Scrophulariaceae,Eremophila,punctata,,False,Eremophila punctata,2652609
MN411487.1,18S ribosomal RNA,genomic DNA,1808,Eremophila pungens,77081487-1,Scrophulariaceae,Eremophila,pungens,,False,Eremophila pungens,2652610
MN411471.1,18S ribosomal RNA,genomic DNA,1808,Eremophila punicea,585216-1,Scrophulariaceae,Eremophila,punicea,,False,Eremophila punicea,2652611
MN411533.1,18S ribosomal RNA,genomic DNA,1808,Eremophila purpurascens,585218-1,Scrophulariaceae,Eremophila,purpurascens,,False,Eremophila purpurascens,2652612
MN411499.1,18S ribosomal RNA,genomic DNA,1808,Eremophila pustulata,585219-1,Scrophulariaceae,Eremophila,pustulata,,False,Eremophila pustulata,2652613
MN411543.1,18S ribosomal RNA,genomic DNA,1808,Eremophila racemosa,585220-1,Scrophulariaceae,Eremophila,racemosa,,False,Eremophila racemosa,2652614
MN411492.1,18S ribosomal RNA,genomic DNA,1808,Eremophila ramiflora,585221-1,Scrophulariaceae,Eremophila,ramiflora,,False,Eremophila ramiflora,2652615
MN411602.1,18S ribosomal RNA,genomic DNA,1808,Eremophila recurva,77081553-1,Scrophulariaceae,Eremophila,recurva,,False,Eremophila recurva,2652616
MN411445.1,18S ribosomal RNA,genomic DNA,1808,Eremophila reticulata,77081507-1,Scrophulariaceae,Eremophila,reticulata,,False,Eremophila reticulata,2652617
MN411480.1,18S ribosomal RNA,genomic DNA,1808,Eremophila retropila,77081547-1,Scrophulariaceae,Eremophila,retropila,,False,Eremophila retropila,2652618
MN411431.1,18S ribosomal RNA,genomic DNA,1808,Eremophila revoluta,77081549-1,Scrophulariaceae,Eremophila,revoluta,,False,Eremophila revoluta,2652619
MN411601.1,18S ribosomal RNA,genomic DNA,1808,Eremophila rhegos,77081540-1,Scrophulariaceae,Eremophila,rhegos,,False,Eremophila rhegos,2652620
MN411523.1,18S ribosomal RNA,genomic DNA,1808,Eremophila rigens,77081366-1,Scrophulariaceae,Eremophila,rigens,,False,Eremophila rigens,2652621
MN411457.1,18S ribosomal RNA,genomic DNA,1808,Eremophila rigida,77081509-1,Scrophulariaceae,Eremophila,rigida,,False,Eremophila rigida,2652622
MN411346.1,18S ribosomal RNA,genomic DNA,1808,Eremophila rostrata subsp. trifida,77081562-1,Scrophulariaceae,Eremophila,rostrata,trifida,False,Eremophila rostrata subsp. trifida,2652624
MN411430.1,18S ribosomal RNA,genomic DNA,1808,Eremophila rotundifolia,585224-1,Scrophulariaceae,Eremophila,rotundifolia,,False,Eremophila rotundifolia,378414
MN411534.1,18S ribosomal RNA,genomic DNA,1808,Eremophila rugosa,77081341-1,Scrophulariaceae,Eremophila,rugosa,,False,Eremophila rugosa,2652625
MN411541.1,18S ribosomal RNA,genomic DNA,1808,Eremophila rugosa,77081341-1,Scrophulariaceae,Eremophila,rugosa,,False,Eremophila rugosa,2652625
MN486179.1,18S ribosomal RNA,genomic DNA,1808,Eremophila saligna,585226-1,Scrophulariaceae,Eremophila,saligna,,False,Eremophila saligna,2724790
MN411578.1,18S ribosomal RNA,genomic DNA,1808,Eremophila santalina,585227-1,Scrophulariaceae,Eremophila,santalina,,False,Eremophila santalina,2652626
MN411515.1,18S ribosomal RNA,genomic DNA,1808,Eremophila sargentii,908718-1,Scrophulariaceae,Eremophila,sargentii,,False,Eremophila sargentii,2652627
MN411442.1,18S ribosomal RNA,genomic DNA,1808,Eremophila scaberula,585228-1,Scrophulariaceae,Eremophila,scaberula,,False,Eremophila scaberula,2652628
MN486180.1,18S ribosomal RNA,genomic DNA,1808,Eremophila scoparia,165994-3,Scrophulariaceae,Eremophila,scoparia,,False,Eremophila scoparia,1806642
MN411467.1,18S ribosomal RNA,genomic DNA,1808,Eremophila scoparia,165994-3,Scrophulariaceae,Eremophila,scoparia,,False,Eremophila scoparia,1806642
MN411610.1,18S ribosomal RNA,genomic DNA,1808,Eremophila serpens,585230-1,Scrophulariaceae,Eremophila,serpens,,False,Eremophila serpens,2652629
MN411468.1,18S ribosomal RNA,genomic DNA,1808,Eremophila serrulata,585231-1,Scrophulariaceae,Eremophila,serrulata,,False,Eremophila serrulata,1793945
MN411574.1,18S ribosomal RNA,genomic DNA,1808,Eremophila serrulata,585231-1,Scrophulariaceae,Eremophila,serrulata,,False,Eremophila serrulata,1793945
MN411612.1,18S ribosomal RNA,genomic DNA,1808,Eremophila shonae,77081495-1,Scrophulariaceae,Eremophila,shonae,,False,Eremophila shonae,2652630
MN411362.1,18S ribosomal RNA,genomic DNA,1808,Eremophila shonae subsp. diffusa,77081496-1,Scrophulariaceae,Eremophila,shonae,diffusa,False,Eremophila shonae subsp. diffusa,2652631
MN411374.1,18S ribosomal RNA,genomic DNA,1808,Eremophila simulans subsp. megacalyx,77081485-1,Scrophulariaceae,Eremophila,simulans,megacalyx,False,Eremophila simulans subsp. megacalyx,2652633
MN411363.1,18S ribosomal RNA,genomic DNA,1808,Eremophila simulans subsp. simulans,77227703-1,Scrophulariaceae,Eremophila,simulans,simulans,False,Eremophila simulans subsp. simulans,2652697
MN486177.1,18S ribosomal RNA,genomic DNA,1808,Eremophila sp.,27192-1,Scrophulariaceae,Eremophila,,,False,Eremophila sp. Little Sandy Desert A.A.Mitchell PRP 1263,2724762
MN486182.1,18S ribosomal RNA,genomic DNA,1808,Eremophila sp.,27192-1,Scrophulariaceae,Eremophila,,,False,Eremophila sp. Tropicana B.Buirchell BB 323,2932487
MN411478.1,18S ribosomal RNA,genomic DNA,1808,Eremophila spathulata,585232-1,Scrophulariaceae,Eremophila,spathulata,,False,Eremophila spathulata,2652634
MN411356.1,18S ribosomal RNA,genomic DNA,1808,Eremophila spectabilis subsp. brevis,77081363-1,Scrophulariaceae,Eremophila,spectabilis,brevis,False,Eremophila spectabilis subsp. brevis,2652636
MN411408.1,18S ribosomal RNA,genomic DNA,1808,Eremophila spectabilis subsp. spectabilis,77230109-1,Scrophulariaceae,Eremophila,spectabilis,spectabilis,False,Eremophila spectabilis subsp. spectabilis,2652698
MN411531.1,18S ribosomal RNA,genomic DNA,1808,Eremophila splendens,77081565-1,Scrophulariaceae,Eremophila,splendens,,False,Eremophila splendens,2652637
MN411482.1,18S ribosomal RNA,genomic DNA,1808,Eremophila spuria,77081348-1,Scrophulariaceae,Eremophila,spuria,,False,Eremophila spuria,2652638
MN411508.1,18S ribosomal RNA,genomic DNA,1808,Eremophila stenophylla,77081512-1,Scrophulariaceae,Eremophila,stenophylla,,False,Eremophila stenophylla,2652639
MN411505.1,18S ribosomal RNA,genomic DNA,1808,Eremophila strongylophylla,585236-1,Scrophulariaceae,Eremophila,strongylophylla,,False,Eremophila strongylophylla,2652640
MN411561.1,18S ribosomal RNA,genomic DNA,1808,Eremophila sturtii,585237-1,Scrophulariaceae,Eremophila,sturtii,,False,Eremophila sturtii,2315346
MN411397.1,18S ribosomal RNA,genomic DNA,1808,Eremophila subfloccosa subsp. glandulosa,77081576-1,Scrophulariaceae,Eremophila,subfloccosa,glandulosa,False,Eremophila subfloccosa subsp. glandulosa,2652642
MN411403.1,18S ribosomal RNA,genomic DNA,1808,Eremophila subfloccosa subsp. lanata,77081577-1,Scrophulariaceae,Eremophila,subfloccosa,lanata,False,Eremophila subfloccosa subsp. lanata,2652643
MN411340.1,18S ribosomal RNA,genomic DNA,1808,Eremophila subfloccosa subsp. subfloccosa,77230039-1,Scrophulariaceae,Eremophila,subfloccosa,subfloccosa,False,Eremophila subfloccosa subsp. subfloccosa,2652699
MN411433.1,18S ribosomal RNA,genomic DNA,1808,Eremophila subteretifolia,77081574-1,Scrophulariaceae,Eremophila,subteretifolia,,False,Eremophila subteretifolia,2652644
MN411554.1,18S ribosomal RNA,genomic DNA,1808,Eremophila succinea,77081324-1,Scrophulariaceae,Eremophila,succinea,,False,Eremophila succinea,2652645
MN411532.1,18S ribosomal RNA,genomic DNA,1808,Eremophila tenella,77081556-1,Scrophulariaceae,Eremophila,tenella,,False,Eremophila tenella,2652646
MN486155.1,18S ribosomal RNA,genomic DNA,1808,Eremophila ternata,77219566-1,Scrophulariaceae,Eremophila,ternata,,False,Diocirea ternata,2724778
MN411434.1,18S ribosomal RNA,genomic DNA,1808,Eremophila ternifolia,899805-1,Scrophulariaceae,Eremophila,ternifolia,,False,Eremophila ternifolia,2652647
MN411537.1,18S ribosomal RNA,genomic DNA,1808,Eremophila tetraptera,585239-1,Scrophulariaceae,Eremophila,tetraptera,,False,Eremophila tetraptera,2652648
MN486181.1,18S ribosomal RNA,genomic DNA,1808,Eremophila tietkensii,585240-1,Scrophulariaceae,Eremophila,tietkensii,,False,Eremophila tietkensii,2652649
MN411336.1,18S ribosomal RNA,genomic DNA,1808,Eremophila tietkensii,585240-1,Scrophulariaceae,Eremophila,tietkensii,,False,Eremophila tietkensii,2652649
MN411527.1,18S ribosomal RNA,genomic DNA,1808,Eremophila undulata,585243-1,Scrophulariaceae,Eremophila,undulata,,False,Eremophila undulata,2652650
MN411426.1,18S ribosomal RNA,genomic DNA,1808,Eremophila veneta,77081575-1,Scrophulariaceae,Eremophila,veneta,,False,Eremophila veneta,2652651
MN411463.1,18S ribosomal RNA,genomic DNA,1808,Eremophila veronica,585244-1,Scrophulariaceae,Eremophila,veronica,,False,Eremophila veronica,2652652
MN411611.1,18S ribosomal RNA,genomic DNA,1808,Eremophila verrucosa,585245-1,Scrophulariaceae,Eremophila,verrucosa,,False,Eremophila verrucosa,2652653
MN411443.1,18S ribosomal RNA,genomic DNA,1808,Eremophila verticillata,929406-1,Scrophulariaceae,Eremophila,verticillata,,False,Eremophila verticillata,2652654
MN411438.1,18S ribosomal RNA,genomic DNA,1808,Eremophila violacea,77219567-1,Scrophulariaceae,Eremophila,violacea,,False,Diocirea violacea,2652455
MN411552.1,18S ribosomal RNA,genomic DNA,1808,Eremophila violacea,77219567-1,Scrophulariaceae,Eremophila,violacea,,False,Diocirea violacea,2652455
MN411435.1,18S ribosomal RNA,genomic DNA,1808,Eremophila virens,585246-1,Scrophulariaceae,Eremophila,virens,,False,Eremophila virens,2652655
MN411385.1,18S ribosomal RNA,genomic DNA,1808,Eremophila viridissima,77209134-1,Scrophulariaceae,Eremophila,viridissima,,False,Eremophila glabra subsp. verrucosa,2652461
MN411436.1,18S ribosomal RNA,genomic DNA,1808,Eremophila viscida,585248-1,Scrophulariaceae,Eremophila,viscida,,False,Eremophila viscida,2652656
MN411609.1,18S ribosomal RNA,genomic DNA,1808,Eremophila viscimarginata,77081504-1,Scrophulariaceae,Eremophila,viscimarginata,,False,Eremophila viscimarginata,2652657
MN411464.1,18S ribosomal RNA,genomic DNA,1808,Eremophila warnesii,77081530-1,Scrophulariaceae,Eremophila,warnesii,,False,Eremophila warnesii,2652658
MN411418.1,18S ribosomal RNA,genomic DNA,1808,Eremophila weldii,585252-1,Scrophulariaceae,Eremophila,weldii,,False,Eremophila weldii,2652659
MN411570.1,18S ribosomal RNA,genomic DNA,1808,Eremophila weldii,585252-1,Scrophulariaceae,Eremophila,weldii,,False,Eremophila weldii,2652659
MN380716.1,18S ribosomal RNA,genomic DNA,1808,Eremophila willsii,585253-1,Scrophulariaceae,Eremophila,willsii,,False,Eremophila willsii,2651911
MN486199.1,18S ribosomal RNA,genomic DNA,1808,Eremophila woodiae,77151459-1,Scrophulariaceae,Eremophila,woodiae,,False,Eremophila woodiae,2724791
MN411600.1,18S ribosomal RNA,genomic DNA,1808,Eremophila yinnetharrensis,77160928-1,Scrophulariaceae,Eremophila,yinnetharrensis,,False,Eremophila yinnetharrensis,2652660
MN411413.1,18S ribosomal RNA,genomic DNA,1808,Eremophila youngii subsp. lepidota,77081513-1,Scrophulariaceae,Eremophila,youngii,lepidota,False,Eremophila youngii subsp. lepidota,2528956
MN411360.1,18S ribosomal RNA,genomic DNA,1808,Eremophila youngii subsp. youngii,77230681-1,Scrophulariaceae,Eremophila,youngii,youngii,False,Eremophila youngii subsp. youngii,2652700
MN411439.1,18S ribosomal RNA,genomic DNA,1808,Glycocystis beckeri,77081310-1,Scrophulariaceae,Glycocystis,beckeri,,False,Glycocystis beckeri,2652465
MN411441.1,18S ribosomal RNA,genomic DNA,1808,Leucophyllum frutescens,139187-2,Scrophulariaceae,Leucophyllum,frutescens,,False,Leucophyllum frutescens,86643
MN411577.1,18S ribosomal RNA,genomic DNA,1808,Leucophyllum frutescens,139187-2,Scrophulariaceae,Leucophyllum,frutescens,,False,Leucophyllum frutescens,86643
MN411582.1,18S ribosomal RNA,genomic DNA,1808,Leucophyllum zygophyllum,139199-2,Scrophulariaceae,Leucophyllum,zygophyllum,,False,Leucophyllum zygophyllum,1382323
MN411588.1,18S ribosomal RNA,genomic DNA,1808,Myoporum acuminatum,585257-1,Scrophulariaceae,Myoporum,acuminatum,,False,Myoporum acuminatum,796002
MN411587.1,18S ribosomal RNA,genomic DNA,1808,Myoporum bateae,585260-1,Scrophulariaceae,Myoporum,bateae,,False,Myoporum bateae,2652466
MN411424.1,18S ribosomal RNA,genomic DNA,1808,Myoporum betcheanum,585262-1,Scrophulariaceae,Myoporum,betcheanum,,False,Myoporum betcheanum,1619497
MN411589.1,18S ribosomal RNA,genomic DNA,1808,Myoporum boninense,585263-1,Scrophulariaceae,Myoporum,boninense,,False,Myoporum boninense,2652467
MN411613.1,18S ribosomal RNA,genomic DNA,1808,Myoporum bontioides,585264-1,Scrophulariaceae,Myoporum,bontioides,,False,Myoporum bontioides,2292707
MN411573.1,18S ribosomal RNA,genomic DNA,1808,Myoporum brevipes,585266-1,Scrophulariaceae,Myoporum,brevipes,,False,Myoporum brevipes,2652468
MN411420.1,18S ribosomal RNA,genomic DNA,1808,Myoporum caprarioides,585267-1,Scrophulariaceae,Myoporum,caprarioides,,False,Myoporum caprarioides,2652469
MN486183.1,18S ribosomal RNA,genomic DNA,1808,Myoporum cordifolium,585269-1,Scrophulariaceae,Myoporum,cordifolium,,False,Myoporum cordifolium,2724792
MN486184.1,18S ribosomal RNA,genomic DNA,1808,Myoporum floribundum,585285-1,Scrophulariaceae,Myoporum,floribundum,,False,Myoporum floribundum,2724793
MN411580.1,18S ribosomal RNA,genomic DNA,1808,Myoporum insulare,585290-1,Scrophulariaceae,Myoporum,insulare,,False,Myoporum insulare,139037
MN411615.1,18S ribosomal RNA,genomic DNA,1808,Myoporum laetum,585291-1,Scrophulariaceae,Myoporum,laetum,,False,Myoporum laetum,577428
MN411614.1,18S ribosomal RNA,genomic DNA,1808,Myoporum laetum,585291-1,Scrophulariaceae,Myoporum,laetum,,False,Myoporum laetum,577428
AJ236036.1,18S ribosomal RNA,genomic DNA,1755,Myoporum mauritianum,585296-1,Scrophulariaceae,Myoporum,mauritianum,,False,Myoporum mauritianum,39346
MN411419.1,18S ribosomal RNA,genomic DNA,1808,Myoporum montanum,585297-1,Scrophulariaceae,Myoporum,montanum,,False,Myoporum montanum,133304
MN486185.1,18S ribosomal RNA,genomic DNA,1808,Myoporum obscurum,585302-1,Scrophulariaceae,Myoporum,obscurum,,False,Myoporum obscurum,651549
MN411417.1,18S ribosomal RNA,genomic DNA,1808,Myoporum parvifolium,585307-1,Scrophulariaceae,Myoporum,parvifolium,,False,Myoporum parvifolium,86640
MN380717.1,18S ribosomal RNA,genomic DNA,1808,Myoporum petiolatum,77081303-1,Scrophulariaceae,Myoporum,petiolatum,,False,Myoporum petiolatum,2651881
MN411579.1,18S ribosomal RNA,genomic DNA,1808,Myoporum petiolatum,77081303-1,Scrophulariaceae,Myoporum,petiolatum,,False,Myoporum petiolatum,2651881
MN411338.1,18S ribosomal RNA,genomic DNA,1808,Myoporum platycarpum subsp. platycarpum,168475-3,Scrophulariaceae,Myoporum,platycarpum,platycarpum,False,Myoporum platycarpum subsp. platycarpum,2652701
MN486186.1,18S ribosomal RNA,genomic DNA,1808,Myoporum sandwicense,585317-1,Scrophulariaceae,Myoporum,sandwicense,,False,Myoporum sandwicense,301346
MN486187.1,18S ribosomal RNA,genomic DNA,1808,Myoporum sandwicense,585317-1,Scrophulariaceae,Myoporum,sandwicense,,False,Myoporum sandwicense,301346
MN411551.1,18S ribosomal RNA,genomic DNA,1808,Myoporum tetrandrum,585325-1,Scrophulariaceae,Myoporum,tetrandrum,,False,Myoporum tetrandrum,2652470
KP718629.1,18S ribosomal RNA,genomic DNA,1808,Scrophularia alata,809015-1,Scrophulariaceae,Scrophularia,alata,,False,Scrophularia takesimensis,692148
KP718627.1,18S ribosomal RNA,genomic DNA,1808,Scrophularia buergeriana,809070-1,Scrophulariaceae,Scrophularia,buergeriana,,False,Scrophularia buergeriana,476207
AJ236031.1,18S ribosomal RNA,genomic DNA,1760,Scrophularia californica,230956-2,Scrophulariaceae,Scrophularia,californica,,False,Scrophularia californica,46031
KT179709.1,18S ribosomal RNA,genomic DNA,1808,Verbascum thapsus,770183-1,Scrophulariaceae,Verbascum,thapsus,,False,Verbascum thapsus,39388
AF161011.1,18S ribosomal RNA,genomic DNA,1745,Verbascum thapsus,770183-1,Scrophulariaceae,Verbascum,thapsus,,False,Verbascum thapsus,39388
AF206842.1,18S ribosomal RNA,genomic DNA,1728,Ailanthus altissima,813521-1,Simaroubaceae,Ailanthus,altissima,,False,Ailanthus altissimus,2768810
AF094562.1,18S ribosomal RNA,genomic DNA,1694,Simmondsia chinensis,236600-2,Simmondsiaceae,Simmondsia,chinensis,,False,Simmondsia chinensis,3999
DQ007411.1,18S ribosomal RNA,genomic DNA,1748,Siparuna decipiens,582253-1,Siparunaceae,Siparuna,decipiens,,False,Siparuna decipiens,108434
MF171075.1,18S ribosomal RNA,genomic DNA,1750,Sladenia celastrifolia,829483-1,Sladeniaceae,Sladenia,celastrifolia,,False,Sladenia celastrifolia,125053
AF320782.1,18S ribosomal RNA,genomic DNA,1729,Sladenia celastrifolia,829483-1,Sladeniaceae,Sladenia,celastrifolia,,False,Sladenia celastrifolia,125053
KP420433.1,18S ribosomal RNA,genomic DNA,1699,Smilax aspera,541279-1,Smilacaceae,Smilax,aspera,,False,Smilax aspera,59116
MT247903.1,18S ribosomal RNA,genomic DNA,1882,Smilax china,541353-1,Smilacaceae,Smilax,china,,True,Smilax china,49657
KP420424.1,18S ribosomal RNA,genomic DNA,1635,Smilax china,541353-1,Smilacaceae,Smilax,china,,True,Smilax china,49657
AF207022.1,18S ribosomal RNA,genomic DNA,1690,Smilax glauca,237640-2,Smilacaceae,Smilax,glauca,,True,Smilax glauca,58705
KC881109.1,18S ribosomal RNA,genomic DNA,1548,Atropa bella-donna,814358-1,Solanaceae,Atropa,bella-donna,,False,Atropa belladonna,33113
L49274.1,18S ribosomal RNA,genomic DNA,1736,Brunfelsia pauciflora,814676-1,Solanaceae,Brunfelsia,pauciflora,,False,Brunfelsia pauciflora,160067
XR_007051256.1,18S ribosomal RNA,rRNA,1808,Capsicum annuum,316944-2,Solanaceae,Capsicum,annuum,,False,Capsicum annuum,4072
XR_007051663.1,18S ribosomal RNA,rRNA,1808,Capsicum annuum,316944-2,Solanaceae,Capsicum,annuum,,False,Capsicum annuum,4072
AF206904.1,18S ribosomal RNA,genomic DNA,1738,Duckeodendron cestroides,85532-2,Solanaceae,Duckeodendron,cestroides,,False,Duckeodendron cestroides,69581
XR_009576934.1,18S ribosomal RNA,rRNA,1846,Lycium barbarum,816356-1,Solanaceae,Lycium,barbarum,,True,Lycium barbarum,112863
XR_009576988.1,18S ribosomal RNA,rRNA,1822,Lycium barbarum,816356-1,Solanaceae,Lycium,barbarum,,True,Lycium barbarum,112863
PQ576451.1,rrn18,genomic DNA,1947,Lycium chinense,816389-1,Solanaceae,Lycium,chinense,,False,Lycium chinense,112883
ON960097.1,18S ribosomal RNA,genomic DNA,1946,Lycium chinense,816389-1,Solanaceae,Lycium,chinense,,False,Lycium chinense,112883
XR_009413028.1,18S ribosomal RNA,rRNA,1810,Lycium ferocissimum,816442-1,Solanaceae,Lycium,ferocissimum,,False,Lycium ferocissimum,112874
XR_009413027.1,18S ribosomal RNA,rRNA,1808,Lycium ferocissimum,816442-1,Solanaceae,Lycium,ferocissimum,,False,Lycium ferocissimum,112874
KP824745.1,18S ribosomal RNA,genomic DNA,1810,Nicotiana benthamiana,816868-1,Solanaceae,Nicotiana,benthamiana,,False,Nicotiana benthamiana,4100
XR_011401326.1,18S ribosomal RNA,rRNA,1809,Nicotiana sylvestris,169850-2,Solanaceae,Nicotiana,sylvestris,,False,Nicotiana sylvestris,4096
XR_011401327.1,18S ribosomal RNA,rRNA,1809,Nicotiana sylvestris,169850-2,Solanaceae,Nicotiana,sylvestris,,False,Nicotiana sylvestris,4096
XR_012706430.1,18S ribosomal RNA,rRNA,1808,Nicotiana tabacum,817077-1,Solanaceae,Nicotiana,tabacum,,False,Nicotiana tabacum,4097
XR_012705723.1,18S ribosomal RNA,rRNA,1808,Nicotiana tabacum,817077-1,Solanaceae,Nicotiana,tabacum,,False,Nicotiana tabacum,4097
XR_004507429.1,18S ribosomal RNA,rRNA,1808,Nicotiana tomentosiformis,169862-2,Solanaceae,Nicotiana,tomentosiformis,,False,Nicotiana tomentosiformis,4098
XR_011413192.1,18S ribosomal RNA,rRNA,1808,Nicotiana tomentosiformis,169862-2,Solanaceae,Nicotiana,tomentosiformis,,False,Nicotiana tomentosiformis,4098
AJ236017.1,18S ribosomal RNA,genomic DNA,1766,Nolana humifusa,170181-2,Solanaceae,Nolana,humifusa,,False,Nolana humifusa,84188
AJ236020.1,18S ribosomal RNA,genomic DNA,1769,Petunia axillaris,191252-2,Solanaceae,Petunia,axillaris,,False,Petunia axillaris,33119
KT179698.1,18S ribosomal RNA,genomic DNA,1808,Physalis heterophylla,817429-1,Solanaceae,Physalis,heterophylla,,True,Physalis heterophylla,304155
KT179699.1,18S ribosomal RNA,genomic DNA,1808,Physalis virginiana,817614-1,Solanaceae,Physalis,virginiana,,False,Physalis virginiana,304158
PP639550.1,18S ribosomal RNA,genomic DNA,1666,Physochlaina infundibularis,817637-1,Solanaceae,Physochlaina,infundibularis,,False,Physochlaina infundibularis,540827
AF207016.1,18S ribosomal RNA,genomic DNA,1749,Schizanthus pinnatus,817918-1,Solanaceae,Schizanthus,pinnatus,,False,Schizanthus pinnatus,33122
KC535785.1,18S ribosomal RNA,genomic DNA,1588,Solanum aculeatissimum,330626-2,Solanaceae,Solanum,aculeatissimum,,True,Solanum aculeatissimum,267265
MT122955.1,rrn18,genomic DNA,1946,Solanum aethiopicum,818158-1,Solanaceae,Solanum,aethiopicum,,False,Solanum aethiopicum,205524
KC535787.1,18S ribosomal RNA,genomic DNA,1571,Solanum aethiopicum,818158-1,Solanaceae,Solanum,aethiopicum,,False,Solanum aethiopicum,205524
KC535783.1,18S ribosomal RNA,genomic DNA,1586,Solanum aligerum,818198-1,Solanaceae,Solanum,aligerum,,False,Solanum clavatum,1325728
MT122982.1,rrn18,genomic DNA,1946,Solanum anguivi,818243-1,Solanaceae,Solanum,anguivi,,True,Solanum anguivi,329760
MT122980.1,rrn18,genomic DNA,1946,Solanum anguivi,818243-1,Solanaceae,Solanum,anguivi,,True,Solanum anguivi,329760
KT179700.1,18S ribosomal RNA,genomic DNA,1808,Solanum carolinense,285195-2,Solanaceae,Solanum,carolinense,,False,Solanum carolinense,50511
PP826245.1,rrn18,genomic DNA,1946,Solanum chacoense,238539-2,Solanaceae,Solanum,chacoense,,False,Solanum chacoense,4108
MF989961.1,rrn18,genomic DNA,1946,Solanum commersonii,330647-2,Solanaceae,Solanum,commersonii,,False,Solanum commersonii,4109
XR_008764146.1,18S ribosomal RNA,rRNA,1845,Solanum dulcamara,285213-2,Solanaceae,Solanum,dulcamara,,False,Solanum dulcamara,45834
XR_008764020.1,18S ribosomal RNA,rRNA,1837,Solanum dulcamara,285213-2,Solanaceae,Solanum,dulcamara,,False,Solanum dulcamara,45834
AB971540.1,18S ribosomal RNA,genomic DNA,1906,Solanum lycopersicum,316947-2,Solanaceae,Solanum,lycopersicum,,False,Solanum lycopersicum,4081
XR_011217937.1,18S ribosomal RNA,rRNA,1853,Solanum lycopersicum,316947-2,Solanaceae,Solanum,lycopersicum,,False,Solanum lycopersicum,4081
KC535782.1,18S ribosomal RNA,genomic DNA,1575,Solanum nigrum,30048260-2,Solanaceae,Solanum,nigrum,,False,Solanum nigrum,4112
XR_003579692.1,18S ribosomal RNA,rRNA,1808,Solanum pennellii,239475-2,Solanaceae,Solanum,pennellii,,False,Solanum pennellii,28526
XR_003579081.1,18S ribosomal RNA,rRNA,1807,Solanum pennellii,239475-2,Solanaceae,Solanum,pennellii,,False,Solanum pennellii,28526
KC535786.1,18S ribosomal RNA,genomic DNA,1588,Solanum sisymbriifolium,330681-2,Solanaceae,Solanum,sisymbriifolium,,False,Solanum sisymbriifolium,205582
KT179701.1,18S ribosomal RNA,genomic DNA,1809,Solanum sp.,818253-1,Solanaceae,Solanum,,,True,Solanum rostratum,45839
MT122979.1,18S ribosomal RNA,genomic DNA,1946,Solanum torvum,821287-1,Solanaceae,Solanum,torvum,,True,Solanum torvum,119830
KC535788.1,18S ribosomal RNA,genomic DNA,1572,Solanum torvum,821287-1,Solanaceae,Solanum,torvum,,True,Solanum torvum,119830
KT179702.1,18S ribosomal RNA,genomic DNA,1809,Solanum triflorum,821310-1,Solanaceae,Solanum,triflorum,,False,Solanum triflorum,205588
MZ030736.1,rrn18,genomic DNA,1947,Solanum tuberosum,821337-1,Solanaceae,Solanum,tuberosum,,False,Solanum tuberosum,4113
MW594272.1,18S ribosomal RNA,genomic DNA,1947,Solanum tuberosum,821337-1,Solanaceae,Solanum,tuberosum,,False,Solanum tuberosum,4113
XR_007442118.1,18S ribosomal RNA,rRNA,1817,Solanum verrucosum,2927831-1,Solanaceae,Solanum,verrucosum,,False,Solanum verrucosum,315347
XR_007442501.1,18S ribosomal RNA,rRNA,1816,Solanum verrucosum,2927831-1,Solanaceae,Solanum,verrucosum,,False,Solanum verrucosum,315347
KC535784.1,18S ribosomal RNA,genomic DNA,1571,Solanum violaceum,821485-1,Solanaceae,Solanum,violaceum,,False,Solanum kurzii,744088
MT122958.1,rrn18,genomic DNA,1946,Solanum wrightii,821560-1,Solanaceae,Solanum,wrightii,,False,Solanum wrightii,374009
GQ497585.1,18S ribosomal RNA,genomic DNA,1798,Sphenoclea zeylanica,145463-1,Sphenocleaceae,Sphenoclea,zeylanica,,False,Sphenoclea zeylanica,28496
AF207025.1,18S ribosomal RNA,genomic DNA,1742,Stachyurus praecox,829504-1,Stachyuraceae,Stachyurus,praecox,,False,Stachyurus praecox,85277
AJ235978.1,18S ribosomal RNA,genomic DNA,1808,Staphylea trifolia,785267-1,Staphyleaceae,Staphylea,trifolia,,False,Staphylea trifolia,85280
AF309408.1,18S ribosomal RNA,genomic DNA,1803,Croomia japonica,742784-1,Stemonaceae,Croomia,japonica,,False,Croomia japonica,167570
KM103396.1,18S ribosomal RNA,genomic DNA,1757,Croomia japonica,742784-1,Stemonaceae,Croomia,japonica,,False,Croomia japonica,167570
AF309406.1,18S ribosomal RNA,genomic DNA,1767,Pentastemona sumatrana,900534-1,Stemonaceae,Pentastemona,sumatrana,,False,Pentastemona sumatrana,167571
KF264490.1,18S ribosomal RNA,genomic DNA,1765,Pentastemona sumatrana,900534-1,Stemonaceae,Pentastemona,sumatrana,,False,Pentastemona sumatrana,167571
AF207028.1,18S ribosomal RNA,genomic DNA,1748,Stemona japonica,77177376-1,Stemonaceae,Stemona,japonica,,False,Stemona japonica,85282
PP692487.1,18S ribosomal RNA,genomic DNA,1961,Stemona sessilifolia,77176996-1,Stemonaceae,Stemona,sessilifolia,,False,Stemona sessilifolia,339784
KF264491.1,18S ribosomal RNA,genomic DNA,1770,Stemona sp.,34089-1,Stemonaceae,Stemona,,,False,Stemona sp. HBL20081117,1351769
KF298348.1,18S ribosomal RNA,genomic DNA,1780,Stemona tuberosa var. moluccana,77190030-1,Stemonaceae,Stemona,tuberosa,moluccana,False,Stemona tuberosa var. ternatensis,1351770
AF309407.1,18S ribosomal RNA,genomic DNA,1786,Stichoneuron caudatum,742816-1,Stemonaceae,Stichoneuron,caudatum,,False,Stichoneuron caudatum,50540
AJ235999.1,18S ribosomal RNA,genomic DNA,1763,Irvingbaileya australis,434398-1,Stemonuraceae,Irvingbaileya,australis,,False,Irvingbaileya australis,863420
AJ236034.1,18S ribosomal RNA,genomic DNA,1769,Euthystachys abbreviata,862789-1,Stilbaceae,Euthystachys,abbreviata,,False,Euthystachys abbreviata,34257
AF084476.1,18S ribosomal RNA,genomic DNA,1795,Ixerba brexioides,791759-1,Strasburgeriaceae,Ixerba,brexioides,,False,Ixerba brexioides,85557
AF502596.1,18S ribosomal RNA,genomic DNA,1717,Strasburgeria robusta,829508-1,Strasburgeriaceae,Strasburgeria,robusta,,False,Strasburgeria robusta,125056
AJ236012.1,18S ribosomal RNA,genomic DNA,1779,Donatia sp.,331568-2,Stylidiaceae,Donatia,,,True,Donatia sp. Morgan 2142,87001
AJ236011.1,18S ribosomal RNA,genomic DNA,1769,Stylidium graminifolium,826090-1,Stylidiaceae,Stylidium,graminifolium,,False,Stylidium graminifolium,28497
L49284.1,18S ribosomal RNA,genomic DNA,1677,Halesia carolina,319532-2,Styracaceae,Halesia,carolina,,False,Halesia tetraptera var. monticola,283480
MF171073.1,18S ribosomal RNA,genomic DNA,1750,Melliodendron xylocarpum,826613-1,Styracaceae,Melliodendron,xylocarpum,,False,Melliodendron xylocarpum,167985
MF171074.1,18S ribosomal RNA,genomic DNA,1750,Sinojackia rehderiana,826671-1,Styracaceae,Sinojackia,rehderiana,,False,Sinojackia rehderiana,55371
MF171072.1,18S ribosomal RNA,genomic DNA,1750,Styrax japonicus,826818-1,Styracaceae,Styrax,japonicus,,False,Styrax grandiflorus,210386
L49296.1,18S ribosomal RNA,genomic DNA,1677,Styrax japonicus,826818-1,Styracaceae,Styrax,japonicus,,False,Styrax japonicus,59680
AF207030.1,18S ribosomal RNA,genomic DNA,1741,Stylobasium spathulatum,742651-1,Surianaceae,Stylobasium,spathulatum,,False,Stylobasium spathulatum,32255
MF171079.1,18S ribosomal RNA,genomic DNA,1750,Symplocos costaricana,827064-1,Symplocaceae,Symplocos,costaricana,,False,Symplocos costaricana,335940
MF171080.1,18S ribosomal RNA,genomic DNA,1750,Symplocos paniculata,827233-1,Symplocaceae,Symplocos,paniculata,,True,Symplocos paniculata,55373
HQ843439.1,18S ribosomal RNA,genomic DNA,1483,Talinum paniculatum,1007146-2,Talinaceae,Talinum,paniculatum,,True,Talinum paniculatum,107604
OP429118.1,rrn18,genomic DNA,1941,Myrtama elegans,827984-1,Tamaricaceae,Myrtama,elegans,,False,Myricaria elegans,194560
OP429117.1,18S ribosomal RNA,genomic DNA,1941,Myrtama elegans,827984-1,Tamaricaceae,Myrtama,elegans,,False,Myricaria elegans,194560
AF207033.1,18S ribosomal RNA,genomic DNA,1723,Tamarix ramosissima,828206-1,Tamaricaceae,Tamarix,ramosissima,,True,Tamarix pentandra,63103
AF207034.1,18S ribosomal RNA,genomic DNA,1791,Tapiscia sinensis,785349-1,Tapisciaceae,Tapiscia,sinensis,,False,Tapiscia sinensis,112844
DQ478809.1,18S ribosomal RNA,genomic DNA,1671,Amentotaxus argotaenia,828260-1,Taxaceae,Amentotaxus,argotaenia,,False,Amentotaxus argotaenia,25625
D38248.1,18S ribosomal RNA,genomic DNA,1732,Amentotaxus formosana,828262-1,Taxaceae,Amentotaxus,formosana,,False,Amentotaxus formosana,50176
DQ478810.1,18S ribosomal RNA,genomic DNA,1670,Amentotaxus yunnanensis,828263-1,Taxaceae,Amentotaxus,yunnanensis,,False,Amentotaxus yunnanensis,89479
AB107895.1,18S ribosomal RNA,genomic DNA,1732,Austrotaxus spicata,828264-1,Taxaceae,Austrotaxus,spicata,,False,Austrotaxus spicata,89478
FJ179548.1,18S ribosomal RNA,genomic DNA,1690,Austrotaxus spicata,828264-1,Taxaceae,Austrotaxus,spicata,,False,Austrotaxus spicata,89478
DQ478807.1,18S ribosomal RNA,genomic DNA,1665,Pseudotaxus chienii,828352-1,Taxaceae,Pseudotaxus,chienii,,False,Pseudotaxus chienii,89481
AB107896.1,18S ribosomal RNA,genomic DNA,1733,Taxus baccata,306036-2,Taxaceae,Taxus,baccata,,True,Taxus baccata,25629
EU107110.1,18S ribosomal RNA,genomic DNA,1692,Taxus baccata,306036-2,Taxaceae,Taxus,baccata,,True,Taxus baccata,25629
EU107118.1,18S ribosomal RNA,genomic DNA,1692,Taxus brevifolia,249736-2,Taxaceae,Taxus,brevifolia,,False,Taxus brevifolia,46220
EF017311.1,18S ribosomal RNA,genomic DNA,1692,Taxus canadensis,828354-1,Taxaceae,Taxus,canadensis,,False,Taxus canadensis,88032
AY679156.1,18S ribosomal RNA,genomic DNA,1833,Taxus chinensis,1148780-2,Taxaceae,Taxus,chinensis,,True,Taxus chinensis,29808
AY544988.1,18S ribosomal RNA,genomic DNA,1824,Taxus chinensis,1148780-2,Taxaceae,Taxus,chinensis,,True,Taxus chinensis,29808
EU107109.1,18S ribosomal RNA,genomic DNA,1693,Taxus contorta,263797-1,Taxaceae,Taxus,contorta,,False,Taxus fuana,450882
EU107108.1,18S ribosomal RNA,genomic DNA,1693,Taxus contorta,263797-1,Taxaceae,Taxus,contorta,,False,Taxus fuana,450882
DQ888593.1,18S ribosomal RNA,genomic DNA,1691,Taxus cuspidata,324379-2,Taxaceae,Taxus,cuspidata,,False,Taxus cuspidata,99806
DQ478808.1,18S ribosomal RNA,genomic DNA,1671,Taxus cuspidata,324379-2,Taxaceae,Taxus,cuspidata,,False,Taxus cuspidata,99806
EU107115.1,18S ribosomal RNA,genomic DNA,1692,Taxus cuspidata var. nana,324381-2,Taxaceae,Taxus,cuspidata,nana,False,Taxus cuspidata var. nana,480382
EU107114.1,18S ribosomal RNA,genomic DNA,1692,Taxus floridana,285874-2,Taxaceae,Taxus,floridana,,False,Taxus floridana,156270
EU107117.1,18S ribosomal RNA,genomic DNA,1679,Taxus globosa,249740-2,Taxaceae,Taxus,globosa,,False,Taxus globosa,156271
AY679157.1,18S ribosomal RNA,genomic DNA,1822,Taxus mairei,828365-1,Taxaceae,Taxus,mairei,,False,Taxus mairei,120273
EU107112.1,18S ribosomal RNA,genomic DNA,1692,Taxus wallichiana,263869-1,Taxaceae,Taxus,wallichiana,,False,Taxus wallichiana,147273
EU107113.1,18S ribosomal RNA,genomic DNA,1692,Taxus wallichiana,263869-1,Taxaceae,Taxus,wallichiana,,False,Taxus sumatrana,450883
DQ478806.1,18S ribosomal RNA,genomic DNA,1665,Torreya grandis,20002256-1,Taxaceae,Torreya,grandis,,False,Torreya grandis,58047
D38249.1,18S ribosomal RNA,genomic DNA,1732,Torreya nucifera,263999-1,Taxaceae,Torreya,nucifera,,False,Torreya nucifera,50189
HM640782.1,18S ribosomal RNA,genomic DNA,1741,Cyanella orchidiformis,429688-1,Tecophilaeaceae,Cyanella,orchidiformis,,False,Cyanella orchidiformis,928049
AF207036.1,18S ribosomal RNA,genomic DNA,1745,Tecophilaea cyanocrocus,285875-2,Tecophilaeaceae,Tecophilaea,cyanocrocus,,False,Zephyra cyanocrocus,49737
HM640781.1,18S ribosomal RNA,genomic DNA,1729,Tecophilaea cyanocrocus,285875-2,Tecophilaeaceae,Tecophilaea,cyanocrocus,,False,Zephyra cyanocrocus,49737
U42549.1,18S ribosomal RNA,genomic DNA,1734,Tetracarpaea tasmannica,83296-3,Tetracarpaeaceae,Tetracarpaea,tasmannica,,False,Tetracarpaea tasmannica,2807387
AF008953.1,18S ribosomal RNA,genomic DNA,1805,Octomeles sumatrana,316100-1,Tetramelaceae,Octomeles,sumatrana,,False,Octomeles sumatrana,34298
U41502.1,18S ribosomal RNA,genomic DNA,1806,Tetrameles nudiflora,316103-1,Tetramelaceae,Tetrameles,nudiflora,,False,Tetrameles nudiflora,34299
AF206983.1,18S ribosomal RNA,genomic DNA,1735,Pelliciera rhizophorae,829218-1,Tetrameristaceae,Pelliciera,rhizophorae,,False,Pelliciera rhizophorae,112840
AF207039.1,18S ribosomal RNA,genomic DNA,1736,Tetramerista sp.,28112-1,Tetrameristaceae,Tetramerista,,,False,Tetramerista sp. Coode 7925,85286
MF171098.1,18S ribosomal RNA,genomic DNA,1750,Apterosperma oblatum,829855-1,Theaceae,Apterosperma,oblatum,,False,Apterosperma oblata,182296
MF171090.1,18S ribosomal RNA,genomic DNA,1750,Camellia elongata,829900-1,Theaceae,Camellia,elongata,,False,Camellia elongata,674061
U42815.1,18S ribosomal RNA,genomic DNA,1725,Camellia japonica,828524-1,Theaceae,Camellia,japonica,,False,Camellia japonica,4443
MF171087.1,18S ribosomal RNA,genomic DNA,1750,Camellia mairei,829935-1,Theaceae,Camellia,mairei,,False,Camellia mairei,536627
PX111005.1,18S ribosomal RNA,genomic DNA,1931,Camellia oleifera,828535-1,Theaceae,Camellia,oleifera,,False,Camellia oleifera,385388
MF171088.1,18S ribosomal RNA,genomic DNA,1750,Camellia oleifera,828535-1,Theaceae,Camellia,oleifera,,False,Camellia oleifera,385388
PX108756.1,18S ribosomal RNA,genomic DNA,1931,Camellia petelotii var. microcarpa,970989-1,Theaceae,Camellia,petelotii,microcarpa,False,Camellia meiocarpa,479407
MF171089.1,18S ribosomal RNA,genomic DNA,1750,Camellia reticulata,828540-1,Theaceae,Camellia,reticulata,,False,Camellia reticulata,452972
PV340646.1,rrn18,genomic DNA,1923,Camellia sinensis,828548-1,Theaceae,Camellia,sinensis,,False,Camellia sinensis,4442
XR_003639042.1,18S ribosomal RNA,rRNA,1808,Camellia sinensis,828548-1,Theaceae,Camellia,sinensis,,False,Camellia sinensis,4442
PV744423.1,rrn18,genomic DNA,1930,Camellia sinensis var. assamica,60454412-2,Theaceae,Camellia,sinensis,assamica,False,Camellia sinensis var. assamica,261999
MF171100.1,18S ribosomal RNA,genomic DNA,1750,Franklinia alatamaha,105657-2,Theaceae,Franklinia,alatamaha,,False,Franklinia alatamaha,182302
MF171101.1,18S ribosomal RNA,genomic DNA,1691,Gordonia brenesii,77111944-1,Theaceae,Gordonia,brenesii,,False,Gordonia brandegeei,182305
MF171099.1,18S ribosomal RNA,genomic DNA,1750,Gordonia fruticosa,112597-2,Theaceae,Gordonia,fruticosa,,False,Gordonia fruticosa,182312
MF171102.1,18S ribosomal RNA,genomic DNA,1750,Gordonia lasianthus,830294-1,Theaceae,Gordonia,lasianthus,,False,Gordonia lasianthus,182306
MF171082.1,18S ribosomal RNA,genomic DNA,1750,Polyspora axillaris,829225-1,Theaceae,Polyspora,axillaris,,True,Polyspora axillaris,107826
MF171108.1,18S ribosomal RNA,genomic DNA,1750,Pyrenaria diospyricarpa,829231-1,Theaceae,Pyrenaria,diospyricarpa,,False,Pyrenaria diospyricarpa,194715
MF171119.1,18S ribosomal RNA,genomic DNA,1431,Pyrenaria hirta var. cordatula,998089-1,Theaceae,Pyrenaria,hirta,cordatula,False,Pyrenaria hirta var. cordatula,2021138
MF171110.1,18S ribosomal RNA,genomic DNA,1750,Pyrenaria menglaensis,902871-1,Theaceae,Pyrenaria,menglaensis,,False,Pyrenaria menglaensis,197085
MF171111.1,18S ribosomal RNA,genomic DNA,1750,Pyrenaria oblongicarpa,902872-1,Theaceae,Pyrenaria,oblongicarpa,,False,Pyrenaria oblongicarpa,197086
MF171121.1,18S ribosomal RNA,genomic DNA,1750,Pyrenaria pingpienensis,998085-1,Theaceae,Pyrenaria,pingpienensis,,False,Pyrenaria pingpienensis,197096
MF171112.1,18S ribosomal RNA,genomic DNA,1750,Schima argentea,829464-1,Theaceae,Schima,argentea,,False,Schima argentea,182318
MF171113.1,18S ribosomal RNA,genomic DNA,1750,Schima noronhae,829473-1,Theaceae,Schima,noronhae,,False,Schima noronhae,182319
MF171114.1,18S ribosomal RNA,genomic DNA,1750,Schima sericans,996915-1,Theaceae,Schima,sericans,,False,Schima sericans,941577
MF171106.1,18S ribosomal RNA,genomic DNA,1750,Stewartia calcicola,988036-1,Theaceae,Stewartia,calcicola,,False,Stewartia calcicola,184083
MF171103.1,18S ribosomal RNA,genomic DNA,1750,Stewartia cordifolia,988037-1,Theaceae,Stewartia,cordifolia,,False,Stewartia cordifolia,941568
MF171094.1,18S ribosomal RNA,genomic DNA,1750,Stewartia malacodendron,829514-1,Theaceae,Stewartia,malacodendron,,False,Stewartia malacodendron,182322
MF171095.1,18S ribosomal RNA,genomic DNA,1715,Stewartia ovata,245581-2,Theaceae,Stewartia,ovata,,False,Stewartia ovata,155545
MF171096.1,18S ribosomal RNA,genomic DNA,1750,Stewartia pseudocamellia,829521-1,Theaceae,Stewartia,pseudocamellia,,False,Stewartia pseudocamellia,59679
MF171105.1,18S ribosomal RNA,genomic DNA,1750,Stewartia pteropetiolata,830461-1,Theaceae,Stewartia,pteropetiolata,,False,Stewartia pteropetiolata,182309
MF171093.1,18S ribosomal RNA,genomic DNA,1750,Stewartia rostrata,830453-1,Theaceae,Stewartia,rostrata,,False,Stewartia rostrata,184084
MF171097.1,18S ribosomal RNA,genomic DNA,1750,Stewartia rubiginosa,830454-1,Theaceae,Stewartia,rubiginosa,,False,Stewartia rubiginosa,941581
MF171092.1,18S ribosomal RNA,genomic DNA,1750,Stewartia sinensis,830455-1,Theaceae,Stewartia,sinensis,,False,Stewartia sinensis,182325
EF116225.1,18S ribosomal RNA,genomic DNA,1742,Aquilaria beccariana,830819-1,Thymelaeaceae,Aquilaria,beccariana,,False,Aquilaria beccariana,69462
AF207041.1,18S ribosomal RNA,genomic DNA,1745,Thymelaea hirsuta,832995-1,Thymelaeaceae,Thymelaea,hirsuta,,False,Thymelaea hirsuta,69845
AY147110.1,18S ribosomal RNA,genomic DNA,1539,Ticodendron incognitum,938421-1,Ticodendraceae,Ticodendron,incognitum,,False,Ticodendron incognitum,60428
AF206995.1,18S ribosomal RNA,genomic DNA,1741,Pleea tenuifolia,539952-1,Tofieldiaceae,Pleea,tenuifolia,,False,Pleea tenuifolia,85245
AF207043.1,18S ribosomal RNA,genomic DNA,1791,Tofieldia calyculata,542255-1,Tofieldiaceae,Tofieldia,calyculata,,False,Tofieldia calyculata,85290
AJ236002.1,18S ribosomal RNA,genomic DNA,1762,Melanophylla alnifolia,271910-1,Torricelliaceae,Melanophylla,alnifolia,,False,Melanophylla alnifolia,46413
AF206960.1,18S ribosomal RNA,genomic DNA,1738,Melanophylla alnifolia,271910-1,Torricelliaceae,Melanophylla,alnifolia,,False,Melanophylla alnifolia,46413
AB233536.1,18S ribosomal RNA,genomic DNA,1736,Trigonia boliviana,871012-1,Trigoniaceae,Trigonia,boliviana,,False,Trigonia boliviana,212261
AF207047.1,18S ribosomal RNA,genomic DNA,1730,Trigonia nivea,871029-1,Trigoniaceae,Trigonia,nivea,,False,Trigonia nivea,82141
FJ669714.1,18S ribosomal RNA,genomic DNA,1692,Trigoniastrum hypoleucum,692803-1,Trigoniaceae,Trigoniastrum,hypoleucum,,False,Trigoniastrum hypoleucum,670058
KF197095.1,18S ribosomal RNA,genomic DNA,1789,Kihansia sp.,60426763-2,Triuridaceae,Kihansia,,,False,Kihansia sp. Sainge 1620,1343456
KF197093.1,18S ribosomal RNA,genomic DNA,1788,Kupea martinetugei,20012035-1,Triuridaceae,Kupea,martinetugei,,False,Kupea martinetugei,517553
EU816706.1,18S ribosomal RNA,genomic DNA,1730,Kupea martinetugei,20012035-1,Triuridaceae,Kupea,martinetugei,,False,Kupea martinetugei,517553
KF197092.1,18S ribosomal RNA,genomic DNA,1783,Sciaphila albescens,836272-1,Triuridaceae,Sciaphila,albescens,,False,Sciaphila albescens,244037
EU816705.1,18S ribosomal RNA,genomic DNA,1781,Sciaphila albescens,836272-1,Triuridaceae,Sciaphila,albescens,,False,Sciaphila albescens,244037
EU816704.1,18S ribosomal RNA,genomic DNA,1708,Sciaphila densiflora,836291-1,Triuridaceae,Sciaphila,densiflora,,False,Sciaphila densiflora,548678
KF197086.1,18S ribosomal RNA,genomic DNA,1784,Sciaphila ledermannii,836306-1,Triuridaceae,Sciaphila,ledermannii,,False,Sciaphila ledermannii,517554
HQ448766.1,18S ribosomal RNA,genomic DNA,1574,Sciaphila ledermannii,836306-1,Triuridaceae,Sciaphila,ledermannii,,False,Sciaphila ledermannii,517554
KF264486.1,18S ribosomal RNA,genomic DNA,1621,Sciaphila madagascariensis,77182655-1,Triuridaceae,Sciaphila,madagascariensis,,False,Seychellaria madagascariensis,1351768
KF264485.1,18S ribosomal RNA,genomic DNA,1736,Sciaphila mwanihanensis,77182957-1,Triuridaceae,Sciaphila,mwanihanensis,,False,Seychellaria africana,1351767
KF197085.1,18S ribosomal RNA,genomic DNA,1766,Sciaphila nana,836320-1,Triuridaceae,Sciaphila,nana,,False,Sciaphila nana,1343457
KF197084.1,18S ribosomal RNA,genomic DNA,1774,Sciaphila picta,836329-1,Triuridaceae,Sciaphila,picta,,False,Sciaphila picta,1343458
KF197087.1,18S ribosomal RNA,genomic DNA,1780,Sciaphila purpurea,836332-1,Triuridaceae,Sciaphila,purpurea,,False,Sciaphila purpurea,1343459
KF197083.1,18S ribosomal RNA,genomic DNA,1769,Sciaphila purpurea,836332-1,Triuridaceae,Sciaphila,purpurea,,False,Sciaphila purpurea,1343459
KF197082.1,18S ribosomal RNA,genomic DNA,1766,Sciaphila quadribullifera,836333-1,Triuridaceae,Sciaphila,quadribullifera,,False,Sciaphila quadribullifera,1343460
KF197094.1,18S ribosomal RNA,genomic DNA,1781,Sciaphila sp.,39569-1,Triuridaceae,Sciaphila,,,False,Andruris sp. Sands et al. 2833,1343454
KF264483.1,18S ribosomal RNA,genomic DNA,1763,Sciaphila sp.,39569-1,Triuridaceae,Sciaphila,,,False,Sciaphila sp. NHN-U 0253669,1351764
KF264484.1,18S ribosomal RNA,genomic DNA,1781,Sciaphila tenella,836343-1,Triuridaceae,Sciaphila,tenella,,False,Sciaphila tenella,1351765
KF264487.1,18S ribosomal RNA,genomic DNA,1775,Triuris hexophthalma,930273-1,Triuridaceae,Triuris,hexophthalma,,False,Triuris hexophthalma,1351771
U42814.1,18S ribosomal RNA,genomic DNA,1731,Tetracentron sinense,555255-1,Trochodendraceae,Tetracentron,sinense,,False,Tetracentron sinense,13715
AF094564.1,18S ribosomal RNA,genomic DNA,1697,Tetracentron sinense,555255-1,Trochodendraceae,Tetracentron,sinense,,False,Tetracentron sinense,13715
U42816.1,18S ribosomal RNA,genomic DNA,1735,Trochodendron aralioides,927850-1,Trochodendraceae,Trochodendron,aralioides,,False,Trochodendron aralioides,4407
AF094565.1,18S ribosomal RNA,genomic DNA,1694,Trochodendron aralioides,927850-1,Trochodendraceae,Trochodendron,aralioides,,False,Trochodendron aralioides,4407
L28750.1,18S rRNA,genomic DNA,1734,Tropaeolum majus,310974-2,Tropaeolaceae,Tropaeolum,majus,,False,Tropaeolum majus,4020
L24419.1,18S ribosomal RNA,genomic DNA,1749,Sparganium eurycarpum,836759-1,Typhaceae,Sparganium,eurycarpum,,False,Sparganium eurycarpum,35871
AY952387.1,18S ribosomal RNA,genomic DNA,1676,Sparganium glomeratum,836764-1,Typhaceae,Sparganium,glomeratum,,False,Sparganium glomeratum,319741
XR_012104467.1,18S ribosomal RNA,rRNA,1811,Typha angustifolia,259280-2,Typhaceae,Typha,angustifolia,,False,Typha angustifolia,59011
XR_012104473.1,18S ribosomal RNA,rRNA,1811,Typha angustifolia,259280-2,Typhaceae,Typha,angustifolia,,False,Typha angustifolia,59011
XR_012111266.1,18S ribosomal RNA,rRNA,1819,Typha latifolia,836870-1,Typhaceae,Typha,latifolia,,False,Typha latifolia,4733
XR_012111265.1,18S ribosomal RNA,rRNA,1811,Typha latifolia,836870-1,Typhaceae,Typha,latifolia,,False,Typha latifolia,4733
KC539565.1,18S ribosomal RNA,genomic DNA,1635,Ampelocera hottlei,11469-2,Ulmaceae,Ampelocera,hottlei,,False,Ampelocera hottlei,63064
KC539564.1,18S ribosomal RNA,genomic DNA,1635,Ampelocera hottlei,11469-2,Ulmaceae,Ampelocera,hottlei,,False,Ampelocera hottlei,63064
KC539567.1,18S ribosomal RNA,genomic DNA,1606,Ampelocera macphersonii,272081-2,Ulmaceae,Ampelocera,macphersonii,,False,Ampelocera macphersonii,1428764
KC539572.1,18S ribosomal RNA,genomic DNA,1636,Hemiptelea davidii,854166-1,Ulmaceae,Hemiptelea,davidii,,False,Hemiptelea davidii,63068
KC539571.1,18S ribosomal RNA,genomic DNA,1636,Hemiptelea davidii,854166-1,Ulmaceae,Hemiptelea,davidii,,False,Hemiptelea davidii,63068
KC539555.1,18S ribosomal RNA,genomic DNA,1637,Holoptelea integrifolia,854174-1,Ulmaceae,Holoptelea,integrifolia,,False,Holoptelea integrifolia,63066
KC539570.1,18S ribosomal RNA,genomic DNA,1635,Phyllostylon rhamnoides,855199-1,Ulmaceae,Phyllostylon,rhamnoides,,False,Phyllostylon rhamnoides,1428766
KC539561.1,18S ribosomal RNA,genomic DNA,1635,Phyllostylon rhamnoides,855199-1,Ulmaceae,Phyllostylon,rhamnoides,,False,Phyllostylon rhamnoides,1428766
KC539542.1,18S ribosomal RNA,genomic DNA,1635,Planera aquatica,305500-2,Ulmaceae,Planera,aquatica,,False,Planera aquatica,1428768
KC539557.1,18S ribosomal RNA,genomic DNA,1635,Planera aquatica,305500-2,Ulmaceae,Planera,aquatica,,False,Planera aquatica,1428768
KC539541.1,18S ribosomal RNA,genomic DNA,1635,Ulmus alata,302994-2,Ulmaceae,Ulmus,alata,,False,Ulmus alata,24736
KC539539.1,18S ribosomal RNA,genomic DNA,1635,Ulmus americana,304464-2,Ulmaceae,Ulmus,americana,,False,Ulmus americana,29740
KC539556.1,18S ribosomal RNA,genomic DNA,1635,Ulmus davidiana,856844-1,Ulmaceae,Ulmus,davidiana,,False,Ulmus davidiana,1297873
KC539568.1,18S ribosomal RNA,genomic DNA,1635,Ulmus davidiana,856844-1,Ulmaceae,Ulmus,davidiana,,False,Ulmus davidiana,1297873
KC539554.1,18S ribosomal RNA,genomic DNA,1516,Ulmus elliptica,856849-1,Ulmaceae,Ulmus,elliptica,,True,Ulmus elliptica,1428769
KC539562.1,18S ribosomal RNA,genomic DNA,1635,Ulmus glabra,302887-2,Ulmaceae,Ulmus,glabra,,True,Ulmus glabra,172265
KC539573.1,18S ribosomal RNA,genomic DNA,1625,Ulmus glaucescens,856866-1,Ulmaceae,Ulmus,glaucescens,,False,Ulmus glaucescens,1428770
KC539566.1,18S ribosomal RNA,genomic DNA,1635,Ulmus laevis,856879-1,Ulmaceae,Ulmus,laevis,,False,Ulmus laevis,233204
JF317377.1,18S ribosomal RNA,genomic DNA,1725,Ulmus macrocarpa,856885-1,Ulmaceae,Ulmus,macrocarpa,,False,Ulmus macrocarpa,1043716
KC539551.1,18S ribosomal RNA,genomic DNA,1635,Ulmus minor,856890-1,Ulmaceae,Ulmus,minor,,False,Ulmus minor,262084
KC539560.1,18S ribosomal RNA,genomic DNA,1635,Ulmus minor,856890-1,Ulmaceae,Ulmus,minor,,False,Ulmus minor,262084
KC539553.1,18S ribosomal RNA,genomic DNA,1635,Ulmus parvifolia,302296-2,Ulmaceae,Ulmus,parvifolia,,False,Ulmus parvifolia,63058
KC539548.1,18S ribosomal RNA,genomic DNA,1635,Ulmus pumila,303333-2,Ulmaceae,Ulmus,pumila,,True,Ulmus pumila,198266
KC539543.1,18S ribosomal RNA,genomic DNA,1635,Ulmus rubra,306680-2,Ulmaceae,Ulmus,rubra,,False,Ulmus rubra,102693
MW717909.1,18S ribosomal RNA,genomic DNA,1866,Zelkova schneideriana,837189-1,Ulmaceae,Zelkova,schneideriana,,False,Zelkova schneideriana,172643
U42819.1,18S ribosomal RNA,genomic DNA,1706,Zelkova serrata,858079-1,Ulmaceae,Zelkova,serrata,,False,Zelkova serrata,45187
KC539540.1,18S ribosomal RNA,genomic DNA,1635,Zelkova serrata,858079-1,Ulmaceae,Zelkova,serrata,,False,Zelkova serrata,45187
KF137743.1,18S ribosomal RNA,genomic DNA,1697,Archiboehmeria atrata,850352-1,Urticaceae,Archiboehmeria,atrata,,False,Archiboehmeria atrata,1399655
KF137744.1,18S ribosomal RNA,genomic DNA,1669,Astrothalamus reticulatus,850465-1,Urticaceae,Astrothalamus,reticulatus,,False,Astrothalamus reticulatus,1399657
KF137745.1,18S ribosomal RNA,genomic DNA,1659,Australina flaccida,850470-1,Urticaceae,Australina,flaccida,,False,Australina flaccida,1399659
KF137746.1,18S ribosomal RNA,genomic DNA,1696,Boehmeria clidemioides var. clidemioides,77228883-1,Urticaceae,Boehmeria,clidemioides,clidemioides,False,Boehmeria clidemioides var. clidemioides,644050
AF206870.1,18S ribosomal RNA,genomic DNA,1748,Boehmeria nivea,55676-3,Urticaceae,Boehmeria,nivea,,False,Boehmeria nivea,83906
JF317378.1,18S ribosomal RNA,genomic DNA,1725,Boehmeria virgata var. scabrella,77133802-1,Urticaceae,Boehmeria,virgata,scabrella,False,Boehmeria virgata var. scabrella,644058
KF137749.1,18S ribosomal RNA,genomic DNA,1704,Cecropia ficifolia,582776-1,Urticaceae,Cecropia,ficifolia,,False,Cecropia ficifolia,1078255
KF137751.1,18S ribosomal RNA,genomic DNA,1659,Chamabainia cuspidata,851215-1,Urticaceae,Chamabainia,cuspidata,,False,Chamabainia cuspidata,1204772
KF137752.1,18S ribosomal RNA,genomic DNA,1658,Debregeasia longifolia,851412-1,Urticaceae,Debregeasia,longifolia,,False,Debregeasia longifolia,242038
JF317363.1,18S ribosomal RNA,genomic DNA,1723,Debregeasia saeneb,912372-1,Urticaceae,Debregeasia,saeneb,,False,Debregeasia saeneb,1037061
KF137753.1,18S ribosomal RNA,genomic DNA,1660,Debregeasia sp.,40768-1,Urticaceae,Debregeasia,,,False,Debregeasia sp. RC1556,1399669
KF137754.1,18S ribosomal RNA,genomic DNA,1683,Dendrocnide sinuata,851471-1,Urticaceae,Dendrocnide,sinuata,,False,Dendrocnide sinuata,647264
KF137755.1,18S ribosomal RNA,genomic DNA,1705,Didymodoxa afra,942242-1,Urticaceae,Didymodoxa,afra,,False,Didymodoxa caffra,378933
KF137756.1,18S ribosomal RNA,genomic DNA,1671,Droguetia ambigua,851671-1,Urticaceae,Droguetia,ambigua,,False,Droguetia ambigua,379230
KF137757.1,18S ribosomal RNA,genomic DNA,1696,Droguetia iners subsp. urticoides,953416-1,Urticaceae,Droguetia,iners,urticoides,False,Droguetia iners subsp. urticoides,1399673
KF137758.1,18S ribosomal RNA,genomic DNA,1708,Elatostema albopilosum,851737-1,Urticaceae,Elatostema,albopilosum,,False,Elatostema albopilosum,1399674
KF137759.1,18S ribosomal RNA,genomic DNA,1711,Elatostema cuspidatum var. cuspidatum,77230045-1,Urticaceae,Elatostema,cuspidatum,cuspidatum,False,Elatostema cuspidatum var. cuspidatum,1399678
MW172522.1,18S ribosomal RNA,genomic DNA,1809,Elatostema qinzhouense,77215696-1,Urticaceae,Elatostema,qinzhouense,,False,Elatostema qinzhouense,2794062
KF137761.1,18S ribosomal RNA,genomic DNA,1704,Forsskaolea angustifolia,854037-1,Urticaceae,Forsskaolea,angustifolia,,False,Forsskaolea angustifolia,1399689
KF137762.1,18S ribosomal RNA,genomic DNA,1704,Forsskaolea angustifolia,854037-1,Urticaceae,Forsskaolea,angustifolia,,False,Forsskaolea angustifolia,1399689
KF137763.1,18S ribosomal RNA,genomic DNA,1633,Girardinia diversifolia subsp. diversifolia,77230547-1,Urticaceae,Girardinia,diversifolia,diversifolia,False,Girardinia diversifolia subsp. diversifolia,1303706
KF137764.1,18S ribosomal RNA,genomic DNA,1665,Gonostegia parvifolia,854134-1,Urticaceae,Gonostegia,parvifolia,,False,Gonostegia parvifolia,1399690
KF137765.1,18S ribosomal RNA,genomic DNA,1675,Gyrotaenia spicata,854152-1,Urticaceae,Gyrotaenia,spicata,,False,Gyrotaenia spicata,1399694
KF137766.1,18S ribosomal RNA,genomic DNA,1666,Hemistylus macrostachya,854169-1,Urticaceae,Hemistylus,macrostachya,,False,Hemistylus macrostachya,1399696
KF137768.1,18S ribosomal RNA,genomic DNA,1709,Lecanthus peduncularis,854359-1,Urticaceae,Lecanthus,peduncularis,,False,Lecanthus peduncularis,344771
KF137769.1,18S ribosomal RNA,genomic DNA,1639,Myrianthus preussii,854743-1,Urticaceae,Myrianthus,preussii,,False,Myrianthus preussii,1399701
KF137770.1,18S ribosomal RNA,genomic DNA,1704,Myriocarpa cordifolia,854747-1,Urticaceae,Myriocarpa,cordifolia,,False,Myriocarpa cordifolia,1413209
KF137771.1,18S ribosomal RNA,genomic DNA,1704,Myriocarpa obovata,166287-2,Urticaceae,Myriocarpa,obovata,,False,Myriocarpa obovata,1399702
KF137772.1,18S ribosomal RNA,genomic DNA,1679,Nanocnide japonica,854771-1,Urticaceae,Nanocnide,japonica,,False,Nanocnide japonica,1399704
KF137773.1,18S ribosomal RNA,genomic DNA,1680,Nanocnide lobata,854772-1,Urticaceae,Nanocnide,lobata,,False,Nanocnide lobata,1399705
KF137774.1,18S ribosomal RNA,genomic DNA,1704,Neodistemon indicus,854777-1,Urticaceae,Neodistemon,indicus,,False,Neodistemon indicus,1399707
KF137775.1,18S ribosomal RNA,genomic DNA,1661,Neraudia kauaiensis,854784-1,Urticaceae,Neraudia,kauaiensis,,False,Neraudia kauaiensis,1399709
KF137776.1,18S ribosomal RNA,genomic DNA,1671,Nothocnide mollissima,854792-1,Urticaceae,Nothocnide,mollissima,,False,Nothocnide mollissima,1399711
KF137777.1,18S ribosomal RNA,genomic DNA,1706,Obetia tenax,912877-1,Urticaceae,Obetia,tenax,,False,Obetia tenax,992759
KF137778.1,18S ribosomal RNA,genomic DNA,1694,Oreocnide frutescens subsp. frutescens,77230954-1,Urticaceae,Oreocnide,frutescens,frutescens,False,Oreocnide frutescens subsp. frutescens,1399713
KF137780.1,18S ribosomal RNA,genomic DNA,1694,Parietaria debilis,854908-1,Urticaceae,Parietaria,debilis,,False,Parietaria micrantha,1399715
KF137779.1,18S ribosomal RNA,genomic DNA,1705,Parietaria judaica,854934-1,Urticaceae,Parietaria,judaica,,False,Parietaria judaica,33127
KF137783.1,18S ribosomal RNA,genomic DNA,1709,Pilea angulata subsp. petiolaris,921283-1,Urticaceae,Pilea,angulata,petiolaris,False,Pilea angulata subsp. petiolaris,1399721
JF317373.1,18S ribosomal RNA,genomic DNA,1726,Pilea cadierei,855275-1,Urticaceae,Pilea,cadierei,,False,Pilea cadierei,45185
U42820.1,18S ribosomal RNA,genomic DNA,1705,Pilea cadierei,855275-1,Urticaceae,Pilea,cadierei,,False,Pilea cadierei,45185
KF137791.1,18S ribosomal RNA,genomic DNA,1705,Pilea fairchildiana,77120476-1,Urticaceae,Pilea,fairchildiana,,False,Sarcopilea domingensis,1198268
KF137784.1,18S ribosomal RNA,genomic DNA,1706,Pilea longipedunculata,900589-1,Urticaceae,Pilea,longipedunculata,,False,Pilea longipedunculata,1399725
KF137786.1,18S ribosomal RNA,genomic DNA,1697,Poikilospermum lanceolatum,856035-1,Urticaceae,Poikilospermum,lanceolatum,,False,Poikilospermum lanceolatum,344860
KF137787.1,18S ribosomal RNA,genomic DNA,1695,Pouzolzia sanguinea var. elegans,60435806-2,Urticaceae,Pouzolzia,sanguinea,elegans,False,Pouzolzia sanguinea var. elegans,1399738
KF137782.1,18S ribosomal RNA,genomic DNA,1662,Procris repens,77118256-1,Urticaceae,Procris,repens,,False,Procris repens,2807137
KF137789.1,18S ribosomal RNA,genomic DNA,1671,Rousselia humilis,222792-2,Urticaceae,Rousselia,humilis,,False,Rousselia humilis,1399744
KF137790.1,18S ribosomal RNA,genomic DNA,1695,Sarcochlamys pulcherrima,856515-1,Urticaceae,Sarcochlamys,pulcherrima,,False,Sarcochlamys pulcherrima,1399746
KF137792.1,18S ribosomal RNA,genomic DNA,1659,Touchardia latifolia,856710-1,Urticaceae,Touchardia,latifolia,,False,Touchardia latifolia,1399750
KF137794.1,18S ribosomal RNA,genomic DNA,1681,Touchardia sandwicensis,3286466-4,Urticaceae,Touchardia,sandwicensis,,False,Urera glabra,194275
KF137793.1,18S ribosomal RNA,genomic DNA,1706,Urera caracasana,856982-1,Urticaceae,Urera,caracasana,,False,Urera caracasana,1130851
KF137795.1,18S ribosomal RNA,genomic DNA,1676,Urera sp.,41030-1,Urticaceae,Urera,,,False,Urera sp. WangH-201001,1399754
KF137796.1,18S ribosomal RNA,genomic DNA,1675,Urtica dioica var. holosericea,77253028-1,Urticaceae,Urtica,dioica,holosericea,True,Urtica angustifolia,1399755
KF137797.1,18S ribosomal RNA,genomic DNA,1673,Urtica mairei,857718-1,Urticaceae,Urtica,mairei,,False,Urtica mairei,540250
U42813.1,18S ribosomal RNA,genomic DNA,1714,Vahlia capensis,794914-1,Vahliaceae,Vahlia,capensis,,False,Vahlia capensis,23278
AY952411.1,18S ribosomal RNA,genomic DNA,1773,Acanthochlamys bracteata,957775-1,Velloziaceae,Acanthochlamys,bracteata,,False,Acanthochlamys bracteata,145231
KF197080.1,18S ribosomal RNA,genomic DNA,1760,Xerophyta elegans,67140-1,Velloziaceae,Xerophyta,elegans,,False,Talbotia elegans,72649
AF206861.1,18S ribosomal RNA,genomic DNA,1743,Xerophyta elegans,67140-1,Velloziaceae,Xerophyta,elegans,,False,Talbotia elegans,72649
AJ236049.1,18S ribosomal RNA,genomic DNA,1766,Lantana camara,325686-2,Verbenaceae,Lantana,camara,,False,Lantana camara,126435
AJ236051.1,18S ribosomal RNA,genomic DNA,1766,Phyla lanceolata,194563-2,Verbenaceae,Phyla,lanceolata,,False,Phyla lanceolata,86859
AJ236042.1,18S ribosomal RNA,genomic DNA,1762,Verbena bracteata,326709-2,Verbenaceae,Verbena,bracteata,,False,Verbena bracteata,39417
KT179710.1,18S ribosomal RNA,genomic DNA,1808,Verbena hastata,865207-1,Verbenaceae,Verbena,hastata,,False,Verbena hastata,443381
GQ983560.1,18S ribosomal RNA,genomic DNA,1725,Adoxa moschatellina,148240-1,Viburnaceae,Adoxa,moschatellina,,False,Adoxa moschatellina,4208
AF193941.1,18S ribosomal RNA,genomic DNA,1671,Sambucus canadensis,321978-2,Viburnaceae,Sambucus,canadensis,,True,Sambucus canadensis,57008
AJ236005.1,18S ribosomal RNA,genomic DNA,1769,Sambucus ebulus,149315-1,Viburnaceae,Sambucus,ebulus,,False,Sambucus ebulus,28503
AJ236007.1,18S ribosomal RNA,genomic DNA,1769,Viburnum acerifolium,326263-2,Viburnaceae,Viburnum,acerifolium,,True,Viburnum acerifolium,4205
AB233627.1,18S ribosomal RNA,genomic DNA,1735,Agatea longipedicellata,866189-1,Violaceae,Agatea,longipedicellata,,False,Agatea longipedicellata,1343625
AB354509.1,18S ribosomal RNA,genomic DNA,1736,Agatea schlechteri,866192-1,Violaceae,Agatea,schlechteri,,False,Agatea schlechteri,459887
AB354510.1,18S ribosomal RNA,genomic DNA,1735,Agatea veillonii,20000211-1,Violaceae,Agatea,veillonii,,False,Agatea veillonii,459888
AB354511.1,18S ribosomal RNA,genomic DNA,1735,Allexis obanensis,866206-1,Violaceae,Allexis,obanensis,,False,Allexis obanensis,459889
AB354512.1,18S ribosomal RNA,genomic DNA,1736,Amphirrhox longifolia,866404-1,Violaceae,Amphirrhox,longifolia,,False,Amphirrhox surinamensis,212263
AB354514.1,18S ribosomal RNA,genomic DNA,1735,Anchietea pyrifolia,866411-1,Violaceae,Anchietea,pyrifolia,,False,Anchietea salutaris,459890
AB354513.1,18S ribosomal RNA,genomic DNA,1735,Anchietea pyrifolia,866411-1,Violaceae,Anchietea,pyrifolia,,False,Anchietea parvifolia,212265
AB354515.1,18S ribosomal RNA,genomic DNA,1735,Anchietea sellowiana,866416-1,Violaceae,Anchietea,sellowiana,,False,Anchietea selloviana,459891
AB354538.1,18S ribosomal RNA,genomic DNA,1735,Bribria apiculata,77201819-1,Violaceae,Bribria,apiculata,,False,Rinorea apiculata,459915
AB354516.1,18S ribosomal RNA,genomic DNA,1735,Calyptrion arboreum,77144891-1,Violaceae,Calyptrion,arboreum,,False,Corynostylis arborea,459893
AB354517.1,18S ribosomal RNA,genomic DNA,1736,Decorsella paradoxa,851423-1,Violaceae,Decorsella,paradoxa,,False,Decorsella paradoxa,317450
AB354518.1,18S ribosomal RNA,genomic DNA,1735,Fusispermum laxiflorum,277277-2,Violaceae,Fusispermum,laxiflorum,,False,Fusispermum laxiflorum,459895
FJ669716.1,18S ribosomal RNA,genomic DNA,1677,Fusispermum laxiflorum,277277-2,Violaceae,Fusispermum,laxiflorum,,False,Fusispermum laxiflorum,459895
AB354519.1,18S ribosomal RNA,genomic DNA,1735,Fusispermum minutiflorum,106443-2,Violaceae,Fusispermum,minutiflorum,,False,Fusispermum minutiflorum,459896
AB354527.1,18S ribosomal RNA,genomic DNA,1736,Hybanthus galeottii,124922-2,Violaceae,Hybanthus,galeottii,,False,Hybanthus galeottii,459904
AY674607.1,18S ribosomal RNA,genomic DNA,1664,Hybanthus sp.,331666-2,Violaceae,Hybanthus,,,False,Hybanthus sp. Alford 89,289677
AB354528.1,18S ribosomal RNA,genomic DNA,1735,Isodendrion laurifolium,866929-1,Violaceae,Isodendrion,laurifolium,,False,Isodendrion laurifolium,459906
AB354529.1,18S ribosomal RNA,genomic DNA,1724,Isodendrion longifolium,866930-1,Violaceae,Isodendrion,longifolium,,False,Isodendrion longifolium,459907
AB354532.1,18S ribosomal RNA,genomic DNA,1734,Leonia caudata,77183938-1,Violaceae,Leonia,caudata,,False,Mayanaea caudata,459911
AB354530.1,18S ribosomal RNA,genomic DNA,1735,Leonia crassa,137351-2,Violaceae,Leonia,crassa,,False,Leonia crassa,459908
AB354520.1,18S ribosomal RNA,genomic DNA,1736,Leonia dichotoma,77183966-1,Violaceae,Leonia,dichotoma,,False,Gloeospermum dichotomum,459898
AY674613.1,18S ribosomal RNA,genomic DNA,1685,Leonia glycycarpa,866956-1,Violaceae,Leonia,glycycarpa,,False,Leonia glycycarpa,72465
AB354521.1,18S ribosomal RNA,genomic DNA,1735,Leonia longifolia,77183721-1,Violaceae,Leonia,longifolia,,False,Gloeospermum longifolium,459899
AB354522.1,18S ribosomal RNA,genomic DNA,1735,Leonia sphaerocarpa,77184111-1,Violaceae,Leonia,sphaerocarpa,,False,Gloeospermum sphaerocarpum,459900
AB354543.1,18S ribosomal RNA,genomic DNA,1735,Leonia ulei,77183854-1,Violaceae,Leonia,ulei,,False,Rinoreocarpus ulei,317446
AF206933.1,18S ribosomal RNA,genomic DNA,1741,Melicytus alpinus,944759-1,Violaceae,Melicytus,alpinus,,False,Melicytus alpinus,72460
AB354533.1,18S ribosomal RNA,genomic DNA,1735,Melicytus latifolius,169851-3,Violaceae,Melicytus,latifolius,,False,Melicytus latifolius,212268
AB354534.1,18S ribosomal RNA,genomic DNA,1735,Melicytus micranthus,866977-1,Violaceae,Melicytus,micranthus,,False,Melicytus micranthus,459912
AB354535.1,18S ribosomal RNA,genomic DNA,1735,Melicytus novae-zelandiae,866979-1,Violaceae,Melicytus,novae-zelandiae,,False,Melicytus novae-zelandiae,450840
AB354536.1,18S ribosomal RNA,genomic DNA,1736,Noisettia orchidiflora,867015-1,Violaceae,Noisettia,orchidiflora,,False,Noisettia orchidiflora,97460
AB233629.1,18S ribosomal RNA,genomic DNA,1734,Orthion subsessile,176712-2,Violaceae,Orthion,subsessile,,False,Orthion subsessile,212270
AB354537.1,18S ribosomal RNA,genomic DNA,1735,Paypayrola grandiflora,867030-1,Violaceae,Paypayrola,grandiflora,,False,Paypayrola grandiflora,459914
AB354526.1,18S ribosomal RNA,genomic DNA,1735,Pigea enneasperma,77221099-1,Violaceae,Pigea,enneasperma,,False,Pigea enneasperma,212266
AB354525.1,18S ribosomal RNA,genomic DNA,1736,Pombalia attenuata,77143544-1,Violaceae,Pombalia,attenuata,,False,Pombalia attenuata,1343640
AB354523.1,18S ribosomal RNA,genomic DNA,1735,Pombalia bigibbosa,77143546-1,Violaceae,Pombalia,bigibbosa,,False,Pombalia bigibbosa,459901
AB354524.1,18S ribosomal RNA,genomic DNA,1736,Pombalia calceolaria,77143549-1,Violaceae,Pombalia,calceolaria,,False,Pombalia calceolaria,459902
AB233628.1,18S ribosomal RNA,genomic DNA,1736,Pombalia communis,77143552-1,Violaceae,Pombalia,communis,,False,Pombalia communis,344404
AB354539.1,18S ribosomal RNA,genomic DNA,1735,Rinorea dentata,867174-1,Violaceae,Rinorea,dentata,,False,Rinorea dentata,459916
AB354540.1,18S ribosomal RNA,genomic DNA,1735,Rinorea ilicifolia,867242-1,Violaceae,Rinorea,ilicifolia,,False,Rinorea ilicifolia,317442
AB354541.1,18S ribosomal RNA,genomic DNA,1735,Rinorea neglecta,221430-2,Violaceae,Rinorea,neglecta,,False,Rinorea neglecta,459917
AY929373.1,18S ribosomal RNA,genomic DNA,1770,Rinorea pubiflora,221441-2,Violaceae,Rinorea,pubiflora,,False,Rinorea pubiflora,324812
AB354542.1,18S ribosomal RNA,genomic DNA,1735,Rinorea subintegrifolia,867400-1,Violaceae,Rinorea,subintegrifolia,,False,Rinorea subintegrifolia,317436
KT459216.1,18S ribosomal RNA,genomic DNA,1811,Viola pedatifida,317477-2,Violaceae,Viola,pedatifida,,False,Viola pedatifida,1234509
AB354544.1,18S ribosomal RNA,genomic DNA,1736,Viola philippica,868955-1,Violaceae,Viola,philippica,,False,Viola philippica,316493
FJ669717.1,18S ribosomal RNA,genomic DNA,1703,Viola pubescens,266880-2,Violaceae,Viola,pubescens,,False,Viola pubescens,97445
KT459215.1,18S ribosomal RNA,genomic DNA,1810,Viola tricolor subsp. tricolor,77225257-1,Violaceae,Viola,tricolor,tricolor,True,Viola bicolor,706696
AF206951.1,18S ribosomal RNA,genomic DNA,1738,Leea guineensis,68307-1,Vitaceae,Leea,guineensis,,False,Leea guineensis,39334
AY674612.1,18S ribosomal RNA,genomic DNA,1498,Leea guineensis,68307-1,Vitaceae,Leea,guineensis,,False,Leea guineensis,39334
PV221056.1,rrn18,genomic DNA,2146,Nekemias grossedentata,77142325-1,Vitaceae,Nekemias,grossedentata,,False,Nekemias grossedentata,416090
AY674637.1,18S ribosomal RNA,genomic DNA,1724,Tetrastigma hypoglaucum,68479-1,Vitaceae,Tetrastigma,hypoglaucum,,False,Tetrastigma hypoglaucum,289690
AF207053.1,18S ribosomal RNA,genomic DNA,1738,Vitis sp.,325876-2,Vitaceae,Vitis,,,False,Vitis sp. Soltis and Soltis 2519,120080
GQ220326.1,rrn18,genomic DNA,2146,Vitis vinifera,30478388-2,Vitaceae,Vitis,vinifera,,False,Vitis vinifera,29760
XR_009467919.1,18S ribosomal RNA,rRNA,1809,Vitis vinifera,30478388-2,Vitaceae,Vitis,vinifera,,False,Vitis vinifera,29760
AF207002.1,18S ribosomal RNA,genomic DNA,1720,Qualea sp.,41631-1,Vochysiaceae,Qualea,,,False,Qualea sp. Anderson 13660,29756
AM235539.1,18S rRNA,genomic DNA,1628,Ruizterania albiflora,224361-2,Vochysiaceae,Ruizterania,albiflora,,False,Ruizterania albiflora,376213
AM235540.1,18S rRNA,genomic DNA,1629,Vochysia tucanorum,871119-1,Vochysiaceae,Vochysia,tucanorum,,False,Vochysia tucanorum,376216
MW354481.1,18S ribosomal RNA,genomic DNA,1908,Welwitschia mirabilis,383591-1,Welwitschiaceae,Welwitschia,mirabilis,,False,Welwitschia mirabilis,3377
AF207059.1,18S ribosomal RNA,genomic DNA,1750,Welwitschia mirabilis,383591-1,Welwitschiaceae,Welwitschia,mirabilis,,False,Welwitschia mirabilis,3377
L24089.1,18S rRNA,genomic DNA,1763,Drimys winteri,330748-2,Winteraceae,Drimys,winteri,,False,Drimys winteri,3419
U42823.1,18S ribosomal RNA,genomic DNA,1735,Drimys winteri,330748-2,Winteraceae,Drimys,winteri,,False,Drimys winteri,3419
AY572310.1,18S ribosomal RNA,genomic DNA,1709,Pseudowintera axillaris,871219-1,Winteraceae,Pseudowintera,axillaris,,False,Pseudowintera axillaris,132897
AF094567.1,18S ribosomal RNA,genomic DNA,1694,Pseudowintera colorata,871220-1,Winteraceae,Pseudowintera,colorata,,False,Pseudowintera colorata,22294
AF207032.1,18S ribosomal RNA,genomic DNA,1781,Takhtajania perrieri,871222-1,Winteraceae,Takhtajania,perrieri,,False,Takhtajania perrieri,112846
AF207035.1,18S ribosomal RNA,genomic DNA,1724,Tasmannia insipida,555232-1,Winteraceae,Tasmannia,insipida,,False,Tasmannia insipida,3422
XR_013243569.1,18S ribosomal RNA,rRNA,1849,Tasmannia lanceolata,555234-1,Winteraceae,Tasmannia,lanceolata,,False,Tasmannia lanceolata,3420
XR_013244219.1,18S ribosomal RNA,rRNA,1842,Tasmannia lanceolata,555234-1,Winteraceae,Tasmannia,lanceolata,,False,Tasmannia lanceolata,3420
AF206865.1,18S ribosomal RNA,genomic DNA,1724,Zygogynum sp.,327060-2,Winteraceae,Zygogynum,,,False,Zygogynum sp. Qiu 90024,13357
AF207056.1,18S ribosomal RNA,genomic DNA,1792,Xeronema callistemon,543604-1,Xeronemataceae,Xeronema,callistemon,,False,Xeronema callistemon,51387
JQ283920.1,18S ribosomal RNA,genomic DNA,1789,Xeronema callistemon,543604-1,Xeronemataceae,Xeronema,callistemon,,False,Xeronema callistemon,51387
FJ179549.1,18S ribosomal RNA,genomic DNA,1691,Bowenia spectabilis,296945-1,Zamiaceae,Bowenia,spectabilis,,False,Bowenia spectabilis,179181
EU161295.1,18S ribosomal RNA,genomic DNA,1664,Ceratozamia miqueliana,274314-2,Zamiaceae,Ceratozamia,miqueliana,,False,Ceratozamia miqueliana,115872
EU161297.1,18S ribosomal RNA,genomic DNA,1662,Dioon spinulosum,297061-1,Zamiaceae,Dioon,spinulosum,,False,Dioon spinulosum,115877
EU161302.1,18S ribosomal RNA,genomic DNA,1641,Encephalartos gratus,297090-1,Zamiaceae,Encephalartos,gratus,,False,Encephalartos gratus,179202
EU161292.1,18S ribosomal RNA,genomic DNA,1655,Lepidozamia peroffskyana,297151-1,Zamiaceae,Lepidozamia,peroffskyana,,False,Lepidozamia peroffskyana,133430
EU161303.1,18S ribosomal RNA,genomic DNA,1652,Macrozamia moorei,59481-3,Zamiaceae,Macrozamia,moorei,,False,Macrozamia moorei,133431
DQ629433.1,18S ribosomal RNA,genomic DNA,1665,Stangeria eriopus,821923-1,Zamiaceae,Stangeria,eriopus,,False,Stangeria eriopus,34343
M20017.1,18S ribosomal RNA,genomic DNA,1813,Zamia pumila,270561-2,Zamiaceae,Zamia,pumila,,False,Zamia pumila,3304
PV236138.1,18S ribosomal RNA,genomic DNA,1920,Curcuma aromatica,796426-1,Zingiberaceae,Curcuma,aromatica,,False,Curcuma wenyujin,136221
XR_012602507.1,18S ribosomal RNA,rRNA,2093,Curcuma longa,796451-1,Zingiberaceae,Curcuma,longa,,False,Curcuma longa,136217
XR_012602400.1,18S ribosomal RNA,rRNA,1492,Curcuma longa,796451-1,Zingiberaceae,Curcuma,longa,,False,Curcuma longa,136217
XR_006124813.1,18S ribosomal RNA,rRNA,1814,Zingiber officinale,798372-1,Zingiberaceae,Zingiber,officinale,,False,Zingiber officinale,94328
XR_006127521.1,18S ribosomal RNA,rRNA,1812,Zingiber officinale,798372-1,Zingiberaceae,Zingiber,officinale,,False,Zingiber officinale,94328
OP441721.1,18S ribosomal RNA,genomic DNA,1901,Phyllospadix iwatensis,699622-1,Zosteraceae,Phyllospadix,iwatensis,,False,Phyllospadix iwatensis,214525
NC_068804.1,rrn18,genomic DNA,1901,Phyllospadix iwatensis,699622-1,Zosteraceae,Phyllospadix,iwatensis,,False,Phyllospadix iwatensis,214525
PP566026.1,18S ribosomal RNA,genomic DNA,1848,Zostera caespitosa,699874-1,Zosteraceae,Zostera,caespitosa,,False,Zostera caespitosa,214522
OP441720.1,18S ribosomal RNA,genomic DNA,1846,Zostera japonica,699880-1,Zosteraceae,Zostera,japonica,,False,Zostera japonica,187286
NC_068803.1,18S ribosomal RNA,genomic DNA,1846,Zostera japonica,699880-1,Zosteraceae,Zostera,japonica,,False,Zostera japonica,187286
OR336317.1,18S ribosomal RNA,genomic DNA,1851,Zostera marina,603618-1,Zosteraceae,Zostera,marina,,False,Zostera marina,29655
KX808392.1,18S ribosomal RNA,genomic DNA,1851,Zostera marina,603618-1,Zosteraceae,Zostera,marina,,False,Zostera marina,29655
KX808295.1,rrn18,genomic DNA,1842,Zostera noltii,603626-1,Zosteraceae,Zostera,noltii,,False,Zostera noltei,55326
AF207058.1,18S ribosomal RNA,genomic DNA,1744,Zostera noltii,603626-1,Zosteraceae,Zostera,noltii,,False,Zostera noltei,55326
AY674599.1,18S ribosomal RNA,genomic DNA,1737,Guaiacum sanctum,873256-1,Zygophyllaceae,Guaiacum,sanctum,,False,Guaiacum sanctum,45189
U42824.1,18S ribosomal RNA,genomic DNA,1737,Guaiacum sanctum,873256-1,Zygophyllaceae,Guaiacum,sanctum,,False,Guaiacum sanctum,45189
AY929372.1,18S ribosomal RNA,genomic DNA,1770,Larrea tridentata,873322-1,Zygophyllaceae,Larrea,tridentata,,False,Larrea tridentata,66636
